problem,language,submission_id,source_file,status,return_code,total_findings,unused_findings,error_message
cutiile-magice,cpp,1314154420,cutiile-magice/1314154420.cpp,ok,0,0,0,
cutiile-magice,cpp,1314154422,cutiile-magice/1314154422.cpp,ok,0,0,0,
cutiile-magice,cpp,1314213343,cutiile-magice/1314213343.cpp,ok,0,0,0,
cutiile-magice,cpp,1314213373,cutiile-magice/1314213373.cpp,ok,0,0,0,
cutiile-magice,cpp,1314234678,cutiile-magice/1314234678.cpp,ok,0,3,1,
cutiile-magice,cpp,1314234701,cutiile-magice/1314234701.cpp,ok,0,2,0,
cutiile-magice,cpp,1314234755,cutiile-magice/1314234755.cpp,ok,0,2,0,
cutiile-magice,cpp,1314234762,cutiile-magice/1314234762.cpp,ok,0,0,0,
cutiile-magice,cpp,1314234918,cutiile-magice/1314234918.cpp,ok,0,4,2,
cutiile-magice,cpp,1314235710,cutiile-magice/1314235710.cpp,ok,0,0,0,
cutiile-magice,cpp,1314235851,cutiile-magice/1314235851.cpp,ok,0,5,0,
cutiile-magice,cpp,1314235966,cutiile-magice/1314235966.cpp,ok,0,0,0,
cutiile-magice,cpp,1314236035,cutiile-magice/1314236035.cpp,ok,0,0,0,
cutiile-magice,cpp,1314236043,cutiile-magice/1314236043.cpp,ok,0,6,1,
cutiile-magice,cpp,1314236059,cutiile-magice/1314236059.cpp,ok,0,2,1,
cutiile-magice,cpp,1314236116,cutiile-magice/1314236116.cpp,ok,0,0,0,
cutiile-magice,cpp,1314236136,cutiile-magice/1314236136.cpp,ok,0,0,0,
cutiile-magice,cpp,1314236185,cutiile-magice/1314236185.cpp,ok,0,0,0,
cutiile-magice,cpp,1314236211,cutiile-magice/1314236211.cpp,ok,0,0,0,
cutiile-magice,cpp,1314236215,cutiile-magice/1314236215.cpp,ok,0,0,0,
cutiile-magice,cpp,1314236243,cutiile-magice/1314236243.cpp,ok,0,0,0,
cutiile-magice,cpp,1314236255,cutiile-magice/1314236255.cpp,ok,0,8,1,
cutiile-magice,cpp,1314236272,cutiile-magice/1314236272.cpp,ok,0,7,0,
cutiile-magice,cpp,1314236292,cutiile-magice/1314236292.cpp,ok,0,0,0,
cutiile-magice,cpp,1314236329,cutiile-magice/1314236329.cpp,ok,0,0,0,
cutiile-magice,cpp,1314236419,cutiile-magice/1314236419.cpp,ok,0,0,0,
cutiile-magice,cpp,1314236453,cutiile-magice/1314236453.cpp,ok,0,0,0,
cutiile-magice,cpp,1314236490,cutiile-magice/1314236490.cpp,ok,0,0,0,
cutiile-magice,cpp,1314236626,cutiile-magice/1314236626.cpp,ok,0,0,0,
cutiile-magice,cpp,1314236649,cutiile-magice/1314236649.cpp,ok,0,1,1,
cutiile-magice,cpp,1314236669,cutiile-magice/1314236669.cpp,ok,0,3,1,
cutiile-magice,cpp,1314236688,cutiile-magice/1314236688.cpp,ok,0,1,0,
cutiile-magice,cpp,1314236710,cutiile-magice/1314236710.cpp,ok,0,1,1,
cutiile-magice,cpp,1314236711,cutiile-magice/1314236711.cpp,ok,0,0,0,
cutiile-magice,cpp,1314236720,cutiile-magice/1314236720.cpp,ok,0,0,0,
cutiile-magice,cpp,1314236738,cutiile-magice/1314236738.cpp,ok,0,3,1,
cutiile-magice,cpp,1314236776,cutiile-magice/1314236776.cpp,ok,0,0,0,
cutiile-magice,cpp,1314236851,cutiile-magice/1314236851.cpp,ok,0,0,0,
cutiile-magice,cpp,1314236883,cutiile-magice/1314236883.cpp,ok,0,1,1,
cutiile-magice,cpp,1314236909,cutiile-magice/1314236909.cpp,ok,0,0,0,
cutiile-magice,cpp,1314237023,cutiile-magice/1314237023.cpp,ok,0,0,0,
cutiile-magice,cpp,1314237078,cutiile-magice/1314237078.cpp,ok,0,2,2,
cutiile-magice,cpp,1314237139,cutiile-magice/1314237139.cpp,ok,0,0,0,
cutiile-magice,cpp,1314237155,cutiile-magice/1314237155.cpp,ok,0,3,1,
cutiile-magice,cpp,1314237197,cutiile-magice/1314237197.cpp,ok,0,1,1,
cutiile-magice,cpp,1314237342,cutiile-magice/1314237342.cpp,ok,0,0,0,
cutiile-magice,cpp,1314237376,cutiile-magice/1314237376.cpp,ok,0,1,0,
cutiile-magice,cpp,1314237431,cutiile-magice/1314237431.cpp,ok,0,0,0,
cutiile-magice,cpp,1314237505,cutiile-magice/1314237505.cpp,ok,0,0,0,
cutiile-magice,cpp,1314237533,cutiile-magice/1314237533.cpp,ok,0,0,0,
cutiile-magice,cpp,1314237552,cutiile-magice/1314237552.cpp,ok,0,0,0,
cutiile-magice,cpp,1314237581,cutiile-magice/1314237581.cpp,ok,0,0,0,
cutiile-magice,cpp,1314237593,cutiile-magice/1314237593.cpp,ok,0,0,0,
cutiile-magice,cpp,1314237608,cutiile-magice/1314237608.cpp,ok,0,2,0,
cutiile-magice,cpp,1314237617,cutiile-magice/1314237617.cpp,ok,0,0,0,
cutiile-magice,cpp,1314237621,cutiile-magice/1314237621.cpp,ok,0,0,0,
cutiile-magice,cpp,1314237645,cutiile-magice/1314237645.cpp,ok,0,0,0,
cutiile-magice,cpp,1314237778,cutiile-magice/1314237778.cpp,ok,0,0,0,
cutiile-magice,cpp,1314287538,cutiile-magice/1314287538.cpp,ok,0,3,3,
cutiile-magice,cpp,1323072176,cutiile-magice/1323072176.cpp,ok,0,0,0,
cutiile-magice,cpp,1323073128,cutiile-magice/1323073128.cpp,ok,0,1,0,
cutiile-magice,cpp,1323074321,cutiile-magice/1323074321.cpp,ok,0,0,0,
cutiile-magice,cpp,1323074346,cutiile-magice/1323074346.cpp,ok,0,0,0,
cutiile-magice,cpp,1323075217,cutiile-magice/1323075217.cpp,ok,0,0,0,
cutiile-magice,cpp,1323075305,cutiile-magice/1323075305.cpp,ok,0,0,0,
cutiile-magice,cpp,1323075392,cutiile-magice/1323075392.cpp,ok,0,0,0,
cutiile-magice,cpp,1323075875,cutiile-magice/1323075875.cpp,ok,0,2,0,
cutiile-magice,cpp,1323077820,cutiile-magice/1323077820.cpp,ok,0,0,0,
cutiile-magice,cpp,1323078720,cutiile-magice/1323078720.cpp,ok,0,0,0,
cutiile-magice,cpp,1323398693,cutiile-magice/1323398693.cpp,ok,0,0,0,
cutiile-magice,cpp,1323410372,cutiile-magice/1323410372.cpp,ok,0,3,0,
cutiile-magice,cpp,1323410554,cutiile-magice/1323410554.cpp,ok,0,3,0,
cutiile-magice,cpp,1323410728,cutiile-magice/1323410728.cpp,ok,0,3,0,
cutiile-magice,cpp,1323416429,cutiile-magice/1323416429.cpp,ok,0,0,0,
cutiile-magice,cpp,1323416802,cutiile-magice/1323416802.cpp,ok,0,0,0,
cutiile-magice,cpp,1323426906,cutiile-magice/1323426906.cpp,ok,0,1,0,
cutiile-magice,cpp,1323430686,cutiile-magice/1323430686.cpp,ok,0,2,0,
cutiile-magice,cpp,1323431099,cutiile-magice/1323431099.cpp,ok,0,1,0,
cutiile-magice,cpp,1323431350,cutiile-magice/1323431350.cpp,ok,0,0,0,
cutiile-magice,cpp,1323431482,cutiile-magice/1323431482.cpp,ok,0,0,0,
cutiile-magice,cpp,1323431865,cutiile-magice/1323431865.cpp,ok,0,0,0,
cutiile-magice,cpp,1323431895,cutiile-magice/1323431895.cpp,ok,0,0,0,
cutiile-magice,cpp,1323448247,cutiile-magice/1323448247.cpp,ok,0,0,0,
cutiile-magice,cpp,1323456262,cutiile-magice/1323456262.cpp,ok,0,0,0,
cutiile-magice,cpp,1323457013,cutiile-magice/1323457013.cpp,ok,0,0,0,
cutiile-magice,cpp,1331738975,cutiile-magice/1331738975.cpp,ok,0,0,0,
cutiile-magice,c,1332110679,cutiile-magice/1332110679.c,ok,0,8,0,
cutiile-magice,cpp,1332268265,cutiile-magice/1332268265.cpp,ok,0,0,0,
cutiile-magice,cpp,1332399863,cutiile-magice/1332399863.cpp,ok,0,0,0,
cutiile-magice,cpp,1332587187,cutiile-magice/1332587187.cpp,ok,0,4,1,
cutiile-magice,cpp,1332595204,cutiile-magice/1332595204.cpp,ok,0,3,1,
cutiile-magice,cpp,1332595217,cutiile-magice/1332595217.cpp,ok,0,3,1,
cutiile-magice,cpp,1332671770,cutiile-magice/1332671770.cpp,ok,0,0,0,
cutiile-magice,cpp,1332671953,cutiile-magice/1332671953.cpp,ok,0,0,0,
cutiile-magice,cpp,1332719663,cutiile-magice/1332719663.cpp,ok,0,0,0,
cutiile-magice,cpp,1332721123,cutiile-magice/1332721123.cpp,ok,0,0,0,
cutiile-magice,cpp,1332757696,cutiile-magice/1332757696.cpp,ok,0,0,0,
cutiile-magice,cpp,1332762969,cutiile-magice/1332762969.cpp,ok,0,0,0,
cutiile-magice,cpp,1332763109,cutiile-magice/1332763109.cpp,ok,0,1,0,
cutiile-magice,cpp,1332763328,cutiile-magice/1332763328.cpp,ok,0,1,0,
cutiile-magice,cpp,1332763408,cutiile-magice/1332763408.cpp,ok,0,2,0,
cutiile-magice,cpp,1332763533,cutiile-magice/1332763533.cpp,ok,0,0,0,
cutiile-magice,cpp,1332763629,cutiile-magice/1332763629.cpp,ok,0,0,0,
cutiile-magice,cpp,1332763763,cutiile-magice/1332763763.cpp,ok,0,0,0,
cutiile-magice,cpp,1332763768,cutiile-magice/1332763768.cpp,ok,0,0,0,
cutiile-magice,cpp,1342825484,cutiile-magice/1342825484.cpp,ok,0,2,2,
cutiile-magice,cpp,1344343517,cutiile-magice/1344343517.cpp,ok,0,0,0,
cutiile-magice,cpp,1344529020,cutiile-magice/1344529020.cpp,ok,0,0,0,
cutiile-magice,cpp,1344584433,cutiile-magice/1344584433.cpp,ok,0,0,0,
cutiile-magice,cpp,1344585022,cutiile-magice/1344585022.cpp,ok,0,0,0,
cutiile-magice,cpp,1344623858,cutiile-magice/1344623858.cpp,ok,0,2,0,
cutiile-magice,cpp,1344623923,cutiile-magice/1344623923.cpp,ok,0,2,0,
cutiile-magice,cpp,1344635355,cutiile-magice/1344635355.cpp,ok,0,0,0,
cutiile-magice,cpp,1344729739,cutiile-magice/1344729739.cpp,ok,0,1,0,
cutiile-magice,cpp,1344729743,cutiile-magice/1344729743.cpp,ok,0,1,0,
cutiile-magice,cpp,1344729749,cutiile-magice/1344729749.cpp,ok,0,1,0,
cutiile-magice,cpp,1344729750,cutiile-magice/1344729750.cpp,ok,0,1,0,
cutiile-magice,cpp,1344729766,cutiile-magice/1344729766.cpp,ok,0,1,0,
cutiile-magice,cpp,1359953979,cutiile-magice/1359953979.cpp,ok,0,0,0,
cutiile-magice,cpp,1361335320,cutiile-magice/1361335320.cpp,ok,0,0,0,
cutiile-magice,cpp,1361673680,cutiile-magice/1361673680.cpp,ok,0,3,0,
cutiile-magice,cpp,1361717338,cutiile-magice/1361717338.cpp,ok,0,0,0,
cutiile-magice,cpp,1361810555,cutiile-magice/1361810555.cpp,ok,0,2,0,
cutiile-magice,cpp,1370576009,cutiile-magice/1370576009.cpp,ok,0,0,0,
cutiile-magice,cpp,1370576071,cutiile-magice/1370576071.cpp,ok,0,0,0,
cutiile-magice,cpp,1370578798,cutiile-magice/1370578798.cpp,ok,0,0,0,
cutiile-magice,cpp,1370608426,cutiile-magice/1370608426.cpp,ok,0,0,0,
cutiile-magice,cpp,1370608488,cutiile-magice/1370608488.cpp,ok,0,0,0,
cutiile-magice,cpp,1378120817,cutiile-magice/1378120817.cpp,ok,0,1,0,
cutiile-magice,cpp,1378134400,cutiile-magice/1378134400.cpp,ok,0,0,0,
cutiile-magice,cpp,1378140577,cutiile-magice/1378140577.cpp,ok,0,0,0,
cutiile-magice,cpp,1378140628,cutiile-magice/1378140628.cpp,ok,0,0,0,
cutiile-magice,cpp,1378143272,cutiile-magice/1378143272.cpp,ok,0,0,0,
cutiile-magice,cpp,1378143330,cutiile-magice/1378143330.cpp,ok,0,0,0,
cutiile-magice,cpp,1378143370,cutiile-magice/1378143370.cpp,ok,0,0,0,
cutiile-magice,cpp,1378144731,cutiile-magice/1378144731.cpp,ok,0,0,0,
cutiile-magice,cpp,1378144761,cutiile-magice/1378144761.cpp,ok,0,0,0,
cutiile-magice,cpp,1378145261,cutiile-magice/1378145261.cpp,ok,0,0,0,
cutiile-magice,cpp,1378159634,cutiile-magice/1378159634.cpp,ok,0,0,0,
cutiile-magice,cpp,1391614172,cutiile-magice/1391614172.cpp,ok,0,0,0,
cutiile-magice,cpp,1391688054,cutiile-magice/1391688054.cpp,ok,0,0,0,
cutiile-magice,cpp,1391779290,cutiile-magice/1391779290.cpp,ok,0,0,0,
cutiile-magice,cpp,1391779542,cutiile-magice/1391779542.cpp,ok,0,1,0,
cutiile-magice,cpp,1391865050,cutiile-magice/1391865050.cpp,ok,0,0,0,
cutiile-magice,cpp,1391865060,cutiile-magice/1391865060.cpp,ok,0,0,0,
cutiile-magice,cpp,1391865112,cutiile-magice/1391865112.cpp,ok,0,0,0,
gigel-si-raspandirea-vestilor,cpp,1314189216,gigel-si-raspandirea-vestilor/1314189216.cpp,ok,0,0,0,
gigel-si-raspandirea-vestilor,cpp,1314213226,gigel-si-raspandirea-vestilor/1314213226.cpp,ok,0,1,0,
gigel-si-raspandirea-vestilor,cpp,1314225831,gigel-si-raspandirea-vestilor/1314225831.cpp,ok,0,0,0,
gigel-si-raspandirea-vestilor,cpp,1314234446,gigel-si-raspandirea-vestilor/1314234446.cpp,ok,0,1,0,
gigel-si-raspandirea-vestilor,cpp,1314234476,gigel-si-raspandirea-vestilor/1314234476.cpp,ok,0,0,0,
gigel-si-raspandirea-vestilor,cpp,1314234514,gigel-si-raspandirea-vestilor/1314234514.cpp,ok,0,0,0,
gigel-si-raspandirea-vestilor,cpp,1314234517,gigel-si-raspandirea-vestilor/1314234517.cpp,ok,0,0,0,
gigel-si-raspandirea-vestilor,cpp,1314234531,gigel-si-raspandirea-vestilor/1314234531.cpp,ok,0,2,0,
gigel-si-raspandirea-vestilor,cpp,1314234604,gigel-si-raspandirea-vestilor/1314234604.cpp,ok,0,10,2,
gigel-si-raspandirea-vestilor,cpp,1314234729,gigel-si-raspandirea-vestilor/1314234729.cpp,ok,0,2,0,
gigel-si-raspandirea-vestilor,cpp,1314234746,gigel-si-raspandirea-vestilor/1314234746.cpp,ok,0,1,0,
gigel-si-raspandirea-vestilor,cpp,1314234792,gigel-si-raspandirea-vestilor/1314234792.cpp,ok,0,5,0,
gigel-si-raspandirea-vestilor,cpp,1314234800,gigel-si-raspandirea-vestilor/1314234800.cpp,ok,0,3,1,
gigel-si-raspandirea-vestilor,cpp,1314234801,gigel-si-raspandirea-vestilor/1314234801.cpp,ok,0,1,0,
gigel-si-raspandirea-vestilor,cpp,1314234833,gigel-si-raspandirea-vestilor/1314234833.cpp,ok,0,3,0,
gigel-si-raspandirea-vestilor,cpp,1314234899,gigel-si-raspandirea-vestilor/1314234899.cpp,ok,0,1,0,
gigel-si-raspandirea-vestilor,cpp,1314234908,gigel-si-raspandirea-vestilor/1314234908.cpp,ok,0,1,0,
gigel-si-raspandirea-vestilor,cpp,1314234919,gigel-si-raspandirea-vestilor/1314234919.cpp,ok,0,5,1,
gigel-si-raspandirea-vestilor,cpp,1314234962,gigel-si-raspandirea-vestilor/1314234962.cpp,ok,0,2,0,
gigel-si-raspandirea-vestilor,cpp,1314234967,gigel-si-raspandirea-vestilor/1314234967.cpp,ok,0,3,0,
gigel-si-raspandirea-vestilor,cpp,1314235045,gigel-si-raspandirea-vestilor/1314235045.cpp,ok,0,1,0,
gigel-si-raspandirea-vestilor,cpp,1314235050,gigel-si-raspandirea-vestilor/1314235050.cpp,ok,0,2,1,
gigel-si-raspandirea-vestilor,cpp,1314235063,gigel-si-raspandirea-vestilor/1314235063.cpp,ok,0,1,1,
gigel-si-raspandirea-vestilor,cpp,1314235102,gigel-si-raspandirea-vestilor/1314235102.cpp,ok,0,4,0,
gigel-si-raspandirea-vestilor,cpp,1314235180,gigel-si-raspandirea-vestilor/1314235180.cpp,ok,0,2,0,
gigel-si-raspandirea-vestilor,cpp,1314235204,gigel-si-raspandirea-vestilor/1314235204.cpp,ok,0,3,2,
gigel-si-raspandirea-vestilor,cpp,1314235257,gigel-si-raspandirea-vestilor/1314235257.cpp,ok,0,4,0,
gigel-si-raspandirea-vestilor,cpp,1314235258,gigel-si-raspandirea-vestilor/1314235258.cpp,ok,0,2,0,
gigel-si-raspandirea-vestilor,cpp,1314235259,gigel-si-raspandirea-vestilor/1314235259.cpp,ok,0,1,0,
gigel-si-raspandirea-vestilor,cpp,1314235263,gigel-si-raspandirea-vestilor/1314235263.cpp,ok,0,3,0,
gigel-si-raspandirea-vestilor,cpp,1314235277,gigel-si-raspandirea-vestilor/1314235277.cpp,ok,0,2,0,
gigel-si-raspandirea-vestilor,cpp,1314235286,gigel-si-raspandirea-vestilor/1314235286.cpp,ok,0,3,3,
gigel-si-raspandirea-vestilor,cpp,1314235298,gigel-si-raspandirea-vestilor/1314235298.cpp,ok,0,3,0,
gigel-si-raspandirea-vestilor,cpp,1314235303,gigel-si-raspandirea-vestilor/1314235303.cpp,ok,0,2,0,
gigel-si-raspandirea-vestilor,cpp,1314235309,gigel-si-raspandirea-vestilor/1314235309.cpp,ok,0,2,0,
gigel-si-raspandirea-vestilor,cpp,1314235316,gigel-si-raspandirea-vestilor/1314235316.cpp,ok,0,3,0,
gigel-si-raspandirea-vestilor,cpp,1314235334,gigel-si-raspandirea-vestilor/1314235334.cpp,ok,0,2,0,
gigel-si-raspandirea-vestilor,cpp,1314235349,gigel-si-raspandirea-vestilor/1314235349.cpp,ok,0,3,2,
gigel-si-raspandirea-vestilor,cpp,1314235356,gigel-si-raspandirea-vestilor/1314235356.cpp,ok,0,3,0,
gigel-si-raspandirea-vestilor,cpp,1314235376,gigel-si-raspandirea-vestilor/1314235376.cpp,ok,0,3,0,
gigel-si-raspandirea-vestilor,cpp,1314235408,gigel-si-raspandirea-vestilor/1314235408.cpp,ok,0,14,2,
gigel-si-raspandirea-vestilor,cpp,1314235448,gigel-si-raspandirea-vestilor/1314235448.cpp,ok,0,1,0,
gigel-si-raspandirea-vestilor,cpp,1314235452,gigel-si-raspandirea-vestilor/1314235452.cpp,ok,0,0,0,
gigel-si-raspandirea-vestilor,cpp,1314235472,gigel-si-raspandirea-vestilor/1314235472.cpp,ok,0,1,0,
gigel-si-raspandirea-vestilor,cpp,1314235475,gigel-si-raspandirea-vestilor/1314235475.cpp,ok,0,3,0,
gigel-si-raspandirea-vestilor,cpp,1314235491,gigel-si-raspandirea-vestilor/1314235491.cpp,ok,0,0,0,
gigel-si-raspandirea-vestilor,cpp,1314235595,gigel-si-raspandirea-vestilor/1314235595.cpp,ok,0,2,0,
gigel-si-raspandirea-vestilor,cpp,1314235604,gigel-si-raspandirea-vestilor/1314235604.cpp,ok,0,7,1,
gigel-si-raspandirea-vestilor,cpp,1314235608,gigel-si-raspandirea-vestilor/1314235608.cpp,ok,0,1,0,
gigel-si-raspandirea-vestilor,cpp,1314235627,gigel-si-raspandirea-vestilor/1314235627.cpp,ok,0,3,0,
gigel-si-raspandirea-vestilor,c,1314235633,gigel-si-raspandirea-vestilor/1314235633.c,ok,0,14,0,
gigel-si-raspandirea-vestilor,cpp,1314235656,gigel-si-raspandirea-vestilor/1314235656.cpp,ok,0,5,0,
gigel-si-raspandirea-vestilor,c,1314235671,gigel-si-raspandirea-vestilor/1314235671.c,ok,0,16,2,
gigel-si-raspandirea-vestilor,cpp,1314235683,gigel-si-raspandirea-vestilor/1314235683.cpp,ok,0,2,0,
gigel-si-raspandirea-vestilor,c,1314235726,gigel-si-raspandirea-vestilor/1314235726.c,ok,0,13,2,
gigel-si-raspandirea-vestilor,cpp,1314235783,gigel-si-raspandirea-vestilor/1314235783.cpp,ok,0,7,3,
gigel-si-raspandirea-vestilor,cpp,1314235832,gigel-si-raspandirea-vestilor/1314235832.cpp,ok,0,13,2,
gigel-si-raspandirea-vestilor,cpp,1314235857,gigel-si-raspandirea-vestilor/1314235857.cpp,ok,0,13,2,
gigel-si-raspandirea-vestilor,cpp,1314235860,gigel-si-raspandirea-vestilor/1314235860.cpp,ok,0,7,3,
gigel-si-raspandirea-vestilor,cpp,1314235873,gigel-si-raspandirea-vestilor/1314235873.cpp,ok,0,2,0,
gigel-si-raspandirea-vestilor,cpp,1314235884,gigel-si-raspandirea-vestilor/1314235884.cpp,ok,0,2,0,
gigel-si-raspandirea-vestilor,cpp,1314235898,gigel-si-raspandirea-vestilor/1314235898.cpp,ok,0,3,1,
gigel-si-raspandirea-vestilor,cpp,1314235909,gigel-si-raspandirea-vestilor/1314235909.cpp,ok,0,2,0,
gigel-si-raspandirea-vestilor,cpp,1314235958,gigel-si-raspandirea-vestilor/1314235958.cpp,ok,0,3,0,
gigel-si-raspandirea-vestilor,cpp,1314235965,gigel-si-raspandirea-vestilor/1314235965.cpp,ok,0,7,3,
gigel-si-raspandirea-vestilor,cpp,1314235979,gigel-si-raspandirea-vestilor/1314235979.cpp,ok,0,3,1,
gigel-si-raspandirea-vestilor,cpp,1314236058,gigel-si-raspandirea-vestilor/1314236058.cpp,ok,0,0,0,
gigel-si-raspandirea-vestilor,cpp,1314236096,gigel-si-raspandirea-vestilor/1314236096.cpp,ok,0,0,0,
gigel-si-raspandirea-vestilor,cpp,1314236195,gigel-si-raspandirea-vestilor/1314236195.cpp,ok,0,4,0,
gigel-si-raspandirea-vestilor,cpp,1314236270,gigel-si-raspandirea-vestilor/1314236270.cpp,ok,0,0,0,
gigel-si-raspandirea-vestilor,cpp,1314236312,gigel-si-raspandirea-vestilor/1314236312.cpp,ok,0,4,0,
gigel-si-raspandirea-vestilor,cpp,1314236365,gigel-si-raspandirea-vestilor/1314236365.cpp,ok,0,2,0,
gigel-si-raspandirea-vestilor,cpp,1314236378,gigel-si-raspandirea-vestilor/1314236378.cpp,ok,0,2,0,
gigel-si-raspandirea-vestilor,c,1314236436,gigel-si-raspandirea-vestilor/1314236436.c,ok,0,2,0,
gigel-si-raspandirea-vestilor,c,1314236510,gigel-si-raspandirea-vestilor/1314236510.c,ok,0,2,0,
gigel-si-raspandirea-vestilor,cpp,1314236531,gigel-si-raspandirea-vestilor/1314236531.cpp,ok,0,3,0,
gigel-si-raspandirea-vestilor,cpp,1314236543,gigel-si-raspandirea-vestilor/1314236543.cpp,ok,0,3,2,
gigel-si-raspandirea-vestilor,cpp,1314236627,gigel-si-raspandirea-vestilor/1314236627.cpp,ok,0,30,1,
gigel-si-raspandirea-vestilor,cpp,1314236833,gigel-si-raspandirea-vestilor/1314236833.cpp,ok,0,2,1,
gigel-si-raspandirea-vestilor,cpp,1314236875,gigel-si-raspandirea-vestilor/1314236875.cpp,ok,0,0,0,
gigel-si-raspandirea-vestilor,cpp,1314236888,gigel-si-raspandirea-vestilor/1314236888.cpp,ok,0,0,0,
gigel-si-raspandirea-vestilor,cpp,1314236939,gigel-si-raspandirea-vestilor/1314236939.cpp,ok,0,0,0,
gigel-si-raspandirea-vestilor,cpp,1314236987,gigel-si-raspandirea-vestilor/1314236987.cpp,ok,0,2,0,
gigel-si-raspandirea-vestilor,cpp,1314237057,gigel-si-raspandirea-vestilor/1314237057.cpp,ok,0,1,0,
gigel-si-raspandirea-vestilor,cpp,1314237137,gigel-si-raspandirea-vestilor/1314237137.cpp,ok,0,1,0,
gigel-si-raspandirea-vestilor,cpp,1314237157,gigel-si-raspandirea-vestilor/1314237157.cpp,ok,0,1,0,
gigel-si-raspandirea-vestilor,cpp,1314237179,gigel-si-raspandirea-vestilor/1314237179.cpp,ok,0,1,0,
gigel-si-raspandirea-vestilor,cpp,1314237230,gigel-si-raspandirea-vestilor/1314237230.cpp,ok,0,1,0,
gigel-si-raspandirea-vestilor,c,1314237278,gigel-si-raspandirea-vestilor/1314237278.c,ok,0,11,1,
gigel-si-raspandirea-vestilor,cpp,1314237315,gigel-si-raspandirea-vestilor/1314237315.cpp,ok,0,0,0,
gigel-si-raspandirea-vestilor,c,1314237378,gigel-si-raspandirea-vestilor/1314237378.c,ok,0,12,3,
gigel-si-raspandirea-vestilor,cpp,1314237425,gigel-si-raspandirea-vestilor/1314237425.cpp,ok,0,2,1,
gigel-si-raspandirea-vestilor,cpp,1314237494,gigel-si-raspandirea-vestilor/1314237494.cpp,ok,0,6,0,
gigel-si-raspandirea-vestilor,c,1314237563,gigel-si-raspandirea-vestilor/1314237563.c,ok,0,12,3,
gigel-si-raspandirea-vestilor,cpp,1314237573,gigel-si-raspandirea-vestilor/1314237573.cpp,ok,0,4,1,
gigel-si-raspandirea-vestilor,c,1314237613,gigel-si-raspandirea-vestilor/1314237613.c,ok,0,12,3,
gigel-si-raspandirea-vestilor,cpp,1314237626,gigel-si-raspandirea-vestilor/1314237626.cpp,ok,0,2,0,
gigel-si-raspandirea-vestilor,cpp,1314237654,gigel-si-raspandirea-vestilor/1314237654.cpp,ok,0,2,0,
gigel-si-raspandirea-vestilor,cpp,1314237660,gigel-si-raspandirea-vestilor/1314237660.cpp,ok,0,0,0,
gigel-si-raspandirea-vestilor,cpp,1314237697,gigel-si-raspandirea-vestilor/1314237697.cpp,ok,0,0,0,
gigel-si-raspandirea-vestilor,cpp,1314237733,gigel-si-raspandirea-vestilor/1314237733.cpp,ok,0,0,0,
gigel-si-raspandirea-vestilor,cpp,1314237749,gigel-si-raspandirea-vestilor/1314237749.cpp,ok,0,1,1,
gigel-si-raspandirea-vestilor,cpp,1314237763,gigel-si-raspandirea-vestilor/1314237763.cpp,ok,0,3,1,
gigel-si-raspandirea-vestilor,cpp,1314237793,gigel-si-raspandirea-vestilor/1314237793.cpp,ok,0,3,1,
gigel-si-raspandirea-vestilor,cpp,1314237799,gigel-si-raspandirea-vestilor/1314237799.cpp,ok,0,0,0,
gigel-si-raspandirea-vestilor,cpp,1322777673,gigel-si-raspandirea-vestilor/1322777673.cpp,ok,0,0,0,
gigel-si-raspandirea-vestilor,cpp,1322778548,gigel-si-raspandirea-vestilor/1322778548.cpp,ok,0,0,0,
gigel-si-raspandirea-vestilor,cpp,1322780144,gigel-si-raspandirea-vestilor/1322780144.cpp,ok,0,1,0,
gigel-si-raspandirea-vestilor,cpp,1323069970,gigel-si-raspandirea-vestilor/1323069970.cpp,ok,0,1,0,
gigel-si-raspandirea-vestilor,cpp,1323070091,gigel-si-raspandirea-vestilor/1323070091.cpp,ok,0,0,0,
gigel-si-raspandirea-vestilor,cpp,1323070196,gigel-si-raspandirea-vestilor/1323070196.cpp,ok,0,6,0,
gigel-si-raspandirea-vestilor,cpp,1323070433,gigel-si-raspandirea-vestilor/1323070433.cpp,ok,0,1,0,
gigel-si-raspandirea-vestilor,cpp,1323070691,gigel-si-raspandirea-vestilor/1323070691.cpp,ok,0,0,0,
gigel-si-raspandirea-vestilor,cpp,1323071406,gigel-si-raspandirea-vestilor/1323071406.cpp,ok,0,0,0,
gigel-si-raspandirea-vestilor,cpp,1323071814,gigel-si-raspandirea-vestilor/1323071814.cpp,ok,0,4,0,
gigel-si-raspandirea-vestilor,cpp,1323072209,gigel-si-raspandirea-vestilor/1323072209.cpp,ok,0,6,0,
gigel-si-raspandirea-vestilor,cpp,1323072525,gigel-si-raspandirea-vestilor/1323072525.cpp,ok,0,3,0,
gigel-si-raspandirea-vestilor,cpp,1323076254,gigel-si-raspandirea-vestilor/1323076254.cpp,ok,0,5,0,
gigel-si-raspandirea-vestilor,cpp,1323089769,gigel-si-raspandirea-vestilor/1323089769.cpp,ok,0,0,0,
gigel-si-raspandirea-vestilor,cpp,1323090456,gigel-si-raspandirea-vestilor/1323090456.cpp,ok,0,0,0,
gigel-si-raspandirea-vestilor,cpp,1323337411,gigel-si-raspandirea-vestilor/1323337411.cpp,ok,0,0,0,
gigel-si-raspandirea-vestilor,cpp,1323341310,gigel-si-raspandirea-vestilor/1323341310.cpp,ok,0,6,0,
gigel-si-raspandirea-vestilor,cpp,1323341340,gigel-si-raspandirea-vestilor/1323341340.cpp,ok,0,6,0,
gigel-si-raspandirea-vestilor,cpp,1323374345,gigel-si-raspandirea-vestilor/1323374345.cpp,ok,0,1,0,
gigel-si-raspandirea-vestilor,cpp,1323383937,gigel-si-raspandirea-vestilor/1323383937.cpp,ok,0,2,0,
gigel-si-raspandirea-vestilor,cpp,1323387300,gigel-si-raspandirea-vestilor/1323387300.cpp,ok,0,4,0,
gigel-si-raspandirea-vestilor,cpp,1323394547,gigel-si-raspandirea-vestilor/1323394547.cpp,ok,0,2,0,
gigel-si-raspandirea-vestilor,cpp,1323404453,gigel-si-raspandirea-vestilor/1323404453.cpp,ok,0,0,0,
gigel-si-raspandirea-vestilor,cpp,1323404639,gigel-si-raspandirea-vestilor/1323404639.cpp,ok,0,1,0,
gigel-si-raspandirea-vestilor,cpp,1323417365,gigel-si-raspandirea-vestilor/1323417365.cpp,ok,0,3,1,
gigel-si-raspandirea-vestilor,cpp,1323417597,gigel-si-raspandirea-vestilor/1323417597.cpp,ok,0,1,0,
gigel-si-raspandirea-vestilor,cpp,1323417646,gigel-si-raspandirea-vestilor/1323417646.cpp,ok,0,1,0,
gigel-si-raspandirea-vestilor,cpp,1323417725,gigel-si-raspandirea-vestilor/1323417725.cpp,ok,0,1,0,
gigel-si-raspandirea-vestilor,cpp,1323417757,gigel-si-raspandirea-vestilor/1323417757.cpp,ok,0,1,0,
gigel-si-raspandirea-vestilor,cpp,1323417873,gigel-si-raspandirea-vestilor/1323417873.cpp,ok,0,3,1,
gigel-si-raspandirea-vestilor,cpp,1323418038,gigel-si-raspandirea-vestilor/1323418038.cpp,ok,0,3,1,
gigel-si-raspandirea-vestilor,cpp,1323418517,gigel-si-raspandirea-vestilor/1323418517.cpp,ok,0,7,1,
gigel-si-raspandirea-vestilor,cpp,1323423564,gigel-si-raspandirea-vestilor/1323423564.cpp,ok,0,1,0,
gigel-si-raspandirea-vestilor,cpp,1323426984,gigel-si-raspandirea-vestilor/1323426984.cpp,ok,0,0,0,
gigel-si-raspandirea-vestilor,cpp,1323432019,gigel-si-raspandirea-vestilor/1323432019.cpp,ok,0,3,0,
gigel-si-raspandirea-vestilor,cpp,1323433091,gigel-si-raspandirea-vestilor/1323433091.cpp,ok,0,0,0,
gigel-si-raspandirea-vestilor,cpp,1323437200,gigel-si-raspandirea-vestilor/1323437200.cpp,ok,0,2,1,
gigel-si-raspandirea-vestilor,cpp,1323442922,gigel-si-raspandirea-vestilor/1323442922.cpp,ok,0,4,2,
gigel-si-raspandirea-vestilor,cpp,1323445078,gigel-si-raspandirea-vestilor/1323445078.cpp,ok,0,0,0,
gigel-si-raspandirea-vestilor,cpp,1323445140,gigel-si-raspandirea-vestilor/1323445140.cpp,ok,0,0,0,
gigel-si-raspandirea-vestilor,cpp,1323445868,gigel-si-raspandirea-vestilor/1323445868.cpp,ok,0,0,0,
gigel-si-raspandirea-vestilor,cpp,1323447575,gigel-si-raspandirea-vestilor/1323447575.cpp,ok,0,0,0,
gigel-si-raspandirea-vestilor,cpp,1323448181,gigel-si-raspandirea-vestilor/1323448181.cpp,ok,0,6,1,
gigel-si-raspandirea-vestilor,cpp,1323450084,gigel-si-raspandirea-vestilor/1323450084.cpp,ok,0,1,0,
gigel-si-raspandirea-vestilor,cpp,1323450249,gigel-si-raspandirea-vestilor/1323450249.cpp,ok,0,1,0,
gigel-si-raspandirea-vestilor,cpp,1323450433,gigel-si-raspandirea-vestilor/1323450433.cpp,ok,0,1,0,
gigel-si-raspandirea-vestilor,cpp,1323452051,gigel-si-raspandirea-vestilor/1323452051.cpp,ok,0,0,0,
gigel-si-raspandirea-vestilor,cpp,1323453426,gigel-si-raspandirea-vestilor/1323453426.cpp,ok,0,8,1,
gigel-si-raspandirea-vestilor,cpp,1323454416,gigel-si-raspandirea-vestilor/1323454416.cpp,ok,0,1,0,
gigel-si-raspandirea-vestilor,cpp,1323455060,gigel-si-raspandirea-vestilor/1323455060.cpp,ok,0,0,0,
gigel-si-raspandirea-vestilor,cpp,1323455199,gigel-si-raspandirea-vestilor/1323455199.cpp,ok,0,2,0,
gigel-si-raspandirea-vestilor,cpp,1323455295,gigel-si-raspandirea-vestilor/1323455295.cpp,ok,0,0,0,
gigel-si-raspandirea-vestilor,cpp,1323455306,gigel-si-raspandirea-vestilor/1323455306.cpp,ok,0,0,0,
gigel-si-raspandirea-vestilor,cpp,1323455308,gigel-si-raspandirea-vestilor/1323455308.cpp,ok,0,2,1,
gigel-si-raspandirea-vestilor,cpp,1323455725,gigel-si-raspandirea-vestilor/1323455725.cpp,ok,0,2,0,
gigel-si-raspandirea-vestilor,cpp,1323455786,gigel-si-raspandirea-vestilor/1323455786.cpp,ok,0,3,2,
gigel-si-raspandirea-vestilor,cpp,1323455796,gigel-si-raspandirea-vestilor/1323455796.cpp,ok,0,3,2,
gigel-si-raspandirea-vestilor,cpp,1323456054,gigel-si-raspandirea-vestilor/1323456054.cpp,ok,0,1,0,
gigel-si-raspandirea-vestilor,cpp,1324804050,gigel-si-raspandirea-vestilor/1324804050.cpp,ok,0,0,0,
gigel-si-raspandirea-vestilor,cpp,1331752921,gigel-si-raspandirea-vestilor/1331752921.cpp,ok,0,0,0,
gigel-si-raspandirea-vestilor,cpp,1331969836,gigel-si-raspandirea-vestilor/1331969836.cpp,ok,0,0,0,
gigel-si-raspandirea-vestilor,cpp,1331969905,gigel-si-raspandirea-vestilor/1331969905.cpp,ok,0,7,0,
gigel-si-raspandirea-vestilor,cpp,1331970060,gigel-si-raspandirea-vestilor/1331970060.cpp,ok,0,7,0,
gigel-si-raspandirea-vestilor,cpp,1331970254,gigel-si-raspandirea-vestilor/1331970254.cpp,ok,0,0,0,
gigel-si-raspandirea-vestilor,cpp,1332268689,gigel-si-raspandirea-vestilor/1332268689.cpp,ok,0,1,1,
gigel-si-raspandirea-vestilor,cpp,1332423496,gigel-si-raspandirea-vestilor/1332423496.cpp,ok,0,0,0,
gigel-si-raspandirea-vestilor,cpp,1332613995,gigel-si-raspandirea-vestilor/1332613995.cpp,ok,0,3,0,
gigel-si-raspandirea-vestilor,cpp,1332671101,gigel-si-raspandirea-vestilor/1332671101.cpp,ok,0,0,0,
gigel-si-raspandirea-vestilor,cpp,1332671446,gigel-si-raspandirea-vestilor/1332671446.cpp,ok,0,2,2,
gigel-si-raspandirea-vestilor,cpp,1332755913,gigel-si-raspandirea-vestilor/1332755913.cpp,ok,0,1,0,
gigel-si-raspandirea-vestilor,cpp,1332755958,gigel-si-raspandirea-vestilor/1332755958.cpp,ok,0,1,0,
gigel-si-raspandirea-vestilor,cpp,1332904455,gigel-si-raspandirea-vestilor/1332904455.cpp,ok,0,5,1,
gigel-si-raspandirea-vestilor,cpp,1332904536,gigel-si-raspandirea-vestilor/1332904536.cpp,ok,0,6,2,
gigel-si-raspandirea-vestilor,cpp,1333683189,gigel-si-raspandirea-vestilor/1333683189.cpp,ok,0,0,0,
gigel-si-raspandirea-vestilor,cpp,1333683577,gigel-si-raspandirea-vestilor/1333683577.cpp,ok,0,0,0,
gigel-si-raspandirea-vestilor,cpp,1333683754,gigel-si-raspandirea-vestilor/1333683754.cpp,ok,0,0,0,
gigel-si-raspandirea-vestilor,cpp,1333683868,gigel-si-raspandirea-vestilor/1333683868.cpp,ok,0,0,0,
gigel-si-raspandirea-vestilor,cpp,1333683895,gigel-si-raspandirea-vestilor/1333683895.cpp,ok,0,0,0,
gigel-si-raspandirea-vestilor,cpp,1333776306,gigel-si-raspandirea-vestilor/1333776306.cpp,ok,0,2,2,
gigel-si-raspandirea-vestilor,cpp,1333777162,gigel-si-raspandirea-vestilor/1333777162.cpp,ok,0,1,0,
gigel-si-raspandirea-vestilor,cpp,1333777278,gigel-si-raspandirea-vestilor/1333777278.cpp,ok,0,0,0,
gigel-si-raspandirea-vestilor,cpp,1333777290,gigel-si-raspandirea-vestilor/1333777290.cpp,ok,0,0,0,
gigel-si-raspandirea-vestilor,cpp,1333777335,gigel-si-raspandirea-vestilor/1333777335.cpp,ok,0,0,0,
gigel-si-raspandirea-vestilor,cpp,1333777520,gigel-si-raspandirea-vestilor/1333777520.cpp,ok,0,10,4,
gigel-si-raspandirea-vestilor,cpp,1333777537,gigel-si-raspandirea-vestilor/1333777537.cpp,ok,0,10,4,
gigel-si-raspandirea-vestilor,cpp,1333796934,gigel-si-raspandirea-vestilor/1333796934.cpp,ok,0,4,0,
gigel-si-raspandirea-vestilor,cpp,1333796952,gigel-si-raspandirea-vestilor/1333796952.cpp,ok,0,1,0,
gigel-si-raspandirea-vestilor,cpp,1333803852,gigel-si-raspandirea-vestilor/1333803852.cpp,ok,0,2,0,
gigel-si-raspandirea-vestilor,cpp,1333804292,gigel-si-raspandirea-vestilor/1333804292.cpp,ok,0,1,0,
gigel-si-raspandirea-vestilor,cpp,1333804310,gigel-si-raspandirea-vestilor/1333804310.cpp,ok,0,1,0,
gigel-si-raspandirea-vestilor,cpp,1333804317,gigel-si-raspandirea-vestilor/1333804317.cpp,ok,0,0,0,
gigel-si-raspandirea-vestilor,cpp,1333804439,gigel-si-raspandirea-vestilor/1333804439.cpp,ok,0,3,0,
gigel-si-raspandirea-vestilor,cpp,1333804455,gigel-si-raspandirea-vestilor/1333804455.cpp,ok,0,3,0,
gigel-si-raspandirea-vestilor,cpp,1333804466,gigel-si-raspandirea-vestilor/1333804466.cpp,ok,0,3,0,
gigel-si-raspandirea-vestilor,cpp,1333804513,gigel-si-raspandirea-vestilor/1333804513.cpp,ok,0,9,3,
gigel-si-raspandirea-vestilor,cpp,1333804612,gigel-si-raspandirea-vestilor/1333804612.cpp,ok,0,9,3,
gigel-si-raspandirea-vestilor,cpp,1333804621,gigel-si-raspandirea-vestilor/1333804621.cpp,ok,0,8,2,
gigel-si-raspandirea-vestilor,cpp,1333804666,gigel-si-raspandirea-vestilor/1333804666.cpp,ok,0,1,0,
gigel-si-raspandirea-vestilor,cpp,1333804839,gigel-si-raspandirea-vestilor/1333804839.cpp,ok,0,1,0,
gigel-si-raspandirea-vestilor,cpp,1333804913,gigel-si-raspandirea-vestilor/1333804913.cpp,ok,0,0,0,
gigel-si-raspandirea-vestilor,cpp,1333805007,gigel-si-raspandirea-vestilor/1333805007.cpp,ok,0,0,0,
gigel-si-raspandirea-vestilor,cpp,1333805462,gigel-si-raspandirea-vestilor/1333805462.cpp,ok,0,4,3,
gigel-si-raspandirea-vestilor,cpp,1333805692,gigel-si-raspandirea-vestilor/1333805692.cpp,ok,0,1,0,
gigel-si-raspandirea-vestilor,cpp,1333805723,gigel-si-raspandirea-vestilor/1333805723.cpp,ok,0,1,1,
gigel-si-raspandirea-vestilor,cpp,1342819300,gigel-si-raspandirea-vestilor/1342819300.cpp,ok,0,3,2,
gigel-si-raspandirea-vestilor,cpp,1342819313,gigel-si-raspandirea-vestilor/1342819313.cpp,ok,0,3,2,
gigel-si-raspandirea-vestilor,cpp,1344343750,gigel-si-raspandirea-vestilor/1344343750.cpp,ok,0,0,0,
gigel-si-raspandirea-vestilor,cpp,1344527744,gigel-si-raspandirea-vestilor/1344527744.cpp,ok,0,0,0,
gigel-si-raspandirea-vestilor,cpp,1344568506,gigel-si-raspandirea-vestilor/1344568506.cpp,ok,0,1,0,
gigel-si-raspandirea-vestilor,cpp,1344584893,gigel-si-raspandirea-vestilor/1344584893.cpp,ok,0,1,0,
gigel-si-raspandirea-vestilor,cpp,1344591257,gigel-si-raspandirea-vestilor/1344591257.cpp,ok,0,5,2,
gigel-si-raspandirea-vestilor,cpp,1344595736,gigel-si-raspandirea-vestilor/1344595736.cpp,ok,0,1,0,
gigel-si-raspandirea-vestilor,c,1344600466,gigel-si-raspandirea-vestilor/1344600466.c,ok,0,1,1,
gigel-si-raspandirea-vestilor,cpp,1344603922,gigel-si-raspandirea-vestilor/1344603922.cpp,ok,0,2,1,
gigel-si-raspandirea-vestilor,cpp,1344603930,gigel-si-raspandirea-vestilor/1344603930.cpp,ok,0,2,1,
gigel-si-raspandirea-vestilor,cpp,1344603958,gigel-si-raspandirea-vestilor/1344603958.cpp,ok,0,2,1,
gigel-si-raspandirea-vestilor,cpp,1344604039,gigel-si-raspandirea-vestilor/1344604039.cpp,ok,0,1,1,
gigel-si-raspandirea-vestilor,cpp,1344604055,gigel-si-raspandirea-vestilor/1344604055.cpp,ok,0,1,0,
gigel-si-raspandirea-vestilor,cpp,1344617850,gigel-si-raspandirea-vestilor/1344617850.cpp,ok,0,2,0,
gigel-si-raspandirea-vestilor,cpp,1344623105,gigel-si-raspandirea-vestilor/1344623105.cpp,ok,0,2,0,
gigel-si-raspandirea-vestilor,cpp,1344623170,gigel-si-raspandirea-vestilor/1344623170.cpp,ok,0,3,0,
gigel-si-raspandirea-vestilor,cpp,1344623677,gigel-si-raspandirea-vestilor/1344623677.cpp,ok,0,4,0,
gigel-si-raspandirea-vestilor,cpp,1344623782,gigel-si-raspandirea-vestilor/1344623782.cpp,ok,0,10,0,
gigel-si-raspandirea-vestilor,cpp,1344626151,gigel-si-raspandirea-vestilor/1344626151.cpp,ok,0,7,1,
gigel-si-raspandirea-vestilor,cpp,1344629074,gigel-si-raspandirea-vestilor/1344629074.cpp,ok,0,0,0,
gigel-si-raspandirea-vestilor,cpp,1344629136,gigel-si-raspandirea-vestilor/1344629136.cpp,ok,0,0,0,
gigel-si-raspandirea-vestilor,cpp,1344630550,gigel-si-raspandirea-vestilor/1344630550.cpp,ok,0,1,0,
gigel-si-raspandirea-vestilor,cpp,1344631704,gigel-si-raspandirea-vestilor/1344631704.cpp,ok,0,1,0,
gigel-si-raspandirea-vestilor,cpp,1344634306,gigel-si-raspandirea-vestilor/1344634306.cpp,ok,0,4,0,
gigel-si-raspandirea-vestilor,cpp,1344636088,gigel-si-raspandirea-vestilor/1344636088.cpp,ok,0,2,0,
gigel-si-raspandirea-vestilor,cpp,1344636729,gigel-si-raspandirea-vestilor/1344636729.cpp,ok,0,0,0,
gigel-si-raspandirea-vestilor,cpp,1344636952,gigel-si-raspandirea-vestilor/1344636952.cpp,ok,0,1,0,
gigel-si-raspandirea-vestilor,cpp,1344637595,gigel-si-raspandirea-vestilor/1344637595.cpp,ok,0,3,0,
gigel-si-raspandirea-vestilor,cpp,1344637800,gigel-si-raspandirea-vestilor/1344637800.cpp,ok,0,3,1,
gigel-si-raspandirea-vestilor,cpp,1344637809,gigel-si-raspandirea-vestilor/1344637809.cpp,ok,0,3,1,
gigel-si-raspandirea-vestilor,cpp,1344637985,gigel-si-raspandirea-vestilor/1344637985.cpp,ok,0,1,0,
gigel-si-raspandirea-vestilor,cpp,1344637996,gigel-si-raspandirea-vestilor/1344637996.cpp,ok,0,1,0,
gigel-si-raspandirea-vestilor,cpp,1344638145,gigel-si-raspandirea-vestilor/1344638145.cpp,ok,0,6,0,
gigel-si-raspandirea-vestilor,cpp,1344638167,gigel-si-raspandirea-vestilor/1344638167.cpp,ok,0,6,0,
gigel-si-raspandirea-vestilor,cpp,1344638178,gigel-si-raspandirea-vestilor/1344638178.cpp,ok,0,1,0,
gigel-si-raspandirea-vestilor,cpp,1344697760,gigel-si-raspandirea-vestilor/1344697760.cpp,ok,0,0,0,
gigel-si-raspandirea-vestilor,cpp,1344729495,gigel-si-raspandirea-vestilor/1344729495.cpp,ok,0,1,0,
gigel-si-raspandirea-vestilor,cpp,1344729501,gigel-si-raspandirea-vestilor/1344729501.cpp,ok,0,1,0,
gigel-si-raspandirea-vestilor,cpp,1361660446,gigel-si-raspandirea-vestilor/1361660446.cpp,ok,0,1,1,
gigel-si-raspandirea-vestilor,cpp,1361673873,gigel-si-raspandirea-vestilor/1361673873.cpp,ok,0,6,0,
gigel-si-raspandirea-vestilor,cpp,1361753034,gigel-si-raspandirea-vestilor/1361753034.cpp,ok,0,0,0,
gigel-si-raspandirea-vestilor,cpp,1361869923,gigel-si-raspandirea-vestilor/1361869923.cpp,ok,0,0,0,
gigel-si-raspandirea-vestilor,cpp,1361870119,gigel-si-raspandirea-vestilor/1361870119.cpp,ok,0,0,0,
gigel-si-raspandirea-vestilor,cpp,1361901748,gigel-si-raspandirea-vestilor/1361901748.cpp,ok,0,3,0,
gigel-si-raspandirea-vestilor,cpp,1361903185,gigel-si-raspandirea-vestilor/1361903185.cpp,ok,0,0,0,
gigel-si-raspandirea-vestilor,cpp,1361904305,gigel-si-raspandirea-vestilor/1361904305.cpp,ok,0,0,0,
gigel-si-raspandirea-vestilor,cpp,1361905058,gigel-si-raspandirea-vestilor/1361905058.cpp,ok,0,0,0,
gigel-si-raspandirea-vestilor,cpp,1361905703,gigel-si-raspandirea-vestilor/1361905703.cpp,ok,0,2,0,
gigel-si-raspandirea-vestilor,cpp,1361917885,gigel-si-raspandirea-vestilor/1361917885.cpp,ok,0,0,0,
gigel-si-raspandirea-vestilor,cpp,1361920573,gigel-si-raspandirea-vestilor/1361920573.cpp,ok,0,0,0,
gigel-si-raspandirea-vestilor,cpp,1361921258,gigel-si-raspandirea-vestilor/1361921258.cpp,ok,0,0,0,
gigel-si-raspandirea-vestilor,cpp,1370606931,gigel-si-raspandirea-vestilor/1370606931.cpp,ok,0,0,0,
gigel-si-raspandirea-vestilor,cpp,1377338341,gigel-si-raspandirea-vestilor/1377338341.cpp,ok,0,0,0,
gigel-si-raspandirea-vestilor,cpp,1377338511,gigel-si-raspandirea-vestilor/1377338511.cpp,ok,0,0,0,
gigel-si-raspandirea-vestilor,cpp,1378018289,gigel-si-raspandirea-vestilor/1378018289.cpp,ok,0,0,0,
gigel-si-raspandirea-vestilor,cpp,1378033463,gigel-si-raspandirea-vestilor/1378033463.cpp,ok,0,1,0,
gigel-si-raspandirea-vestilor,cpp,1378033499,gigel-si-raspandirea-vestilor/1378033499.cpp,ok,0,1,0,
gigel-si-raspandirea-vestilor,cpp,1378064375,gigel-si-raspandirea-vestilor/1378064375.cpp,ok,0,1,0,
gigel-si-raspandirea-vestilor,cpp,1378090794,gigel-si-raspandirea-vestilor/1378090794.cpp,ok,0,0,0,
gigel-si-raspandirea-vestilor,cpp,1378090805,gigel-si-raspandirea-vestilor/1378090805.cpp,ok,0,0,0,
gigel-si-raspandirea-vestilor,cpp,1378090850,gigel-si-raspandirea-vestilor/1378090850.cpp,ok,0,0,0,
gigel-si-raspandirea-vestilor,cpp,1378090891,gigel-si-raspandirea-vestilor/1378090891.cpp,ok,0,0,0,
gigel-si-raspandirea-vestilor,cpp,1378096911,gigel-si-raspandirea-vestilor/1378096911.cpp,ok,0,0,0,
gigel-si-raspandirea-vestilor,cpp,1378118502,gigel-si-raspandirea-vestilor/1378118502.cpp,ok,0,0,0,
gigel-si-raspandirea-vestilor,cpp,1378118526,gigel-si-raspandirea-vestilor/1378118526.cpp,ok,0,0,0,
gigel-si-raspandirea-vestilor,cpp,1378120705,gigel-si-raspandirea-vestilor/1378120705.cpp,ok,0,0,0,
gigel-si-raspandirea-vestilor,cpp,1378128663,gigel-si-raspandirea-vestilor/1378128663.cpp,ok,0,1,0,
gigel-si-raspandirea-vestilor,cpp,1378146373,gigel-si-raspandirea-vestilor/1378146373.cpp,ok,0,1,0,
gigel-si-raspandirea-vestilor,cpp,1378148743,gigel-si-raspandirea-vestilor/1378148743.cpp,ok,0,1,0,
gigel-si-raspandirea-vestilor,cpp,1378149448,gigel-si-raspandirea-vestilor/1378149448.cpp,ok,0,1,0,
gigel-si-raspandirea-vestilor,cpp,1378153276,gigel-si-raspandirea-vestilor/1378153276.cpp,ok,0,0,0,
gigel-si-raspandirea-vestilor,cpp,1378153997,gigel-si-raspandirea-vestilor/1378153997.cpp,ok,0,4,2,
gigel-si-raspandirea-vestilor,cpp,1378154407,gigel-si-raspandirea-vestilor/1378154407.cpp,ok,0,4,3,
gigel-si-raspandirea-vestilor,cpp,1378154426,gigel-si-raspandirea-vestilor/1378154426.cpp,ok,0,0,0,
gigel-si-raspandirea-vestilor,cpp,1378154566,gigel-si-raspandirea-vestilor/1378154566.cpp,ok,0,0,0,
gigel-si-raspandirea-vestilor,cpp,1378154619,gigel-si-raspandirea-vestilor/1378154619.cpp,ok,0,0,0,
gigel-si-raspandirea-vestilor,cpp,1378154672,gigel-si-raspandirea-vestilor/1378154672.cpp,ok,0,0,0,
gigel-si-raspandirea-vestilor,cpp,1378154978,gigel-si-raspandirea-vestilor/1378154978.cpp,ok,0,1,0,
gigel-si-raspandirea-vestilor,cpp,1378155030,gigel-si-raspandirea-vestilor/1378155030.cpp,ok,0,1,0,
gigel-si-raspandirea-vestilor,cpp,1378159425,gigel-si-raspandirea-vestilor/1378159425.cpp,ok,0,0,0,
gigel-si-raspandirea-vestilor,cpp,1378159875,gigel-si-raspandirea-vestilor/1378159875.cpp,ok,0,5,2,
gigel-si-raspandirea-vestilor,cpp,1378160190,gigel-si-raspandirea-vestilor/1378160190.cpp,ok,0,0,0,
gigel-si-raspandirea-vestilor,cpp,1378160359,gigel-si-raspandirea-vestilor/1378160359.cpp,ok,0,0,0,
gigel-si-raspandirea-vestilor,cpp,1391614231,gigel-si-raspandirea-vestilor/1391614231.cpp,ok,0,0,0,
gigel-si-raspandirea-vestilor,cpp,1391683919,gigel-si-raspandirea-vestilor/1391683919.cpp,ok,0,0,0,
gigel-si-raspandirea-vestilor,cpp,1391769976,gigel-si-raspandirea-vestilor/1391769976.cpp,ok,0,0,0,
gigel-si-raspandirea-vestilor,cpp,1391770094,gigel-si-raspandirea-vestilor/1391770094.cpp,ok,0,1,0,
gigel-si-raspandirea-vestilor,cpp,1391770419,gigel-si-raspandirea-vestilor/1391770419.cpp,ok,0,0,0,
gigel-si-raspandirea-vestilor,cpp,1391779743,gigel-si-raspandirea-vestilor/1391779743.cpp,ok,0,1,0,
gigel-si-raspandirea-vestilor,cpp,1391802432,gigel-si-raspandirea-vestilor/1391802432.cpp,ok,0,0,0,
gigel-si-raspandirea-vestilor,cpp,1391826256,gigel-si-raspandirea-vestilor/1391826256.cpp,ok,0,0,0,
gigel-si-raspandirea-vestilor,cpp,1391827043,gigel-si-raspandirea-vestilor/1391827043.cpp,ok,0,1,0,
gigel-si-raspandirea-vestilor,cpp,1391827197,gigel-si-raspandirea-vestilor/1391827197.cpp,ok,0,1,0,
gigel-si-raspandirea-vestilor,cpp,1391827266,gigel-si-raspandirea-vestilor/1391827266.cpp,ok,0,1,0,
gigel-si-raspandirea-vestilor,cpp,1391827387,gigel-si-raspandirea-vestilor/1391827387.cpp,ok,0,0,0,
gigel-si-raspandirea-vestilor,cpp,1391856285,gigel-si-raspandirea-vestilor/1391856285.cpp,ok,0,1,0,
gigel-si-raspandirea-vestilor,cpp,1391862501,gigel-si-raspandirea-vestilor/1391862501.cpp,ok,0,0,0,
gigel-si-raspandirea-vestilor,cpp,1391862949,gigel-si-raspandirea-vestilor/1391862949.cpp,ok,0,0,0,
gigel-si-raspandirea-vestilor,cpp,1391899650,gigel-si-raspandirea-vestilor/1391899650.cpp,ok,0,0,0,
gigel-si-raspandirea-vestilor,cpp,1391901145,gigel-si-raspandirea-vestilor/1391901145.cpp,ok,0,1,0,
gigel-si-raspandirea-vestilor,cpp,1391905699,gigel-si-raspandirea-vestilor/1391905699.cpp,ok,0,2,0,
gigel-si-raspandirea-vestilor,cpp,1391930092,gigel-si-raspandirea-vestilor/1391930092.cpp,ok,0,1,0,
gigel-si-raspandirea-vestilor,cpp,1391934649,gigel-si-raspandirea-vestilor/1391934649.cpp,ok,0,0,0,
gigel-si-raspandirea-vestilor,cpp,1391934796,gigel-si-raspandirea-vestilor/1391934796.cpp,ok,0,0,0,
gigel-si-raspandirea-vestilor,cpp,1391934920,gigel-si-raspandirea-vestilor/1391934920.cpp,ok,0,0,0,
gigel-si-raspandirea-vestilor,cpp,1391941282,gigel-si-raspandirea-vestilor/1391941282.cpp,ok,0,0,0,
gigel-si-raspandirea-vestilor,cpp,1391941298,gigel-si-raspandirea-vestilor/1391941298.cpp,ok,0,0,0,
gigel-si-raspandirea-vestilor,cpp,1391941309,gigel-si-raspandirea-vestilor/1391941309.cpp,ok,0,0,0,
gigel-si-raspandirea-vestilor,cpp,1391951461,gigel-si-raspandirea-vestilor/1391951461.cpp,ok,0,0,0,
gigel-si-raspandirea-vestilor,cpp,1391964458,gigel-si-raspandirea-vestilor/1391964458.cpp,ok,0,0,0,
gigel-si-raspandirea-vestilor,cpp,1391989663,gigel-si-raspandirea-vestilor/1391989663.cpp,ok,0,0,0,
gigel-si-raspandirea-vestilor,cpp,1391989752,gigel-si-raspandirea-vestilor/1391989752.cpp,ok,0,0,0,
gigel-si-raspandirea-vestilor,cpp,1391989869,gigel-si-raspandirea-vestilor/1391989869.cpp,ok,0,0,0,
gigel-si-raspandirea-vestilor,cpp,1391997250,gigel-si-raspandirea-vestilor/1391997250.cpp,ok,0,1,0,
gigel-si-raspandirea-vestilor,cpp,1392001021,gigel-si-raspandirea-vestilor/1392001021.cpp,ok,0,0,0,
gigel-si-raspandirea-vestilor,cpp,1392022530,gigel-si-raspandirea-vestilor/1392022530.cpp,ok,0,1,0,
gigel-si-raspandirea-vestilor,cpp,1392023423,gigel-si-raspandirea-vestilor/1392023423.cpp,ok,0,1,0,
gigel-si-raspandirea-vestilor,cpp,1392033851,gigel-si-raspandirea-vestilor/1392033851.cpp,ok,0,1,0,
gigel-si-raspandirea-vestilor,cpp,1392035383,gigel-si-raspandirea-vestilor/1392035383.cpp,ok,0,2,0,
gigel-si-raspandirea-vestilor,cpp,1408312041,gigel-si-raspandirea-vestilor/1408312041.cpp,ok,0,0,0,
gigel-si-raspandirea-vestilor,cpp,1408385040,gigel-si-raspandirea-vestilor/1408385040.cpp,ok,0,0,0,
gigel-si-raspandirea-vestilor,cpp,1408394894,gigel-si-raspandirea-vestilor/1408394894.cpp,ok,0,0,0,
gigel-si-raspandirea-vestilor,cpp,1408398053,gigel-si-raspandirea-vestilor/1408398053.cpp,ok,0,0,0,
gigel-si-raspandirea-vestilor,cpp,1408404960,gigel-si-raspandirea-vestilor/1408404960.cpp,ok,0,0,0,
gigel-si-raspandirea-vestilor,cpp,1408414141,gigel-si-raspandirea-vestilor/1408414141.cpp,ok,0,2,0,
gigel-si-raspandirea-vestilor,cpp,1408417181,gigel-si-raspandirea-vestilor/1408417181.cpp,ok,0,0,0,
gigel-si-raspandirea-vestilor,cpp,1408419570,gigel-si-raspandirea-vestilor/1408419570.cpp,ok,0,0,0,
gigel-si-raspandirea-vestilor,cpp,1408424869,gigel-si-raspandirea-vestilor/1408424869.cpp,ok,0,2,2,
gigel-si-raspandirea-vestilor,cpp,1408428384,gigel-si-raspandirea-vestilor/1408428384.cpp,ok,0,0,0,
gigel-si-raspandirea-vestilor,cpp,1408428408,gigel-si-raspandirea-vestilor/1408428408.cpp,ok,0,0,0,
gigel-si-raspandirea-vestilor,cpp,1408433347,gigel-si-raspandirea-vestilor/1408433347.cpp,ok,0,0,0,
gigel-si-raspandirea-vestilor,cpp,1408435665,gigel-si-raspandirea-vestilor/1408435665.cpp,ok,0,0,0,
gigel-si-raspandirea-vestilor,cpp,1408435829,gigel-si-raspandirea-vestilor/1408435829.cpp,ok,0,0,0,
gigel-si-raspandirea-vestilor,cpp,1408435911,gigel-si-raspandirea-vestilor/1408435911.cpp,ok,0,0,0,
gigel-si-raspandirea-vestilor,cpp,1408443978,gigel-si-raspandirea-vestilor/1408443978.cpp,ok,0,1,0,
gigel-si-raspandirea-vestilor,cpp,1408450530,gigel-si-raspandirea-vestilor/1408450530.cpp,ok,0,0,0,
gigel-si-raspandirea-vestilor,cpp,1408450878,gigel-si-raspandirea-vestilor/1408450878.cpp,ok,0,1,0,
gigel-si-raspandirea-vestilor,cpp,1408454408,gigel-si-raspandirea-vestilor/1408454408.cpp,ok,0,1,0,
gigel-si-raspandirea-vestilor,cpp,1408454480,gigel-si-raspandirea-vestilor/1408454480.cpp,ok,0,1,0,
gigel-si-raspandirea-vestilor,cpp,1408454528,gigel-si-raspandirea-vestilor/1408454528.cpp,ok,0,1,0,
gigel-si-raspandirea-vestilor,cpp,1408457306,gigel-si-raspandirea-vestilor/1408457306.cpp,ok,0,1,0,
gigel-si-raspandirea-vestilor,cpp,1408457402,gigel-si-raspandirea-vestilor/1408457402.cpp,ok,0,0,0,
gigel-si-raspandirea-vestilor,cpp,1408457542,gigel-si-raspandirea-vestilor/1408457542.cpp,ok,0,0,0,
gigel-si-raspandirea-vestilor,cpp,1408457995,gigel-si-raspandirea-vestilor/1408457995.cpp,ok,0,1,0,
gigel-si-raspandirea-vestilor,cpp,1408462092,gigel-si-raspandirea-vestilor/1408462092.cpp,ok,0,1,0,
gigel-si-raspandirea-vestilor,cpp,1408462117,gigel-si-raspandirea-vestilor/1408462117.cpp,ok,0,1,0,
gigel-si-raspandirea-vestilor,cpp,1408462126,gigel-si-raspandirea-vestilor/1408462126.cpp,ok,0,1,0,
gigel-si-raspandirea-vestilor,cpp,1408462766,gigel-si-raspandirea-vestilor/1408462766.cpp,ok,0,1,1,
gigel-si-raspandirea-vestilor,cpp,1408462823,gigel-si-raspandirea-vestilor/1408462823.cpp,ok,0,0,0,
gigel-si-raspandirea-vestilor,cpp,1408471813,gigel-si-raspandirea-vestilor/1408471813.cpp,ok,0,1,0,
gigel-si-raspandirea-vestilor,cpp,1408472240,gigel-si-raspandirea-vestilor/1408472240.cpp,ok,0,0,0,
gigel-si-raspandirea-vestilor,cpp,1408474015,gigel-si-raspandirea-vestilor/1408474015.cpp,ok,0,0,0,
gigel-si-raspandirea-vestilor,cpp,1408477586,gigel-si-raspandirea-vestilor/1408477586.cpp,ok,0,3,2,
gigel-si-raspandirea-vestilor,cpp,1408478948,gigel-si-raspandirea-vestilor/1408478948.cpp,ok,0,0,0,
gigel-si-raspandirea-vestilor,cpp,1408480122,gigel-si-raspandirea-vestilor/1408480122.cpp,ok,0,1,0,
gigel-si-raspandirea-vestilor,cpp,1408480795,gigel-si-raspandirea-vestilor/1408480795.cpp,ok,0,0,0,
gigel-si-raspandirea-vestilor,cpp,1408481119,gigel-si-raspandirea-vestilor/1408481119.cpp,ok,0,0,0,
gigel-si-raspandirea-vestilor,cpp,1408482501,gigel-si-raspandirea-vestilor/1408482501.cpp,ok,0,0,0,
gigel-si-raspandirea-vestilor,cpp,1408484773,gigel-si-raspandirea-vestilor/1408484773.cpp,ok,0,1,0,
gigel-si-raspandirea-vestilor,cpp,1408484821,gigel-si-raspandirea-vestilor/1408484821.cpp,ok,0,0,0,
gigel-si-raspandirea-vestilor,cpp,1408485381,gigel-si-raspandirea-vestilor/1408485381.cpp,ok,0,1,0,
gigel-si-raspandirea-vestilor,cpp,1408485743,gigel-si-raspandirea-vestilor/1408485743.cpp,ok,0,1,0,
gigel-si-raspandirea-vestilor,cpp,1408486325,gigel-si-raspandirea-vestilor/1408486325.cpp,ok,0,0,0,
gigel-si-raspandirea-vestilor,cpp,1408492219,gigel-si-raspandirea-vestilor/1408492219.cpp,ok,0,0,0,
gigel-si-raspandirea-vestilor,cpp,1408492345,gigel-si-raspandirea-vestilor/1408492345.cpp,ok,0,0,0,
gigel-si-raspandirea-vestilor,cpp,1408492363,gigel-si-raspandirea-vestilor/1408492363.cpp,ok,0,0,0,
gigel-si-raspandirea-vestilor,cpp,1408492463,gigel-si-raspandirea-vestilor/1408492463.cpp,ok,0,4,1,
gigel-si-raspandirea-vestilor,cpp,1408492735,gigel-si-raspandirea-vestilor/1408492735.cpp,ok,0,0,0,
gigel-si-raspandirea-vestilor,cpp,1408492993,gigel-si-raspandirea-vestilor/1408492993.cpp,ok,0,1,0,
gigel-si-raspandirea-vestilor,cpp,1408493418,gigel-si-raspandirea-vestilor/1408493418.cpp,ok,0,2,0,
gigel-si-raspandirea-vestilor,cpp,1408493422,gigel-si-raspandirea-vestilor/1408493422.cpp,ok,0,2,0,
gigel-si-raspandirea-vestilor,cpp,1408503580,gigel-si-raspandirea-vestilor/1408503580.cpp,ok,0,0,0,
gigel-si-raspandirea-vestilor,cpp,1408504480,gigel-si-raspandirea-vestilor/1408504480.cpp,ok,0,0,0,
gigel-si-raspandirea-vestilor,cpp,1408504541,gigel-si-raspandirea-vestilor/1408504541.cpp,ok,0,0,0,
gigel-si-raspandirea-vestilor,cpp,1408504807,gigel-si-raspandirea-vestilor/1408504807.cpp,ok,0,1,0,
gigel-si-raspandirea-vestilor,cpp,1408517010,gigel-si-raspandirea-vestilor/1408517010.cpp,ok,0,0,0,
gigel-si-raspandirea-vestilor,cpp,1408520332,gigel-si-raspandirea-vestilor/1408520332.cpp,ok,0,0,0,
gigel-si-raspandirea-vestilor,cpp,1408520376,gigel-si-raspandirea-vestilor/1408520376.cpp,ok,0,0,0,
gigel-si-raspandirea-vestilor,cpp,1408520393,gigel-si-raspandirea-vestilor/1408520393.cpp,ok,0,0,0,
gigel-si-raspandirea-vestilor,cpp,1408520968,gigel-si-raspandirea-vestilor/1408520968.cpp,ok,0,2,2,
gigel-si-raspandirea-vestilor,cpp,1408522375,gigel-si-raspandirea-vestilor/1408522375.cpp,ok,0,0,0,
gigel-si-raspandirea-vestilor,cpp,1408523537,gigel-si-raspandirea-vestilor/1408523537.cpp,ok,0,0,0,
gigel-si-raspandirea-vestilor,cpp,1408524617,gigel-si-raspandirea-vestilor/1408524617.cpp,ok,0,0,0,
gigel-si-raspandirea-vestilor,cpp,1408526058,gigel-si-raspandirea-vestilor/1408526058.cpp,ok,0,0,0,
gigel-si-raspandirea-vestilor,cpp,1408526172,gigel-si-raspandirea-vestilor/1408526172.cpp,ok,0,1,0,
gigel-si-raspandirea-vestilor,cpp,1408526478,gigel-si-raspandirea-vestilor/1408526478.cpp,ok,0,0,0,
gigel-si-raspandirea-vestilor,cpp,1408527821,gigel-si-raspandirea-vestilor/1408527821.cpp,ok,0,1,0,
gigel-si-raspandirea-vestilor,cpp,1408528865,gigel-si-raspandirea-vestilor/1408528865.cpp,ok,0,0,0,
gigel-si-raspandirea-vestilor,cpp,1408529343,gigel-si-raspandirea-vestilor/1408529343.cpp,ok,0,0,0,
gigel-si-raspandirea-vestilor,cpp,1408529599,gigel-si-raspandirea-vestilor/1408529599.cpp,ok,0,5,0,
gigel-si-raspandirea-vestilor,cpp,1408529638,gigel-si-raspandirea-vestilor/1408529638.cpp,ok,0,0,0,
gigel-si-raspandirea-vestilor,cpp,1408530226,gigel-si-raspandirea-vestilor/1408530226.cpp,ok,0,0,0,
gigel-si-raspandirea-vestilor,cpp,1408530286,gigel-si-raspandirea-vestilor/1408530286.cpp,ok,0,0,0,
gigel-si-raspandirea-vestilor,cpp,1408530561,gigel-si-raspandirea-vestilor/1408530561.cpp,ok,0,2,0,
gigel-si-raspandirea-vestilor,cpp,1408530607,gigel-si-raspandirea-vestilor/1408530607.cpp,ok,0,2,0,
gigel-si-raspandirea-vestilor,cpp,1408530842,gigel-si-raspandirea-vestilor/1408530842.cpp,ok,0,1,0,
gigel-si-raspandirea-vestilor,cpp,1408530931,gigel-si-raspandirea-vestilor/1408530931.cpp,ok,0,0,0,
gigel-si-raspandirea-vestilor,cpp,1408531548,gigel-si-raspandirea-vestilor/1408531548.cpp,ok,0,1,0,
gigel-si-raspandirea-vestilor,cpp,1408531672,gigel-si-raspandirea-vestilor/1408531672.cpp,ok,0,0,0,
gigel-si-raspandirea-vestilor,cpp,1408531685,gigel-si-raspandirea-vestilor/1408531685.cpp,ok,0,1,1,
gigel-si-raspandirea-vestilor,cpp,1408531842,gigel-si-raspandirea-vestilor/1408531842.cpp,ok,0,0,0,
gigel-si-raspandirea-vestilor,cpp,1408532132,gigel-si-raspandirea-vestilor/1408532132.cpp,ok,0,0,0,
gigel-si-raspandirea-vestilor,cpp,1408532339,gigel-si-raspandirea-vestilor/1408532339.cpp,ok,0,2,0,
gigel-si-raspandirea-vestilor,cpp,1408532626,gigel-si-raspandirea-vestilor/1408532626.cpp,ok,0,1,1,
gigel-si-raspandirea-vestilor,cpp,1408543362,gigel-si-raspandirea-vestilor/1408543362.cpp,ok,0,1,0,
gigel-si-raspandirea-vestilor,cpp,1408550580,gigel-si-raspandirea-vestilor/1408550580.cpp,ok,0,0,0,
gigel-si-raspandirea-vestilor,cpp,1408550974,gigel-si-raspandirea-vestilor/1408550974.cpp,ok,0,1,0,
gigel-si-raspandirea-vestilor,cpp,1408554671,gigel-si-raspandirea-vestilor/1408554671.cpp,ok,0,1,1,
gigel-si-raspandirea-vestilor,cpp,1408554891,gigel-si-raspandirea-vestilor/1408554891.cpp,ok,0,1,0,
gigel-si-raspandirea-vestilor,cpp,1408555036,gigel-si-raspandirea-vestilor/1408555036.cpp,ok,0,0,0,
gigel-si-raspandirea-vestilor,cpp,1408556201,gigel-si-raspandirea-vestilor/1408556201.cpp,ok,0,0,0,
gigel-si-raspandirea-vestilor,cpp,1408556213,gigel-si-raspandirea-vestilor/1408556213.cpp,ok,0,0,0,
gigel-si-raspandirea-vestilor,cpp,1408556490,gigel-si-raspandirea-vestilor/1408556490.cpp,ok,0,0,0,
gigel-si-raspandirea-vestilor,cpp,1408556885,gigel-si-raspandirea-vestilor/1408556885.cpp,ok,0,0,0,
gigel-si-raspandirea-vestilor,cpp,1408557273,gigel-si-raspandirea-vestilor/1408557273.cpp,ok,0,1,0,
gigel-si-raspandirea-vestilor,cpp,1408557604,gigel-si-raspandirea-vestilor/1408557604.cpp,ok,0,1,0,
gigel-si-raspandirea-vestilor,cpp,1408558151,gigel-si-raspandirea-vestilor/1408558151.cpp,ok,0,1,0,
gigel-si-raspandirea-vestilor,cpp,1408558685,gigel-si-raspandirea-vestilor/1408558685.cpp,ok,0,0,0,
gigel-si-raspandirea-vestilor,cpp,1408559234,gigel-si-raspandirea-vestilor/1408559234.cpp,ok,0,0,0,
gigel-si-raspandirea-vestilor,cpp,1408559513,gigel-si-raspandirea-vestilor/1408559513.cpp,ok,0,1,0,
gigel-si-raspandirea-vestilor,cpp,1408560233,gigel-si-raspandirea-vestilor/1408560233.cpp,ok,0,2,0,
gigel-si-raspandirea-vestilor,cpp,1408561657,gigel-si-raspandirea-vestilor/1408561657.cpp,ok,0,1,0,
gigel-si-raspandirea-vestilor,cpp,1408561752,gigel-si-raspandirea-vestilor/1408561752.cpp,ok,0,0,0,
gigel-si-raspandirea-vestilor,cpp,1408562073,gigel-si-raspandirea-vestilor/1408562073.cpp,ok,0,1,0,
gigel-si-raspandirea-vestilor,cpp,1408564289,gigel-si-raspandirea-vestilor/1408564289.cpp,ok,0,1,1,
gigel-si-raspandirea-vestilor,cpp,1408568424,gigel-si-raspandirea-vestilor/1408568424.cpp,ok,0,0,0,
gigel-si-raspandirea-vestilor,cpp,1408568681,gigel-si-raspandirea-vestilor/1408568681.cpp,ok,0,0,0,
gigel-si-raspandirea-vestilor,cpp,1408569037,gigel-si-raspandirea-vestilor/1408569037.cpp,ok,0,1,0,
gigel-si-raspandirea-vestilor,cpp,1408569053,gigel-si-raspandirea-vestilor/1408569053.cpp,ok,0,0,0,
gigel-si-raspandirea-vestilor,cpp,1408569069,gigel-si-raspandirea-vestilor/1408569069.cpp,ok,0,0,0,
gigel-si-raspandirea-vestilor,cpp,1408569364,gigel-si-raspandirea-vestilor/1408569364.cpp,ok,0,0,0,
gigel-si-raspandirea-vestilor,cpp,1408569420,gigel-si-raspandirea-vestilor/1408569420.cpp,ok,0,0,0,
gigel-si-raspandirea-vestilor,cpp,1408569527,gigel-si-raspandirea-vestilor/1408569527.cpp,ok,0,0,0,
gigel-si-raspandirea-vestilor,cpp,1408569631,gigel-si-raspandirea-vestilor/1408569631.cpp,ok,0,0,0,
gigel-si-raspandirea-vestilor,cpp,1408569949,gigel-si-raspandirea-vestilor/1408569949.cpp,ok,0,0,0,
gigel-si-raspandirea-vestilor,cpp,1408570292,gigel-si-raspandirea-vestilor/1408570292.cpp,ok,0,0,0,
gigel-si-raspandirea-vestilor,cpp,1408570615,gigel-si-raspandirea-vestilor/1408570615.cpp,ok,0,0,0,
gigel-si-raspandirea-vestilor,cpp,1408570707,gigel-si-raspandirea-vestilor/1408570707.cpp,ok,0,1,0,
gigel-si-raspandirea-vestilor,cpp,1408570828,gigel-si-raspandirea-vestilor/1408570828.cpp,ok,0,1,0,
gigel-si-raspandirea-vestilor,cpp,1408570840,gigel-si-raspandirea-vestilor/1408570840.cpp,ok,0,1,0,
gigel-si-raspandirea-vestilor,cpp,1408570870,gigel-si-raspandirea-vestilor/1408570870.cpp,ok,0,0,0,
gigel-si-raspandirea-vestilor,cpp,1408570922,gigel-si-raspandirea-vestilor/1408570922.cpp,ok,0,1,1,
gigel-si-raspandirea-vestilor,cpp,1408571056,gigel-si-raspandirea-vestilor/1408571056.cpp,ok,0,0,0,
gigel-si-raspandirea-vestilor,cpp,1408571287,gigel-si-raspandirea-vestilor/1408571287.cpp,ok,0,2,0,
gigel-si-raspandirea-vestilor,cpp,1408572011,gigel-si-raspandirea-vestilor/1408572011.cpp,ok,0,0,0,
gigel-si-raspandirea-vestilor,cpp,1408590179,gigel-si-raspandirea-vestilor/1408590179.cpp,ok,0,0,0,
gigel-si-raspandirea-vestilor,cpp,1408592222,gigel-si-raspandirea-vestilor/1408592222.cpp,ok,0,0,0,
gigel-si-raspandirea-vestilor,cpp,1409072396,gigel-si-raspandirea-vestilor/1409072396.cpp,ok,0,0,0,
gigel-si-raspandirea-vestilor,cpp,1409072613,gigel-si-raspandirea-vestilor/1409072613.cpp,ok,0,0,0,
gigel-si-raspandirea-vestilor,cpp,1409072631,gigel-si-raspandirea-vestilor/1409072631.cpp,ok,0,1,0,
gigel-si-sosetele,cpp,1314222795,gigel-si-sosetele/1314222795.cpp,ok,0,0,0,
gigel-si-sosetele,cpp,1314222802,gigel-si-sosetele/1314222802.cpp,ok,0,0,0,
gigel-si-sosetele,cpp,1314234477,gigel-si-sosetele/1314234477.cpp,ok,0,0,0,
gigel-si-sosetele,cpp,1314234495,gigel-si-sosetele/1314234495.cpp,ok,0,0,0,
gigel-si-sosetele,cpp,1314234546,gigel-si-sosetele/1314234546.cpp,ok,0,0,0,
gigel-si-sosetele,cpp,1314234579,gigel-si-sosetele/1314234579.cpp,ok,0,4,0,
gigel-si-sosetele,cpp,1314234648,gigel-si-sosetele/1314234648.cpp,ok,0,1,0,
gigel-si-sosetele,cpp,1314234649,gigel-si-sosetele/1314234649.cpp,ok,0,2,0,
gigel-si-sosetele,cpp,1314234657,gigel-si-sosetele/1314234657.cpp,ok,0,5,0,
gigel-si-sosetele,cpp,1314234771,gigel-si-sosetele/1314234771.cpp,ok,0,0,0,
gigel-si-sosetele,cpp,1314234774,gigel-si-sosetele/1314234774.cpp,ok,0,0,0,
gigel-si-sosetele,cpp,1314234798,gigel-si-sosetele/1314234798.cpp,ok,0,0,0,
gigel-si-sosetele,cpp,1314234883,gigel-si-sosetele/1314234883.cpp,ok,0,2,0,
gigel-si-sosetele,cpp,1314234991,gigel-si-sosetele/1314234991.cpp,ok,0,3,3,
gigel-si-sosetele,cpp,1314234996,gigel-si-sosetele/1314234996.cpp,ok,0,0,0,
gigel-si-sosetele,cpp,1314235070,gigel-si-sosetele/1314235070.cpp,ok,0,1,0,
gigel-si-sosetele,cpp,1314235154,gigel-si-sosetele/1314235154.cpp,ok,0,3,3,
gigel-si-sosetele,cpp,1314235214,gigel-si-sosetele/1314235214.cpp,ok,0,3,3,
gigel-si-sosetele,cpp,1314235246,gigel-si-sosetele/1314235246.cpp,ok,0,0,0,
gigel-si-sosetele,cpp,1314235288,gigel-si-sosetele/1314235288.cpp,ok,0,4,0,
gigel-si-sosetele,cpp,1314235318,gigel-si-sosetele/1314235318.cpp,ok,0,0,0,
gigel-si-sosetele,cpp,1314235329,gigel-si-sosetele/1314235329.cpp,ok,0,4,0,
gigel-si-sosetele,cpp,1314235340,gigel-si-sosetele/1314235340.cpp,ok,0,0,0,
gigel-si-sosetele,cpp,1314235438,gigel-si-sosetele/1314235438.cpp,ok,0,0,0,
gigel-si-sosetele,cpp,1314235443,gigel-si-sosetele/1314235443.cpp,ok,0,2,0,
gigel-si-sosetele,cpp,1314235464,gigel-si-sosetele/1314235464.cpp,ok,0,2,0,
gigel-si-sosetele,cpp,1314235481,gigel-si-sosetele/1314235481.cpp,ok,0,2,0,
gigel-si-sosetele,cpp,1314235498,gigel-si-sosetele/1314235498.cpp,ok,0,0,0,
gigel-si-sosetele,cpp,1314235518,gigel-si-sosetele/1314235518.cpp,ok,0,1,0,
gigel-si-sosetele,cpp,1314235539,gigel-si-sosetele/1314235539.cpp,ok,0,0,0,
gigel-si-sosetele,cpp,1314235545,gigel-si-sosetele/1314235545.cpp,ok,0,2,2,
gigel-si-sosetele,cpp,1314235568,gigel-si-sosetele/1314235568.cpp,ok,0,0,0,
gigel-si-sosetele,cpp,1314235569,gigel-si-sosetele/1314235569.cpp,ok,0,0,0,
gigel-si-sosetele,cpp,1314235585,gigel-si-sosetele/1314235585.cpp,ok,0,0,0,
gigel-si-sosetele,cpp,1314235590,gigel-si-sosetele/1314235590.cpp,ok,0,6,5,
gigel-si-sosetele,cpp,1314235610,gigel-si-sosetele/1314235610.cpp,ok,0,5,5,
gigel-si-sosetele,cpp,1314235619,gigel-si-sosetele/1314235619.cpp,ok,0,5,1,
gigel-si-sosetele,cpp,1314235643,gigel-si-sosetele/1314235643.cpp,ok,0,4,4,
gigel-si-sosetele,cpp,1314235652,gigel-si-sosetele/1314235652.cpp,ok,0,1,0,
gigel-si-sosetele,cpp,1314235653,gigel-si-sosetele/1314235653.cpp,ok,0,5,5,
gigel-si-sosetele,cpp,1314235685,gigel-si-sosetele/1314235685.cpp,ok,0,2,0,
gigel-si-sosetele,cpp,1314235697,gigel-si-sosetele/1314235697.cpp,ok,0,2,2,
gigel-si-sosetele,cpp,1314235701,gigel-si-sosetele/1314235701.cpp,ok,0,0,0,
gigel-si-sosetele,cpp,1314235717,gigel-si-sosetele/1314235717.cpp,ok,0,0,0,
gigel-si-sosetele,cpp,1314235742,gigel-si-sosetele/1314235742.cpp,ok,0,2,0,
gigel-si-sosetele,cpp,1314235766,gigel-si-sosetele/1314235766.cpp,ok,0,0,0,
gigel-si-sosetele,cpp,1314235770,gigel-si-sosetele/1314235770.cpp,ok,0,3,3,
gigel-si-sosetele,cpp,1314235786,gigel-si-sosetele/1314235786.cpp,ok,0,0,0,
gigel-si-sosetele,cpp,1314235789,gigel-si-sosetele/1314235789.cpp,ok,0,0,0,
gigel-si-sosetele,cpp,1314235805,gigel-si-sosetele/1314235805.cpp,ok,0,0,0,
gigel-si-sosetele,cpp,1314235814,gigel-si-sosetele/1314235814.cpp,ok,0,0,0,
gigel-si-sosetele,cpp,1314235827,gigel-si-sosetele/1314235827.cpp,ok,0,4,4,
gigel-si-sosetele,cpp,1314235872,gigel-si-sosetele/1314235872.cpp,ok,0,0,0,
gigel-si-sosetele,cpp,1314235882,gigel-si-sosetele/1314235882.cpp,ok,0,1,0,
gigel-si-sosetele,cpp,1314235883,gigel-si-sosetele/1314235883.cpp,ok,0,3,1,
gigel-si-sosetele,cpp,1314235886,gigel-si-sosetele/1314235886.cpp,ok,0,0,0,
gigel-si-sosetele,cpp,1314235902,gigel-si-sosetele/1314235902.cpp,ok,0,2,0,
gigel-si-sosetele,cpp,1314235907,gigel-si-sosetele/1314235907.cpp,ok,0,3,3,
gigel-si-sosetele,cpp,1314235908,gigel-si-sosetele/1314235908.cpp,ok,0,3,0,
gigel-si-sosetele,cpp,1314235925,gigel-si-sosetele/1314235925.cpp,ok,0,0,0,
gigel-si-sosetele,cpp,1314235929,gigel-si-sosetele/1314235929.cpp,ok,0,0,0,
gigel-si-sosetele,cpp,1314235936,gigel-si-sosetele/1314235936.cpp,ok,0,3,0,
gigel-si-sosetele,cpp,1314235961,gigel-si-sosetele/1314235961.cpp,ok,0,11,0,
gigel-si-sosetele,cpp,1314235970,gigel-si-sosetele/1314235970.cpp,ok,0,0,0,
gigel-si-sosetele,cpp,1314236005,gigel-si-sosetele/1314236005.cpp,ok,0,4,4,
gigel-si-sosetele,cpp,1314236013,gigel-si-sosetele/1314236013.cpp,ok,0,1,0,
gigel-si-sosetele,cpp,1314236020,gigel-si-sosetele/1314236020.cpp,ok,0,6,0,
gigel-si-sosetele,cpp,1314236029,gigel-si-sosetele/1314236029.cpp,ok,0,0,0,
gigel-si-sosetele,cpp,1314236042,gigel-si-sosetele/1314236042.cpp,ok,0,0,0,
gigel-si-sosetele,cpp,1314236049,gigel-si-sosetele/1314236049.cpp,ok,0,1,0,
gigel-si-sosetele,cpp,1314236053,gigel-si-sosetele/1314236053.cpp,ok,0,0,0,
gigel-si-sosetele,cpp,1314236057,gigel-si-sosetele/1314236057.cpp,ok,0,0,0,
gigel-si-sosetele,cpp,1314236066,gigel-si-sosetele/1314236066.cpp,ok,0,0,0,
gigel-si-sosetele,cpp,1314236068,gigel-si-sosetele/1314236068.cpp,ok,0,0,0,
gigel-si-sosetele,cpp,1314236077,gigel-si-sosetele/1314236077.cpp,ok,0,5,0,
gigel-si-sosetele,cpp,1314236078,gigel-si-sosetele/1314236078.cpp,ok,0,5,0,
gigel-si-sosetele,cpp,1314236086,gigel-si-sosetele/1314236086.cpp,ok,0,1,0,
gigel-si-sosetele,cpp,1314236089,gigel-si-sosetele/1314236089.cpp,ok,0,3,2,
gigel-si-sosetele,cpp,1314236090,gigel-si-sosetele/1314236090.cpp,ok,0,0,0,
gigel-si-sosetele,cpp,1314236093,gigel-si-sosetele/1314236093.cpp,ok,0,0,0,
gigel-si-sosetele,cpp,1314236111,gigel-si-sosetele/1314236111.cpp,ok,0,1,0,
gigel-si-sosetele,cpp,1314236115,gigel-si-sosetele/1314236115.cpp,ok,0,1,0,
gigel-si-sosetele,cpp,1314236123,gigel-si-sosetele/1314236123.cpp,ok,0,1,0,
gigel-si-sosetele,cpp,1314236132,gigel-si-sosetele/1314236132.cpp,ok,0,1,0,
gigel-si-sosetele,cpp,1314236142,gigel-si-sosetele/1314236142.cpp,ok,0,0,0,
gigel-si-sosetele,cpp,1314236144,gigel-si-sosetele/1314236144.cpp,ok,0,1,0,
gigel-si-sosetele,cpp,1314236161,gigel-si-sosetele/1314236161.cpp,ok,0,2,2,
gigel-si-sosetele,cpp,1314236171,gigel-si-sosetele/1314236171.cpp,ok,0,1,0,
gigel-si-sosetele,cpp,1314236186,gigel-si-sosetele/1314236186.cpp,ok,0,3,0,
gigel-si-sosetele,cpp,1314236189,gigel-si-sosetele/1314236189.cpp,ok,0,2,1,
gigel-si-sosetele,cpp,1314236198,gigel-si-sosetele/1314236198.cpp,ok,0,1,0,
gigel-si-sosetele,cpp,1314236217,gigel-si-sosetele/1314236217.cpp,ok,0,0,0,
gigel-si-sosetele,cpp,1314236220,gigel-si-sosetele/1314236220.cpp,ok,0,1,0,
gigel-si-sosetele,cpp,1314236229,gigel-si-sosetele/1314236229.cpp,ok,0,0,0,
gigel-si-sosetele,cpp,1314236231,gigel-si-sosetele/1314236231.cpp,ok,0,0,0,
gigel-si-sosetele,cpp,1314236234,gigel-si-sosetele/1314236234.cpp,ok,0,5,0,
gigel-si-sosetele,cpp,1314236240,gigel-si-sosetele/1314236240.cpp,ok,0,1,0,
gigel-si-sosetele,cpp,1314236241,gigel-si-sosetele/1314236241.cpp,ok,0,0,0,
gigel-si-sosetele,cpp,1314236259,gigel-si-sosetele/1314236259.cpp,ok,0,2,1,
gigel-si-sosetele,cpp,1314236267,gigel-si-sosetele/1314236267.cpp,ok,0,1,0,
gigel-si-sosetele,cpp,1314236286,gigel-si-sosetele/1314236286.cpp,ok,0,4,1,
gigel-si-sosetele,cpp,1314236302,gigel-si-sosetele/1314236302.cpp,ok,0,2,1,
gigel-si-sosetele,cpp,1314236323,gigel-si-sosetele/1314236323.cpp,ok,0,0,0,
gigel-si-sosetele,cpp,1314236340,gigel-si-sosetele/1314236340.cpp,ok,0,2,1,
gigel-si-sosetele,cpp,1314236344,gigel-si-sosetele/1314236344.cpp,ok,0,5,0,
gigel-si-sosetele,cpp,1314236347,gigel-si-sosetele/1314236347.cpp,ok,0,2,2,
gigel-si-sosetele,cpp,1314236350,gigel-si-sosetele/1314236350.cpp,ok,0,0,0,
gigel-si-sosetele,cpp,1314236368,gigel-si-sosetele/1314236368.cpp,ok,0,3,0,
gigel-si-sosetele,c,1314236373,gigel-si-sosetele/1314236373.c,ok,0,5,0,
gigel-si-sosetele,cpp,1314236376,gigel-si-sosetele/1314236376.cpp,ok,0,0,0,
gigel-si-sosetele,cpp,1314236409,gigel-si-sosetele/1314236409.cpp,ok,0,5,1,
gigel-si-sosetele,cpp,1314236423,gigel-si-sosetele/1314236423.cpp,ok,0,3,0,
gigel-si-sosetele,cpp,1314236428,gigel-si-sosetele/1314236428.cpp,ok,0,0,0,
gigel-si-sosetele,cpp,1314236429,gigel-si-sosetele/1314236429.cpp,ok,0,1,0,
gigel-si-sosetele,cpp,1314236452,gigel-si-sosetele/1314236452.cpp,ok,0,1,1,
gigel-si-sosetele,cpp,1314236457,gigel-si-sosetele/1314236457.cpp,ok,0,0,0,
gigel-si-sosetele,cpp,1314236467,gigel-si-sosetele/1314236467.cpp,ok,0,5,1,
gigel-si-sosetele,cpp,1314236501,gigel-si-sosetele/1314236501.cpp,ok,0,2,1,
gigel-si-sosetele,cpp,1314236509,gigel-si-sosetele/1314236509.cpp,ok,0,5,1,
gigel-si-sosetele,cpp,1314236512,gigel-si-sosetele/1314236512.cpp,ok,0,2,0,
gigel-si-sosetele,cpp,1314236517,gigel-si-sosetele/1314236517.cpp,ok,0,2,2,
gigel-si-sosetele,cpp,1314236532,gigel-si-sosetele/1314236532.cpp,ok,0,0,0,
gigel-si-sosetele,cpp,1314236536,gigel-si-sosetele/1314236536.cpp,ok,0,10,1,
gigel-si-sosetele,cpp,1314236537,gigel-si-sosetele/1314236537.cpp,ok,0,2,0,
gigel-si-sosetele,cpp,1314236540,gigel-si-sosetele/1314236540.cpp,ok,0,5,1,
gigel-si-sosetele,cpp,1314236578,gigel-si-sosetele/1314236578.cpp,ok,0,3,3,
gigel-si-sosetele,cpp,1314236582,gigel-si-sosetele/1314236582.cpp,ok,0,2,1,
gigel-si-sosetele,cpp,1314236648,gigel-si-sosetele/1314236648.cpp,ok,0,3,1,
gigel-si-sosetele,cpp,1314236651,gigel-si-sosetele/1314236651.cpp,ok,0,7,7,
gigel-si-sosetele,cpp,1314236657,gigel-si-sosetele/1314236657.cpp,ok,0,2,1,
gigel-si-sosetele,cpp,1314236660,gigel-si-sosetele/1314236660.cpp,ok,0,0,0,
gigel-si-sosetele,cpp,1314236671,gigel-si-sosetele/1314236671.cpp,ok,0,2,0,
gigel-si-sosetele,cpp,1314236675,gigel-si-sosetele/1314236675.cpp,ok,0,2,0,
gigel-si-sosetele,cpp,1314236698,gigel-si-sosetele/1314236698.cpp,ok,0,2,0,
gigel-si-sosetele,cpp,1314236699,gigel-si-sosetele/1314236699.cpp,ok,0,5,2,
gigel-si-sosetele,cpp,1314236714,gigel-si-sosetele/1314236714.cpp,ok,0,2,0,
gigel-si-sosetele,cpp,1314236715,gigel-si-sosetele/1314236715.cpp,ok,0,2,0,
gigel-si-sosetele,cpp,1314236762,gigel-si-sosetele/1314236762.cpp,ok,0,4,1,
gigel-si-sosetele,cpp,1314236763,gigel-si-sosetele/1314236763.cpp,ok,0,0,0,
gigel-si-sosetele,cpp,1314236784,gigel-si-sosetele/1314236784.cpp,ok,0,3,0,
gigel-si-sosetele,cpp,1314236795,gigel-si-sosetele/1314236795.cpp,ok,0,2,2,
gigel-si-sosetele,cpp,1314236796,gigel-si-sosetele/1314236796.cpp,ok,0,4,1,
gigel-si-sosetele,cpp,1314236806,gigel-si-sosetele/1314236806.cpp,ok,0,2,0,
gigel-si-sosetele,cpp,1314236811,gigel-si-sosetele/1314236811.cpp,ok,0,2,0,
gigel-si-sosetele,cpp,1314236815,gigel-si-sosetele/1314236815.cpp,ok,0,2,0,
gigel-si-sosetele,cpp,1314236830,gigel-si-sosetele/1314236830.cpp,ok,0,0,0,
gigel-si-sosetele,cpp,1314236832,gigel-si-sosetele/1314236832.cpp,ok,0,2,2,
gigel-si-sosetele,cpp,1314236842,gigel-si-sosetele/1314236842.cpp,ok,0,0,0,
gigel-si-sosetele,cpp,1314236856,gigel-si-sosetele/1314236856.cpp,ok,0,1,1,
gigel-si-sosetele,cpp,1314236857,gigel-si-sosetele/1314236857.cpp,ok,0,3,0,
gigel-si-sosetele,cpp,1314236863,gigel-si-sosetele/1314236863.cpp,ok,0,2,2,
gigel-si-sosetele,cpp,1314236865,gigel-si-sosetele/1314236865.cpp,ok,0,1,0,
gigel-si-sosetele,cpp,1314236876,gigel-si-sosetele/1314236876.cpp,ok,0,2,0,
gigel-si-sosetele,cpp,1314236924,gigel-si-sosetele/1314236924.cpp,ok,0,3,0,
gigel-si-sosetele,cpp,1314236933,gigel-si-sosetele/1314236933.cpp,ok,0,6,3,
gigel-si-sosetele,cpp,1314236941,gigel-si-sosetele/1314236941.cpp,ok,0,2,2,
gigel-si-sosetele,cpp,1314236947,gigel-si-sosetele/1314236947.cpp,ok,0,4,1,
gigel-si-sosetele,cpp,1314236950,gigel-si-sosetele/1314236950.cpp,ok,0,2,0,
gigel-si-sosetele,cpp,1314236956,gigel-si-sosetele/1314236956.cpp,ok,0,1,0,
gigel-si-sosetele,cpp,1314236989,gigel-si-sosetele/1314236989.cpp,ok,0,1,0,
gigel-si-sosetele,cpp,1314237010,gigel-si-sosetele/1314237010.cpp,ok,0,1,0,
gigel-si-sosetele,cpp,1314237012,gigel-si-sosetele/1314237012.cpp,ok,0,2,2,
gigel-si-sosetele,cpp,1314237036,gigel-si-sosetele/1314237036.cpp,ok,0,4,1,
gigel-si-sosetele,cpp,1314237043,gigel-si-sosetele/1314237043.cpp,ok,0,0,0,
gigel-si-sosetele,cpp,1314237048,gigel-si-sosetele/1314237048.cpp,ok,0,2,2,
gigel-si-sosetele,cpp,1314237058,gigel-si-sosetele/1314237058.cpp,ok,0,0,0,
gigel-si-sosetele,cpp,1314237081,gigel-si-sosetele/1314237081.cpp,ok,0,1,0,
gigel-si-sosetele,cpp,1314237085,gigel-si-sosetele/1314237085.cpp,ok,0,0,0,
gigel-si-sosetele,cpp,1314237133,gigel-si-sosetele/1314237133.cpp,ok,0,2,0,
gigel-si-sosetele,cpp,1314237145,gigel-si-sosetele/1314237145.cpp,ok,0,1,0,
gigel-si-sosetele,cpp,1314237148,gigel-si-sosetele/1314237148.cpp,ok,0,0,0,
gigel-si-sosetele,cpp,1314237156,gigel-si-sosetele/1314237156.cpp,ok,0,2,0,
gigel-si-sosetele,cpp,1314237168,gigel-si-sosetele/1314237168.cpp,ok,0,4,2,
gigel-si-sosetele,cpp,1314237169,gigel-si-sosetele/1314237169.cpp,ok,0,1,1,
gigel-si-sosetele,cpp,1314237202,gigel-si-sosetele/1314237202.cpp,ok,0,0,0,
gigel-si-sosetele,cpp,1314237214,gigel-si-sosetele/1314237214.cpp,ok,0,3,0,
gigel-si-sosetele,cpp,1314237218,gigel-si-sosetele/1314237218.cpp,ok,0,4,4,
gigel-si-sosetele,cpp,1314237237,gigel-si-sosetele/1314237237.cpp,ok,0,3,0,
gigel-si-sosetele,cpp,1314237238,gigel-si-sosetele/1314237238.cpp,ok,0,4,2,
gigel-si-sosetele,cpp,1314237243,gigel-si-sosetele/1314237243.cpp,ok,0,1,1,
gigel-si-sosetele,cpp,1314237268,gigel-si-sosetele/1314237268.cpp,ok,0,1,0,
gigel-si-sosetele,cpp,1314237273,gigel-si-sosetele/1314237273.cpp,ok,0,3,0,
gigel-si-sosetele,cpp,1314237275,gigel-si-sosetele/1314237275.cpp,ok,0,0,0,
gigel-si-sosetele,cpp,1314237296,gigel-si-sosetele/1314237296.cpp,ok,0,4,2,
gigel-si-sosetele,cpp,1314237299,gigel-si-sosetele/1314237299.cpp,ok,0,4,2,
gigel-si-sosetele,cpp,1314237304,gigel-si-sosetele/1314237304.cpp,ok,0,3,0,
gigel-si-sosetele,cpp,1314237309,gigel-si-sosetele/1314237309.cpp,ok,0,0,0,
gigel-si-sosetele,cpp,1314237321,gigel-si-sosetele/1314237321.cpp,ok,0,4,2,
gigel-si-sosetele,cpp,1314237350,gigel-si-sosetele/1314237350.cpp,ok,0,1,0,
gigel-si-sosetele,cpp,1314237375,gigel-si-sosetele/1314237375.cpp,ok,0,1,0,
gigel-si-sosetele,cpp,1314237379,gigel-si-sosetele/1314237379.cpp,ok,0,0,0,
gigel-si-sosetele,cpp,1314237383,gigel-si-sosetele/1314237383.cpp,ok,0,1,0,
gigel-si-sosetele,cpp,1314237387,gigel-si-sosetele/1314237387.cpp,ok,0,2,0,
gigel-si-sosetele,cpp,1314237395,gigel-si-sosetele/1314237395.cpp,ok,0,0,0,
gigel-si-sosetele,cpp,1314237408,gigel-si-sosetele/1314237408.cpp,ok,0,1,0,
gigel-si-sosetele,cpp,1314237413,gigel-si-sosetele/1314237413.cpp,ok,0,2,2,
gigel-si-sosetele,cpp,1314237422,gigel-si-sosetele/1314237422.cpp,ok,0,1,0,
gigel-si-sosetele,cpp,1314237455,gigel-si-sosetele/1314237455.cpp,ok,0,1,0,
gigel-si-sosetele,cpp,1314237459,gigel-si-sosetele/1314237459.cpp,ok,0,1,0,
gigel-si-sosetele,cpp,1314237463,gigel-si-sosetele/1314237463.cpp,ok,0,1,0,
gigel-si-sosetele,cpp,1314237479,gigel-si-sosetele/1314237479.cpp,ok,0,4,2,
gigel-si-sosetele,cpp,1314237497,gigel-si-sosetele/1314237497.cpp,ok,0,1,0,
gigel-si-sosetele,cpp,1314237512,gigel-si-sosetele/1314237512.cpp,ok,0,6,4,
gigel-si-sosetele,cpp,1314237517,gigel-si-sosetele/1314237517.cpp,ok,0,1,0,
gigel-si-sosetele,cpp,1314237522,gigel-si-sosetele/1314237522.cpp,ok,0,4,4,
gigel-si-sosetele,cpp,1314237549,gigel-si-sosetele/1314237549.cpp,ok,0,4,2,
gigel-si-sosetele,cpp,1314237553,gigel-si-sosetele/1314237553.cpp,ok,0,0,0,
gigel-si-sosetele,cpp,1314237586,gigel-si-sosetele/1314237586.cpp,ok,0,4,2,
gigel-si-sosetele,cpp,1314237693,gigel-si-sosetele/1314237693.cpp,ok,0,1,0,
gigel-si-sosetele,cpp,1314237702,gigel-si-sosetele/1314237702.cpp,ok,0,2,0,
gigel-si-sosetele,cpp,1314237713,gigel-si-sosetele/1314237713.cpp,ok,0,1,0,
gigel-si-sosetele,cpp,1314237750,gigel-si-sosetele/1314237750.cpp,ok,0,2,1,
gigel-si-sosetele,cpp,1314237764,gigel-si-sosetele/1314237764.cpp,ok,0,3,1,
gigel-si-sosetele,cpp,1314237776,gigel-si-sosetele/1314237776.cpp,ok,0,14,6,
gigel-si-sosetele,cpp,1314237791,gigel-si-sosetele/1314237791.cpp,ok,0,9,0,
gigel-si-sosetele,cpp,1314237798,gigel-si-sosetele/1314237798.cpp,ok,0,1,0,
gigel-si-sosetele,cpp,1314237831,gigel-si-sosetele/1314237831.cpp,ok,0,14,7,
gigel-si-sosetele,cpp,1314237956,gigel-si-sosetele/1314237956.cpp,ok,0,9,0,
gigel-si-sosetele,cpp,1314244309,gigel-si-sosetele/1314244309.cpp,ok,0,0,0,
gigel-si-sosetele,cpp,1323071007,gigel-si-sosetele/1323071007.cpp,ok,0,4,0,
gigel-si-sosetele,cpp,1323071143,gigel-si-sosetele/1323071143.cpp,ok,0,0,0,
gigel-si-sosetele,cpp,1323071463,gigel-si-sosetele/1323071463.cpp,ok,0,0,0,
gigel-si-sosetele,cpp,1323071955,gigel-si-sosetele/1323071955.cpp,ok,0,0,0,
gigel-si-sosetele,cpp,1323072067,gigel-si-sosetele/1323072067.cpp,ok,0,0,0,
gigel-si-sosetele,cpp,1323072265,gigel-si-sosetele/1323072265.cpp,ok,0,0,0,
gigel-si-sosetele,cpp,1323072370,gigel-si-sosetele/1323072370.cpp,ok,0,0,0,
gigel-si-sosetele,cpp,1323072718,gigel-si-sosetele/1323072718.cpp,ok,0,6,2,
gigel-si-sosetele,cpp,1323073116,gigel-si-sosetele/1323073116.cpp,ok,0,4,0,
gigel-si-sosetele,cpp,1323073397,gigel-si-sosetele/1323073397.cpp,ok,0,2,1,
gigel-si-sosetele,cpp,1323073485,gigel-si-sosetele/1323073485.cpp,ok,0,2,0,
gigel-si-sosetele,cpp,1323073487,gigel-si-sosetele/1323073487.cpp,ok,0,2,1,
gigel-si-sosetele,cpp,1323073585,gigel-si-sosetele/1323073585.cpp,ok,0,3,0,
gigel-si-sosetele,cpp,1323073649,gigel-si-sosetele/1323073649.cpp,ok,0,3,0,
gigel-si-sosetele,cpp,1323073693,gigel-si-sosetele/1323073693.cpp,ok,0,2,1,
gigel-si-sosetele,cpp,1323073741,gigel-si-sosetele/1323073741.cpp,ok,0,4,3,
gigel-si-sosetele,cpp,1323073911,gigel-si-sosetele/1323073911.cpp,ok,0,2,0,
gigel-si-sosetele,cpp,1323074295,gigel-si-sosetele/1323074295.cpp,ok,0,3,0,
gigel-si-sosetele,cpp,1323074412,gigel-si-sosetele/1323074412.cpp,ok,0,3,0,
gigel-si-sosetele,cpp,1323074695,gigel-si-sosetele/1323074695.cpp,ok,0,0,0,
gigel-si-sosetele,cpp,1323075169,gigel-si-sosetele/1323075169.cpp,ok,0,1,0,
gigel-si-sosetele,cpp,1323075512,gigel-si-sosetele/1323075512.cpp,ok,0,4,2,
gigel-si-sosetele,cpp,1323075519,gigel-si-sosetele/1323075519.cpp,ok,0,5,3,
gigel-si-sosetele,cpp,1323075619,gigel-si-sosetele/1323075619.cpp,ok,0,5,3,
gigel-si-sosetele,cpp,1323075814,gigel-si-sosetele/1323075814.cpp,ok,0,5,3,
gigel-si-sosetele,cpp,1323076015,gigel-si-sosetele/1323076015.cpp,ok,0,3,0,
gigel-si-sosetele,cpp,1323076245,gigel-si-sosetele/1323076245.cpp,ok,0,3,0,
gigel-si-sosetele,cpp,1323076394,gigel-si-sosetele/1323076394.cpp,ok,0,3,0,
gigel-si-sosetele,cpp,1323076590,gigel-si-sosetele/1323076590.cpp,ok,0,0,0,
gigel-si-sosetele,cpp,1323077137,gigel-si-sosetele/1323077137.cpp,ok,0,0,0,
gigel-si-sosetele,cpp,1323077360,gigel-si-sosetele/1323077360.cpp,ok,0,4,2,
gigel-si-sosetele,cpp,1323077582,gigel-si-sosetele/1323077582.cpp,ok,0,0,0,
gigel-si-sosetele,cpp,1323078097,gigel-si-sosetele/1323078097.cpp,ok,0,0,0,
gigel-si-sosetele,cpp,1323078576,gigel-si-sosetele/1323078576.cpp,ok,0,0,0,
gigel-si-sosetele,cpp,1323078759,gigel-si-sosetele/1323078759.cpp,ok,0,0,0,
gigel-si-sosetele,cpp,1323078935,gigel-si-sosetele/1323078935.cpp,ok,0,2,0,
gigel-si-sosetele,cpp,1323079143,gigel-si-sosetele/1323079143.cpp,ok,0,2,0,
gigel-si-sosetele,cpp,1323079440,gigel-si-sosetele/1323079440.cpp,ok,0,0,0,
gigel-si-sosetele,cpp,1323079456,gigel-si-sosetele/1323079456.cpp,ok,0,0,0,
gigel-si-sosetele,cpp,1323079770,gigel-si-sosetele/1323079770.cpp,ok,0,0,0,
gigel-si-sosetele,cpp,1323384436,gigel-si-sosetele/1323384436.cpp,ok,0,4,1,
gigel-si-sosetele,cpp,1323384873,gigel-si-sosetele/1323384873.cpp,ok,0,5,0,
gigel-si-sosetele,cpp,1323387596,gigel-si-sosetele/1323387596.cpp,ok,0,0,0,
gigel-si-sosetele,cpp,1323387618,gigel-si-sosetele/1323387618.cpp,ok,0,0,0,
gigel-si-sosetele,cpp,1323387637,gigel-si-sosetele/1323387637.cpp,ok,0,0,0,
gigel-si-sosetele,cpp,1323387706,gigel-si-sosetele/1323387706.cpp,ok,0,0,0,
gigel-si-sosetele,cpp,1323387754,gigel-si-sosetele/1323387754.cpp,ok,0,0,0,
gigel-si-sosetele,cpp,1323395904,gigel-si-sosetele/1323395904.cpp,ok,0,1,0,
gigel-si-sosetele,cpp,1323396071,gigel-si-sosetele/1323396071.cpp,ok,0,1,0,
gigel-si-sosetele,cpp,1323396324,gigel-si-sosetele/1323396324.cpp,ok,0,0,0,
gigel-si-sosetele,cpp,1323396411,gigel-si-sosetele/1323396411.cpp,ok,0,0,0,
gigel-si-sosetele,cpp,1323396483,gigel-si-sosetele/1323396483.cpp,ok,0,5,4,
gigel-si-sosetele,cpp,1323396908,gigel-si-sosetele/1323396908.cpp,ok,0,1,0,
gigel-si-sosetele,cpp,1323397061,gigel-si-sosetele/1323397061.cpp,ok,0,0,0,
gigel-si-sosetele,cpp,1323397219,gigel-si-sosetele/1323397219.cpp,ok,0,0,0,
gigel-si-sosetele,cpp,1323398391,gigel-si-sosetele/1323398391.cpp,ok,0,0,0,
gigel-si-sosetele,cpp,1323398414,gigel-si-sosetele/1323398414.cpp,ok,0,0,0,
gigel-si-sosetele,cpp,1323404622,gigel-si-sosetele/1323404622.cpp,ok,0,0,0,
gigel-si-sosetele,cpp,1323404630,gigel-si-sosetele/1323404630.cpp,ok,0,0,0,
gigel-si-sosetele,cpp,1323404669,gigel-si-sosetele/1323404669.cpp,ok,0,0,0,
gigel-si-sosetele,cpp,1323404695,gigel-si-sosetele/1323404695.cpp,ok,0,0,0,
gigel-si-sosetele,cpp,1323404706,gigel-si-sosetele/1323404706.cpp,ok,0,0,0,
gigel-si-sosetele,cpp,1323416433,gigel-si-sosetele/1323416433.cpp,ok,0,2,1,
gigel-si-sosetele,cpp,1323416546,gigel-si-sosetele/1323416546.cpp,ok,0,2,1,
gigel-si-sosetele,cpp,1323419218,gigel-si-sosetele/1323419218.cpp,ok,0,0,0,
gigel-si-sosetele,cpp,1323424062,gigel-si-sosetele/1323424062.cpp,ok,0,0,0,
gigel-si-sosetele,cpp,1323424426,gigel-si-sosetele/1323424426.cpp,ok,0,0,0,
gigel-si-sosetele,cpp,1323425285,gigel-si-sosetele/1323425285.cpp,ok,0,1,0,
gigel-si-sosetele,cpp,1323425291,gigel-si-sosetele/1323425291.cpp,ok,0,1,0,
gigel-si-sosetele,cpp,1323425375,gigel-si-sosetele/1323425375.cpp,ok,0,1,0,
gigel-si-sosetele,cpp,1323425542,gigel-si-sosetele/1323425542.cpp,ok,0,1,0,
gigel-si-sosetele,cpp,1323425727,gigel-si-sosetele/1323425727.cpp,ok,0,1,0,
gigel-si-sosetele,cpp,1323425745,gigel-si-sosetele/1323425745.cpp,ok,0,3,2,
gigel-si-sosetele,cpp,1323426049,gigel-si-sosetele/1323426049.cpp,ok,0,1,0,
gigel-si-sosetele,cpp,1323426107,gigel-si-sosetele/1323426107.cpp,ok,0,3,0,
gigel-si-sosetele,cpp,1323426173,gigel-si-sosetele/1323426173.cpp,ok,0,3,0,
gigel-si-sosetele,cpp,1323427716,gigel-si-sosetele/1323427716.cpp,ok,0,0,0,
gigel-si-sosetele,cpp,1323427826,gigel-si-sosetele/1323427826.cpp,ok,0,0,0,
gigel-si-sosetele,cpp,1323429339,gigel-si-sosetele/1323429339.cpp,ok,0,2,0,
gigel-si-sosetele,cpp,1323429624,gigel-si-sosetele/1323429624.cpp,ok,0,0,0,
gigel-si-sosetele,cpp,1323429696,gigel-si-sosetele/1323429696.cpp,ok,0,1,0,
gigel-si-sosetele,cpp,1323429770,gigel-si-sosetele/1323429770.cpp,ok,0,0,0,
gigel-si-sosetele,cpp,1323431394,gigel-si-sosetele/1323431394.cpp,ok,0,0,0,
gigel-si-sosetele,cpp,1323431565,gigel-si-sosetele/1323431565.cpp,ok,0,0,0,
gigel-si-sosetele,cpp,1323431738,gigel-si-sosetele/1323431738.cpp,ok,0,0,0,
gigel-si-sosetele,cpp,1323432380,gigel-si-sosetele/1323432380.cpp,ok,0,1,0,
gigel-si-sosetele,cpp,1323432402,gigel-si-sosetele/1323432402.cpp,ok,0,1,0,
gigel-si-sosetele,cpp,1323432458,gigel-si-sosetele/1323432458.cpp,ok,0,2,0,
gigel-si-sosetele,cpp,1323432469,gigel-si-sosetele/1323432469.cpp,ok,0,4,0,
gigel-si-sosetele,cpp,1323432509,gigel-si-sosetele/1323432509.cpp,ok,0,4,0,
gigel-si-sosetele,cpp,1323432719,gigel-si-sosetele/1323432719.cpp,ok,0,1,0,
gigel-si-sosetele,cpp,1323432768,gigel-si-sosetele/1323432768.cpp,ok,0,2,0,
gigel-si-sosetele,cpp,1323432892,gigel-si-sosetele/1323432892.cpp,ok,0,3,0,
gigel-si-sosetele,cpp,1323433002,gigel-si-sosetele/1323433002.cpp,ok,0,1,0,
gigel-si-sosetele,cpp,1323442426,gigel-si-sosetele/1323442426.cpp,ok,0,1,0,
gigel-si-sosetele,cpp,1323443115,gigel-si-sosetele/1323443115.cpp,ok,0,1,0,
gigel-si-sosetele,cpp,1323445012,gigel-si-sosetele/1323445012.cpp,ok,0,1,0,
gigel-si-sosetele,cpp,1323445293,gigel-si-sosetele/1323445293.cpp,ok,0,1,0,
gigel-si-sosetele,cpp,1323445311,gigel-si-sosetele/1323445311.cpp,ok,0,1,0,
gigel-si-sosetele,cpp,1323445461,gigel-si-sosetele/1323445461.cpp,ok,0,1,0,
gigel-si-sosetele,cpp,1323445516,gigel-si-sosetele/1323445516.cpp,ok,0,1,0,
gigel-si-sosetele,cpp,1323445602,gigel-si-sosetele/1323445602.cpp,ok,0,1,0,
gigel-si-sosetele,cpp,1323445876,gigel-si-sosetele/1323445876.cpp,ok,0,0,0,
gigel-si-sosetele,cpp,1323445954,gigel-si-sosetele/1323445954.cpp,ok,0,0,0,
gigel-si-sosetele,cpp,1323446057,gigel-si-sosetele/1323446057.cpp,ok,0,1,0,
gigel-si-sosetele,cpp,1323446183,gigel-si-sosetele/1323446183.cpp,ok,0,1,0,
gigel-si-sosetele,cpp,1323446525,gigel-si-sosetele/1323446525.cpp,ok,0,2,0,
gigel-si-sosetele,cpp,1323447161,gigel-si-sosetele/1323447161.cpp,ok,0,0,0,
gigel-si-sosetele,cpp,1323448060,gigel-si-sosetele/1323448060.cpp,ok,0,2,2,
gigel-si-sosetele,cpp,1323450283,gigel-si-sosetele/1323450283.cpp,ok,0,0,0,
gigel-si-sosetele,cpp,1323450365,gigel-si-sosetele/1323450365.cpp,ok,0,0,0,
gigel-si-sosetele,cpp,1323450383,gigel-si-sosetele/1323450383.cpp,ok,0,0,0,
gigel-si-sosetele,cpp,1323450418,gigel-si-sosetele/1323450418.cpp,ok,0,0,0,
gigel-si-sosetele,cpp,1323450668,gigel-si-sosetele/1323450668.cpp,ok,0,1,0,
gigel-si-sosetele,cpp,1323450930,gigel-si-sosetele/1323450930.cpp,ok,0,1,0,
gigel-si-sosetele,cpp,1323451075,gigel-si-sosetele/1323451075.cpp,ok,0,3,0,
gigel-si-sosetele,cpp,1323451207,gigel-si-sosetele/1323451207.cpp,ok,0,1,0,
gigel-si-sosetele,cpp,1323451267,gigel-si-sosetele/1323451267.cpp,ok,0,3,0,
gigel-si-sosetele,cpp,1323453095,gigel-si-sosetele/1323453095.cpp,ok,0,1,0,
gigel-si-sosetele,cpp,1323453183,gigel-si-sosetele/1323453183.cpp,ok,0,1,0,
gigel-si-sosetele,cpp,1323453945,gigel-si-sosetele/1323453945.cpp,ok,0,1,1,
gigel-si-sosetele,cpp,1323454076,gigel-si-sosetele/1323454076.cpp,ok,0,2,0,
gigel-si-sosetele,cpp,1323454197,gigel-si-sosetele/1323454197.cpp,ok,0,0,0,
gigel-si-sosetele,cpp,1323454375,gigel-si-sosetele/1323454375.cpp,ok,0,0,0,
gigel-si-sosetele,cpp,1323454555,gigel-si-sosetele/1323454555.cpp,ok,0,0,0,
gigel-si-sosetele,cpp,1323454579,gigel-si-sosetele/1323454579.cpp,ok,0,0,0,
gigel-si-sosetele,cpp,1323455597,gigel-si-sosetele/1323455597.cpp,ok,0,0,0,
gigel-si-sosetele,cpp,1323455614,gigel-si-sosetele/1323455614.cpp,ok,0,0,0,
gigel-si-sosetele,cpp,1323455629,gigel-si-sosetele/1323455629.cpp,ok,0,0,0,
gigel-si-sosetele,cpp,1323455652,gigel-si-sosetele/1323455652.cpp,ok,0,2,2,
gigel-si-sosetele,cpp,1323456221,gigel-si-sosetele/1323456221.cpp,ok,0,0,0,
gigel-si-sosetele,cpp,1323456410,gigel-si-sosetele/1323456410.cpp,ok,0,0,0,
gigel-si-sosetele,cpp,1323456813,gigel-si-sosetele/1323456813.cpp,ok,0,0,0,
gigel-si-sosetele,cpp,1324805310,gigel-si-sosetele/1324805310.cpp,ok,0,0,0,
gigel-si-sosetele,cpp,1331753200,gigel-si-sosetele/1331753200.cpp,ok,0,0,0,
gigel-si-sosetele,cpp,1331753599,gigel-si-sosetele/1331753599.cpp,ok,0,0,0,
gigel-si-sosetele,cpp,1331753790,gigel-si-sosetele/1331753790.cpp,ok,0,2,0,
gigel-si-sosetele,cpp,1331754276,gigel-si-sosetele/1331754276.cpp,ok,0,2,0,
gigel-si-sosetele,cpp,1331969349,gigel-si-sosetele/1331969349.cpp,ok,0,0,0,
gigel-si-sosetele,cpp,1331969448,gigel-si-sosetele/1331969448.cpp,ok,0,0,0,
gigel-si-sosetele,cpp,1331969485,gigel-si-sosetele/1331969485.cpp,ok,0,0,0,
gigel-si-sosetele,cpp,1332268095,gigel-si-sosetele/1332268095.cpp,ok,0,0,0,
gigel-si-sosetele,cpp,1332268130,gigel-si-sosetele/1332268130.cpp,ok,0,0,0,
gigel-si-sosetele,cpp,1332305438,gigel-si-sosetele/1332305438.cpp,ok,0,0,0,
gigel-si-sosetele,cpp,1332305654,gigel-si-sosetele/1332305654.cpp,ok,0,0,0,
gigel-si-sosetele,cpp,1332305841,gigel-si-sosetele/1332305841.cpp,ok,0,0,0,
gigel-si-sosetele,cpp,1332398626,gigel-si-sosetele/1332398626.cpp,ok,0,0,0,
gigel-si-sosetele,cpp,1332463460,gigel-si-sosetele/1332463460.cpp,ok,0,1,0,
gigel-si-sosetele,cpp,1332463492,gigel-si-sosetele/1332463492.cpp,ok,0,1,0,
gigel-si-sosetele,cpp,1332463504,gigel-si-sosetele/1332463504.cpp,ok,0,1,0,
gigel-si-sosetele,cpp,1332463544,gigel-si-sosetele/1332463544.cpp,ok,0,1,0,
gigel-si-sosetele,cpp,1332464030,gigel-si-sosetele/1332464030.cpp,ok,0,0,0,
gigel-si-sosetele,cpp,1332464046,gigel-si-sosetele/1332464046.cpp,ok,0,0,0,
gigel-si-sosetele,cpp,1332559507,gigel-si-sosetele/1332559507.cpp,ok,0,8,1,
gigel-si-sosetele,cpp,1332560420,gigel-si-sosetele/1332560420.cpp,ok,0,8,1,
gigel-si-sosetele,cpp,1332621189,gigel-si-sosetele/1332621189.cpp,ok,0,2,0,
gigel-si-sosetele,cpp,1332621209,gigel-si-sosetele/1332621209.cpp,ok,0,2,0,
gigel-si-sosetele,cpp,1332621257,gigel-si-sosetele/1332621257.cpp,ok,0,0,0,
gigel-si-sosetele,cpp,1332661923,gigel-si-sosetele/1332661923.cpp,ok,0,1,0,
gigel-si-sosetele,cpp,1332662105,gigel-si-sosetele/1332662105.cpp,ok,0,1,0,
gigel-si-sosetele,cpp,1332662199,gigel-si-sosetele/1332662199.cpp,ok,0,1,0,
gigel-si-sosetele,cpp,1332687031,gigel-si-sosetele/1332687031.cpp,ok,0,5,2,
gigel-si-sosetele,cpp,1332687364,gigel-si-sosetele/1332687364.cpp,ok,0,5,2,
gigel-si-sosetele,cpp,1332688398,gigel-si-sosetele/1332688398.cpp,ok,0,4,2,
gigel-si-sosetele,cpp,1332720142,gigel-si-sosetele/1332720142.cpp,ok,0,1,0,
gigel-si-sosetele,cpp,1332720143,gigel-si-sosetele/1332720143.cpp,ok,0,1,0,
gigel-si-sosetele,cpp,1332720191,gigel-si-sosetele/1332720191.cpp,ok,0,0,0,
gigel-si-sosetele,cpp,1332720196,gigel-si-sosetele/1332720196.cpp,ok,0,0,0,
gigel-si-sosetele,cpp,1332720203,gigel-si-sosetele/1332720203.cpp,ok,0,0,0,
gigel-si-sosetele,cpp,1332720232,gigel-si-sosetele/1332720232.cpp,ok,0,0,0,
gigel-si-sosetele,cpp,1332720240,gigel-si-sosetele/1332720240.cpp,ok,0,0,0,
gigel-si-sosetele,cpp,1332720799,gigel-si-sosetele/1332720799.cpp,ok,0,2,2,
gigel-si-sosetele,cpp,1332720878,gigel-si-sosetele/1332720878.cpp,ok,0,0,0,
gigel-si-sosetele,cpp,1332737782,gigel-si-sosetele/1332737782.cpp,ok,0,0,0,
gigel-si-sosetele,cpp,1332741622,gigel-si-sosetele/1332741622.cpp,ok,0,0,0,
gigel-si-sosetele,cpp,1332742505,gigel-si-sosetele/1332742505.cpp,ok,0,0,0,
gigel-si-sosetele,cpp,1332743014,gigel-si-sosetele/1332743014.cpp,ok,0,0,0,
gigel-si-sosetele,cpp,1332753477,gigel-si-sosetele/1332753477.cpp,ok,0,0,0,
gigel-si-sosetele,cpp,1332753731,gigel-si-sosetele/1332753731.cpp,ok,0,0,0,
gigel-si-sosetele,cpp,1332753909,gigel-si-sosetele/1332753909.cpp,ok,0,1,0,
gigel-si-sosetele,cpp,1332754031,gigel-si-sosetele/1332754031.cpp,ok,0,0,0,
gigel-si-sosetele,cpp,1332754033,gigel-si-sosetele/1332754033.cpp,ok,0,1,0,
gigel-si-sosetele,cpp,1332754055,gigel-si-sosetele/1332754055.cpp,ok,0,0,0,
gigel-si-sosetele,cpp,1332754077,gigel-si-sosetele/1332754077.cpp,ok,0,1,0,
gigel-si-sosetele,cpp,1332754138,gigel-si-sosetele/1332754138.cpp,ok,0,0,0,
gigel-si-sosetele,cpp,1332754143,gigel-si-sosetele/1332754143.cpp,ok,0,0,0,
gigel-si-sosetele,cpp,1332754215,gigel-si-sosetele/1332754215.cpp,ok,0,0,0,
gigel-si-sosetele,cpp,1332754219,gigel-si-sosetele/1332754219.cpp,ok,0,0,0,
gigel-si-sosetele,cpp,1332756993,gigel-si-sosetele/1332756993.cpp,ok,0,1,0,
gigel-si-sosetele,cpp,1332758410,gigel-si-sosetele/1332758410.cpp,ok,0,3,0,
gigel-si-sosetele,cpp,1332759350,gigel-si-sosetele/1332759350.cpp,ok,0,2,0,
gigel-si-sosetele,cpp,1332759566,gigel-si-sosetele/1332759566.cpp,ok,0,0,0,
gigel-si-sosetele,cpp,1332759647,gigel-si-sosetele/1332759647.cpp,ok,0,0,0,
gigel-si-sosetele,cpp,1332759739,gigel-si-sosetele/1332759739.cpp,ok,0,0,0,
gigel-si-sosetele,cpp,1332760219,gigel-si-sosetele/1332760219.cpp,ok,0,0,0,
gigel-si-sosetele,cpp,1332760301,gigel-si-sosetele/1332760301.cpp,ok,0,0,0,
gigel-si-sosetele,cpp,1332760380,gigel-si-sosetele/1332760380.cpp,ok,0,0,0,
gigel-si-sosetele,cpp,1332760394,gigel-si-sosetele/1332760394.cpp,ok,0,0,0,
gigel-si-sosetele,cpp,1332760448,gigel-si-sosetele/1332760448.cpp,ok,0,0,0,
gigel-si-sosetele,cpp,1332760469,gigel-si-sosetele/1332760469.cpp,ok,0,0,0,
gigel-si-sosetele,cpp,1332760482,gigel-si-sosetele/1332760482.cpp,ok,0,0,0,
gigel-si-sosetele,cpp,1332762650,gigel-si-sosetele/1332762650.cpp,ok,0,4,0,
gigel-si-sosetele,cpp,1332762884,gigel-si-sosetele/1332762884.cpp,ok,0,0,0,
gigel-si-sosetele,cpp,1332764148,gigel-si-sosetele/1332764148.cpp,ok,0,1,0,
gigel-si-sosetele,cpp,1332764190,gigel-si-sosetele/1332764190.cpp,ok,0,1,0,
gigel-si-sosetele,cpp,1332764703,gigel-si-sosetele/1332764703.cpp,ok,0,2,2,
gigel-si-sosetele,cpp,1342819587,gigel-si-sosetele/1342819587.cpp,ok,0,2,2,
gigel-si-sosetele,cpp,1344330405,gigel-si-sosetele/1344330405.cpp,ok,0,0,0,
gigel-si-sosetele,cpp,1344432119,gigel-si-sosetele/1344432119.cpp,ok,0,2,0,
gigel-si-sosetele,cpp,1344432139,gigel-si-sosetele/1344432139.cpp,ok,0,2,0,
gigel-si-sosetele,cpp,1344527988,gigel-si-sosetele/1344527988.cpp,ok,0,0,0,
gigel-si-sosetele,cpp,1344569077,gigel-si-sosetele/1344569077.cpp,ok,0,0,0,
gigel-si-sosetele,cpp,1344569110,gigel-si-sosetele/1344569110.cpp,ok,0,0,0,
gigel-si-sosetele,cpp,1344569945,gigel-si-sosetele/1344569945.cpp,ok,0,0,0,
gigel-si-sosetele,cpp,1344570632,gigel-si-sosetele/1344570632.cpp,ok,0,5,4,
gigel-si-sosetele,cpp,1344570817,gigel-si-sosetele/1344570817.cpp,ok,0,5,4,
gigel-si-sosetele,cpp,1344570876,gigel-si-sosetele/1344570876.cpp,ok,0,5,4,
gigel-si-sosetele,cpp,1344588020,gigel-si-sosetele/1344588020.cpp,ok,0,0,0,
gigel-si-sosetele,cpp,1344588479,gigel-si-sosetele/1344588479.cpp,ok,0,0,0,
gigel-si-sosetele,cpp,1344588819,gigel-si-sosetele/1344588819.cpp,ok,0,2,2,
gigel-si-sosetele,cpp,1344610325,gigel-si-sosetele/1344610325.cpp,ok,0,0,0,
gigel-si-sosetele,cpp,1344619920,gigel-si-sosetele/1344619920.cpp,ok,0,2,0,
gigel-si-sosetele,cpp,1344620005,gigel-si-sosetele/1344620005.cpp,ok,0,2,0,
gigel-si-sosetele,cpp,1344622176,gigel-si-sosetele/1344622176.cpp,ok,0,1,1,
gigel-si-sosetele,cpp,1344622264,gigel-si-sosetele/1344622264.cpp,ok,0,0,0,
gigel-si-sosetele,cpp,1344626070,gigel-si-sosetele/1344626070.cpp,ok,0,0,0,
gigel-si-sosetele,cpp,1344626398,gigel-si-sosetele/1344626398.cpp,ok,0,0,0,
gigel-si-sosetele,cpp,1344626508,gigel-si-sosetele/1344626508.cpp,ok,0,0,0,
gigel-si-sosetele,cpp,1344629507,gigel-si-sosetele/1344629507.cpp,ok,0,4,1,
gigel-si-sosetele,cpp,1344629769,gigel-si-sosetele/1344629769.cpp,ok,0,4,1,
gigel-si-sosetele,cpp,1344633732,gigel-si-sosetele/1344633732.cpp,ok,0,0,0,
gigel-si-sosetele,cpp,1344633876,gigel-si-sosetele/1344633876.cpp,ok,0,4,0,
gigel-si-sosetele,cpp,1344634312,gigel-si-sosetele/1344634312.cpp,ok,0,4,4,
gigel-si-sosetele,cpp,1344634318,gigel-si-sosetele/1344634318.cpp,ok,0,2,0,
gigel-si-sosetele,cpp,1344636568,gigel-si-sosetele/1344636568.cpp,ok,0,1,0,
gigel-si-sosetele,cpp,1344636797,gigel-si-sosetele/1344636797.cpp,ok,0,0,0,
gigel-si-sosetele,cpp,1344637254,gigel-si-sosetele/1344637254.cpp,ok,0,0,0,
gigel-si-sosetele,cpp,1344637359,gigel-si-sosetele/1344637359.cpp,ok,0,0,0,
gigel-si-sosetele,cpp,1344637576,gigel-si-sosetele/1344637576.cpp,ok,0,4,3,
gigel-si-sosetele,cpp,1344637656,gigel-si-sosetele/1344637656.cpp,ok,0,1,0,
gigel-si-sosetele,cpp,1344637715,gigel-si-sosetele/1344637715.cpp,ok,0,2,2,
gigel-si-sosetele,cpp,1344638092,gigel-si-sosetele/1344638092.cpp,ok,0,0,0,
gigel-si-sosetele,cpp,1344697928,gigel-si-sosetele/1344697928.cpp,ok,0,0,0,
gigel-si-sosetele,cpp,1344697950,gigel-si-sosetele/1344697950.cpp,ok,0,1,0,
gigel-si-sosetele,cpp,1344697955,gigel-si-sosetele/1344697955.cpp,ok,0,0,0,
gigel-si-sosetele,cpp,1344707760,gigel-si-sosetele/1344707760.cpp,ok,0,2,1,
gigel-si-sosetele,cpp,1344708005,gigel-si-sosetele/1344708005.cpp,ok,0,1,1,
gigel-si-sosetele,cpp,1344708332,gigel-si-sosetele/1344708332.cpp,ok,0,1,1,
gigel-si-sosetele,cpp,1344709706,gigel-si-sosetele/1344709706.cpp,ok,0,1,1,
gigel-si-sosetele,cpp,1344729655,gigel-si-sosetele/1344729655.cpp,ok,0,1,0,
gigel-si-sosetele,cpp,1344729683,gigel-si-sosetele/1344729683.cpp,ok,0,1,0,
gigel-si-sosetele,cpp,1359946327,gigel-si-sosetele/1359946327.cpp,ok,0,0,0,
gigel-si-sosetele,cpp,1361335252,gigel-si-sosetele/1361335252.cpp,ok,0,1,0,
gigel-si-sosetele,cpp,1361335270,gigel-si-sosetele/1361335270.cpp,ok,0,0,0,
gigel-si-sosetele,cpp,1361359836,gigel-si-sosetele/1361359836.cpp,ok,0,0,0,
gigel-si-sosetele,cpp,1361359845,gigel-si-sosetele/1361359845.cpp,ok,0,0,0,
gigel-si-sosetele,cpp,1361579891,gigel-si-sosetele/1361579891.cpp,ok,0,0,0,
gigel-si-sosetele,cpp,1361579967,gigel-si-sosetele/1361579967.cpp,ok,0,0,0,
gigel-si-sosetele,cpp,1361581027,gigel-si-sosetele/1361581027.cpp,ok,0,0,0,
gigel-si-sosetele,cpp,1361581572,gigel-si-sosetele/1361581572.cpp,ok,0,0,0,
gigel-si-sosetele,cpp,1361582011,gigel-si-sosetele/1361582011.cpp,ok,0,0,0,
gigel-si-sosetele,cpp,1361582042,gigel-si-sosetele/1361582042.cpp,ok,0,0,0,
gigel-si-sosetele,cpp,1361582261,gigel-si-sosetele/1361582261.cpp,ok,0,0,0,
gigel-si-sosetele,cpp,1361592884,gigel-si-sosetele/1361592884.cpp,ok,0,0,0,
gigel-si-sosetele,cpp,1361592965,gigel-si-sosetele/1361592965.cpp,ok,0,0,0,
gigel-si-sosetele,cpp,1361601064,gigel-si-sosetele/1361601064.cpp,ok,0,0,0,
gigel-si-sosetele,cpp,1361601083,gigel-si-sosetele/1361601083.cpp,ok,0,0,0,
gigel-si-sosetele,cpp,1361672403,gigel-si-sosetele/1361672403.cpp,ok,0,0,0,
gigel-si-sosetele,cpp,1361673294,gigel-si-sosetele/1361673294.cpp,ok,0,0,0,
gigel-si-sosetele,cpp,1361673333,gigel-si-sosetele/1361673333.cpp,ok,0,0,0,
gigel-si-sosetele,cpp,1361674238,gigel-si-sosetele/1361674238.cpp,ok,0,2,0,
gigel-si-sosetele,cpp,1361674642,gigel-si-sosetele/1361674642.cpp,ok,0,0,0,
gigel-si-sosetele,cpp,1361688993,gigel-si-sosetele/1361688993.cpp,ok,0,1,0,
gigel-si-sosetele,cpp,1361689613,gigel-si-sosetele/1361689613.cpp,ok,0,0,0,
gigel-si-sosetele,cpp,1361734461,gigel-si-sosetele/1361734461.cpp,ok,0,0,0,
gigel-si-sosetele,cpp,1361756395,gigel-si-sosetele/1361756395.cpp,ok,0,0,0,
gigel-si-sosetele,cpp,1361764067,gigel-si-sosetele/1361764067.cpp,ok,0,0,0,
gigel-si-sosetele,cpp,1361776441,gigel-si-sosetele/1361776441.cpp,ok,0,0,0,
gigel-si-sosetele,cpp,1361812337,gigel-si-sosetele/1361812337.cpp,ok,0,2,0,
gigel-si-sosetele,cpp,1361902594,gigel-si-sosetele/1361902594.cpp,ok,0,0,0,
gigel-si-sosetele,cpp,1361902902,gigel-si-sosetele/1361902902.cpp,ok,0,0,0,
gigel-si-sosetele,cpp,1361902947,gigel-si-sosetele/1361902947.cpp,ok,0,0,0,
gigel-si-sosetele,cpp,1361903381,gigel-si-sosetele/1361903381.cpp,ok,0,0,0,
gigel-si-sosetele,cpp,1361905924,gigel-si-sosetele/1361905924.cpp,ok,0,0,0,
gigel-si-sosetele,cpp,1361905950,gigel-si-sosetele/1361905950.cpp,ok,0,1,1,
gigel-si-sosetele,cpp,1361905953,gigel-si-sosetele/1361905953.cpp,ok,0,0,0,
gigel-si-sosetele,cpp,1361905956,gigel-si-sosetele/1361905956.cpp,ok,0,1,1,
gigel-si-sosetele,cpp,1370606684,gigel-si-sosetele/1370606684.cpp,ok,0,0,0,
gigel-si-sosetele,cpp,1378033975,gigel-si-sosetele/1378033975.cpp,ok,0,0,0,
gigel-si-sosetele,cpp,1378034125,gigel-si-sosetele/1378034125.cpp,ok,0,0,0,
gigel-si-sosetele,cpp,1378077612,gigel-si-sosetele/1378077612.cpp,ok,0,5,1,
gigel-si-sosetele,cpp,1378079806,gigel-si-sosetele/1378079806.cpp,ok,0,0,0,
gigel-si-sosetele,cpp,1378080626,gigel-si-sosetele/1378080626.cpp,ok,0,0,0,
gigel-si-sosetele,cpp,1378082721,gigel-si-sosetele/1378082721.cpp,ok,0,2,0,
gigel-si-sosetele,cpp,1378082828,gigel-si-sosetele/1378082828.cpp,ok,0,2,0,
gigel-si-sosetele,cpp,1378092780,gigel-si-sosetele/1378092780.cpp,ok,0,0,0,
gigel-si-sosetele,cpp,1378092828,gigel-si-sosetele/1378092828.cpp,ok,0,0,0,
gigel-si-sosetele,cpp,1378119244,gigel-si-sosetele/1378119244.cpp,ok,0,1,0,
gigel-si-sosetele,cpp,1378119280,gigel-si-sosetele/1378119280.cpp,ok,0,1,0,
gigel-si-sosetele,cpp,1378119320,gigel-si-sosetele/1378119320.cpp,ok,0,1,0,
gigel-si-sosetele,cpp,1378119416,gigel-si-sosetele/1378119416.cpp,ok,0,4,0,
gigel-si-sosetele,cpp,1378119616,gigel-si-sosetele/1378119616.cpp,ok,0,2,0,
gigel-si-sosetele,cpp,1378119648,gigel-si-sosetele/1378119648.cpp,ok,0,0,0,
gigel-si-sosetele,c,1378120206,gigel-si-sosetele/1378120206.c,ok,0,10,0,
gigel-si-sosetele,c,1378120217,gigel-si-sosetele/1378120217.c,ok,0,10,0,
gigel-si-sosetele,c,1378120230,gigel-si-sosetele/1378120230.c,ok,0,10,0,
gigel-si-sosetele,c,1378120263,gigel-si-sosetele/1378120263.c,ok,0,6,0,
gigel-si-sosetele,c,1378120278,gigel-si-sosetele/1378120278.c,ok,0,7,0,
gigel-si-sosetele,c,1378120284,gigel-si-sosetele/1378120284.c,ok,0,7,0,
gigel-si-sosetele,cpp,1378137577,gigel-si-sosetele/1378137577.cpp,ok,0,0,0,
gigel-si-sosetele,cpp,1378137803,gigel-si-sosetele/1378137803.cpp,ok,0,0,0,
gigel-si-sosetele,cpp,1378144132,gigel-si-sosetele/1378144132.cpp,ok,0,0,0,
gigel-si-sosetele,cpp,1378144359,gigel-si-sosetele/1378144359.cpp,ok,0,0,0,
gigel-si-sosetele,cpp,1378144963,gigel-si-sosetele/1378144963.cpp,ok,0,4,4,
gigel-si-sosetele,cpp,1378145138,gigel-si-sosetele/1378145138.cpp,ok,0,4,4,
gigel-si-sosetele,cpp,1378154740,gigel-si-sosetele/1378154740.cpp,ok,0,0,0,
gigel-si-sosetele,cpp,1378154810,gigel-si-sosetele/1378154810.cpp,ok,0,0,0,
gigel-si-sosetele,cpp,1378158403,gigel-si-sosetele/1378158403.cpp,ok,0,5,3,
gigel-si-sosetele,cpp,1378158476,gigel-si-sosetele/1378158476.cpp,ok,0,3,3,
gigel-si-sosetele,cpp,1378159506,gigel-si-sosetele/1378159506.cpp,ok,0,1,0,
gigel-si-sosetele,cpp,1378159512,gigel-si-sosetele/1378159512.cpp,ok,0,0,0,
gigel-si-sosetele,cpp,1378159516,gigel-si-sosetele/1378159516.cpp,ok,0,0,0,
gigel-si-sosetele,cpp,1378159541,gigel-si-sosetele/1378159541.cpp,ok,0,6,0,
gigel-si-sosetele,cpp,1378159603,gigel-si-sosetele/1378159603.cpp,ok,0,3,2,
gigel-si-sosetele,cpp,1378159617,gigel-si-sosetele/1378159617.cpp,ok,0,3,2,
gigel-si-sosetele,cpp,1378159627,gigel-si-sosetele/1378159627.cpp,ok,0,2,2,
gigel-si-sosetele,cpp,1378159636,gigel-si-sosetele/1378159636.cpp,ok,0,0,0,
gigel-si-sosetele,cpp,1378159654,gigel-si-sosetele/1378159654.cpp,ok,0,0,0,
gigel-si-sosetele,cpp,1378159661,gigel-si-sosetele/1378159661.cpp,ok,0,3,2,
gigel-si-sosetele,cpp,1378159675,gigel-si-sosetele/1378159675.cpp,ok,0,3,2,
gigel-si-sosetele,cpp,1378159687,gigel-si-sosetele/1378159687.cpp,ok,0,0,0,
gigel-si-sosetele,cpp,1378159750,gigel-si-sosetele/1378159750.cpp,ok,0,2,1,
gigel-si-sosetele,cpp,1378160221,gigel-si-sosetele/1378160221.cpp,ok,0,2,0,
gigel-si-sosetele,cpp,1391614215,gigel-si-sosetele/1391614215.cpp,ok,0,0,0,
gigel-si-sosetele,cpp,1391770686,gigel-si-sosetele/1391770686.cpp,ok,0,0,0,
gigel-si-sosetele,cpp,1391770795,gigel-si-sosetele/1391770795.cpp,ok,0,2,1,
gigel-si-sosetele,cpp,1391770822,gigel-si-sosetele/1391770822.cpp,ok,0,1,1,
gigel-si-sosetele,cpp,1391770860,gigel-si-sosetele/1391770860.cpp,ok,0,0,0,
gigel-si-sosetele,cpp,1391770949,gigel-si-sosetele/1391770949.cpp,ok,0,0,0,
gigel-si-sosetele,cpp,1391779633,gigel-si-sosetele/1391779633.cpp,ok,0,0,0,
gigel-si-sosetele,cpp,1391779648,gigel-si-sosetele/1391779648.cpp,ok,0,0,0,
gigel-si-sosetele,cpp,1391779651,gigel-si-sosetele/1391779651.cpp,ok,0,0,0,
gigel-si-sosetele,cpp,1391802495,gigel-si-sosetele/1391802495.cpp,ok,0,0,0,
gigel-si-sosetele,cpp,1391802516,gigel-si-sosetele/1391802516.cpp,ok,0,0,0,
gigel-si-sosetele,cpp,1391834991,gigel-si-sosetele/1391834991.cpp,ok,0,0,0,
gigel-si-sosetele,cpp,1391856938,gigel-si-sosetele/1391856938.cpp,ok,0,0,0,
gigel-si-sosetele,cpp,1391862748,gigel-si-sosetele/1391862748.cpp,ok,0,0,0,
gigel-si-sosetele,cpp,1391862854,gigel-si-sosetele/1391862854.cpp,ok,0,0,0,
gigel-si-sosetele,cpp,1391862911,gigel-si-sosetele/1391862911.cpp,ok,0,0,0,
gigel-si-sosetele,cpp,1391863014,gigel-si-sosetele/1391863014.cpp,ok,0,0,0,
gigel-si-sosetele,cpp,1391863046,gigel-si-sosetele/1391863046.cpp,ok,0,0,0,
gigel-si-sosetele,cpp,1391863207,gigel-si-sosetele/1391863207.cpp,ok,0,0,0,
gigel-si-sosetele,cpp,1391863243,gigel-si-sosetele/1391863243.cpp,ok,0,1,1,
gigel-si-sosetele,cpp,1391863245,gigel-si-sosetele/1391863245.cpp,ok,0,1,1,
gigel-si-sosetele,cpp,1391863275,gigel-si-sosetele/1391863275.cpp,ok,0,0,0,
gigel-si-sosetele,cpp,1391863413,gigel-si-sosetele/1391863413.cpp,ok,0,0,0,
gigel-si-sosetele,cpp,1391863458,gigel-si-sosetele/1391863458.cpp,ok,0,1,0,
gigel-si-sosetele,cpp,1391900242,gigel-si-sosetele/1391900242.cpp,ok,0,0,0,
gigel-si-sosetele,cpp,1391901507,gigel-si-sosetele/1391901507.cpp,ok,0,2,0,
gigel-si-sosetele,cpp,1391901542,gigel-si-sosetele/1391901542.cpp,ok,0,2,0,
gigel-si-sosetele,cpp,1391901583,gigel-si-sosetele/1391901583.cpp,ok,0,0,0,
gigel-si-sosetele,cpp,1391906763,gigel-si-sosetele/1391906763.cpp,ok,0,0,0,
gigel-si-sosetele,cpp,1391906829,gigel-si-sosetele/1391906829.cpp,ok,0,0,0,
gigel-si-sosetele,cpp,1391926624,gigel-si-sosetele/1391926624.cpp,ok,0,2,0,
gigel-si-sosetele,cpp,1391926940,gigel-si-sosetele/1391926940.cpp,ok,0,2,0,
gigel-si-sosetele,cpp,1391927106,gigel-si-sosetele/1391927106.cpp,ok,0,2,0,
gigel-si-sosetele,cpp,1391927276,gigel-si-sosetele/1391927276.cpp,ok,0,2,0,
gigel-si-sosetele,cpp,1391927314,gigel-si-sosetele/1391927314.cpp,ok,0,2,0,
gigel-si-sosetele,cpp,1391927371,gigel-si-sosetele/1391927371.cpp,ok,0,2,0,
gigel-si-sosetele,cpp,1391927542,gigel-si-sosetele/1391927542.cpp,ok,0,0,0,
gigel-si-sosetele,cpp,1391927653,gigel-si-sosetele/1391927653.cpp,ok,0,0,0,
gigel-si-sosetele,cpp,1391927824,gigel-si-sosetele/1391927824.cpp,ok,0,0,0,
gigel-si-sosetele,cpp,1391928164,gigel-si-sosetele/1391928164.cpp,ok,0,0,0,
gigel-si-sosetele,cpp,1391935940,gigel-si-sosetele/1391935940.cpp,ok,0,0,0,
gigel-si-sosetele,cpp,1391935969,gigel-si-sosetele/1391935969.cpp,ok,0,0,0,
gigel-si-sosetele,cpp,1391942554,gigel-si-sosetele/1391942554.cpp,ok,0,0,0,
gigel-si-sosetele,cpp,1391942571,gigel-si-sosetele/1391942571.cpp,ok,0,0,0,
gigel-si-sosetele,cpp,1391942586,gigel-si-sosetele/1391942586.cpp,ok,0,0,0,
gigel-si-sosetele,cpp,1391968155,gigel-si-sosetele/1391968155.cpp,ok,0,0,0,
gigel-si-sosetele,cpp,1408530308,gigel-si-sosetele/1408530308.cpp,ok,0,0,0,
gigel-si-telefonul,cpp,1314215227,gigel-si-telefonul/1314215227.cpp,ok,0,0,0,
gigel-si-telefonul,cpp,1314215252,gigel-si-telefonul/1314215252.cpp,ok,0,0,0,
gigel-si-telefonul,cpp,1314224063,gigel-si-telefonul/1314224063.cpp,ok,0,0,0,
gigel-si-telefonul,cpp,1314224415,gigel-si-telefonul/1314224415.cpp,ok,0,0,0,
gigel-si-telefonul,cpp,1314225955,gigel-si-telefonul/1314225955.cpp,ok,0,0,0,
gigel-si-telefonul,cpp,1314235184,gigel-si-telefonul/1314235184.cpp,ok,0,1,0,
gigel-si-telefonul,cpp,1314235836,gigel-si-telefonul/1314235836.cpp,ok,0,0,0,
gigel-si-telefonul,cpp,1314235912,gigel-si-telefonul/1314235912.cpp,ok,0,0,0,
gigel-si-telefonul,cpp,1314235933,gigel-si-telefonul/1314235933.cpp,ok,0,0,0,
gigel-si-telefonul,cpp,1314235971,gigel-si-telefonul/1314235971.cpp,ok,0,4,0,
gigel-si-telefonul,cpp,1314236007,gigel-si-telefonul/1314236007.cpp,ok,0,0,0,
gigel-si-telefonul,cpp,1314236025,gigel-si-telefonul/1314236025.cpp,ok,0,0,0,
gigel-si-telefonul,cpp,1314236062,gigel-si-telefonul/1314236062.cpp,ok,0,0,0,
gigel-si-telefonul,cpp,1314236081,gigel-si-telefonul/1314236081.cpp,ok,0,0,0,
gigel-si-telefonul,cpp,1314236106,gigel-si-telefonul/1314236106.cpp,ok,0,4,0,
gigel-si-telefonul,cpp,1314236469,gigel-si-telefonul/1314236469.cpp,ok,0,1,0,
gigel-si-telefonul,cpp,1314236594,gigel-si-telefonul/1314236594.cpp,ok,0,5,0,
gigel-si-telefonul,cpp,1314236735,gigel-si-telefonul/1314236735.cpp,ok,0,5,1,
gigel-si-telefonul,cpp,1314236840,gigel-si-telefonul/1314236840.cpp,ok,0,1,0,
gigel-si-telefonul,cpp,1314236861,gigel-si-telefonul/1314236861.cpp,ok,0,5,1,
gigel-si-telefonul,cpp,1314236932,gigel-si-telefonul/1314236932.cpp,ok,0,0,0,
gigel-si-telefonul,cpp,1314236944,gigel-si-telefonul/1314236944.cpp,ok,0,4,1,
gigel-si-telefonul,cpp,1314237044,gigel-si-telefonul/1314237044.cpp,ok,0,0,0,
gigel-si-telefonul,cpp,1314237061,gigel-si-telefonul/1314237061.cpp,ok,0,0,0,
gigel-si-telefonul,cpp,1314237066,gigel-si-telefonul/1314237066.cpp,ok,0,4,0,
gigel-si-telefonul,cpp,1314237068,gigel-si-telefonul/1314237068.cpp,ok,0,2,0,
gigel-si-telefonul,cpp,1314237108,gigel-si-telefonul/1314237108.cpp,ok,0,0,0,
gigel-si-telefonul,cpp,1314237206,gigel-si-telefonul/1314237206.cpp,ok,0,5,0,
gigel-si-telefonul,cpp,1314237355,gigel-si-telefonul/1314237355.cpp,ok,0,1,0,
gigel-si-telefonul,cpp,1314237405,gigel-si-telefonul/1314237405.cpp,ok,0,1,0,
gigel-si-telefonul,cpp,1314237410,gigel-si-telefonul/1314237410.cpp,ok,0,1,0,
gigel-si-telefonul,cpp,1314237460,gigel-si-telefonul/1314237460.cpp,ok,0,1,0,
gigel-si-telefonul,cpp,1314237519,gigel-si-telefonul/1314237519.cpp,ok,0,0,0,
gigel-si-telefonul,cpp,1314237596,gigel-si-telefonul/1314237596.cpp,ok,0,4,0,
gigel-si-telefonul,cpp,1314237768,gigel-si-telefonul/1314237768.cpp,ok,0,0,0,
gigel-si-telefonul,cpp,1323386252,gigel-si-telefonul/1323386252.cpp,ok,0,0,0,
gigel-si-telefonul,cpp,1323386334,gigel-si-telefonul/1323386334.cpp,ok,0,0,0,
gigel-si-telefonul,cpp,1323386957,gigel-si-telefonul/1323386957.cpp,ok,0,0,0,
gigel-si-telefonul,cpp,1323387233,gigel-si-telefonul/1323387233.cpp,ok,0,0,0,
gigel-si-telefonul,cpp,1323400261,gigel-si-telefonul/1323400261.cpp,ok,0,0,0,
gigel-si-telefonul,cpp,1323403394,gigel-si-telefonul/1323403394.cpp,ok,0,0,0,
gigel-si-telefonul,cpp,1323403431,gigel-si-telefonul/1323403431.cpp,ok,0,0,0,
gigel-si-telefonul,cpp,1323404867,gigel-si-telefonul/1323404867.cpp,ok,0,0,0,
gigel-si-telefonul,cpp,1323405258,gigel-si-telefonul/1323405258.cpp,ok,0,0,0,
gigel-si-telefonul,cpp,1323405388,gigel-si-telefonul/1323405388.cpp,ok,0,0,0,
gigel-si-telefonul,cpp,1323405414,gigel-si-telefonul/1323405414.cpp,ok,0,0,0,
gigel-si-telefonul,cpp,1323426935,gigel-si-telefonul/1323426935.cpp,ok,0,0,0,
gigel-si-telefonul,cpp,1323427109,gigel-si-telefonul/1323427109.cpp,ok,0,0,0,
gigel-si-telefonul,cpp,1323427238,gigel-si-telefonul/1323427238.cpp,ok,0,4,0,
gigel-si-telefonul,cpp,1323427658,gigel-si-telefonul/1323427658.cpp,ok,0,5,1,
gigel-si-telefonul,cpp,1323427765,gigel-si-telefonul/1323427765.cpp,ok,0,0,0,
gigel-si-telefonul,cpp,1323427915,gigel-si-telefonul/1323427915.cpp,ok,0,0,0,
gigel-si-telefonul,cpp,1323427973,gigel-si-telefonul/1323427973.cpp,ok,0,0,0,
gigel-si-telefonul,cpp,1323429754,gigel-si-telefonul/1323429754.cpp,ok,0,0,0,
gigel-si-telefonul,cpp,1323429910,gigel-si-telefonul/1323429910.cpp,ok,0,0,0,
gigel-si-telefonul,cpp,1323429935,gigel-si-telefonul/1323429935.cpp,ok,0,0,0,
gigel-si-telefonul,cpp,1323432332,gigel-si-telefonul/1323432332.cpp,ok,0,4,0,
gigel-si-telefonul,cpp,1323432379,gigel-si-telefonul/1323432379.cpp,ok,0,6,2,
gigel-si-telefonul,cpp,1323432495,gigel-si-telefonul/1323432495.cpp,ok,0,6,2,
gigel-si-telefonul,cpp,1323432586,gigel-si-telefonul/1323432586.cpp,ok,0,5,1,
gigel-si-telefonul,cpp,1323432645,gigel-si-telefonul/1323432645.cpp,ok,0,4,0,
gigel-si-telefonul,cpp,1323432665,gigel-si-telefonul/1323432665.cpp,ok,0,4,0,
gigel-si-telefonul,cpp,1323432709,gigel-si-telefonul/1323432709.cpp,ok,0,4,0,
gigel-si-telefonul,cpp,1323445893,gigel-si-telefonul/1323445893.cpp,ok,0,0,0,
gigel-si-telefonul,cpp,1323446269,gigel-si-telefonul/1323446269.cpp,ok,0,0,0,
gigel-si-telefonul,cpp,1323446283,gigel-si-telefonul/1323446283.cpp,ok,0,2,0,
gigel-si-telefonul,cpp,1323446304,gigel-si-telefonul/1323446304.cpp,ok,0,2,0,
gigel-si-telefonul,cpp,1323454954,gigel-si-telefonul/1323454954.cpp,ok,0,0,0,
gigel-si-telefonul,cpp,1323455040,gigel-si-telefonul/1323455040.cpp,ok,0,0,0,
gigel-si-telefonul,cpp,1323455449,gigel-si-telefonul/1323455449.cpp,ok,0,0,0,
gigel-si-telefonul,cpp,1323455455,gigel-si-telefonul/1323455455.cpp,ok,0,0,0,
gigel-si-telefonul,cpp,1323455462,gigel-si-telefonul/1323455462.cpp,ok,0,0,0,
gigel-si-telefonul,cpp,1323455682,gigel-si-telefonul/1323455682.cpp,ok,0,1,0,
gigel-si-telefonul,cpp,1323455841,gigel-si-telefonul/1323455841.cpp,ok,0,0,0,
gigel-si-telefonul,cpp,1323455889,gigel-si-telefonul/1323455889.cpp,ok,0,0,0,
gigel-si-telefonul,cpp,1323456041,gigel-si-telefonul/1323456041.cpp,ok,0,0,0,
gigel-si-telefonul,cpp,1323456140,gigel-si-telefonul/1323456140.cpp,ok,0,0,0,
gigel-si-telefonul,cpp,1331760663,gigel-si-telefonul/1331760663.cpp,ok,0,0,0,
gigel-si-telefonul,cpp,1331760896,gigel-si-telefonul/1331760896.cpp,ok,0,0,0,
gigel-si-telefonul,cpp,1331760951,gigel-si-telefonul/1331760951.cpp,ok,0,0,0,
gigel-si-telefonul,cpp,1331964903,gigel-si-telefonul/1331964903.cpp,ok,0,0,0,
gigel-si-telefonul,cpp,1331965339,gigel-si-telefonul/1331965339.cpp,ok,0,0,0,
gigel-si-telefonul,cpp,1331965868,gigel-si-telefonul/1331965868.cpp,ok,0,1,0,
gigel-si-telefonul,cpp,1331966085,gigel-si-telefonul/1331966085.cpp,ok,0,1,0,
gigel-si-telefonul,cpp,1332180233,gigel-si-telefonul/1332180233.cpp,ok,0,2,1,
gigel-si-telefonul,cpp,1332180294,gigel-si-telefonul/1332180294.cpp,ok,0,2,1,
gigel-si-telefonul,cpp,1332180897,gigel-si-telefonul/1332180897.cpp,ok,0,2,1,
gigel-si-telefonul,cpp,1332180910,gigel-si-telefonul/1332180910.cpp,ok,0,2,1,
gigel-si-telefonul,cpp,1332183204,gigel-si-telefonul/1332183204.cpp,ok,0,1,0,
gigel-si-telefonul,cpp,1332203404,gigel-si-telefonul/1332203404.cpp,ok,0,4,0,
gigel-si-telefonul,cpp,1332203430,gigel-si-telefonul/1332203430.cpp,ok,0,1,0,
gigel-si-telefonul,cpp,1332399715,gigel-si-telefonul/1332399715.cpp,ok,0,0,0,
gigel-si-telefonul,cpp,1332581141,gigel-si-telefonul/1332581141.cpp,ok,0,6,1,
gigel-si-telefonul,cpp,1332621520,gigel-si-telefonul/1332621520.cpp,ok,0,0,0,
gigel-si-telefonul,cpp,1332720333,gigel-si-telefonul/1332720333.cpp,ok,0,0,0,
gigel-si-telefonul,cpp,1332720368,gigel-si-telefonul/1332720368.cpp,ok,0,0,0,
gigel-si-telefonul,cpp,1332720451,gigel-si-telefonul/1332720451.cpp,ok,0,0,0,
gigel-si-telefonul,cpp,1332721047,gigel-si-telefonul/1332721047.cpp,ok,0,1,0,
gigel-si-telefonul,cpp,1332748264,gigel-si-telefonul/1332748264.cpp,ok,0,0,0,
gigel-si-telefonul,cpp,1332752301,gigel-si-telefonul/1332752301.cpp,ok,0,0,0,
gigel-si-telefonul,cpp,1332755494,gigel-si-telefonul/1332755494.cpp,ok,0,0,0,
gigel-si-telefonul,cpp,1332755515,gigel-si-telefonul/1332755515.cpp,ok,0,0,0,
gigel-si-telefonul,cpp,1332755545,gigel-si-telefonul/1332755545.cpp,ok,0,0,0,
gigel-si-telefonul,cpp,1332755677,gigel-si-telefonul/1332755677.cpp,ok,0,0,0,
gigel-si-telefonul,cpp,1332755714,gigel-si-telefonul/1332755714.cpp,ok,0,0,0,
gigel-si-telefonul,cpp,1332755934,gigel-si-telefonul/1332755934.cpp,ok,0,1,0,
gigel-si-telefonul,cpp,1332756021,gigel-si-telefonul/1332756021.cpp,ok,0,0,0,
gigel-si-telefonul,cpp,1332756043,gigel-si-telefonul/1332756043.cpp,ok,0,0,0,
gigel-si-telefonul,cpp,1332756171,gigel-si-telefonul/1332756171.cpp,ok,0,1,0,
gigel-si-telefonul,cpp,1332756306,gigel-si-telefonul/1332756306.cpp,ok,0,0,0,
gigel-si-telefonul,cpp,1332756905,gigel-si-telefonul/1332756905.cpp,ok,0,0,0,
gigel-si-telefonul,cpp,1332757093,gigel-si-telefonul/1332757093.cpp,ok,0,0,0,
gigel-si-telefonul,cpp,1332757327,gigel-si-telefonul/1332757327.cpp,ok,0,1,0,
gigel-si-telefonul,cpp,1332757506,gigel-si-telefonul/1332757506.cpp,ok,0,1,0,
gigel-si-telefonul,cpp,1332757539,gigel-si-telefonul/1332757539.cpp,ok,0,1,0,
gigel-si-telefonul,cpp,1332757956,gigel-si-telefonul/1332757956.cpp,ok,0,1,0,
gigel-si-telefonul,cpp,1332758186,gigel-si-telefonul/1332758186.cpp,ok,0,1,0,
gigel-si-telefonul,cpp,1332758469,gigel-si-telefonul/1332758469.cpp,ok,0,1,0,
gigel-si-telefonul,cpp,1332760662,gigel-si-telefonul/1332760662.cpp,ok,0,1,0,
gigel-si-telefonul,cpp,1332763872,gigel-si-telefonul/1332763872.cpp,ok,0,0,0,
gigel-si-telefonul,cpp,1332764112,gigel-si-telefonul/1332764112.cpp,ok,0,1,1,
gigel-si-telefonul,cpp,1333813811,gigel-si-telefonul/1333813811.cpp,ok,0,3,0,
gigel-si-telefonul,cpp,1342820236,gigel-si-telefonul/1342820236.cpp,ok,0,2,2,
gigel-si-telefonul,cpp,1342820510,gigel-si-telefonul/1342820510.cpp,ok,0,2,2,
gigel-si-telefonul,cpp,1342820740,gigel-si-telefonul/1342820740.cpp,ok,0,2,2,
gigel-si-telefonul,cpp,1344346526,gigel-si-telefonul/1344346526.cpp,ok,0,3,0,
gigel-si-telefonul,cpp,1344528286,gigel-si-telefonul/1344528286.cpp,ok,0,0,0,
gigel-si-telefonul,cpp,1344571199,gigel-si-telefonul/1344571199.cpp,ok,0,0,0,
gigel-si-telefonul,cpp,1344623009,gigel-si-telefonul/1344623009.cpp,ok,0,4,0,
gigel-si-telefonul,cpp,1344631096,gigel-si-telefonul/1344631096.cpp,ok,0,5,2,
gigel-si-telefonul,cpp,1344635291,gigel-si-telefonul/1344635291.cpp,ok,0,1,0,
gigel-si-telefonul,cpp,1344637802,gigel-si-telefonul/1344637802.cpp,ok,0,0,0,
gigel-si-telefonul,cpp,1344712458,gigel-si-telefonul/1344712458.cpp,ok,0,0,0,
gigel-si-telefonul,cpp,1344719237,gigel-si-telefonul/1344719237.cpp,ok,0,0,0,
gigel-si-telefonul,cpp,1344720163,gigel-si-telefonul/1344720163.cpp,ok,0,0,0,
gigel-si-telefonul,cpp,1359951515,gigel-si-telefonul/1359951515.cpp,ok,0,0,0,
gigel-si-telefonul,cpp,1361756817,gigel-si-telefonul/1361756817.cpp,ok,0,0,0,
gigel-si-telefonul,cpp,1361900913,gigel-si-telefonul/1361900913.cpp,ok,0,4,3,
gigel-si-telefonul,cpp,1361903669,gigel-si-telefonul/1361903669.cpp,ok,0,0,0,
gigel-si-telefonul,cpp,1361903931,gigel-si-telefonul/1361903931.cpp,ok,0,1,1,
gigel-si-telefonul,cpp,1361904834,gigel-si-telefonul/1361904834.cpp,ok,0,0,0,
gigel-si-telefonul,cpp,1361911498,gigel-si-telefonul/1361911498.cpp,ok,0,0,0,
gigel-si-telefonul,cpp,1361911519,gigel-si-telefonul/1361911519.cpp,ok,0,0,0,
gigel-si-telefonul,cpp,1370604628,gigel-si-telefonul/1370604628.cpp,ok,0,0,0,
gigel-si-telefonul,cpp,1378064904,gigel-si-telefonul/1378064904.cpp,ok,0,4,0,
gigel-si-telefonul,cpp,1378065084,gigel-si-telefonul/1378065084.cpp,ok,0,4,0,
gigel-si-telefonul,cpp,1378093199,gigel-si-telefonul/1378093199.cpp,ok,0,0,0,
gigel-si-telefonul,cpp,1378141408,gigel-si-telefonul/1378141408.cpp,ok,0,1,1,
gigel-si-telefonul,cpp,1378142928,gigel-si-telefonul/1378142928.cpp,ok,0,1,1,
gigel-si-telefonul,cpp,1378145122,gigel-si-telefonul/1378145122.cpp,ok,0,0,0,
gigel-si-telefonul,cpp,1378145178,gigel-si-telefonul/1378145178.cpp,ok,0,0,0,
gigel-si-telefonul,cpp,1378145191,gigel-si-telefonul/1378145191.cpp,ok,0,0,0,
gigel-si-telefonul,cpp,1378156203,gigel-si-telefonul/1378156203.cpp,ok,0,1,0,
gigel-si-telefonul,cpp,1378157210,gigel-si-telefonul/1378157210.cpp,ok,0,3,0,
gigel-si-telefonul,cpp,1378157223,gigel-si-telefonul/1378157223.cpp,ok,0,1,0,
gigel-si-telefonul,cpp,1378157514,gigel-si-telefonul/1378157514.cpp,ok,0,0,0,
gigel-si-telefonul,cpp,1378158787,gigel-si-telefonul/1378158787.cpp,ok,0,0,0,
gigel-si-telefonul,cpp,1378158929,gigel-si-telefonul/1378158929.cpp,ok,0,0,0,
gigel-si-telefonul,cpp,1378159111,gigel-si-telefonul/1378159111.cpp,ok,0,1,0,
gigel-si-telefonul,cpp,1378159495,gigel-si-telefonul/1378159495.cpp,ok,0,1,0,
gigel-si-telefonul,cpp,1378159543,gigel-si-telefonul/1378159543.cpp,ok,0,1,0,
gigel-si-telefonul,cpp,1378159834,gigel-si-telefonul/1378159834.cpp,ok,0,1,0,
gigel-si-telefonul,cpp,1391614198,gigel-si-telefonul/1391614198.cpp,ok,0,1,0,
gigel-si-telefonul,cpp,1391685724,gigel-si-telefonul/1391685724.cpp,ok,0,1,1,
gigel-si-telefonul,cpp,1391686215,gigel-si-telefonul/1391686215.cpp,ok,0,0,0,
gigel-si-telefonul,cpp,1391778985,gigel-si-telefonul/1391778985.cpp,ok,0,0,0,
gigel-si-telefonul,cpp,1391802530,gigel-si-telefonul/1391802530.cpp,ok,0,0,0,
gigel-si-telefonul,cpp,1391802591,gigel-si-telefonul/1391802591.cpp,ok,0,0,0,
gigel-si-telefonul,cpp,1391836330,gigel-si-telefonul/1391836330.cpp,ok,0,0,0,
gigel-si-telefonul,cpp,1391836785,gigel-si-telefonul/1391836785.cpp,ok,0,4,0,
gigel-si-telefonul,cpp,1391863583,gigel-si-telefonul/1391863583.cpp,ok,0,0,0,
gigel-si-telefonul,cpp,1391863607,gigel-si-telefonul/1391863607.cpp,ok,0,0,0,
gigel-si-telefonul,cpp,1391863884,gigel-si-telefonul/1391863884.cpp,ok,0,0,0,
gigel-si-telefonul,cpp,1391863997,gigel-si-telefonul/1391863997.cpp,ok,0,0,0,
gigel-si-telefonul,cpp,1391864011,gigel-si-telefonul/1391864011.cpp,ok,0,0,0,
gigel-si-telefonul,cpp,1391864055,gigel-si-telefonul/1391864055.cpp,ok,0,1,1,
gigel-si-telefonul,cpp,1391864073,gigel-si-telefonul/1391864073.cpp,ok,0,1,1,
gigel-si-telefonul,cpp,1391864074,gigel-si-telefonul/1391864074.cpp,ok,0,0,0,
gigel-si-telefonul,cpp,1391905984,gigel-si-telefonul/1391905984.cpp,ok,0,0,0,
gigel-si-telefonul,cpp,1391906126,gigel-si-telefonul/1391906126.cpp,ok,0,1,0,
gigel-si-telefonul,cpp,1391906154,gigel-si-telefonul/1391906154.cpp,ok,0,0,0,
gigel-si-telefonul,cpp,1391907728,gigel-si-telefonul/1391907728.cpp,ok,0,0,0,
gigel-si-telefonul,cpp,1391907768,gigel-si-telefonul/1391907768.cpp,ok,0,0,0,
gigel-si-telefonul,cpp,1391931169,gigel-si-telefonul/1391931169.cpp,ok,0,0,0,
gigel-si-telefonul,cpp,1391931580,gigel-si-telefonul/1391931580.cpp,ok,0,0,0,
gigel-si-telefonul,cpp,1391931654,gigel-si-telefonul/1391931654.cpp,ok,0,0,0,
gigel-si-telefonul,cpp,1391931719,gigel-si-telefonul/1391931719.cpp,ok,0,0,0,
gigel-si-telefonul,cpp,1391931891,gigel-si-telefonul/1391931891.cpp,ok,0,0,0,
gigel-si-telefonul,cpp,1391936216,gigel-si-telefonul/1391936216.cpp,ok,0,0,0,
gigel-si-telefonul,cpp,1391969470,gigel-si-telefonul/1391969470.cpp,ok,0,0,0,
gigel-si-telefonul,cpp,1404837345,gigel-si-telefonul/1404837345.cpp,ok,0,0,0,
gigel-si-telefonul,cpp,1404837393,gigel-si-telefonul/1404837393.cpp,ok,0,0,0,
gigel-si-telefonul,cpp,1408347418,gigel-si-telefonul/1408347418.cpp,ok,0,0,0,
gigel-si-telefonul,cpp,1408347459,gigel-si-telefonul/1408347459.cpp,ok,0,0,0,
gigel-si-telefonul,cpp,1408406046,gigel-si-telefonul/1408406046.cpp,ok,0,0,0,
gigel-si-telefonul,cpp,1408421101,gigel-si-telefonul/1408421101.cpp,ok,0,1,0,
gigel-si-telefonul,cpp,1408432303,gigel-si-telefonul/1408432303.cpp,ok,0,1,0,
gigel-si-telefonul,cpp,1408434824,gigel-si-telefonul/1408434824.cpp,ok,0,0,0,
gigel-si-telefonul,cpp,1408434905,gigel-si-telefonul/1408434905.cpp,ok,0,0,0,
gigel-si-telefonul,cpp,1408435063,gigel-si-telefonul/1408435063.cpp,ok,0,1,0,
gigel-si-telefonul,cpp,1408435214,gigel-si-telefonul/1408435214.cpp,ok,0,0,0,
gigel-si-telefonul,cpp,1408435329,gigel-si-telefonul/1408435329.cpp,ok,0,1,0,
gigel-si-telefonul,cpp,1408435338,gigel-si-telefonul/1408435338.cpp,ok,0,0,0,
gigel-si-telefonul,cpp,1408435379,gigel-si-telefonul/1408435379.cpp,ok,0,0,0,
gigel-si-telefonul,cpp,1408448996,gigel-si-telefonul/1408448996.cpp,ok,0,0,0,
gigel-si-telefonul,cpp,1408461301,gigel-si-telefonul/1408461301.cpp,ok,0,0,0,
gigel-si-telefonul,cpp,1408462797,gigel-si-telefonul/1408462797.cpp,ok,0,0,0,
gigel-si-telefonul,cpp,1408462834,gigel-si-telefonul/1408462834.cpp,ok,0,0,0,
gigel-si-telefonul,cpp,1408462841,gigel-si-telefonul/1408462841.cpp,ok,0,0,0,
gigel-si-telefonul,cpp,1408462843,gigel-si-telefonul/1408462843.cpp,ok,0,1,0,
gigel-si-telefonul,cpp,1408462847,gigel-si-telefonul/1408462847.cpp,ok,0,1,0,
gigel-si-telefonul,cpp,1408462931,gigel-si-telefonul/1408462931.cpp,ok,0,0,0,
gigel-si-telefonul,cpp,1408462941,gigel-si-telefonul/1408462941.cpp,ok,0,0,0,
gigel-si-telefonul,cpp,1408462944,gigel-si-telefonul/1408462944.cpp,ok,0,0,0,
gigel-si-telefonul,cpp,1408462947,gigel-si-telefonul/1408462947.cpp,ok,0,0,0,
gigel-si-telefonul,cpp,1408483343,gigel-si-telefonul/1408483343.cpp,ok,0,0,0,
gigel-si-telefonul,cpp,1408485379,gigel-si-telefonul/1408485379.cpp,ok,0,2,2,
gigel-si-telefonul,cpp,1408485926,gigel-si-telefonul/1408485926.cpp,ok,0,2,2,
gigel-si-telefonul,cpp,1408486016,gigel-si-telefonul/1408486016.cpp,ok,0,2,2,
gigel-si-telefonul,cpp,1408486147,gigel-si-telefonul/1408486147.cpp,ok,0,2,2,
gigel-si-telefonul,cpp,1408486537,gigel-si-telefonul/1408486537.cpp,ok,0,1,1,
gigel-si-telefonul,cpp,1408487459,gigel-si-telefonul/1408487459.cpp,ok,0,1,1,
gigel-si-telefonul,cpp,1408489680,gigel-si-telefonul/1408489680.cpp,ok,0,1,0,
gigel-si-telefonul,cpp,1408490320,gigel-si-telefonul/1408490320.cpp,ok,0,2,0,
gigel-si-telefonul,cpp,1408490781,gigel-si-telefonul/1408490781.cpp,ok,0,1,0,
gigel-si-telefonul,cpp,1408490867,gigel-si-telefonul/1408490867.cpp,ok,0,1,0,
gigel-si-telefonul,cpp,1408490895,gigel-si-telefonul/1408490895.cpp,ok,0,1,0,
gigel-si-telefonul,cpp,1408490925,gigel-si-telefonul/1408490925.cpp,ok,0,2,0,
gigel-si-telefonul,cpp,1408492477,gigel-si-telefonul/1408492477.cpp,ok,0,3,2,
gigel-si-telefonul,cpp,1408492505,gigel-si-telefonul/1408492505.cpp,ok,0,1,1,
gigel-si-telefonul,cpp,1408493651,gigel-si-telefonul/1408493651.cpp,ok,0,0,0,
gigel-si-telefonul,cpp,1408493768,gigel-si-telefonul/1408493768.cpp,ok,0,0,0,
gigel-si-telefonul,cpp,1408502806,gigel-si-telefonul/1408502806.cpp,ok,0,0,0,
gigel-si-telefonul,cpp,1408512846,gigel-si-telefonul/1408512846.cpp,ok,0,0,0,
gigel-si-telefonul,cpp,1408513544,gigel-si-telefonul/1408513544.cpp,ok,0,0,0,
gigel-si-telefonul,cpp,1408519031,gigel-si-telefonul/1408519031.cpp,ok,0,1,1,
gigel-si-telefonul,cpp,1408520167,gigel-si-telefonul/1408520167.cpp,ok,0,0,0,
gigel-si-telefonul,cpp,1408521656,gigel-si-telefonul/1408521656.cpp,ok,0,0,0,
gigel-si-telefonul,cpp,1408521697,gigel-si-telefonul/1408521697.cpp,ok,0,0,0,
gigel-si-telefonul,cpp,1408522525,gigel-si-telefonul/1408522525.cpp,ok,0,0,0,
gigel-si-telefonul,cpp,1408523025,gigel-si-telefonul/1408523025.cpp,ok,0,0,0,
gigel-si-telefonul,cpp,1408525900,gigel-si-telefonul/1408525900.cpp,ok,0,0,0,
gigel-si-telefonul,cpp,1408525956,gigel-si-telefonul/1408525956.cpp,ok,0,0,0,
gigel-si-telefonul,cpp,1408526002,gigel-si-telefonul/1408526002.cpp,ok,0,0,0,
gigel-si-telefonul,cpp,1408526498,gigel-si-telefonul/1408526498.cpp,ok,0,1,0,
gigel-si-telefonul,cpp,1408526853,gigel-si-telefonul/1408526853.cpp,ok,0,1,0,
gigel-si-telefonul,cpp,1408527096,gigel-si-telefonul/1408527096.cpp,ok,0,0,0,
gigel-si-telefonul,cpp,1408527632,gigel-si-telefonul/1408527632.cpp,ok,0,0,0,
gigel-si-telefonul,cpp,1408527797,gigel-si-telefonul/1408527797.cpp,ok,0,0,0,
gigel-si-telefonul,cpp,1408528181,gigel-si-telefonul/1408528181.cpp,ok,0,1,0,
gigel-si-telefonul,cpp,1408530438,gigel-si-telefonul/1408530438.cpp,ok,0,0,0,
gigel-si-telefonul,cpp,1408530786,gigel-si-telefonul/1408530786.cpp,ok,0,0,0,
gigel-si-telefonul,cpp,1408530802,gigel-si-telefonul/1408530802.cpp,ok,0,0,0,
gigel-si-telefonul,cpp,1408530834,gigel-si-telefonul/1408530834.cpp,ok,0,0,0,
gigel-si-telefonul,cpp,1408530882,gigel-si-telefonul/1408530882.cpp,ok,0,1,1,
gigel-si-telefonul,cpp,1408530992,gigel-si-telefonul/1408530992.cpp,ok,0,0,0,
gigel-si-telefonul,cpp,1408531003,gigel-si-telefonul/1408531003.cpp,ok,0,1,0,
gigel-si-telefonul,cpp,1408531010,gigel-si-telefonul/1408531010.cpp,ok,0,1,0,
gigel-si-telefonul,cpp,1408543326,gigel-si-telefonul/1408543326.cpp,ok,0,0,0,
gigel-si-telefonul,cpp,1408543676,gigel-si-telefonul/1408543676.cpp,ok,0,0,0,
gigel-si-telefonul,cpp,1408543997,gigel-si-telefonul/1408543997.cpp,ok,0,1,0,
gigel-si-telefonul,cpp,1408544006,gigel-si-telefonul/1408544006.cpp,ok,0,2,0,
gigel-si-telefonul,cpp,1408544513,gigel-si-telefonul/1408544513.cpp,ok,0,0,0,
gigel-si-telefonul,cpp,1408548585,gigel-si-telefonul/1408548585.cpp,ok,0,2,1,
gigel-si-telefonul,cpp,1408555579,gigel-si-telefonul/1408555579.cpp,ok,0,0,0,
gigel-si-telefonul,cpp,1408557234,gigel-si-telefonul/1408557234.cpp,ok,0,2,1,
gigel-si-telefonul,cpp,1408559415,gigel-si-telefonul/1408559415.cpp,ok,0,0,0,
gigel-si-telefonul,cpp,1408563409,gigel-si-telefonul/1408563409.cpp,ok,0,0,0,
gigel-si-telefonul,cpp,1408564202,gigel-si-telefonul/1408564202.cpp,ok,0,0,0,
gigel-si-telefonul,cpp,1408564316,gigel-si-telefonul/1408564316.cpp,ok,0,0,0,
gigel-si-telefonul,cpp,1408564568,gigel-si-telefonul/1408564568.cpp,ok,0,0,0,
gigel-si-telefonul,cpp,1408564702,gigel-si-telefonul/1408564702.cpp,ok,0,0,0,
gigel-si-telefonul,cpp,1408565472,gigel-si-telefonul/1408565472.cpp,ok,0,2,1,
gigel-si-telefonul,cpp,1408567387,gigel-si-telefonul/1408567387.cpp,ok,0,0,0,
gigel-si-telefonul,cpp,1408568669,gigel-si-telefonul/1408568669.cpp,ok,0,2,1,
gigel-si-telefonul,cpp,1408568689,gigel-si-telefonul/1408568689.cpp,ok,0,2,1,
gigel-si-telefonul,cpp,1408568888,gigel-si-telefonul/1408568888.cpp,ok,0,0,0,
gigel-si-telefonul,cpp,1408569671,gigel-si-telefonul/1408569671.cpp,ok,0,0,0,
gigel-si-telefonul,cpp,1408569744,gigel-si-telefonul/1408569744.cpp,ok,0,0,0,
gigel-si-telefonul,cpp,1408569749,gigel-si-telefonul/1408569749.cpp,ok,0,0,0,
gigel-si-telefonul,cpp,1408569946,gigel-si-telefonul/1408569946.cpp,ok,0,1,0,
gigel-si-telefonul,cpp,1408569974,gigel-si-telefonul/1408569974.cpp,ok,0,0,0,
gigel-si-telefonul,cpp,1408570844,gigel-si-telefonul/1408570844.cpp,ok,0,0,0,
gigel-si-telefonul,cpp,1408570906,gigel-si-telefonul/1408570906.cpp,ok,0,0,0,
gigel-si-telefonul,cpp,1408570968,gigel-si-telefonul/1408570968.cpp,ok,0,0,0,
gigel-si-telefonul,cpp,1408571021,gigel-si-telefonul/1408571021.cpp,ok,0,0,0,
gigel-si-telefonul,cpp,1408571026,gigel-si-telefonul/1408571026.cpp,ok,0,2,0,
gigel-si-telefonul,cpp,1408571039,gigel-si-telefonul/1408571039.cpp,ok,0,0,0,
gigel-si-telefonul,cpp,1408571052,gigel-si-telefonul/1408571052.cpp,ok,0,0,0,
gigel-si-telefonul,cpp,1408571128,gigel-si-telefonul/1408571128.cpp,ok,0,0,0,
gigel-si-telefonul,cpp,1408571350,gigel-si-telefonul/1408571350.cpp,ok,0,0,0,
gigel-si-telefonul,cpp,1408571473,gigel-si-telefonul/1408571473.cpp,ok,0,0,0,
gigel-si-telefonul,cpp,1408571484,gigel-si-telefonul/1408571484.cpp,ok,0,0,0,
gigel-si-telefonul,cpp,1408575962,gigel-si-telefonul/1408575962.cpp,ok,0,1,0,
gigel-si-telefonul,cpp,1408983333,gigel-si-telefonul/1408983333.cpp,ok,0,0,0,
gigel-si-telefonul,cpp,1409032711,gigel-si-telefonul/1409032711.cpp,ok,0,0,0,
matei-si-diamantele,cpp,1314154354,matei-si-diamantele/1314154354.cpp,ok,0,0,0,
matei-si-diamantele,cpp,1314234360,matei-si-diamantele/1314234360.cpp,ok,0,0,0,
matei-si-diamantele,cpp,1314234384,matei-si-diamantele/1314234384.cpp,ok,0,0,0,
matei-si-diamantele,cpp,1314234411,matei-si-diamantele/1314234411.cpp,ok,0,0,0,
matei-si-diamantele,cpp,1314234451,matei-si-diamantele/1314234451.cpp,ok,0,0,0,
matei-si-diamantele,cpp,1314234491,matei-si-diamantele/1314234491.cpp,ok,0,0,0,
matei-si-diamantele,cpp,1314234545,matei-si-diamantele/1314234545.cpp,ok,0,0,0,
matei-si-diamantele,cpp,1314234561,matei-si-diamantele/1314234561.cpp,ok,0,2,0,
matei-si-diamantele,cpp,1314234563,matei-si-diamantele/1314234563.cpp,ok,0,0,0,
matei-si-diamantele,cpp,1314234594,matei-si-diamantele/1314234594.cpp,ok,0,0,0,
matei-si-diamantele,cpp,1314234632,matei-si-diamantele/1314234632.cpp,ok,0,0,0,
matei-si-diamantele,cpp,1314234680,matei-si-diamantele/1314234680.cpp,ok,0,5,5,
matei-si-diamantele,cpp,1314234699,matei-si-diamantele/1314234699.cpp,ok,0,0,0,
matei-si-diamantele,cpp,1314234735,matei-si-diamantele/1314234735.cpp,ok,0,0,0,
matei-si-diamantele,cpp,1314234741,matei-si-diamantele/1314234741.cpp,ok,0,6,0,
matei-si-diamantele,cpp,1314234751,matei-si-diamantele/1314234751.cpp,ok,0,0,0,
matei-si-diamantele,cpp,1314234772,matei-si-diamantele/1314234772.cpp,ok,0,0,0,
matei-si-diamantele,cpp,1314234803,matei-si-diamantele/1314234803.cpp,ok,0,0,0,
matei-si-diamantele,cpp,1314234840,matei-si-diamantele/1314234840.cpp,ok,0,0,0,
matei-si-diamantele,cpp,1314234854,matei-si-diamantele/1314234854.cpp,ok,0,1,1,
matei-si-diamantele,cpp,1314234882,matei-si-diamantele/1314234882.cpp,ok,0,7,0,
matei-si-diamantele,cpp,1314234886,matei-si-diamantele/1314234886.cpp,ok,0,5,5,
matei-si-diamantele,cpp,1314234890,matei-si-diamantele/1314234890.cpp,ok,0,0,0,
matei-si-diamantele,cpp,1314234901,matei-si-diamantele/1314234901.cpp,ok,0,1,1,
matei-si-diamantele,cpp,1314234927,matei-si-diamantele/1314234927.cpp,ok,0,1,1,
matei-si-diamantele,cpp,1314234950,matei-si-diamantele/1314234950.cpp,ok,0,7,0,
matei-si-diamantele,cpp,1314234951,matei-si-diamantele/1314234951.cpp,ok,0,0,0,
matei-si-diamantele,cpp,1314234952,matei-si-diamantele/1314234952.cpp,ok,0,5,1,
matei-si-diamantele,cpp,1314234957,matei-si-diamantele/1314234957.cpp,ok,0,0,0,
matei-si-diamantele,c,1314234980,matei-si-diamantele/1314234980.c,ok,0,1,0,
matei-si-diamantele,cpp,1314235016,matei-si-diamantele/1314235016.cpp,ok,0,7,0,
matei-si-diamantele,cpp,1314235040,matei-si-diamantele/1314235040.cpp,ok,0,1,0,
matei-si-diamantele,cpp,1314235042,matei-si-diamantele/1314235042.cpp,ok,0,0,0,
matei-si-diamantele,cpp,1314235103,matei-si-diamantele/1314235103.cpp,ok,0,22,0,
matei-si-diamantele,cpp,1314235112,matei-si-diamantele/1314235112.cpp,ok,0,1,0,
matei-si-diamantele,cpp,1314235145,matei-si-diamantele/1314235145.cpp,ok,0,0,0,
matei-si-diamantele,cpp,1314235147,matei-si-diamantele/1314235147.cpp,ok,0,22,0,
matei-si-diamantele,cpp,1314235265,matei-si-diamantele/1314235265.cpp,ok,0,0,0,
matei-si-diamantele,cpp,1314235322,matei-si-diamantele/1314235322.cpp,ok,0,3,3,
matei-si-diamantele,cpp,1314235325,matei-si-diamantele/1314235325.cpp,ok,0,2,0,
matei-si-diamantele,cpp,1314235346,matei-si-diamantele/1314235346.cpp,ok,0,0,0,
matei-si-diamantele,cpp,1314235395,matei-si-diamantele/1314235395.cpp,ok,0,2,0,
matei-si-diamantele,cpp,1314235413,matei-si-diamantele/1314235413.cpp,ok,0,0,0,
matei-si-diamantele,cpp,1314235419,matei-si-diamantele/1314235419.cpp,ok,0,1,1,
matei-si-diamantele,cpp,1314235519,matei-si-diamantele/1314235519.cpp,ok,0,0,0,
matei-si-diamantele,cpp,1314235531,matei-si-diamantele/1314235531.cpp,ok,0,1,1,
matei-si-diamantele,cpp,1314235597,matei-si-diamantele/1314235597.cpp,ok,0,4,0,
matei-si-diamantele,cpp,1314235605,matei-si-diamantele/1314235605.cpp,ok,0,1,1,
matei-si-diamantele,cpp,1314235622,matei-si-diamantele/1314235622.cpp,ok,0,0,0,
matei-si-diamantele,cpp,1314235663,matei-si-diamantele/1314235663.cpp,ok,0,1,1,
matei-si-diamantele,cpp,1314235667,matei-si-diamantele/1314235667.cpp,ok,0,1,1,
matei-si-diamantele,cpp,1314235709,matei-si-diamantele/1314235709.cpp,ok,0,0,0,
matei-si-diamantele,cpp,1314235712,matei-si-diamantele/1314235712.cpp,ok,0,0,0,
matei-si-diamantele,cpp,1314235715,matei-si-diamantele/1314235715.cpp,ok,0,1,1,
matei-si-diamantele,cpp,1314235752,matei-si-diamantele/1314235752.cpp,ok,0,0,0,
matei-si-diamantele,cpp,1314235761,matei-si-diamantele/1314235761.cpp,ok,0,0,0,
matei-si-diamantele,cpp,1314235790,matei-si-diamantele/1314235790.cpp,ok,0,0,0,
matei-si-diamantele,cpp,1314235888,matei-si-diamantele/1314235888.cpp,ok,0,1,1,
matei-si-diamantele,cpp,1314236172,matei-si-diamantele/1314236172.cpp,ok,0,1,1,
matei-si-diamantele,cpp,1314236278,matei-si-diamantele/1314236278.cpp,ok,0,0,0,
matei-si-diamantele,cpp,1314236299,matei-si-diamantele/1314236299.cpp,ok,0,1,1,
matei-si-diamantele,cpp,1314236304,matei-si-diamantele/1314236304.cpp,ok,0,1,0,
matei-si-diamantele,cpp,1314236326,matei-si-diamantele/1314236326.cpp,ok,0,0,0,
matei-si-diamantele,cpp,1314236341,matei-si-diamantele/1314236341.cpp,ok,0,0,0,
matei-si-diamantele,cpp,1314236354,matei-si-diamantele/1314236354.cpp,ok,0,0,0,
matei-si-diamantele,cpp,1314236366,matei-si-diamantele/1314236366.cpp,ok,0,0,0,
matei-si-diamantele,cpp,1314236529,matei-si-diamantele/1314236529.cpp,ok,0,8,2,
matei-si-diamantele,cpp,1314236561,matei-si-diamantele/1314236561.cpp,ok,0,2,2,
matei-si-diamantele,cpp,1314236661,matei-si-diamantele/1314236661.cpp,ok,0,1,1,
matei-si-diamantele,cpp,1314236744,matei-si-diamantele/1314236744.cpp,ok,0,1,1,
matei-si-diamantele,cpp,1314236752,matei-si-diamantele/1314236752.cpp,ok,0,8,2,
matei-si-diamantele,cpp,1314236884,matei-si-diamantele/1314236884.cpp,ok,0,1,1,
matei-si-diamantele,cpp,1314236997,matei-si-diamantele/1314236997.cpp,ok,0,8,2,
matei-si-diamantele,cpp,1314237031,matei-si-diamantele/1314237031.cpp,ok,0,8,5,
matei-si-diamantele,cpp,1314237040,matei-si-diamantele/1314237040.cpp,ok,0,8,2,
matei-si-diamantele,cpp,1314237060,matei-si-diamantele/1314237060.cpp,ok,0,13,6,
matei-si-diamantele,cpp,1314237177,matei-si-diamantele/1314237177.cpp,ok,0,1,0,
matei-si-diamantele,cpp,1314237181,matei-si-diamantele/1314237181.cpp,ok,0,19,9,
matei-si-diamantele,cpp,1314237250,matei-si-diamantele/1314237250.cpp,ok,0,19,9,
matei-si-diamantele,cpp,1314237251,matei-si-diamantele/1314237251.cpp,ok,0,2,0,
matei-si-diamantele,cpp,1314237280,matei-si-diamantele/1314237280.cpp,ok,0,0,0,
matei-si-diamantele,cpp,1314237335,matei-si-diamantele/1314237335.cpp,ok,0,14,5,
matei-si-diamantele,cpp,1314237380,matei-si-diamantele/1314237380.cpp,ok,0,0,0,
matei-si-diamantele,cpp,1314237400,matei-si-diamantele/1314237400.cpp,ok,0,0,0,
matei-si-diamantele,cpp,1314237427,matei-si-diamantele/1314237427.cpp,ok,0,0,0,
matei-si-diamantele,cpp,1314237477,matei-si-diamantele/1314237477.cpp,ok,0,1,1,
matei-si-diamantele,cpp,1314237507,matei-si-diamantele/1314237507.cpp,ok,0,2,0,
matei-si-diamantele,cpp,1314237664,matei-si-diamantele/1314237664.cpp,ok,0,0,0,
matei-si-diamantele,cpp,1314237710,matei-si-diamantele/1314237710.cpp,ok,0,0,0,
matei-si-diamantele,cpp,1314237741,matei-si-diamantele/1314237741.cpp,ok,0,2,0,
matei-si-diamantele,cpp,1314238008,matei-si-diamantele/1314238008.cpp,ok,0,1,0,
matei-si-diamantele,cpp,1314238011,matei-si-diamantele/1314238011.cpp,ok,0,1,0,
matei-si-diamantele,c,1314265677,matei-si-diamantele/1314265677.c,ok,0,2,0,
matei-si-diamantele,c,1314265771,matei-si-diamantele/1314265771.c,ok,0,3,0,
matei-si-diamantele,cpp,1323070546,matei-si-diamantele/1323070546.cpp,ok,0,7,0,
matei-si-diamantele,cpp,1323070598,matei-si-diamantele/1323070598.cpp,ok,0,7,0,
matei-si-diamantele,cpp,1323077370,matei-si-diamantele/1323077370.cpp,ok,0,8,0,
matei-si-diamantele,cpp,1323319303,matei-si-diamantele/1323319303.cpp,ok,0,0,0,
matei-si-diamantele,cpp,1323376756,matei-si-diamantele/1323376756.cpp,ok,0,1,0,
matei-si-diamantele,cpp,1323376847,matei-si-diamantele/1323376847.cpp,ok,0,1,0,
matei-si-diamantele,cpp,1323377102,matei-si-diamantele/1323377102.cpp,ok,0,2,0,
matei-si-diamantele,cpp,1323389180,matei-si-diamantele/1323389180.cpp,ok,0,0,0,
matei-si-diamantele,cpp,1323401347,matei-si-diamantele/1323401347.cpp,ok,0,0,0,
matei-si-diamantele,cpp,1323401607,matei-si-diamantele/1323401607.cpp,ok,0,0,0,
matei-si-diamantele,cpp,1323404068,matei-si-diamantele/1323404068.cpp,ok,0,0,0,
matei-si-diamantele,cpp,1323404104,matei-si-diamantele/1323404104.cpp,ok,0,0,0,
matei-si-diamantele,cpp,1323404127,matei-si-diamantele/1323404127.cpp,ok,0,1,0,
matei-si-diamantele,cpp,1323404596,matei-si-diamantele/1323404596.cpp,ok,0,0,0,
matei-si-diamantele,cpp,1323405516,matei-si-diamantele/1323405516.cpp,ok,0,2,0,
matei-si-diamantele,cpp,1323405525,matei-si-diamantele/1323405525.cpp,ok,0,3,0,
matei-si-diamantele,cpp,1323405532,matei-si-diamantele/1323405532.cpp,ok,0,2,0,
matei-si-diamantele,cpp,1323405550,matei-si-diamantele/1323405550.cpp,ok,0,3,0,
matei-si-diamantele,cpp,1323405634,matei-si-diamantele/1323405634.cpp,ok,0,3,0,
matei-si-diamantele,cpp,1323405696,matei-si-diamantele/1323405696.cpp,ok,0,4,0,
matei-si-diamantele,cpp,1323405756,matei-si-diamantele/1323405756.cpp,ok,0,5,0,
matei-si-diamantele,cpp,1323405769,matei-si-diamantele/1323405769.cpp,ok,0,4,0,
matei-si-diamantele,cpp,1323406003,matei-si-diamantele/1323406003.cpp,ok,0,4,0,
matei-si-diamantele,cpp,1323406060,matei-si-diamantele/1323406060.cpp,ok,0,4,0,
matei-si-diamantele,cpp,1323415763,matei-si-diamantele/1323415763.cpp,ok,0,1,0,
matei-si-diamantele,c,1323416016,matei-si-diamantele/1323416016.c,ok,0,13,11,
matei-si-diamantele,cpp,1323416404,matei-si-diamantele/1323416404.cpp,ok,0,1,0,
matei-si-diamantele,cpp,1323416560,matei-si-diamantele/1323416560.cpp,ok,0,1,0,
matei-si-diamantele,cpp,1323416777,matei-si-diamantele/1323416777.cpp,ok,0,6,2,
matei-si-diamantele,cpp,1323420938,matei-si-diamantele/1323420938.cpp,ok,0,8,0,
matei-si-diamantele,cpp,1323421018,matei-si-diamantele/1323421018.cpp,ok,0,8,0,
matei-si-diamantele,cpp,1323423070,matei-si-diamantele/1323423070.cpp,ok,0,8,0,
matei-si-diamantele,cpp,1323423196,matei-si-diamantele/1323423196.cpp,ok,0,8,0,
matei-si-diamantele,cpp,1323423471,matei-si-diamantele/1323423471.cpp,ok,0,0,0,
matei-si-diamantele,cpp,1323424047,matei-si-diamantele/1323424047.cpp,ok,0,0,0,
matei-si-diamantele,cpp,1323426687,matei-si-diamantele/1323426687.cpp,ok,0,13,2,
matei-si-diamantele,cpp,1323428875,matei-si-diamantele/1323428875.cpp,ok,0,13,2,
matei-si-diamantele,cpp,1323445852,matei-si-diamantele/1323445852.cpp,ok,0,1,0,
matei-si-diamantele,cpp,1323447222,matei-si-diamantele/1323447222.cpp,ok,0,0,0,
matei-si-diamantele,cpp,1323447383,matei-si-diamantele/1323447383.cpp,ok,0,0,0,
matei-si-diamantele,cpp,1323447453,matei-si-diamantele/1323447453.cpp,ok,0,0,0,
matei-si-diamantele,cpp,1323447461,matei-si-diamantele/1323447461.cpp,ok,0,0,0,
matei-si-diamantele,cpp,1323447535,matei-si-diamantele/1323447535.cpp,ok,0,0,0,
matei-si-diamantele,cpp,1323447806,matei-si-diamantele/1323447806.cpp,ok,0,0,0,
matei-si-diamantele,cpp,1323448135,matei-si-diamantele/1323448135.cpp,ok,0,1,1,
matei-si-diamantele,cpp,1323448212,matei-si-diamantele/1323448212.cpp,ok,0,0,0,
matei-si-diamantele,cpp,1323449662,matei-si-diamantele/1323449662.cpp,ok,0,2,0,
matei-si-diamantele,cpp,1323449703,matei-si-diamantele/1323449703.cpp,ok,0,2,0,
matei-si-diamantele,cpp,1323450110,matei-si-diamantele/1323450110.cpp,ok,0,0,0,
matei-si-diamantele,cpp,1323450132,matei-si-diamantele/1323450132.cpp,ok,0,0,0,
matei-si-diamantele,cpp,1323450205,matei-si-diamantele/1323450205.cpp,ok,0,0,0,
matei-si-diamantele,cpp,1323450288,matei-si-diamantele/1323450288.cpp,ok,0,0,0,
matei-si-diamantele,cpp,1323450354,matei-si-diamantele/1323450354.cpp,ok,0,0,0,
matei-si-diamantele,cpp,1323450425,matei-si-diamantele/1323450425.cpp,ok,0,1,1,
matei-si-diamantele,cpp,1323450618,matei-si-diamantele/1323450618.cpp,ok,0,0,0,
matei-si-diamantele,cpp,1323451749,matei-si-diamantele/1323451749.cpp,ok,0,3,0,
matei-si-diamantele,cpp,1323451802,matei-si-diamantele/1323451802.cpp,ok,0,0,0,
matei-si-diamantele,cpp,1323451826,matei-si-diamantele/1323451826.cpp,ok,0,3,0,
matei-si-diamantele,cpp,1323452275,matei-si-diamantele/1323452275.cpp,ok,0,2,0,
matei-si-diamantele,cpp,1323452987,matei-si-diamantele/1323452987.cpp,ok,0,0,0,
matei-si-diamantele,cpp,1323453409,matei-si-diamantele/1323453409.cpp,ok,0,0,0,
matei-si-diamantele,cpp,1323508018,matei-si-diamantele/1323508018.cpp,ok,0,0,0,
matei-si-diamantele,cpp,1331754089,matei-si-diamantele/1331754089.cpp,ok,0,4,0,
matei-si-diamantele,cpp,1332268022,matei-si-diamantele/1332268022.cpp,ok,0,4,0,
matei-si-diamantele,cpp,1332386790,matei-si-diamantele/1332386790.cpp,ok,0,1,1,
matei-si-diamantele,cpp,1332417615,matei-si-diamantele/1332417615.cpp,ok,0,0,0,
matei-si-diamantele,cpp,1332417755,matei-si-diamantele/1332417755.cpp,ok,0,0,0,
matei-si-diamantele,cpp,1332550913,matei-si-diamantele/1332550913.cpp,ok,0,0,0,
matei-si-diamantele,cpp,1332558574,matei-si-diamantele/1332558574.cpp,ok,0,10,1,
matei-si-diamantele,cpp,1332601901,matei-si-diamantele/1332601901.cpp,ok,0,0,0,
matei-si-diamantele,cpp,1332609417,matei-si-diamantele/1332609417.cpp,ok,0,1,0,
matei-si-diamantele,cpp,1332621134,matei-si-diamantele/1332621134.cpp,ok,0,0,0,
matei-si-diamantele,cpp,1332673995,matei-si-diamantele/1332673995.cpp,ok,0,0,0,
matei-si-diamantele,cpp,1332674020,matei-si-diamantele/1332674020.cpp,ok,0,3,0,
matei-si-diamantele,cpp,1332720002,matei-si-diamantele/1332720002.cpp,ok,0,0,0,
matei-si-diamantele,cpp,1332720852,matei-si-diamantele/1332720852.cpp,ok,0,0,0,
matei-si-diamantele,cpp,1332733002,matei-si-diamantele/1332733002.cpp,ok,0,0,0,
matei-si-diamantele,cpp,1332751885,matei-si-diamantele/1332751885.cpp,ok,0,0,0,
matei-si-diamantele,cpp,1332753124,matei-si-diamantele/1332753124.cpp,ok,0,0,0,
matei-si-diamantele,cpp,1332753487,matei-si-diamantele/1332753487.cpp,ok,0,1,1,
matei-si-diamantele,cpp,1332753509,matei-si-diamantele/1332753509.cpp,ok,0,1,1,
matei-si-diamantele,cpp,1332755147,matei-si-diamantele/1332755147.cpp,ok,0,0,0,
matei-si-diamantele,cpp,1332757017,matei-si-diamantele/1332757017.cpp,ok,0,0,0,
matei-si-diamantele,cpp,1332757491,matei-si-diamantele/1332757491.cpp,ok,0,0,0,
matei-si-diamantele,cpp,1332758280,matei-si-diamantele/1332758280.cpp,ok,0,0,0,
matei-si-diamantele,cpp,1332762230,matei-si-diamantele/1332762230.cpp,ok,0,1,0,
matei-si-diamantele,cpp,1332763523,matei-si-diamantele/1332763523.cpp,ok,0,1,0,
matei-si-diamantele,cpp,1332763749,matei-si-diamantele/1332763749.cpp,ok,0,3,0,
matei-si-diamantele,cpp,1332763819,matei-si-diamantele/1332763819.cpp,ok,0,4,3,
matei-si-diamantele,cpp,1332764012,matei-si-diamantele/1332764012.cpp,ok,0,0,0,
matei-si-diamantele,cpp,1332764503,matei-si-diamantele/1332764503.cpp,ok,0,0,0,
matei-si-diamantele,cpp,1332764544,matei-si-diamantele/1332764544.cpp,ok,0,0,0,
matei-si-diamantele,cpp,1332764572,matei-si-diamantele/1332764572.cpp,ok,0,0,0,
matei-si-diamantele,cpp,1332764573,matei-si-diamantele/1332764573.cpp,ok,0,0,0,
matei-si-diamantele,cpp,1332764584,matei-si-diamantele/1332764584.cpp,ok,0,0,0,
matei-si-diamantele,cpp,1333751390,matei-si-diamantele/1333751390.cpp,ok,0,6,0,
matei-si-diamantele,cpp,1333751432,matei-si-diamantele/1333751432.cpp,ok,0,8,0,
matei-si-diamantele,cpp,1333796493,matei-si-diamantele/1333796493.cpp,ok,0,0,0,
matei-si-diamantele,cpp,1333802598,matei-si-diamantele/1333802598.cpp,ok,0,0,0,
matei-si-diamantele,cpp,1333803659,matei-si-diamantele/1333803659.cpp,ok,0,0,0,
matei-si-diamantele,cpp,1333804206,matei-si-diamantele/1333804206.cpp,ok,0,0,0,
matei-si-diamantele,cpp,1333804278,matei-si-diamantele/1333804278.cpp,ok,0,2,2,
matei-si-diamantele,cpp,1333804295,matei-si-diamantele/1333804295.cpp,ok,0,2,2,
matei-si-diamantele,cpp,1333805488,matei-si-diamantele/1333805488.cpp,ok,0,0,0,
matei-si-diamantele,cpp,1333805519,matei-si-diamantele/1333805519.cpp,ok,0,0,0,
matei-si-diamantele,cpp,1333805547,matei-si-diamantele/1333805547.cpp,ok,0,0,0,
matei-si-diamantele,cpp,1333805552,matei-si-diamantele/1333805552.cpp,ok,0,0,0,
matei-si-diamantele,cpp,1333805554,matei-si-diamantele/1333805554.cpp,ok,0,0,0,
matei-si-diamantele,cpp,1342818952,matei-si-diamantele/1342818952.cpp,ok,0,2,2,
matei-si-diamantele,cpp,1344329182,matei-si-diamantele/1344329182.cpp,ok,0,0,0,
matei-si-diamantele,cpp,1344372748,matei-si-diamantele/1344372748.cpp,ok,0,0,0,
matei-si-diamantele,cpp,1344373500,matei-si-diamantele/1344373500.cpp,ok,0,2,2,
matei-si-diamantele,cpp,1344373888,matei-si-diamantele/1344373888.cpp,ok,0,0,0,
matei-si-diamantele,cpp,1344527645,matei-si-diamantele/1344527645.cpp,ok,0,0,0,
matei-si-diamantele,cpp,1344552482,matei-si-diamantele/1344552482.cpp,ok,0,0,0,
matei-si-diamantele,cpp,1344552513,matei-si-diamantele/1344552513.cpp,ok,0,0,0,
matei-si-diamantele,cpp,1344552601,matei-si-diamantele/1344552601.cpp,ok,0,0,0,
matei-si-diamantele,cpp,1344568192,matei-si-diamantele/1344568192.cpp,ok,0,0,0,
matei-si-diamantele,cpp,1344568379,matei-si-diamantele/1344568379.cpp,ok,0,0,0,
matei-si-diamantele,cpp,1344603567,matei-si-diamantele/1344603567.cpp,ok,0,0,0,
matei-si-diamantele,cpp,1344618946,matei-si-diamantele/1344618946.cpp,ok,0,0,0,
matei-si-diamantele,cpp,1344621492,matei-si-diamantele/1344621492.cpp,ok,0,0,0,
matei-si-diamantele,cpp,1344624289,matei-si-diamantele/1344624289.cpp,ok,0,0,0,
matei-si-diamantele,cpp,1344626355,matei-si-diamantele/1344626355.cpp,ok,0,0,0,
matei-si-diamantele,cpp,1344628662,matei-si-diamantele/1344628662.cpp,ok,0,0,0,
matei-si-diamantele,cpp,1344635137,matei-si-diamantele/1344635137.cpp,ok,0,1,0,
matei-si-diamantele,cpp,1344635640,matei-si-diamantele/1344635640.cpp,ok,0,0,0,
matei-si-diamantele,cpp,1344635891,matei-si-diamantele/1344635891.cpp,ok,0,1,0,
matei-si-diamantele,cpp,1344636577,matei-si-diamantele/1344636577.cpp,ok,0,0,0,
matei-si-diamantele,cpp,1344637288,matei-si-diamantele/1344637288.cpp,ok,0,0,0,
matei-si-diamantele,cpp,1344637296,matei-si-diamantele/1344637296.cpp,ok,0,1,0,
matei-si-diamantele,cpp,1344637424,matei-si-diamantele/1344637424.cpp,ok,0,1,0,
matei-si-diamantele,cpp,1344637468,matei-si-diamantele/1344637468.cpp,ok,0,10,10,
matei-si-diamantele,cpp,1344637638,matei-si-diamantele/1344637638.cpp,ok,0,0,0,
matei-si-diamantele,cpp,1344667416,matei-si-diamantele/1344667416.cpp,ok,0,1,0,
matei-si-diamantele,cpp,1344667444,matei-si-diamantele/1344667444.cpp,ok,0,1,0,
matei-si-diamantele,cpp,1344667888,matei-si-diamantele/1344667888.cpp,ok,0,0,0,
matei-si-diamantele,cpp,1344668157,matei-si-diamantele/1344668157.cpp,ok,0,0,0,
matei-si-diamantele,cpp,1344694827,matei-si-diamantele/1344694827.cpp,ok,0,0,0,
matei-si-diamantele,cpp,1344694860,matei-si-diamantele/1344694860.cpp,ok,0,0,0,
matei-si-diamantele,cpp,1344697187,matei-si-diamantele/1344697187.cpp,ok,0,1,1,
matei-si-diamantele,cpp,1344697220,matei-si-diamantele/1344697220.cpp,ok,0,0,0,
matei-si-diamantele,cpp,1344697577,matei-si-diamantele/1344697577.cpp,ok,0,2,1,
matei-si-diamantele,cpp,1344697704,matei-si-diamantele/1344697704.cpp,ok,0,2,1,
matei-si-diamantele,cpp,1361335121,matei-si-diamantele/1361335121.cpp,ok,0,0,0,
matei-si-diamantele,cpp,1361359788,matei-si-diamantele/1361359788.cpp,ok,0,0,0,
matei-si-diamantele,cpp,1361359794,matei-si-diamantele/1361359794.cpp,ok,0,0,0,
matei-si-diamantele,cpp,1361579499,matei-si-diamantele/1361579499.cpp,ok,0,2,0,
matei-si-diamantele,cpp,1361579636,matei-si-diamantele/1361579636.cpp,ok,0,0,0,
matei-si-diamantele,cpp,1361579640,matei-si-diamantele/1361579640.cpp,ok,0,2,0,
matei-si-diamantele,cpp,1361579737,matei-si-diamantele/1361579737.cpp,ok,0,2,0,
matei-si-diamantele,cpp,1361579968,matei-si-diamantele/1361579968.cpp,ok,0,0,0,
matei-si-diamantele,cpp,1361589824,matei-si-diamantele/1361589824.cpp,ok,0,0,0,
matei-si-diamantele,cpp,1361600291,matei-si-diamantele/1361600291.cpp,ok,0,0,0,
matei-si-diamantele,cpp,1361652717,matei-si-diamantele/1361652717.cpp,ok,0,0,0,
matei-si-diamantele,cpp,1361652769,matei-si-diamantele/1361652769.cpp,ok,0,0,0,
matei-si-diamantele,cpp,1361653778,matei-si-diamantele/1361653778.cpp,ok,0,0,0,
matei-si-diamantele,cpp,1361659253,matei-si-diamantele/1361659253.cpp,ok,0,2,0,
matei-si-diamantele,cpp,1361659374,matei-si-diamantele/1361659374.cpp,ok,0,0,0,
matei-si-diamantele,cpp,1361703636,matei-si-diamantele/1361703636.cpp,ok,0,0,0,
matei-si-diamantele,cpp,1361720927,matei-si-diamantele/1361720927.cpp,ok,0,0,0,
matei-si-diamantele,cpp,1361733211,matei-si-diamantele/1361733211.cpp,ok,0,0,0,
matei-si-diamantele,cpp,1361737162,matei-si-diamantele/1361737162.cpp,ok,0,6,2,
matei-si-diamantele,cpp,1361752573,matei-si-diamantele/1361752573.cpp,ok,0,0,0,
matei-si-diamantele,cpp,1361752702,matei-si-diamantele/1361752702.cpp,ok,0,0,0,
matei-si-diamantele,cpp,1361766635,matei-si-diamantele/1361766635.cpp,ok,0,0,0,
matei-si-diamantele,cpp,1361770423,matei-si-diamantele/1361770423.cpp,ok,0,0,0,
matei-si-diamantele,cpp,1361807199,matei-si-diamantele/1361807199.cpp,ok,0,1,1,
matei-si-diamantele,cpp,1361810647,matei-si-diamantele/1361810647.cpp,ok,0,2,0,
matei-si-diamantele,cpp,1361864590,matei-si-diamantele/1361864590.cpp,ok,0,0,0,
matei-si-diamantele,cpp,1361869243,matei-si-diamantele/1361869243.cpp,ok,0,0,0,
matei-si-diamantele,cpp,1361892615,matei-si-diamantele/1361892615.cpp,ok,0,0,0,
matei-si-diamantele,cpp,1361899304,matei-si-diamantele/1361899304.cpp,ok,0,0,0,
matei-si-diamantele,cpp,1361901458,matei-si-diamantele/1361901458.cpp,ok,0,0,0,
matei-si-diamantele,cpp,1361903196,matei-si-diamantele/1361903196.cpp,ok,0,0,0,
matei-si-diamantele,cpp,1361903314,matei-si-diamantele/1361903314.cpp,ok,0,0,0,
matei-si-diamantele,cpp,1361903616,matei-si-diamantele/1361903616.cpp,ok,0,1,0,
matei-si-diamantele,cpp,1361903704,matei-si-diamantele/1361903704.cpp,ok,0,0,0,
matei-si-diamantele,cpp,1361904583,matei-si-diamantele/1361904583.cpp,ok,0,0,0,
matei-si-diamantele,cpp,1370607065,matei-si-diamantele/1370607065.cpp,ok,0,0,0,
matei-si-diamantele,cpp,1378017593,matei-si-diamantele/1378017593.cpp,ok,0,0,0,
matei-si-diamantele,cpp,1378034785,matei-si-diamantele/1378034785.cpp,ok,0,0,0,
matei-si-diamantele,cpp,1378035023,matei-si-diamantele/1378035023.cpp,ok,0,1,0,
matei-si-diamantele,cpp,1378040345,matei-si-diamantele/1378040345.cpp,ok,0,0,0,
matei-si-diamantele,cpp,1378065070,matei-si-diamantele/1378065070.cpp,ok,0,0,0,
matei-si-diamantele,cpp,1378065257,matei-si-diamantele/1378065257.cpp,ok,0,0,0,
matei-si-diamantele,cpp,1378078710,matei-si-diamantele/1378078710.cpp,ok,0,3,0,
matei-si-diamantele,cpp,1378078722,matei-si-diamantele/1378078722.cpp,ok,0,3,0,
matei-si-diamantele,cpp,1378092165,matei-si-diamantele/1378092165.cpp,ok,0,0,0,
matei-si-diamantele,cpp,1378092207,matei-si-diamantele/1378092207.cpp,ok,0,0,0,
matei-si-diamantele,cpp,1378117387,matei-si-diamantele/1378117387.cpp,ok,0,0,0,
matei-si-diamantele,cpp,1378117542,matei-si-diamantele/1378117542.cpp,ok,0,2,0,
matei-si-diamantele,cpp,1378117607,matei-si-diamantele/1378117607.cpp,ok,0,0,0,
matei-si-diamantele,cpp,1378117759,matei-si-diamantele/1378117759.cpp,ok,0,0,0,
matei-si-diamantele,cpp,1378117897,matei-si-diamantele/1378117897.cpp,ok,0,0,0,
matei-si-diamantele,cpp,1378120012,matei-si-diamantele/1378120012.cpp,ok,0,0,0,
matei-si-diamantele,cpp,1378120312,matei-si-diamantele/1378120312.cpp,ok,0,0,0,
matei-si-diamantele,cpp,1378120328,matei-si-diamantele/1378120328.cpp,ok,0,0,0,
matei-si-diamantele,cpp,1378120335,matei-si-diamantele/1378120335.cpp,ok,0,0,0,
matei-si-diamantele,cpp,1378121027,matei-si-diamantele/1378121027.cpp,ok,0,1,0,
matei-si-diamantele,cpp,1378148212,matei-si-diamantele/1378148212.cpp,ok,0,4,0,
matei-si-diamantele,cpp,1378148490,matei-si-diamantele/1378148490.cpp,ok,0,4,0,
matei-si-diamantele,cpp,1378149143,matei-si-diamantele/1378149143.cpp,ok,0,6,0,
matei-si-diamantele,cpp,1378149257,matei-si-diamantele/1378149257.cpp,ok,0,2,0,
matei-si-diamantele,cpp,1378151931,matei-si-diamantele/1378151931.cpp,ok,0,2,0,
matei-si-diamantele,cpp,1378153091,matei-si-diamantele/1378153091.cpp,ok,0,0,0,
matei-si-diamantele,cpp,1378153212,matei-si-diamantele/1378153212.cpp,ok,0,0,0,
matei-si-diamantele,cpp,1378153284,matei-si-diamantele/1378153284.cpp,ok,0,0,0,
matei-si-diamantele,cpp,1378156639,matei-si-diamantele/1378156639.cpp,ok,0,0,0,
matei-si-diamantele,c,1378159087,matei-si-diamantele/1378159087.c,ok,0,2,0,
matei-si-diamantele,cpp,1378159125,matei-si-diamantele/1378159125.cpp,ok,0,0,0,
matei-si-diamantele,cpp,1378159176,matei-si-diamantele/1378159176.cpp,ok,0,0,0,
matei-si-diamantele,cpp,1378159190,matei-si-diamantele/1378159190.cpp,ok,0,0,0,
matei-si-diamantele,cpp,1378159204,matei-si-diamantele/1378159204.cpp,ok,0,0,0,
matei-si-diamantele,cpp,1378159378,matei-si-diamantele/1378159378.cpp,ok,0,0,0,
matei-si-diamantele,cpp,1378159448,matei-si-diamantele/1378159448.cpp,ok,0,1,0,
matei-si-diamantele,cpp,1378159458,matei-si-diamantele/1378159458.cpp,ok,0,1,0,
matei-si-diamantele,cpp,1378159486,matei-si-diamantele/1378159486.cpp,ok,0,0,0,
matei-si-diamantele,cpp,1378159507,matei-si-diamantele/1378159507.cpp,ok,0,0,0,
matei-si-diamantele,cpp,1378159510,matei-si-diamantele/1378159510.cpp,ok,0,1,1,
matei-si-diamantele,cpp,1378159523,matei-si-diamantele/1378159523.cpp,ok,0,0,0,
matei-si-diamantele,cpp,1378160109,matei-si-diamantele/1378160109.cpp,ok,0,0,0,
matei-si-diamantele,cpp,1378160444,matei-si-diamantele/1378160444.cpp,ok,0,0,0,
matei-si-diamantele,cpp,1378160778,matei-si-diamantele/1378160778.cpp,ok,0,0,0,
matei-si-diamantele,cpp,1391614243,matei-si-diamantele/1391614243.cpp,ok,0,0,0,
matei-si-diamantele,cpp,1391682518,matei-si-diamantele/1391682518.cpp,ok,0,2,0,
matei-si-diamantele,cpp,1391769625,matei-si-diamantele/1391769625.cpp,ok,0,2,0,
matei-si-diamantele,cpp,1391802279,matei-si-diamantele/1391802279.cpp,ok,0,0,0,
matei-si-diamantele,cpp,1391802299,matei-si-diamantele/1391802299.cpp,ok,0,0,0,
matei-si-diamantele,cpp,1391802353,matei-si-diamantele/1391802353.cpp,ok,0,0,0,
matei-si-diamantele,cpp,1391802361,matei-si-diamantele/1391802361.cpp,ok,0,0,0,
matei-si-diamantele,cpp,1391824959,matei-si-diamantele/1391824959.cpp,ok,0,1,0,
matei-si-diamantele,cpp,1391825349,matei-si-diamantele/1391825349.cpp,ok,0,2,0,
matei-si-diamantele,cpp,1391825514,matei-si-diamantele/1391825514.cpp,ok,0,1,0,
matei-si-diamantele,cpp,1391825589,matei-si-diamantele/1391825589.cpp,ok,0,1,0,
matei-si-diamantele,cpp,1391825752,matei-si-diamantele/1391825752.cpp,ok,0,0,0,
matei-si-diamantele,cpp,1391825862,matei-si-diamantele/1391825862.cpp,ok,0,0,0,
matei-si-diamantele,cpp,1391862369,matei-si-diamantele/1391862369.cpp,ok,0,0,0,
matei-si-diamantele,cpp,1391862758,matei-si-diamantele/1391862758.cpp,ok,0,1,0,
matei-si-diamantele,cpp,1391899262,matei-si-diamantele/1391899262.cpp,ok,0,0,0,
matei-si-diamantele,c,1391901684,matei-si-diamantele/1391901684.c,ok,0,0,0,
matei-si-diamantele,cpp,1391905393,matei-si-diamantele/1391905393.cpp,ok,0,0,0,
matei-si-diamantele,cpp,1391927724,matei-si-diamantele/1391927724.cpp,ok,0,0,0,
matei-si-diamantele,cpp,1391934413,matei-si-diamantele/1391934413.cpp,ok,0,0,0,
matei-si-diamantele,cpp,1391934479,matei-si-diamantele/1391934479.cpp,ok,0,0,0,
matei-si-diamantele,cpp,1391934832,matei-si-diamantele/1391934832.cpp,ok,0,0,0,
matei-si-diamantele,cpp,1391941229,matei-si-diamantele/1391941229.cpp,ok,0,2,1,
matei-si-diamantele,cpp,1391941265,matei-si-diamantele/1391941265.cpp,ok,0,1,0,
matei-si-diamantele,cpp,1391941294,matei-si-diamantele/1391941294.cpp,ok,0,1,0,
matei-si-diamantele,cpp,1391941482,matei-si-diamantele/1391941482.cpp,ok,0,1,0,
matei-si-diamantele,cpp,1391942478,matei-si-diamantele/1391942478.cpp,ok,0,0,0,
matei-si-diamantele,cpp,1391951011,matei-si-diamantele/1391951011.cpp,ok,0,0,0,
matei-si-diamantele,c,1391962165,matei-si-diamantele/1391962165.c,ok,0,2,0,
matei-si-diamantele,c,1391962226,matei-si-diamantele/1391962226.c,ok,0,2,0,
matei-si-diamantele,cpp,1391964261,matei-si-diamantele/1391964261.cpp,ok,0,1,1,
matei-si-diamantele,cpp,1391964711,matei-si-diamantele/1391964711.cpp,ok,0,0,0,
matei-si-diamantele,cpp,1391967203,matei-si-diamantele/1391967203.cpp,ok,0,0,0,
matei-si-diamantele,cpp,1391970489,matei-si-diamantele/1391970489.cpp,ok,0,2,0,
matei-si-diamantele,cpp,1391970625,matei-si-diamantele/1391970625.cpp,ok,0,0,0,
matei-si-diamantele,cpp,1391971153,matei-si-diamantele/1391971153.cpp,ok,0,2,0,
matei-si-diamantele,cpp,1391971205,matei-si-diamantele/1391971205.cpp,ok,0,2,0,
matei-si-diamantele,cpp,1391971221,matei-si-diamantele/1391971221.cpp,ok,0,2,0,
matei-si-diamantele,cpp,1391986473,matei-si-diamantele/1391986473.cpp,ok,0,0,0,
matei-si-diamantele,cpp,1392000917,matei-si-diamantele/1392000917.cpp,ok,0,0,0,
matei-si-diamantele,cpp,1392033232,matei-si-diamantele/1392033232.cpp,ok,0,2,0,
matei-si-diamantele,cpp,1392034696,matei-si-diamantele/1392034696.cpp,ok,0,0,0,
matei-si-diamantele,cpp,1392034728,matei-si-diamantele/1392034728.cpp,ok,0,0,0,
matei-si-diamantele,cpp,1408522644,matei-si-diamantele/1408522644.cpp,ok,0,0,0,
matei-si-diamantele,cpp,1408522783,matei-si-diamantele/1408522783.cpp,ok,0,1,0,
matei-si-diamantele,cpp,1408560151,matei-si-diamantele/1408560151.cpp,ok,0,0,0,
matei-si-diamantele,cpp,1408569415,matei-si-diamantele/1408569415.cpp,ok,0,2,0,
matei-si-diamantele,cpp,1408571299,matei-si-diamantele/1408571299.cpp,ok,0,0,0,
organizare-mafiota,cpp,1314158843,organizare-mafiota/1314158843.cpp,ok,0,0,0,
organizare-mafiota,cpp,1314158851,organizare-mafiota/1314158851.cpp,ok,0,0,0,
organizare-mafiota,cpp,1314158859,organizare-mafiota/1314158859.cpp,ok,0,0,0,
organizare-mafiota,cpp,1314158862,organizare-mafiota/1314158862.cpp,ok,0,0,0,
organizare-mafiota,cpp,1314186184,organizare-mafiota/1314186184.cpp,ok,0,4,0,
organizare-mafiota,cpp,1314212329,organizare-mafiota/1314212329.cpp,ok,0,1,0,
organizare-mafiota,cpp,1314235234,organizare-mafiota/1314235234.cpp,ok,0,2,1,
organizare-mafiota,cpp,1314235802,organizare-mafiota/1314235802.cpp,ok,0,0,0,
organizare-mafiota,cpp,1314235845,organizare-mafiota/1314235845.cpp,ok,0,3,0,
organizare-mafiota,cpp,1314236163,organizare-mafiota/1314236163.cpp,ok,0,4,1,
organizare-mafiota,cpp,1314236204,organizare-mafiota/1314236204.cpp,ok,0,1,0,
organizare-mafiota,cpp,1314236379,organizare-mafiota/1314236379.cpp,ok,0,1,0,
organizare-mafiota,cpp,1314236564,organizare-mafiota/1314236564.cpp,ok,0,4,0,
organizare-mafiota,cpp,1314236632,organizare-mafiota/1314236632.cpp,ok,0,4,0,
organizare-mafiota,cpp,1314236683,organizare-mafiota/1314236683.cpp,ok,0,2,1,
organizare-mafiota,cpp,1314236693,organizare-mafiota/1314236693.cpp,ok,0,2,1,
organizare-mafiota,cpp,1314236712,organizare-mafiota/1314236712.cpp,ok,0,6,0,
organizare-mafiota,cpp,1314236788,organizare-mafiota/1314236788.cpp,ok,0,0,0,
organizare-mafiota,cpp,1314236829,organizare-mafiota/1314236829.cpp,ok,0,6,0,
organizare-mafiota,cpp,1314236901,organizare-mafiota/1314236901.cpp,ok,0,6,4,
organizare-mafiota,cpp,1314236920,organizare-mafiota/1314236920.cpp,ok,0,6,4,
organizare-mafiota,cpp,1314237041,organizare-mafiota/1314237041.cpp,ok,0,2,0,
organizare-mafiota,cpp,1314237062,organizare-mafiota/1314237062.cpp,ok,0,22,0,
organizare-mafiota,cpp,1314237119,organizare-mafiota/1314237119.cpp,ok,0,0,0,
organizare-mafiota,cpp,1314237143,organizare-mafiota/1314237143.cpp,ok,0,2,0,
organizare-mafiota,cpp,1314237178,organizare-mafiota/1314237178.cpp,ok,0,5,0,
organizare-mafiota,cpp,1314237264,organizare-mafiota/1314237264.cpp,ok,0,6,0,
organizare-mafiota,cpp,1314237394,organizare-mafiota/1314237394.cpp,ok,0,2,0,
organizare-mafiota,cpp,1314237580,organizare-mafiota/1314237580.cpp,ok,0,3,0,
organizare-mafiota,cpp,1323078705,organizare-mafiota/1323078705.cpp,ok,0,3,1,
organizare-mafiota,cpp,1323079843,organizare-mafiota/1323079843.cpp,ok,0,3,2,
organizare-mafiota,cpp,1323079981,organizare-mafiota/1323079981.cpp,ok,0,0,0,
organizare-mafiota,cpp,1323388419,organizare-mafiota/1323388419.cpp,ok,0,4,1,
organizare-mafiota,cpp,1323398709,organizare-mafiota/1323398709.cpp,ok,0,9,0,
organizare-mafiota,cpp,1323398884,organizare-mafiota/1323398884.cpp,ok,0,9,0,
organizare-mafiota,cpp,1323409209,organizare-mafiota/1323409209.cpp,ok,0,6,0,
organizare-mafiota,cpp,1323410048,organizare-mafiota/1323410048.cpp,ok,0,1,0,
organizare-mafiota,cpp,1323414901,organizare-mafiota/1323414901.cpp,ok,0,2,0,
organizare-mafiota,cpp,1323431344,organizare-mafiota/1323431344.cpp,ok,0,9,2,
organizare-mafiota,cpp,1323449824,organizare-mafiota/1323449824.cpp,ok,0,0,0,
organizare-mafiota,cpp,1323450152,organizare-mafiota/1323450152.cpp,ok,0,0,0,
organizare-mafiota,cpp,1333772905,organizare-mafiota/1333772905.cpp,ok,0,2,0,
organizare-mafiota,cpp,1333773505,organizare-mafiota/1333773505.cpp,ok,0,2,0,
organizare-mafiota,cpp,1333773627,organizare-mafiota/1333773627.cpp,ok,0,2,0,
organizare-mafiota,cpp,1333777242,organizare-mafiota/1333777242.cpp,ok,0,0,0,
organizare-mafiota,cpp,1333787279,organizare-mafiota/1333787279.cpp,ok,0,2,1,
organizare-mafiota,cpp,1333799188,organizare-mafiota/1333799188.cpp,ok,0,4,0,
organizare-mafiota,cpp,1333805821,organizare-mafiota/1333805821.cpp,ok,0,1,0,
organizare-mafiota,cpp,1344573200,organizare-mafiota/1344573200.cpp,ok,0,3,0,
organizare-mafiota,cpp,1344629085,organizare-mafiota/1344629085.cpp,ok,0,1,0,
organizare-mafiota,cpp,1344635351,organizare-mafiota/1344635351.cpp,ok,0,0,0,
organizare-mafiota,cpp,1359952643,organizare-mafiota/1359952643.cpp,ok,0,0,0,
organizare-mafiota,cpp,1360496791,organizare-mafiota/1360496791.cpp,ok,0,1,0,
organizare-mafiota,cpp,1370607970,organizare-mafiota/1370607970.cpp,ok,0,0,0,
organizare-mafiota,cpp,1378139766,organizare-mafiota/1378139766.cpp,ok,0,0,0,
organizare-mafiota,cpp,1378150681,organizare-mafiota/1378150681.cpp,ok,0,1,0,
organizare-mafiota,cpp,1378150766,organizare-mafiota/1378150766.cpp,ok,0,1,0,
organizare-mafiota,cpp,1391186585,organizare-mafiota/1391186585.cpp,ok,0,0,0,
organizare-mafiota,cpp,1391688758,organizare-mafiota/1391688758.cpp,ok,0,0,0,
organizare-mafiota,cpp,1391779860,organizare-mafiota/1391779860.cpp,ok,0,0,0,
organizare-mafiota,cpp,1391779874,organizare-mafiota/1391779874.cpp,ok,0,0,0,
organizare-mafiota,cpp,1391779888,organizare-mafiota/1391779888.cpp,ok,0,1,0,
organizare-mafiota,cpp,1391864412,organizare-mafiota/1391864412.cpp,ok,0,1,1,
organizare-mafiota,cpp,1391864462,organizare-mafiota/1391864462.cpp,ok,0,0,0,
organizare-mafiota,cpp,1391864553,organizare-mafiota/1391864553.cpp,ok,0,1,0,
organizare-mafiota,cpp,1391864700,organizare-mafiota/1391864700.cpp,ok,0,0,0,
