candidate_id,problem,language,submission_id,source_file,issue_id,severity,line,column,message,risk,code_before,code_at_line,code_after,approved_for_removal,review_notes
unused_000001,cutiile-magice,cpp,1314234678,cutiile-magice/1314234678.cpp,unusedVariable,style,11,13,Unused variable: j,medium,,"float i,j,k,n;",float rez;,FALSE,
unused_000002,cutiile-magice,cpp,1314234918,cutiile-magice/1314234918.cpp,unusedVariable,style,11,13,Unused variable: j,medium,,"float i,j,k,n;",float rez;,FALSE,
unused_000003,cutiile-magice,cpp,1314234918,cutiile-magice/1314234918.cpp,unreadVariable,style,29,11,Variable 'i' is assigned a value that is never used.,medium,},i = (int)rez;,rez = 0;,FALSE,
unused_000004,cutiile-magice,cpp,1314236043,cutiile-magice/1314236043.cpp,unusedFunction,style,8,8,The function 'myFraction' is never used.,high,,"double myFraction(int x, int n)",{,FALSE,
unused_000005,cutiile-magice,cpp,1314236059,cutiile-magice/1314236059.cpp,unusedVariable,style,14,11,Unused variable: j,medium,double res = n;,"int i,j;",double auxSum;,FALSE,
unused_000006,cutiile-magice,cpp,1314236255,cutiile-magice/1314236255.cpp,unusedFunction,style,8,8,The function 'myFraction' is never used.,high,,"double myFraction(int x, int n)",{,FALSE,
unused_000007,cutiile-magice,cpp,1314236649,cutiile-magice/1314236649.cpp,unreadVariable,style,13,33,Variable 'aux' is assigned a value that is never used.,medium,int k;,"long double n, res = 0, aux = 0;",long double prob[51][11];,FALSE,
unused_000008,cutiile-magice,cpp,1314236669,cutiile-magice/1314236669.cpp,unusedVariable,style,23,13,Unused variable: i,medium,cin.tie(NULL);,"int N,K,i;",cin>>N>>K;,FALSE,
unused_000009,cutiile-magice,cpp,1314236710,cutiile-magice/1314236710.cpp,unreadVariable,style,13,33,Variable 'aux' is assigned a value that is never used.,medium,int k;,"long double n, res = 0, aux = 0;",long double prob[51][11];,FALSE,
unused_000010,cutiile-magice,cpp,1314236738,cutiile-magice/1314236738.cpp,unusedVariable,style,12,13,Unused variable: j,medium,,"float i,j,k,n;",float rez;,FALSE,
unused_000011,cutiile-magice,cpp,1314236883,cutiile-magice/1314236883.cpp,unusedVariable,style,23,13,Unused variable: i,medium,cin.tie(NULL);,"int N,K,i;",cin>>N>>K;,FALSE,
unused_000012,cutiile-magice,cpp,1314237078,cutiile-magice/1314237078.cpp,unreadVariable,style,13,28,Variable 'aux' is assigned a value that is never used.,medium,int k;,"double n, res = 0, aux = 0;",double prob[11][51];,FALSE,
unused_000013,cutiile-magice,cpp,1314237078,cutiile-magice/1314237078.cpp,unreadVariable,style,47,13,Variable 'aux' is assigned a value that is never used.,medium,res += i * prob[k][i];,aux += prob[k][i];,},FALSE,
unused_000014,cutiile-magice,cpp,1314237155,cutiile-magice/1314237155.cpp,unusedVariable,style,12,13,Unused variable: j,medium,,"float i,j,k,n;",float rez;,FALSE,
unused_000015,cutiile-magice,cpp,1314237197,cutiile-magice/1314237197.cpp,unusedVariable,style,11,15,Unused variable: y,medium,"double n, k;","double x, y;",x = 0;,FALSE,
unused_000016,cutiile-magice,cpp,1314287538,cutiile-magice/1314287538.cpp,unreadVariable,style,16,30,Variable 'probs' is assigned a value that is never used.,medium,},"std::vector<double> probs(n, 1);","int i, j, l;",FALSE,
unused_000017,cutiile-magice,cpp,1314287538,cutiile-magice/1314287538.cpp,unusedVariable,style,17,12,Unused variable: j,medium,"std::vector<double> probs(n, 1);","int i, j, l;",double x = n;,FALSE,
unused_000018,cutiile-magice,cpp,1314287538,cutiile-magice/1314287538.cpp,unusedVariable,style,17,15,Unused variable: l,medium,"std::vector<double> probs(n, 1);","int i, j, l;",double x = n;,FALSE,
unused_000019,cutiile-magice,cpp,1332587187,cutiile-magice/1332587187.cpp,unreadVariable,style,61,16,Variable 'task' is assigned a value that is never used.,medium,int main() {,auto* task = new (std::nothrow) Task{};,if (!task) {,FALSE,
unused_000020,cutiile-magice,cpp,1332595204,cutiile-magice/1332595204.cpp,unreadVariable,style,53,16,Variable 'task' is assigned a value that is never used.,medium,int main() {,auto* task = new (std::nothrow) Task{};,if (!task) {,FALSE,
unused_000021,cutiile-magice,cpp,1332595217,cutiile-magice/1332595217.cpp,unreadVariable,style,53,16,Variable 'task' is assigned a value that is never used.,medium,int main() {,auto* task = new (std::nothrow) Task{};,if (!task) {,FALSE,
unused_000022,cutiile-magice,cpp,1342825484,cutiile-magice/1342825484.cpp,unusedFunction,style,30,4,The function 'mypowr' is never used.,high,ll const md=998244353LL;,"ll mypowr(ll a,ll b, ll mod1) {ll res=1;if(b<0)b=0;a%=mod1; assert(b>=0);",for(;b;b>>=1){if(b&1)res=res*a%mod1;a=a*a%mod1;}return res;},FALSE,
unused_000023,cutiile-magice,cpp,1342825484,cutiile-magice/1342825484.cpp,unusedFunction,style,32,4,The function 'mypow' is never used.,high,for(;b;b>>=1){if(b&1)res=res*a%mod1;a=a*a%mod1;}return res;},"ll mypow(ll a,ll b) {ll res=1;if(b<0)b=0;assert(b>=0);",for(;b;b>>=1){if(b&1)res=res*a;a=a*a;}return res;},FALSE,
unused_000024,gigel-si-raspandirea-vestilor,cpp,1314234604,gigel-si-raspandirea-vestilor/1314234604.cpp,unusedFunction,style,92,10,The function 'print_output' is never used.,high,,void print_output(vector<int> result),{,FALSE,
unused_000025,gigel-si-raspandirea-vestilor,cpp,1314234604,gigel-si-raspandirea-vestilor/1314234604.cpp,unusedPrivateFunction,style,92,10,Unused private function: 'Task::print_output',high,,void print_output(vector<int> result),{,FALSE,
unused_000026,gigel-si-raspandirea-vestilor,cpp,1314234800,gigel-si-raspandirea-vestilor/1314234800.cpp,unusedFunction,style,28,14,The function 'dfs' is never used.,high,,"void dfs(int start, vector<bool> &visited, vector<int> &stack, int d, vector<int> &depth)",{,FALSE,
unused_000027,gigel-si-raspandirea-vestilor,cpp,1314234919,gigel-si-raspandirea-vestilor/1314234919.cpp,redundantAssignment,style,52,24,Variable 'visited[1]' is reassigned a value before the old one has been used.,medium,timp[1] = 0;,visited[1] = true;,coada.push(1);,FALSE,
unused_000028,gigel-si-raspandirea-vestilor,cpp,1314235050,gigel-si-raspandirea-vestilor/1314235050.cpp,unreadVariable,style,12,17,Variable 'counter' is assigned a value that is never used.,medium,int relationships = 0;,int counter = 1;,"int parent, child;",FALSE,
unused_000029,gigel-si-raspandirea-vestilor,cpp,1314235063,gigel-si-raspandirea-vestilor/1314235063.cpp,unreadVariable,style,16,19,Variable 'res' is assigned a value that is never used.,medium,int main() {,"int n, m, res = 0;",,FALSE,
unused_000030,gigel-si-raspandirea-vestilor,cpp,1314235204,gigel-si-raspandirea-vestilor/1314235204.cpp,unreadVariable,style,27,15,Variable 'count' is assigned a value that is never used.,medium,},int count = 1;,int ordin = 0;,FALSE,
unused_000031,gigel-si-raspandirea-vestilor,cpp,1314235204,gigel-si-raspandirea-vestilor/1314235204.cpp,unreadVariable,style,28,15,Variable 'ordin' is assigned a value that is never used.,medium,int count = 1;,int ordin = 0;,ordine[1] = 0;,FALSE,
unused_000032,gigel-si-raspandirea-vestilor,cpp,1314235286,gigel-si-raspandirea-vestilor/1314235286.cpp,unusedStructMember,style,10,9,struct member 'edge::x' is never used.,high,struct edge {,"int x,y;",};,FALSE,
unused_000033,gigel-si-raspandirea-vestilor,cpp,1314235286,gigel-si-raspandirea-vestilor/1314235286.cpp,unusedStructMember,style,10,11,struct member 'edge::y' is never used.,high,struct edge {,"int x,y;",};,FALSE,
unused_000034,gigel-si-raspandirea-vestilor,cpp,1314235286,gigel-si-raspandirea-vestilor/1314235286.cpp,unreadVariable,style,29,15,Variable 'ldid' is assigned a value that is never used.,medium,queue<int> lq;,bool ldid = false;,"vector<bool> viz(n + 1, false);",FALSE,
unused_000035,gigel-si-raspandirea-vestilor,cpp,1314235349,gigel-si-raspandirea-vestilor/1314235349.cpp,unreadVariable,style,30,15,Variable 'count' is assigned a value that is never used.,medium,},int count = 1;,int ordin = 0;,FALSE,
unused_000036,gigel-si-raspandirea-vestilor,cpp,1314235349,gigel-si-raspandirea-vestilor/1314235349.cpp,unreadVariable,style,31,15,Variable 'ordin' is assigned a value that is never used.,medium,int count = 1;,int ordin = 0;,ordine[1] = 0;,FALSE,
unused_000037,gigel-si-raspandirea-vestilor,cpp,1314235408,gigel-si-raspandirea-vestilor/1314235408.cpp,unreadVariable,style,31,15,Variable 'count' is assigned a value that is never used.,medium,},int count = 1;,int ordin = 0;,FALSE,
unused_000038,gigel-si-raspandirea-vestilor,cpp,1314235408,gigel-si-raspandirea-vestilor/1314235408.cpp,unreadVariable,style,32,15,Variable 'ordin' is assigned a value that is never used.,medium,int count = 1;,int ordin = 0;,ordine[1] = 0;,FALSE,
unused_000039,gigel-si-raspandirea-vestilor,cpp,1314235604,gigel-si-raspandirea-vestilor/1314235604.cpp,unusedFunction,style,8,5,The function 'dfs' is never used.,high,,"int dfs(std::vector<std::list<int>> *connections, int n) {","int *val = (int *) calloc(n, sizeof(int));",FALSE,
unused_000040,gigel-si-raspandirea-vestilor,c,1314235671,gigel-si-raspandirea-vestilor/1314235671.c,unreadVariable,style,67,16,Variable 'ok' is assigned a value that is never used.,medium,{,int ok = 0;,,FALSE,
unused_000041,gigel-si-raspandirea-vestilor,c,1314235671,gigel-si-raspandirea-vestilor/1314235671.c,unreadVariable,style,73,20,Variable 'ok' is assigned a value that is never used.,medium,{,ok = 1;,size ++;,FALSE,
unused_000042,gigel-si-raspandirea-vestilor,c,1314235726,gigel-si-raspandirea-vestilor/1314235726.c,unreadVariable,style,69,16,Variable 'ok' is assigned a value that is never used.,medium,{,int ok = 0;,,FALSE,
unused_000043,gigel-si-raspandirea-vestilor,c,1314235726,gigel-si-raspandirea-vestilor/1314235726.c,unusedFunction,style,9,6,The function 'allVisited' is never used.,high,,"bool allVisited(bool *visited, int N)",{,FALSE,
unused_000044,gigel-si-raspandirea-vestilor,cpp,1314235783,gigel-si-raspandirea-vestilor/1314235783.cpp,unreadVariable,style,36,23,Variable 'parent[i]' is assigned a value that is never used.,medium,visited[i] = 0;,parent[i] = -1;,},FALSE,
unused_000045,gigel-si-raspandirea-vestilor,cpp,1314235783,gigel-si-raspandirea-vestilor/1314235783.cpp,unreadVariable,style,42,17,Variable 'tos' is assigned a value that is never used.,medium,,int tos = 0;,int level = 0;,FALSE,
unused_000046,gigel-si-raspandirea-vestilor,cpp,1314235783,gigel-si-raspandirea-vestilor/1314235783.cpp,unreadVariable,style,45,25,Variable 'next_level' is assigned a value that is never used.,medium,int smt_level = 999;,bool next_level = false;,,FALSE,
unused_000047,gigel-si-raspandirea-vestilor,cpp,1314235832,gigel-si-raspandirea-vestilor/1314235832.cpp,unreadVariable,style,34,15,Variable 'count' is assigned a value that is never used.,medium,},int count = 1;,int ordin = 0;,FALSE,
unused_000048,gigel-si-raspandirea-vestilor,cpp,1314235832,gigel-si-raspandirea-vestilor/1314235832.cpp,unreadVariable,style,35,15,Variable 'ordin' is assigned a value that is never used.,medium,int count = 1;,int ordin = 0;,ordine[1][0] = 1;,FALSE,
unused_000049,gigel-si-raspandirea-vestilor,cpp,1314235857,gigel-si-raspandirea-vestilor/1314235857.cpp,unreadVariable,style,34,15,Variable 'count' is assigned a value that is never used.,medium,},int count = 1;,int ordin = 0;,FALSE,
unused_000050,gigel-si-raspandirea-vestilor,cpp,1314235857,gigel-si-raspandirea-vestilor/1314235857.cpp,unreadVariable,style,35,15,Variable 'ordin' is assigned a value that is never used.,medium,int count = 1;,int ordin = 0;,ordine[1][0] = 1;,FALSE,
unused_000051,gigel-si-raspandirea-vestilor,cpp,1314235860,gigel-si-raspandirea-vestilor/1314235860.cpp,unreadVariable,style,35,23,Variable 'parent[i]' is assigned a value that is never used.,medium,visited[i] = 0;,parent[i] = -1;,},FALSE,
unused_000052,gigel-si-raspandirea-vestilor,cpp,1314235860,gigel-si-raspandirea-vestilor/1314235860.cpp,unreadVariable,style,41,17,Variable 'tos' is assigned a value that is never used.,medium,,int tos = 0;,int level = 0;,FALSE,
unused_000053,gigel-si-raspandirea-vestilor,cpp,1314235860,gigel-si-raspandirea-vestilor/1314235860.cpp,unreadVariable,style,44,25,Variable 'next_level' is assigned a value that is never used.,medium,int smt_level = 999;,bool next_level = false;,,FALSE,
unused_000054,gigel-si-raspandirea-vestilor,cpp,1314235898,gigel-si-raspandirea-vestilor/1314235898.cpp,unreadVariable,style,30,24,Variable 'dim_nivel' is assigned a value that is never used.,medium,queue<int> coada;,"int nod, dim_nivel = 0;",coada.push(1);,FALSE,
unused_000055,gigel-si-raspandirea-vestilor,cpp,1314235965,gigel-si-raspandirea-vestilor/1314235965.cpp,unreadVariable,style,35,23,Variable 'parent[i]' is assigned a value that is never used.,medium,visited[i] = 0;,parent[i] = -1;,},FALSE,
unused_000056,gigel-si-raspandirea-vestilor,cpp,1314235965,gigel-si-raspandirea-vestilor/1314235965.cpp,unreadVariable,style,41,17,Variable 'tos' is assigned a value that is never used.,medium,,int tos = 0;,int level = 0;,FALSE,
unused_000057,gigel-si-raspandirea-vestilor,cpp,1314235965,gigel-si-raspandirea-vestilor/1314235965.cpp,unreadVariable,style,44,25,Variable 'next_level' is assigned a value that is never used.,medium,int smt_level = 999;,bool next_level = false;,,FALSE,
unused_000058,gigel-si-raspandirea-vestilor,cpp,1314235979,gigel-si-raspandirea-vestilor/1314235979.cpp,unusedVariable,style,42,16,Unused variable: node,medium,,"int front, node;",,FALSE,
unused_000059,gigel-si-raspandirea-vestilor,cpp,1314236543,gigel-si-raspandirea-vestilor/1314236543.cpp,unreadVariable,style,45,45,Variable 'count' is assigned a value that is never used.,medium,dist[source] = 0;,"Q.push(make_pair(source, 0)); int count = 0;",while(!Q.empty()){,FALSE,
unused_000060,gigel-si-raspandirea-vestilor,cpp,1314236543,gigel-si-raspandirea-vestilor/1314236543.cpp,unusedVariable,style,72,19,Unused variable: w,medium,for(int j = 1; j <= M; j++){,"int x, y, w;",cin>>x>>y;,FALSE,
unused_000061,gigel-si-raspandirea-vestilor,cpp,1314236627,gigel-si-raspandirea-vestilor/1314236627.cpp,unusedVariable,style,15,12,Unused variable: j,medium,,"int i, j, x, y;",for(i = 0; i <= n; i++),FALSE,
unused_000062,gigel-si-raspandirea-vestilor,cpp,1314236833,gigel-si-raspandirea-vestilor/1314236833.cpp,unreadVariable,style,20,21,Variable 'tos' is assigned a value that is never used.,medium,,int tos = 0;,int level = 0;,FALSE,
unused_000063,gigel-si-raspandirea-vestilor,c,1314237278,gigel-si-raspandirea-vestilor/1314237278.c,unreadVariable,style,69,11,Variable 'Count' is assigned a value that is never used.,medium,int Count = N;,Count --;,,FALSE,
unused_000064,gigel-si-raspandirea-vestilor,c,1314237378,gigel-si-raspandirea-vestilor/1314237378.c,unreadVariable,style,28,20,Variable 'sefuClasei' is assigned a value that is never used.,medium,"int N = 0, M = 0;",int sefuClasei = 1;,,FALSE,
unused_000065,gigel-si-raspandirea-vestilor,c,1314237378,gigel-si-raspandirea-vestilor/1314237378.c,unreadVariable,style,70,16,Variable 'ok' is assigned a value that is never used.,medium,,int ok = 0;,,FALSE,
unused_000066,gigel-si-raspandirea-vestilor,c,1314237378,gigel-si-raspandirea-vestilor/1314237378.c,unusedFunction,style,9,6,The function 'allVisited' is never used.,high,,"bool allVisited(bool *visited, int N)",{,FALSE,
unused_000067,gigel-si-raspandirea-vestilor,cpp,1314237425,gigel-si-raspandirea-vestilor/1314237425.cpp,unreadVariable,style,14,21,Variable 'allVisited' is assigned a value that is never used.,medium,"int parent, child;",bool allVisited = false;,,FALSE,
unused_000068,gigel-si-raspandirea-vestilor,c,1314237563,gigel-si-raspandirea-vestilor/1314237563.c,unreadVariable,style,27,20,Variable 'sefuClasei' is assigned a value that is never used.,medium,"int N = 0, M = 0;",int sefuClasei = 1;,,FALSE,
unused_000069,gigel-si-raspandirea-vestilor,c,1314237563,gigel-si-raspandirea-vestilor/1314237563.c,unreadVariable,style,62,18,Variable 'maxLevel' is assigned a value that is never used.,medium,,int maxLevel = 0;,,FALSE,
unused_000070,gigel-si-raspandirea-vestilor,c,1314237563,gigel-si-raspandirea-vestilor/1314237563.c,unreadVariable,style,69,16,Variable 'ok' is assigned a value that is never used.,medium,,int ok = 0;,,FALSE,
unused_000071,gigel-si-raspandirea-vestilor,cpp,1314237573,gigel-si-raspandirea-vestilor/1314237573.cpp,unusedVariable,style,44,9,Unused variable: i,medium,vector<int> check(n+1);,"int i, t = 0, ok;",,FALSE,
unused_000072,gigel-si-raspandirea-vestilor,c,1314237613,gigel-si-raspandirea-vestilor/1314237613.c,unreadVariable,style,27,20,Variable 'sefuClasei' is assigned a value that is never used.,medium,"int N = 0, M = 0;",int sefuClasei = 1;,,FALSE,
unused_000073,gigel-si-raspandirea-vestilor,c,1314237613,gigel-si-raspandirea-vestilor/1314237613.c,unreadVariable,style,62,18,Variable 'maxLevel' is assigned a value that is never used.,medium,,int maxLevel = 0;,,FALSE,
unused_000074,gigel-si-raspandirea-vestilor,c,1314237613,gigel-si-raspandirea-vestilor/1314237613.c,unreadVariable,style,69,16,Variable 'ok' is assigned a value that is never used.,medium,,int ok = 0;,,FALSE,
unused_000075,gigel-si-raspandirea-vestilor,cpp,1314237749,gigel-si-raspandirea-vestilor/1314237749.cpp,unreadVariable,style,14,21,Variable 'allVisited' is assigned a value that is never used.,medium,"int parent, child;",bool allVisited = false;,,FALSE,
unused_000076,gigel-si-raspandirea-vestilor,cpp,1314237763,gigel-si-raspandirea-vestilor/1314237763.cpp,redundantAssignment,style,39,21,Variable 'lastVisited' is reassigned a value before the old one has been used.,medium,},lastVisited = s;,time_s++;,FALSE,
unused_000077,gigel-si-raspandirea-vestilor,cpp,1314237793,gigel-si-raspandirea-vestilor/1314237793.cpp,redundantAssignment,style,39,21,Variable 'lastVisited' is reassigned a value before the old one has been used.,medium,},lastVisited = s;,time_s++;,FALSE,
unused_000078,gigel-si-raspandirea-vestilor,cpp,1323417365,gigel-si-raspandirea-vestilor/1323417365.cpp,unusedStructMember,style,17,16,class member 'Task::stiva' is never used.,high,vector<int> adj[kNmax];,stack<int> stiva;,int nivele = 0;,FALSE,
unused_000079,gigel-si-raspandirea-vestilor,cpp,1323417873,gigel-si-raspandirea-vestilor/1323417873.cpp,unreadVariable,style,45,15,Variable 'x' is assigned a value that is never used.,medium,if (x == kMax) {,x = -1;,},FALSE,
unused_000080,gigel-si-raspandirea-vestilor,cpp,1323418038,gigel-si-raspandirea-vestilor/1323418038.cpp,unreadVariable,style,45,15,Variable 'x' is assigned a value that is never used.,medium,if (x == kMax) {,x = -1;,},FALSE,
unused_000081,gigel-si-raspandirea-vestilor,cpp,1323418517,gigel-si-raspandirea-vestilor/1323418517.cpp,unusedStructMember,style,19,9,class member 'Task::source' is never used.,high,int m;,int source;,vector<int> adj[100005];,FALSE,
unused_000082,gigel-si-raspandirea-vestilor,cpp,1323437200,gigel-si-raspandirea-vestilor/1323437200.cpp,unreadVariable,style,13,14,Variable 'aux' is assigned a value that is never used.,medium,queue<int> q_old;,bool aux = 0;,int time = 0;,FALSE,
unused_000083,gigel-si-raspandirea-vestilor,cpp,1323442922,gigel-si-raspandirea-vestilor/1323442922.cpp,unusedVariable,style,7,18,Unused variable: aux1,medium,{,"int n, m, i, aux1, aux2;",cin >> n >> m;,FALSE,
unused_000084,gigel-si-raspandirea-vestilor,cpp,1323442922,gigel-si-raspandirea-vestilor/1323442922.cpp,unusedVariable,style,7,24,Unused variable: aux2,medium,{,"int n, m, i, aux1, aux2;",cin >> n >> m;,FALSE,
unused_000085,gigel-si-raspandirea-vestilor,cpp,1323448181,gigel-si-raspandirea-vestilor/1323448181.cpp,unusedStructMember,style,21,9,class member 'Task::source' is never used.,high,int m;,int source;,vector<int> adj[kNmax];,FALSE,
unused_000086,gigel-si-raspandirea-vestilor,cpp,1323453426,gigel-si-raspandirea-vestilor/1323453426.cpp,unusedStructMember,style,20,6,class member 'Task::source' is never used.,high,int m;,int source;,vector<int> adj[kNmax];,FALSE,
unused_000087,gigel-si-raspandirea-vestilor,cpp,1323455308,gigel-si-raspandirea-vestilor/1323455308.cpp,unreadVariable,style,32,14,Variable 'vis' is assigned a value that is never used.,medium,q.push(src);,bool vis = false;,while (!q.empty()) {,FALSE,
unused_000088,gigel-si-raspandirea-vestilor,cpp,1323455786,gigel-si-raspandirea-vestilor/1323455786.cpp,unreadVariable,style,33,14,Variable 'vis' is assigned a value that is never used.,medium,int timer = 0;,bool vis = false;,"int add = 0, sub = 0;",FALSE,
unused_000089,gigel-si-raspandirea-vestilor,cpp,1323455786,gigel-si-raspandirea-vestilor/1323455786.cpp,unreadVariable,style,52,20,Variable 'vis' is assigned a value that is never used.,medium,q.push(neigh);,vis = true;,,FALSE,
unused_000090,gigel-si-raspandirea-vestilor,cpp,1323455796,gigel-si-raspandirea-vestilor/1323455796.cpp,unreadVariable,style,33,14,Variable 'vis' is assigned a value that is never used.,medium,int timer = 0;,bool vis = false;,"int add = 0, sub = 0;",FALSE,
unused_000091,gigel-si-raspandirea-vestilor,cpp,1323455796,gigel-si-raspandirea-vestilor/1323455796.cpp,unreadVariable,style,52,20,Variable 'vis' is assigned a value that is never used.,medium,q.push(neigh);,vis = true;,add++;,FALSE,
unused_000092,gigel-si-raspandirea-vestilor,cpp,1332268689,gigel-si-raspandirea-vestilor/1332268689.cpp,unusedVariable,style,12,12,Unused variable: j,medium,"int N, M;","int i, j;","int x, y;",FALSE,
unused_000093,gigel-si-raspandirea-vestilor,cpp,1332671446,gigel-si-raspandirea-vestilor/1332671446.cpp,unreadVariable,style,21,22,Variable 'map_2' is assigned a value that is never used.,medium,"vector<int> map(N + 1,0);","vector<int> map_2(N + 1,0);",,FALSE,
unused_000094,gigel-si-raspandirea-vestilor,cpp,1332671446,gigel-si-raspandirea-vestilor/1332671446.cpp,unreadVariable,style,30,11,Variable 'j' is assigned a value that is never used.,medium,int t = 0;,int j = 0;,,FALSE,
unused_000095,gigel-si-raspandirea-vestilor,cpp,1332904455,gigel-si-raspandirea-vestilor/1332904455.cpp,unusedFunction,style,16,6,The function 'printGraph' is never used.,high,,"void printGraph(vector<int> adj[], int V)",{,FALSE,
unused_000096,gigel-si-raspandirea-vestilor,cpp,1332904536,gigel-si-raspandirea-vestilor/1332904536.cpp,unusedFunction,style,16,6,The function 'printGraph' is never used.,high,,"void printGraph(vector<int> adj[], int V)",{,FALSE,
unused_000097,gigel-si-raspandirea-vestilor,cpp,1332904536,gigel-si-raspandirea-vestilor/1332904536.cpp,unreadVariable,style,42,35,Variable 'elevi_cunoscatori' is assigned a value that is never used.,medium,q.push(v);,"int timp = 0, elevi_cunoscatori = 1;",d[v] = 0;,FALSE,
unused_000098,gigel-si-raspandirea-vestilor,cpp,1333776306,gigel-si-raspandirea-vestilor/1333776306.cpp,unreadVariable,style,55,20,Variable 'map' is assigned a value that is never used.,medium,vector<int> adj[NMAX];,"vector<int> map(N + 1,0);","vector<int> map_2(N + 1,0);",FALSE,
unused_000099,gigel-si-raspandirea-vestilor,cpp,1333776306,gigel-si-raspandirea-vestilor/1333776306.cpp,unreadVariable,style,56,22,Variable 'map_2' is assigned a value that is never used.,medium,"vector<int> map(N + 1,0);","vector<int> map_2(N + 1,0);",,FALSE,
unused_000100,gigel-si-raspandirea-vestilor,cpp,1333777520,gigel-si-raspandirea-vestilor/1333777520.cpp,unreadVariable,style,136,20,Variable 'map' is assigned a value that is never used.,medium,vector<int> adj[NMAX];,"vector<int> map(N + 1,0);","vector<int> map_2(N + 1,0);",FALSE,
unused_000101,gigel-si-raspandirea-vestilor,cpp,1333777520,gigel-si-raspandirea-vestilor/1333777520.cpp,unreadVariable,style,137,22,Variable 'map_2' is assigned a value that is never used.,medium,"vector<int> map(N + 1,0);","vector<int> map_2(N + 1,0);",,FALSE,
unused_000102,gigel-si-raspandirea-vestilor,cpp,1333777520,gigel-si-raspandirea-vestilor/1333777520.cpp,unusedFunction,style,16,6,The function 'dijkstra' is never used.,high,,"void dijkstra(vector<int> adj[],int src,int N) {",priority_queue<int> pq;,FALSE,
unused_000103,gigel-si-raspandirea-vestilor,cpp,1333777520,gigel-si-raspandirea-vestilor/1333777520.cpp,unusedFunction,style,61,6,The function 'floyd' is never used.,high,,"void floyd(vector< vector<int>> graph,int N){","vector< vector<int>> dist(N + 1, vector<int> (N + 1));",FALSE,
unused_000104,gigel-si-raspandirea-vestilor,cpp,1333777537,gigel-si-raspandirea-vestilor/1333777537.cpp,unreadVariable,style,141,20,Variable 'map' is assigned a value that is never used.,medium,Graph *g = new Graph();,"vector<int> map(N + 1,0);","vector<int> map_2(N + 1,0);",FALSE,
unused_000105,gigel-si-raspandirea-vestilor,cpp,1333777537,gigel-si-raspandirea-vestilor/1333777537.cpp,unreadVariable,style,142,22,Variable 'map_2' is assigned a value that is never used.,medium,"vector<int> map(N + 1,0);","vector<int> map_2(N + 1,0);",,FALSE,
unused_000106,gigel-si-raspandirea-vestilor,cpp,1333777537,gigel-si-raspandirea-vestilor/1333777537.cpp,unusedFunction,style,16,6,The function 'dijkstra' is never used.,high,,"void dijkstra(vector<int> adj[],int src,int N) {",priority_queue<int> pq;,FALSE,
unused_000107,gigel-si-raspandirea-vestilor,cpp,1333777537,gigel-si-raspandirea-vestilor/1333777537.cpp,unusedFunction,style,61,6,The function 'floyd' is never used.,high,,"void floyd(vector< vector<int>> graph,int N){","vector< vector<int>> dist(N + 1, vector<int> (N + 1));",FALSE,
unused_000108,gigel-si-raspandirea-vestilor,cpp,1333804513,gigel-si-raspandirea-vestilor/1333804513.cpp,unreadVariable,style,142,31,Variable 'graph' is assigned a value that is never used.,medium,,"vector< vector<int>> graph(N + 1, vector<int> (N + 1,INF));",,FALSE,
unused_000109,gigel-si-raspandirea-vestilor,cpp,1333804513,gigel-si-raspandirea-vestilor/1333804513.cpp,unusedFunction,style,16,6,The function 'dijkstra' is never used.,high,,"void dijkstra(vector<int> adj[],int src,int N) {",priority_queue<int> pq;,FALSE,
unused_000110,gigel-si-raspandirea-vestilor,cpp,1333804513,gigel-si-raspandirea-vestilor/1333804513.cpp,unusedFunction,style,61,6,The function 'floyd' is never used.,high,,"void floyd(vector< vector<int>> graph,int N){","vector< vector<int>> dist(N + 1, vector<int> (N + 1));",FALSE,
unused_000111,gigel-si-raspandirea-vestilor,cpp,1333804612,gigel-si-raspandirea-vestilor/1333804612.cpp,unreadVariable,style,144,31,Variable 'graph' is assigned a value that is never used.,medium,,"vector< vector<int>> graph(N + 1, vector<int> (N + 1,INF));",,FALSE,
unused_000112,gigel-si-raspandirea-vestilor,cpp,1333804612,gigel-si-raspandirea-vestilor/1333804612.cpp,unusedFunction,style,16,6,The function 'dijkstra' is never used.,high,,"void dijkstra(vector<int> adj[],int src,int N) {",priority_queue<int> pq;,FALSE,
unused_000113,gigel-si-raspandirea-vestilor,cpp,1333804612,gigel-si-raspandirea-vestilor/1333804612.cpp,unusedFunction,style,61,6,The function 'floyd' is never used.,high,,"void floyd(vector< vector<int>> graph,int N){","vector< vector<int>> dist(N + 1, vector<int> (N + 1));",FALSE,
unused_000114,gigel-si-raspandirea-vestilor,cpp,1333804621,gigel-si-raspandirea-vestilor/1333804621.cpp,unusedFunction,style,16,6,The function 'dijkstra' is never used.,high,,"void dijkstra(vector<int> adj[],int src,int N) {",priority_queue<int> pq;,FALSE,
unused_000115,gigel-si-raspandirea-vestilor,cpp,1333804621,gigel-si-raspandirea-vestilor/1333804621.cpp,unusedFunction,style,61,6,The function 'floyd' is never used.,high,,"void floyd(vector< vector<int>> graph,int N){","vector< vector<int>> dist(N + 1, vector<int> (N + 1));",FALSE,
unused_000116,gigel-si-raspandirea-vestilor,cpp,1333805462,gigel-si-raspandirea-vestilor/1333805462.cpp,unusedVariable,style,48,15,Unused variable: t,medium,{,"int n, m, t, j, x, y, i, k;",,FALSE,
unused_000117,gigel-si-raspandirea-vestilor,cpp,1333805462,gigel-si-raspandirea-vestilor/1333805462.cpp,unusedVariable,style,48,18,Unused variable: j,medium,{,"int n, m, t, j, x, y, i, k;",,FALSE,
unused_000118,gigel-si-raspandirea-vestilor,cpp,1333805462,gigel-si-raspandirea-vestilor/1333805462.cpp,unusedVariable,style,48,30,Unused variable: k,medium,{,"int n, m, t, j, x, y, i, k;",,FALSE,
unused_000119,gigel-si-raspandirea-vestilor,cpp,1333805723,gigel-si-raspandirea-vestilor/1333805723.cpp,unusedVariable,style,45,25,Unused variable: pq,medium,"vector<int> d(n + 1, 0);","set<pair<int, int>> pq;",,FALSE,
unused_000120,gigel-si-raspandirea-vestilor,cpp,1342819300,gigel-si-raspandirea-vestilor/1342819300.cpp,unusedFunction,style,30,4,The function 'mypowr' is never used.,high,ll const md=998244353LL;,"ll mypowr(ll a,ll b, ll mod1) {ll res=1;if(b<0)b=0;a%=mod1; assert(b>=0);",for(;b;b>>=1){if(b&1)res=res*a%mod1;a=a*a%mod1;}return res;},FALSE,
unused_000121,gigel-si-raspandirea-vestilor,cpp,1342819300,gigel-si-raspandirea-vestilor/1342819300.cpp,unusedFunction,style,32,4,The function 'mypow' is never used.,high,for(;b;b>>=1){if(b&1)res=res*a%mod1;a=a*a%mod1;}return res;},"ll mypow(ll a,ll b) {ll res=1;if(b<0)b=0;assert(b>=0);",for(;b;b>>=1){if(b&1)res=res*a;a=a*a;}return res;},FALSE,
unused_000122,gigel-si-raspandirea-vestilor,cpp,1342819313,gigel-si-raspandirea-vestilor/1342819313.cpp,unusedFunction,style,30,4,The function 'mypowr' is never used.,high,ll const md=998244353LL;,"ll mypowr(ll a,ll b, ll mod1) {ll res=1;if(b<0)b=0;a%=mod1; assert(b>=0);",for(;b;b>>=1){if(b&1)res=res*a%mod1;a=a*a%mod1;}return res;},FALSE,
unused_000123,gigel-si-raspandirea-vestilor,cpp,1342819313,gigel-si-raspandirea-vestilor/1342819313.cpp,unusedFunction,style,32,4,The function 'mypow' is never used.,high,for(;b;b>>=1){if(b&1)res=res*a%mod1;a=a*a%mod1;}return res;},"ll mypow(ll a,ll b) {ll res=1;if(b<0)b=0;assert(b>=0);",for(;b;b>>=1){if(b&1)res=res*a;a=a*a;}return res;},FALSE,
unused_000124,gigel-si-raspandirea-vestilor,cpp,1344591257,gigel-si-raspandirea-vestilor/1344591257.cpp,unreadVariable,style,25,30,Variable 'ok' is assigned a value that is never used.,medium,"int n, m;","int i, j, cur, k = 1, ok = 0;",int t = 1;,FALSE,
unused_000125,gigel-si-raspandirea-vestilor,cpp,1344591257,gigel-si-raspandirea-vestilor/1344591257.cpp,unreadVariable,style,44,16,Variable 'ok' is assigned a value that is never used.,medium,t++;,ok = 0;,},FALSE,
unused_000126,gigel-si-raspandirea-vestilor,c,1344600466,gigel-si-raspandirea-vestilor/1344600466.c,unusedVariable,style,14,9,Unused variable: nr,medium,int vis[N+1];,int nr[2*M+1];,for(int i=1;i<=N; i++),FALSE,
unused_000127,gigel-si-raspandirea-vestilor,cpp,1344603922,gigel-si-raspandirea-vestilor/1344603922.cpp,unreadVariable,style,38,24,Variable 'visited' is assigned a value that is never used.,medium,cin >> n >> m;,"vector<int> visited(n, 0);","for (int i = 1, x, y; i <= m; i++) {",FALSE,
unused_000128,gigel-si-raspandirea-vestilor,cpp,1344603930,gigel-si-raspandirea-vestilor/1344603930.cpp,unreadVariable,style,37,24,Variable 'visited' is assigned a value that is never used.,medium,cin >> n >> m;,"vector<int> visited(n, 0);","for (int i = 1, x, y; i <= m; i++) {",FALSE,
unused_000129,gigel-si-raspandirea-vestilor,cpp,1344603958,gigel-si-raspandirea-vestilor/1344603958.cpp,unreadVariable,style,37,24,Variable 'visited' is assigned a value that is never used.,medium,cin >> n >> m;,"vector<int> visited(n, 0);","for (int i = 1, x, y; i <= m; i++) {",FALSE,
unused_000130,gigel-si-raspandirea-vestilor,cpp,1344604039,gigel-si-raspandirea-vestilor/1344604039.cpp,unreadVariable,style,39,24,Variable 'visited' is assigned a value that is never used.,medium,cin >> n >> m;,"vector<int> visited(n, 0);","for (int i = 1, x, y; i <= m; i++) {",FALSE,
unused_000131,gigel-si-raspandirea-vestilor,cpp,1344626151,gigel-si-raspandirea-vestilor/1344626151.cpp,unusedStructMember,style,32,9,class member 'Task::source' is never used.,high,,int source;,,FALSE,
unused_000132,gigel-si-raspandirea-vestilor,cpp,1344637800,gigel-si-raspandirea-vestilor/1344637800.cpp,unusedFunction,style,13,6,The function 'printArr' is never used.,high,,"void printArr(int arr[], int size) {","int i, ma = 0;",FALSE,
unused_000133,gigel-si-raspandirea-vestilor,cpp,1344637809,gigel-si-raspandirea-vestilor/1344637809.cpp,unusedFunction,style,13,6,The function 'printArr' is never used.,high,,"void printArr(int arr[], int size) {","int i, ma = 0;",FALSE,
unused_000134,gigel-si-raspandirea-vestilor,cpp,1361660446,gigel-si-raspandirea-vestilor/1361660446.cpp,unreadVariable,style,36,11,Variable 't' is assigned a value that is never used.,medium,q.push(1);,int t = 0;,,FALSE,
unused_000135,gigel-si-raspandirea-vestilor,cpp,1378153997,gigel-si-raspandirea-vestilor/1378153997.cpp,unreadVariable,style,10,12,Variable 'nr' is assigned a value that is never used.,medium,queue<int> Queue;,int nr = 0;,,FALSE,
unused_000136,gigel-si-raspandirea-vestilor,cpp,1378153997,gigel-si-raspandirea-vestilor/1378153997.cpp,unreadVariable,style,20,20,Variable 'gasit' is assigned a value that is never used.,medium,,bool gasit = false;,,FALSE,
unused_000137,gigel-si-raspandirea-vestilor,cpp,1378154407,gigel-si-raspandirea-vestilor/1378154407.cpp,unreadVariable,style,23,12,Variable 'd[i]' is assigned a value that is never used.,medium,vizitat[i] = 0;,d[i] = -1;,},FALSE,
unused_000138,gigel-si-raspandirea-vestilor,cpp,1378154407,gigel-si-raspandirea-vestilor/1378154407.cpp,unusedVariable,style,28,16,Unused variable: sq,medium,vizitat[1] = 1;,queue<int> sq;,,FALSE,
unused_000139,gigel-si-raspandirea-vestilor,cpp,1378154407,gigel-si-raspandirea-vestilor/1378154407.cpp,unusedVariable,style,30,9,Unused variable: cur_node,medium,,int cur_node;,q.push(1);,FALSE,
unused_000140,gigel-si-raspandirea-vestilor,cpp,1378159875,gigel-si-raspandirea-vestilor/1378159875.cpp,unreadVariable,style,12,18,Variable 'lastNode' is assigned a value that is never used.,medium,,int lastNode = start;,,FALSE,
unused_000141,gigel-si-raspandirea-vestilor,cpp,1378159875,gigel-si-raspandirea-vestilor/1378159875.cpp,unreadVariable,style,22,26,Variable 'lastNode' is assigned a value that is never used.,medium,q.push(adj);,lastNode = adj;,},FALSE,
unused_000142,gigel-si-raspandirea-vestilor,cpp,1408424869,gigel-si-raspandirea-vestilor/1408424869.cpp,unusedStructMember,style,10,9,struct member 'Entry::node' is never used.,high,struct Entry {,"int node, k;",};,FALSE,
unused_000143,gigel-si-raspandirea-vestilor,cpp,1408424869,gigel-si-raspandirea-vestilor/1408424869.cpp,unusedStructMember,style,10,15,struct member 'Entry::k' is never used.,high,struct Entry {,"int node, k;",};,FALSE,
unused_000144,gigel-si-raspandirea-vestilor,cpp,1408462766,gigel-si-raspandirea-vestilor/1408462766.cpp,unreadVariable,style,27,13,Variable 'dist[1]' is assigned a value that is never used.,medium,visited[1] = true;,dist[1] = 0;,,FALSE,
unused_000145,gigel-si-raspandirea-vestilor,cpp,1408477586,gigel-si-raspandirea-vestilor/1408477586.cpp,unreadVariable,style,13,25,Variable 'timestamp' is assigned a value that is never used.,medium,,"int N, M, timestamp = 0;",queue<int> q;,FALSE,
unused_000146,gigel-si-raspandirea-vestilor,cpp,1408477586,gigel-si-raspandirea-vestilor/1408477586.cpp,unreadVariable,style,33,16,Variable 'ok' is assigned a value that is never used.,medium,q.pop();,int ok = 0;,,FALSE,
unused_000147,gigel-si-raspandirea-vestilor,cpp,1408492463,gigel-si-raspandirea-vestilor/1408492463.cpp,unreadVariable,style,24,14,Variable 'last' is assigned a value that is never used.,medium,edge[y].push_back(x);,last = y;,},FALSE,
unused_000148,gigel-si-raspandirea-vestilor,cpp,1408520968,gigel-si-raspandirea-vestilor/1408520968.cpp,unusedStructMember,style,12,9,struct member 'Elev::id' is never used.,high,struct Elev {,"int id, ts;",};,FALSE,
unused_000149,gigel-si-raspandirea-vestilor,cpp,1408520968,gigel-si-raspandirea-vestilor/1408520968.cpp,unusedStructMember,style,12,13,struct member 'Elev::ts' is never used.,high,struct Elev {,"int id, ts;",};,FALSE,
unused_000150,gigel-si-raspandirea-vestilor,cpp,1408531685,gigel-si-raspandirea-vestilor/1408531685.cpp,unreadVariable,style,12,16,Variable 'drumuri' is assigned a value that is never used.,medium,"int a,b;",int drumuri=0;,cin>>a>>b;,FALSE,
unused_000151,gigel-si-raspandirea-vestilor,cpp,1408532626,gigel-si-raspandirea-vestilor/1408532626.cpp,unreadVariable,style,29,9,Variable 'time' is assigned a value that is never used.,medium,deque<student> q;,int time=0;,"vector<int> visited(N+1, false);",FALSE,
unused_000152,gigel-si-raspandirea-vestilor,cpp,1408554671,gigel-si-raspandirea-vestilor/1408554671.cpp,unreadVariable,style,26,11,Variable 'viz[1]' is assigned a value that is never used.,medium,queue<int> q;,viz[1]=true;,q.push(1);,FALSE,
unused_000153,gigel-si-raspandirea-vestilor,cpp,1408564289,gigel-si-raspandirea-vestilor/1408564289.cpp,unreadVariable,style,33,14,Variable 'timp' is assigned a value that is never used.,medium,coada.push(1);,int timp = 1;,,FALSE,
unused_000154,gigel-si-raspandirea-vestilor,cpp,1408570922,gigel-si-raspandirea-vestilor/1408570922.cpp,redundantAssignment,style,24,10,Variable 'v[1]' is reassigned a value before the old one has been used.,medium,queue<int> q;,v[1] = 0;,q.push(1);,FALSE,
unused_000155,gigel-si-sosetele,cpp,1314234991,gigel-si-sosetele/1314234991.cpp,unreadVariable,style,58,7,Variable 'ns2' is assigned a value that is never used.,medium,ns1 -= min2;,ns2 -= min2;,,FALSE,
unused_000156,gigel-si-sosetele,cpp,1314234991,gigel-si-sosetele/1314234991.cpp,unreadVariable,style,65,7,Variable 'ns1' is assigned a value that is never used.,medium,freq2[STAR] -= min3;,ns1 -= min3;,ns2 -= min3;,FALSE,
unused_000157,gigel-si-sosetele,cpp,1314234991,gigel-si-sosetele/1314234991.cpp,unreadVariable,style,66,7,Variable 'ns2' is assigned a value that is never used.,medium,ns1 -= min3;,ns2 -= min3;,,FALSE,
unused_000158,gigel-si-sosetele,cpp,1314235154,gigel-si-sosetele/1314235154.cpp,unreadVariable,style,58,7,Variable 'ns2' is assigned a value that is never used.,medium,ns1 -= min2;,ns2 -= min2;,,FALSE,
unused_000159,gigel-si-sosetele,cpp,1314235154,gigel-si-sosetele/1314235154.cpp,unreadVariable,style,65,7,Variable 'ns1' is assigned a value that is never used.,medium,freq2[STAR] -= min3;,ns1 -= min3;,ns2 -= min3;,FALSE,
unused_000160,gigel-si-sosetele,cpp,1314235154,gigel-si-sosetele/1314235154.cpp,unreadVariable,style,66,7,Variable 'ns2' is assigned a value that is never used.,medium,ns1 -= min3;,ns2 -= min3;,,FALSE,
unused_000161,gigel-si-sosetele,cpp,1314235214,gigel-si-sosetele/1314235214.cpp,unreadVariable,style,58,7,Variable 'ns2' is assigned a value that is never used.,medium,ns1 -= min2;,ns2 -= min2;,,FALSE,
unused_000162,gigel-si-sosetele,cpp,1314235214,gigel-si-sosetele/1314235214.cpp,unreadVariable,style,65,7,Variable 'ns1' is assigned a value that is never used.,medium,freq2[STAR] -= min3;,ns1 -= min3;,ns2 -= min3;,FALSE,
unused_000163,gigel-si-sosetele,cpp,1314235214,gigel-si-sosetele/1314235214.cpp,unreadVariable,style,66,7,Variable 'ns2' is assigned a value that is never used.,medium,ns1 -= min3;,ns2 -= min3;,,FALSE,
unused_000164,gigel-si-sosetele,cpp,1314235545,gigel-si-sosetele/1314235545.cpp,unusedVariable,style,12,17,Unused variable: stanga,medium,cin>>n;,vector<int> stanga;,vector<int> dreapta;,FALSE,
unused_000165,gigel-si-sosetele,cpp,1314235545,gigel-si-sosetele/1314235545.cpp,unusedVariable,style,13,17,Unused variable: dreapta,medium,vector<int> stanga;,vector<int> dreapta;,string s1;,FALSE,
unused_000166,gigel-si-sosetele,cpp,1314235590,gigel-si-sosetele/1314235590.cpp,unreadVariable,style,60,7,Variable 'ns2' is assigned a value that is never used.,medium,ns1 -= min2;,ns2 -= min2;,,FALSE,
unused_000167,gigel-si-sosetele,cpp,1314235590,gigel-si-sosetele/1314235590.cpp,unreadVariable,style,67,7,Variable 'ns1' is assigned a value that is never used.,medium,freq2[STAR] -= min3;,ns1 -= min3;,ns2 -= min3;,FALSE,
unused_000168,gigel-si-sosetele,cpp,1314235590,gigel-si-sosetele/1314235590.cpp,unreadVariable,style,68,7,Variable 'ns2' is assigned a value that is never used.,medium,ns1 -= min3;,ns2 -= min3;,,FALSE,
unused_000169,gigel-si-sosetele,cpp,1314235590,gigel-si-sosetele/1314235590.cpp,unreadVariable,style,73,7,Variable 'ns1' is assigned a value that is never used.,medium,total += min4;,ns1 -= min4;,ns2 -= min4;,FALSE,
unused_000170,gigel-si-sosetele,cpp,1314235590,gigel-si-sosetele/1314235590.cpp,unreadVariable,style,74,7,Variable 'ns2' is assigned a value that is never used.,medium,ns1 -= min4;,ns2 -= min4;,,FALSE,
unused_000171,gigel-si-sosetele,cpp,1314235610,gigel-si-sosetele/1314235610.cpp,unreadVariable,style,89,16,Variable 'cB[26]' is assigned a value that is never used.,medium,count += cA[26];,cB[26] -= cA[26];,cA[26] = 0;,FALSE,
unused_000172,gigel-si-sosetele,cpp,1314235610,gigel-si-sosetele/1314235610.cpp,unusedFunction,style,9,5,The function 'abs' is never used.,high,,int abs(int a) {,if (a < 0) {,FALSE,
unused_000173,gigel-si-sosetele,cpp,1314235610,gigel-si-sosetele/1314235610.cpp,unreadVariable,style,90,16,Variable 'cA[26]' is assigned a value that is never used.,medium,cB[26] -= cA[26];,cA[26] = 0;,} else {,FALSE,
unused_000174,gigel-si-sosetele,cpp,1314235610,gigel-si-sosetele/1314235610.cpp,unreadVariable,style,93,16,Variable 'cA[26]' is assigned a value that is never used.,medium,count += cB[26];,cA[26] -= cB[26];,cB[26] = 0;,FALSE,
unused_000175,gigel-si-sosetele,cpp,1314235610,gigel-si-sosetele/1314235610.cpp,unreadVariable,style,94,16,Variable 'cB[26]' is assigned a value that is never used.,medium,cA[26] -= cB[26];,cB[26] = 0;,},FALSE,
unused_000176,gigel-si-sosetele,cpp,1314235619,gigel-si-sosetele/1314235619.cpp,unreadVariable,style,32,25,Variable 'x' is assigned a value that is never used.,medium,ok++;,"char *x = strchr(dreapta,dreapta[j]);","char *y = strchr(dreapta,dreapta[j + 1]);",FALSE,
unused_000177,gigel-si-sosetele,cpp,1314235643,gigel-si-sosetele/1314235643.cpp,unusedVariable,style,39,9,Unused variable: leftJokers,medium,int matched;,int leftJokers;,int rightJokers;,FALSE,
unused_000178,gigel-si-sosetele,cpp,1314235643,gigel-si-sosetele/1314235643.cpp,unusedVariable,style,40,9,Unused variable: rightJokers,medium,int leftJokers;,int rightJokers;,for(char c:left){,FALSE,
unused_000179,gigel-si-sosetele,cpp,1314235643,gigel-si-sosetele/1314235643.cpp,unreadVariable,style,75,19,Variable 'leftS[26]' is assigned a value that is never used.,medium,matches += matched;,leftS[26] -= matched;,rightS[26] -= matched;,FALSE,
unused_000180,gigel-si-sosetele,cpp,1314235643,gigel-si-sosetele/1314235643.cpp,unreadVariable,style,76,20,Variable 'rightS[26]' is assigned a value that is never used.,medium,leftS[26] -= matched;,rightS[26] -= matched;,},FALSE,
unused_000181,gigel-si-sosetele,cpp,1314235653,gigel-si-sosetele/1314235653.cpp,unreadVariable,style,58,7,Variable 'ns2' is assigned a value that is never used.,medium,ns1 -= min2;,ns2 -= min2;,,FALSE,
unused_000182,gigel-si-sosetele,cpp,1314235653,gigel-si-sosetele/1314235653.cpp,unreadVariable,style,65,7,Variable 'ns1' is assigned a value that is never used.,medium,freq2[STAR] -= min3;,ns1 -= min3;,ns2 -= min3;,FALSE,
unused_000183,gigel-si-sosetele,cpp,1314235653,gigel-si-sosetele/1314235653.cpp,unreadVariable,style,66,7,Variable 'ns2' is assigned a value that is never used.,medium,ns1 -= min3;,ns2 -= min3;,,FALSE,
unused_000184,gigel-si-sosetele,cpp,1314235653,gigel-si-sosetele/1314235653.cpp,unreadVariable,style,71,7,Variable 'ns1' is assigned a value that is never used.,medium,total += min4;,ns1 -= min4;,ns2 -= min4;,FALSE,
unused_000185,gigel-si-sosetele,cpp,1314235653,gigel-si-sosetele/1314235653.cpp,unreadVariable,style,72,7,Variable 'ns2' is assigned a value that is never used.,medium,ns1 -= min4;,ns2 -= min4;,,FALSE,
unused_000186,gigel-si-sosetele,cpp,1314235697,gigel-si-sosetele/1314235697.cpp,unusedVariable,style,12,17,Unused variable: stanga,medium,cin>>n;,vector<int> stanga;,vector<int> dreapta;,FALSE,
unused_000187,gigel-si-sosetele,cpp,1314235697,gigel-si-sosetele/1314235697.cpp,unusedVariable,style,13,17,Unused variable: dreapta,medium,vector<int> stanga;,vector<int> dreapta;,string s1;,FALSE,
unused_000188,gigel-si-sosetele,cpp,1314235770,gigel-si-sosetele/1314235770.cpp,unusedVariable,style,18,12,Unused variable: x,medium,,"int n, x, i;",cin >> n;,FALSE,
unused_000189,gigel-si-sosetele,cpp,1314235770,gigel-si-sosetele/1314235770.cpp,unreadVariable,style,72,18,Variable 'color_dr' is assigned a value that is never used.,medium,p += color_dr;,color_dr = 0;,} else {,FALSE,
unused_000190,gigel-si-sosetele,cpp,1314235770,gigel-si-sosetele/1314235770.cpp,unreadVariable,style,80,18,Variable 'color_st' is assigned a value that is never used.,medium,p += color_st;,color_st = 0;,} else {,FALSE,
unused_000191,gigel-si-sosetele,cpp,1314235827,gigel-si-sosetele/1314235827.cpp,unusedVariable,style,39,9,Unused variable: leftJokers,medium,int matched;,int leftJokers;,int rightJokers;,FALSE,
unused_000192,gigel-si-sosetele,cpp,1314235827,gigel-si-sosetele/1314235827.cpp,unusedVariable,style,40,9,Unused variable: rightJokers,medium,int leftJokers;,int rightJokers;,for(char c:left){,FALSE,
unused_000193,gigel-si-sosetele,cpp,1314235827,gigel-si-sosetele/1314235827.cpp,unreadVariable,style,73,19,Variable 'leftS[26]' is assigned a value that is never used.,medium,matches += matched;,leftS[26] -= matched;,rightS[26] -= matched;,FALSE,
unused_000194,gigel-si-sosetele,cpp,1314235827,gigel-si-sosetele/1314235827.cpp,unreadVariable,style,74,20,Variable 'rightS[26]' is assigned a value that is never used.,medium,leftS[26] -= matched;,rightS[26] -= matched;,},FALSE,
unused_000195,gigel-si-sosetele,cpp,1314235883,gigel-si-sosetele/1314235883.cpp,unreadVariable,style,11,41,Variable 'alph' is assigned a value that is never used.,medium,int main() {,"char st[100002], dr[100002], alph[] = ""abcdefghijklmnopqrstuvwxyz"";","int fvst[28], fvdr[28], starst = 0, stardr = 0, nrperechi = 0, n;",FALSE,
unused_000196,gigel-si-sosetele,cpp,1314235907,gigel-si-sosetele/1314235907.cpp,unusedVariable,style,18,12,Unused variable: x,medium,,"int n, x, i;",cin >> n;,FALSE,
unused_000197,gigel-si-sosetele,cpp,1314235907,gigel-si-sosetele/1314235907.cpp,unreadVariable,style,84,18,Variable 'color_dr' is assigned a value that is never used.,medium,p += color_dr;,color_dr = 0;,} else {,FALSE,
unused_000198,gigel-si-sosetele,cpp,1314235907,gigel-si-sosetele/1314235907.cpp,unreadVariable,style,92,18,Variable 'color_st' is assigned a value that is never used.,medium,p += color_st;,color_st = 0;,} else {,FALSE,
unused_000199,gigel-si-sosetele,cpp,1314236005,gigel-si-sosetele/1314236005.cpp,unreadVariable,style,70,16,Variable 'cB[26]' is assigned a value that is never used.,medium,count += cA[26];,cB[26] -= cA[26];,cA[26] = 0;,FALSE,
unused_000200,gigel-si-sosetele,cpp,1314236005,gigel-si-sosetele/1314236005.cpp,unreadVariable,style,71,16,Variable 'cA[26]' is assigned a value that is never used.,medium,cB[26] -= cA[26];,cA[26] = 0;,} else {,FALSE,
unused_000201,gigel-si-sosetele,cpp,1314236005,gigel-si-sosetele/1314236005.cpp,unreadVariable,style,74,16,Variable 'cA[26]' is assigned a value that is never used.,medium,count += cB[26];,cA[26] -= cB[26];,cB[26] = 0;,FALSE,
unused_000202,gigel-si-sosetele,cpp,1314236005,gigel-si-sosetele/1314236005.cpp,unreadVariable,style,75,16,Variable 'cB[26]' is assigned a value that is never used.,medium,cA[26] -= cB[26];,cB[26] = 0;,},FALSE,
unused_000203,gigel-si-sosetele,cpp,1314236089,gigel-si-sosetele/1314236089.cpp,unreadVariable,style,70,16,Variable 'cA[26]' is assigned a value that is never used.,medium,count += cA[26];,cA[26] = 0;,cB[26] = 0;,FALSE,
unused_000204,gigel-si-sosetele,cpp,1314236089,gigel-si-sosetele/1314236089.cpp,unreadVariable,style,71,16,Variable 'cB[26]' is assigned a value that is never used.,medium,cA[26] = 0;,cB[26] = 0;,} else {,FALSE,
unused_000205,gigel-si-sosetele,cpp,1314236161,gigel-si-sosetele/1314236161.cpp,unusedVariable,style,12,17,Unused variable: stanga,medium,cin>>n;,vector<int> stanga;,vector<int> dreapta;,FALSE,
unused_000206,gigel-si-sosetele,cpp,1314236161,gigel-si-sosetele/1314236161.cpp,unusedVariable,style,13,17,Unused variable: dreapta,medium,vector<int> stanga;,vector<int> dreapta;,string s1;,FALSE,
unused_000207,gigel-si-sosetele,cpp,1314236189,gigel-si-sosetele/1314236189.cpp,unreadVariable,style,33,28,Variable 'my_str' is assigned a value that is never used.,medium,i++;,"string my_str = right_str.substr(i, N);",,FALSE,
unused_000208,gigel-si-sosetele,cpp,1314236259,gigel-si-sosetele/1314236259.cpp,unreadVariable,style,33,27,Variable 'my_str' is assigned a value that is never used.,medium,i++;,"string my_str = right_str.substr(i, N);",,FALSE,
unused_000209,gigel-si-sosetele,cpp,1314236286,gigel-si-sosetele/1314236286.cpp,unreadVariable,style,11,23,Variable 'cnts' is assigned a value that is never used.,medium,,"int n,cnt = 0,cnts=0;",cin>>n;,FALSE,
unused_000210,gigel-si-sosetele,cpp,1314236302,gigel-si-sosetele/1314236302.cpp,unreadVariable,style,11,23,Variable 'cnts' is assigned a value that is never used.,medium,,"int n,cnt = 0,cnts=0;",cin>>n;,FALSE,
unused_000211,gigel-si-sosetele,cpp,1314236340,gigel-si-sosetele/1314236340.cpp,unreadVariable,style,33,27,Variable 'my_str' is assigned a value that is never used.,medium,i++;,"string my_str = right_str.substr(i, N);",,FALSE,
unused_000212,gigel-si-sosetele,cpp,1314236347,gigel-si-sosetele/1314236347.cpp,unreadVariable,style,66,16,Variable 'cA[26]' is assigned a value that is never used.,medium,count += cA[26];,cA[26] = 0;,cB[26] = 0;,FALSE,
unused_000213,gigel-si-sosetele,cpp,1314236347,gigel-si-sosetele/1314236347.cpp,unreadVariable,style,67,16,Variable 'cB[26]' is assigned a value that is never used.,medium,cA[26] = 0;,cB[26] = 0;,},FALSE,
unused_000214,gigel-si-sosetele,cpp,1314236409,gigel-si-sosetele/1314236409.cpp,unusedFunction,style,25,9,The function 'search' is never used.,high,,"int search(string s, char c, int l, int r) {",if (r >= l) {,FALSE,
unused_000215,gigel-si-sosetele,cpp,1314236452,gigel-si-sosetele/1314236452.cpp,unreadVariable,style,11,23,Variable 'cnts' is assigned a value that is never used.,medium,,"int n,cnt = 0,cnts=0;","scanf(""%d"",&n);",FALSE,
unused_000216,gigel-si-sosetele,cpp,1314236467,gigel-si-sosetele/1314236467.cpp,unusedFunction,style,25,9,The function 'search' is never used.,high,,"int search(string s, char c, int l, int r) {",if (r >= l) {,FALSE,
unused_000217,gigel-si-sosetele,cpp,1314236501,gigel-si-sosetele/1314236501.cpp,unreadVariable,style,11,23,Variable 'cnts' is assigned a value that is never used.,medium,,"int n,cnt = 0,cnts=0;","scanf(""%d"",&n);",FALSE,
unused_000218,gigel-si-sosetele,cpp,1314236509,gigel-si-sosetele/1314236509.cpp,unusedFunction,style,25,9,The function 'search' is never used.,high,,"int search(string s, char c, int l, int r) {",if (r >= l) {,FALSE,
unused_000219,gigel-si-sosetele,cpp,1314236517,gigel-si-sosetele/1314236517.cpp,unusedVariable,style,14,18,Unused variable: left,medium,cin >> n;,"vector<char> left, right;","vector<int> count(256, 0);",FALSE,
unused_000220,gigel-si-sosetele,cpp,1314236517,gigel-si-sosetele/1314236517.cpp,unusedVariable,style,14,24,Unused variable: right,medium,cin >> n;,"vector<char> left, right;","vector<int> count(256, 0);",FALSE,
unused_000221,gigel-si-sosetele,cpp,1314236536,gigel-si-sosetele/1314236536.cpp,unreadVariable,style,89,32,Variable 'nr_stelute' is assigned a value that is never used.,medium,{,int nr_stelute = 0;,if (dreapta[i] == '*' && suma != n),FALSE,
unused_000222,gigel-si-sosetele,cpp,1314236540,gigel-si-sosetele/1314236540.cpp,unusedFunction,style,25,9,The function 'search' is never used.,high,,"int search(string s, char c, int l, int r) {",if (r >= l) {,FALSE,
unused_000223,gigel-si-sosetele,cpp,1314236578,gigel-si-sosetele/1314236578.cpp,unusedVariable,style,20,30,Unused variable: pairs,medium,int counter = 0;,"vector<pair<char, char>> pairs;","int vis1[n + 1], vis2[n + 1];",FALSE,
unused_000224,gigel-si-sosetele,cpp,1314236578,gigel-si-sosetele/1314236578.cpp,unusedVariable,style,21,9,Unused variable: vis1,medium,"vector<pair<char, char>> pairs;","int vis1[n + 1], vis2[n + 1];",char aux;,FALSE,
unused_000225,gigel-si-sosetele,cpp,1314236578,gigel-si-sosetele/1314236578.cpp,unusedVariable,style,21,22,Unused variable: vis2,medium,"vector<pair<char, char>> pairs;","int vis1[n + 1], vis2[n + 1];",char aux;,FALSE,
unused_000226,gigel-si-sosetele,cpp,1314236582,gigel-si-sosetele/1314236582.cpp,unreadVariable,style,33,27,Variable 'my_str' is assigned a value that is never used.,medium,i++;,"string my_str = right_str.substr(i, N);",,FALSE,
unused_000227,gigel-si-sosetele,cpp,1314236648,gigel-si-sosetele/1314236648.cpp,unusedVariable,style,13,39,Unused variable: inp,medium,,"char leftS[n + 1], rightS[n + 1], inp;",,FALSE,
unused_000228,gigel-si-sosetele,cpp,1314236651,gigel-si-sosetele/1314236651.cpp,unreadVariable,style,11,15,Variable 'cnt' is assigned a value that is never used.,medium,,"int n,cnt = 0,cnts=0;","scanf(""%d"",&n);",FALSE,
unused_000229,gigel-si-sosetele,cpp,1314236651,gigel-si-sosetele/1314236651.cpp,unreadVariable,style,11,23,Variable 'cnts' is assigned a value that is never used.,medium,,"int n,cnt = 0,cnts=0;","scanf(""%d"",&n);",FALSE,
unused_000230,gigel-si-sosetele,cpp,1314236651,gigel-si-sosetele/1314236651.cpp,unusedVariable,style,13,17,Unused variable: v1,medium,"scanf(""%d"",&n);","vector<int> v1,v2;","int i,j;",FALSE,
unused_000231,gigel-si-sosetele,cpp,1314236651,gigel-si-sosetele/1314236651.cpp,unusedVariable,style,13,20,Unused variable: v2,medium,"scanf(""%d"",&n);","vector<int> v1,v2;","int i,j;",FALSE,
unused_000232,gigel-si-sosetele,cpp,1314236651,gigel-si-sosetele/1314236651.cpp,unusedVariable,style,14,9,Unused variable: i,medium,"vector<int> v1,v2;","int i,j;",char c;,FALSE,
unused_000233,gigel-si-sosetele,cpp,1314236651,gigel-si-sosetele/1314236651.cpp,unusedVariable,style,14,11,Unused variable: j,medium,"vector<int> v1,v2;","int i,j;",char c;,FALSE,
unused_000234,gigel-si-sosetele,cpp,1314236651,gigel-si-sosetele/1314236651.cpp,unusedVariable,style,15,10,Unused variable: c,medium,"int i,j;",char c;,,FALSE,
unused_000235,gigel-si-sosetele,cpp,1314236657,gigel-si-sosetele/1314236657.cpp,unreadVariable,style,52,11,Variable 'minim' is assigned a value that is never used.,medium,,"minim = min(leftStars, rightStars);",,FALSE,
unused_000236,gigel-si-sosetele,cpp,1314236699,gigel-si-sosetele/1314236699.cpp,unreadVariable,style,26,33,Variable 'unpaired' is assigned a value that is never used.,medium,int get_result() {,"int pairs = 0, unpaired = 0;",vector<int> freq(123);,FALSE,
unused_000237,gigel-si-sosetele,cpp,1314236699,gigel-si-sosetele/1314236699.cpp,unreadVariable,style,38,26,Variable 'unpaired' is assigned a value that is never used.,medium,} else {,unpaired += freq[i];,},FALSE,
unused_000238,gigel-si-sosetele,cpp,1314236762,gigel-si-sosetele/1314236762.cpp,unreadVariable,style,11,23,Variable 'cnts' is assigned a value that is never used.,medium,,"int n,cnt = 0,cnts=0;","scanf(""%d"",&n);",FALSE,
unused_000239,gigel-si-sosetele,cpp,1314236795,gigel-si-sosetele/1314236795.cpp,unreadVariable,style,27,11,Variable 'i' is assigned a value that is never used.,medium,int count = 0;,int i = 0;,string my_str = right_str;,FALSE,
unused_000240,gigel-si-sosetele,cpp,1314236795,gigel-si-sosetele/1314236795.cpp,unreadVariable,style,28,19,Variable 'my_str' is assigned a value that is never used.,medium,int i = 0;,string my_str = right_str;,for(auto c : left_str){,FALSE,
unused_000241,gigel-si-sosetele,cpp,1314236796,gigel-si-sosetele/1314236796.cpp,unreachableCode,style,37,17,Statements following 'continue' will never be executed.,high,continue;,for(int k = 0;k<strlen(string1);k++),"printf(""%d"",visited1[k]);",FALSE,
unused_000242,gigel-si-sosetele,cpp,1314236832,gigel-si-sosetele/1314236832.cpp,unreadVariable,style,11,23,Variable 'cnts' is assigned a value that is never used.,medium,,"int n,cnt = 0,cnts=0;","scanf(""%d"",&n);",FALSE,
unused_000243,gigel-si-sosetele,cpp,1314236832,gigel-si-sosetele/1314236832.cpp,unusedVariable,style,14,11,Unused variable: j,medium,"vector<int> v1,v2;","int i,j;",char c;,FALSE,
unused_000244,gigel-si-sosetele,cpp,1314236856,gigel-si-sosetele/1314236856.cpp,unusedFunction,style,27,6,The function 'printMeta' is never used.,high,,void printMeta(){,"cout<<""WILDCARDS: ""<<wildCards<<""\n"";",FALSE,
unused_000245,gigel-si-sosetele,cpp,1314236863,gigel-si-sosetele/1314236863.cpp,unreadVariable,style,23,11,Variable 'i' is assigned a value that is never used.,medium,int count_res = 0;,int i = 0;,string my_str = right_str;,FALSE,
unused_000246,gigel-si-sosetele,cpp,1314236863,gigel-si-sosetele/1314236863.cpp,unreadVariable,style,24,19,Variable 'my_str' is assigned a value that is never used.,medium,int i = 0;,string my_str = right_str;,for(auto c : left_str){,FALSE,
unused_000247,gigel-si-sosetele,cpp,1314236933,gigel-si-sosetele/1314236933.cpp,unusedVariable,style,20,12,Unused variable: space,medium,string sstring;,string space;,"int n, ret = 0;",FALSE,
unused_000248,gigel-si-sosetele,cpp,1314236933,gigel-si-sosetele/1314236933.cpp,unusedVariable,style,23,9,Unused variable: aux_int,medium,char aux;,int aux_int;,,FALSE,
unused_000249,gigel-si-sosetele,cpp,1314236933,gigel-si-sosetele/1314236933.cpp,unusedFunction,style,8,6,The function 'printS' is never used.,high,,void printS (vector<char> arr) {,for (int i = 0; i < arr.size(); i++) {,FALSE,
unused_000250,gigel-si-sosetele,cpp,1314236941,gigel-si-sosetele/1314236941.cpp,unreadVariable,style,23,11,Variable 'i' is assigned a value that is never used.,medium,int count_res = 0;,int i = 0;,string my_str = right_str;,FALSE,
unused_000251,gigel-si-sosetele,cpp,1314236941,gigel-si-sosetele/1314236941.cpp,unreadVariable,style,24,19,Variable 'my_str' is assigned a value that is never used.,medium,int i = 0;,string my_str = right_str;,for(auto c : left_str){,FALSE,
unused_000252,gigel-si-sosetele,cpp,1314236947,gigel-si-sosetele/1314236947.cpp,unreachableCode,style,37,17,Statements following 'continue' will never be executed.,high,continue;,for(int k = 0;k<strlen(string1);k++),"printf(""%d"",visited1[k]);",FALSE,
unused_000253,gigel-si-sosetele,cpp,1314237012,gigel-si-sosetele/1314237012.cpp,unreadVariable,style,11,23,Variable 'cnts' is assigned a value that is never used.,medium,,"int n,cnt = 0,cnts=0;","scanf(""%d"",&n);",FALSE,
unused_000254,gigel-si-sosetele,cpp,1314237012,gigel-si-sosetele/1314237012.cpp,unusedVariable,style,14,11,Unused variable: j,medium,"vector<int> v1,v2;","int i,j,e=0;",char c;,FALSE,
unused_000255,gigel-si-sosetele,cpp,1314237036,gigel-si-sosetele/1314237036.cpp,unreachableCode,style,37,17,Statements following 'continue' will never be executed.,high,continue;,for(int k = 0;k<strlen(string1);k++),"printf(""%d"",visited1[k]);",FALSE,
unused_000256,gigel-si-sosetele,cpp,1314237048,gigel-si-sosetele/1314237048.cpp,unreadVariable,style,11,23,Variable 'cnts' is assigned a value that is never used.,medium,,"int n,cnt = 0,cnts=0;","scanf(""%d"",&n);",FALSE,
unused_000257,gigel-si-sosetele,cpp,1314237048,gigel-si-sosetele/1314237048.cpp,unusedVariable,style,14,11,Unused variable: j,medium,"vector<int> v1,v2;","int i,j;",char c;,FALSE,
unused_000258,gigel-si-sosetele,cpp,1314237168,gigel-si-sosetele/1314237168.cpp,unreadVariable,style,11,23,Variable 'cnts' is assigned a value that is never used.,medium,,"int n,cnt = 0,cnts=0;","scanf(""%d"",&n);",FALSE,
unused_000259,gigel-si-sosetele,cpp,1314237168,gigel-si-sosetele/1314237168.cpp,unusedVariable,style,14,11,Unused variable: j,medium,"vector<int> v1,v2;","int i,j,e=0;",char c;,FALSE,
unused_000260,gigel-si-sosetele,cpp,1314237169,gigel-si-sosetele/1314237169.cpp,unusedVariable,style,78,9,Unused variable: star_pairs,medium,,int star_pairs;,,FALSE,
unused_000261,gigel-si-sosetele,cpp,1314237218,gigel-si-sosetele/1314237218.cpp,unreadVariable,style,11,23,Variable 'cnts' is assigned a value that is never used.,medium,,"int n,cnt = 0,cnts=0;","scanf(""%d"",&n);",FALSE,
unused_000262,gigel-si-sosetele,cpp,1314237218,gigel-si-sosetele/1314237218.cpp,unusedVariable,style,14,11,Unused variable: j,medium,"vector<int> v1,v2;","int i,j,e=0;",char c;,FALSE,
unused_000263,gigel-si-sosetele,cpp,1314237218,gigel-si-sosetele/1314237218.cpp,unreadVariable,style,30,11,Variable 'c1' is assigned a value that is never used.,medium,"sort(v2.begin(),v2.end());","int c1=0,c2=0;",,FALSE,
unused_000264,gigel-si-sosetele,cpp,1314237218,gigel-si-sosetele/1314237218.cpp,unreadVariable,style,30,16,Variable 'c2' is assigned a value that is never used.,medium,"sort(v2.begin(),v2.end());","int c1=0,c2=0;",,FALSE,
unused_000265,gigel-si-sosetele,cpp,1314237238,gigel-si-sosetele/1314237238.cpp,unreadVariable,style,11,23,Variable 'cnts' is assigned a value that is never used.,medium,,"int n,cnt = 0,cnts=0;","scanf(""%d"",&n);",FALSE,
unused_000266,gigel-si-sosetele,cpp,1314237238,gigel-si-sosetele/1314237238.cpp,unusedVariable,style,14,11,Unused variable: j,medium,"vector<int> v1,v2;","int i,j,e=0;",char c;,FALSE,
unused_000267,gigel-si-sosetele,cpp,1314237243,gigel-si-sosetele/1314237243.cpp,unusedVariable,style,13,39,Unused variable: inp,medium,,"char leftS[n + 1], rightS[n + 1], inp;",,FALSE,
unused_000268,gigel-si-sosetele,cpp,1314237296,gigel-si-sosetele/1314237296.cpp,unreadVariable,style,76,17,Variable 'starsLeft' is assigned a value that is never used.,medium,maxPairs += rightV;,starsLeft -= rightV;,}else{,FALSE,
unused_000269,gigel-si-sosetele,cpp,1314237296,gigel-si-sosetele/1314237296.cpp,unreadVariable,style,83,18,Variable 'starsRight' is assigned a value that is never used.,medium,maxPairs += leftV;,starsRight -= leftV;,}else{,FALSE,
unused_000270,gigel-si-sosetele,cpp,1314237299,gigel-si-sosetele/1314237299.cpp,unreadVariable,style,11,23,Variable 'cnts' is assigned a value that is never used.,medium,,"int n,cnt = 0,cnts=0;","scanf(""%d"",&n);",FALSE,
unused_000271,gigel-si-sosetele,cpp,1314237299,gigel-si-sosetele/1314237299.cpp,unusedVariable,style,14,11,Unused variable: j,medium,"vector<int> v1,v2;","int i,j,e=0;",char c;,FALSE,
unused_000272,gigel-si-sosetele,cpp,1314237321,gigel-si-sosetele/1314237321.cpp,unreadVariable,style,11,23,Variable 'cnts' is assigned a value that is never used.,medium,,"int n,cnt = 0,cnts=0;","scanf(""%d"",&n);",FALSE,
unused_000273,gigel-si-sosetele,cpp,1314237321,gigel-si-sosetele/1314237321.cpp,unusedVariable,style,14,11,Unused variable: j,medium,"vector<int> v1,v2;","int i,j,e=0;",char c;,FALSE,
unused_000274,gigel-si-sosetele,cpp,1314237413,gigel-si-sosetele/1314237413.cpp,unreadVariable,style,82,19,Variable 'left_star' is assigned a value that is never used.,medium,if (left_star > right_unmatched),left_star -= right_unmatched;,,FALSE,
unused_000275,gigel-si-sosetele,cpp,1314237413,gigel-si-sosetele/1314237413.cpp,unreadVariable,style,87,20,Variable 'right_star' is assigned a value that is never used.,medium,if (right_star > left_unmatched),right_star -= left_unmatched;,,FALSE,
unused_000276,gigel-si-sosetele,cpp,1314237479,gigel-si-sosetele/1314237479.cpp,unreadVariable,style,11,23,Variable 'cnts' is assigned a value that is never used.,medium,,"int n,cnt = 0,cnts=0;","scanf(""%d"",&n);",FALSE,
unused_000277,gigel-si-sosetele,cpp,1314237479,gigel-si-sosetele/1314237479.cpp,unusedVariable,style,14,11,Unused variable: j,medium,"vector<int> v1,v2;","int i,j,e=0;",char c;,FALSE,
unused_000278,gigel-si-sosetele,cpp,1314237512,gigel-si-sosetele/1314237512.cpp,unreadVariable,style,85,20,Variable 'starsLeft' is assigned a value that is never used.,medium,maxPairs += starsRight;,starsLeft -= starsRight;,starsRight = 0;,FALSE,
unused_000279,gigel-si-sosetele,cpp,1314237512,gigel-si-sosetele/1314237512.cpp,unreadVariable,style,86,21,Variable 'starsRight' is assigned a value that is never used.,medium,starsLeft -= starsRight;,starsRight = 0;,},FALSE,
unused_000280,gigel-si-sosetele,cpp,1314237512,gigel-si-sosetele/1314237512.cpp,unreadVariable,style,90,19,Variable 'starsRight' is assigned a value that is never used.,medium,maxPairs += starsLeft;,starsRight -= starsLeft;,starsLeft = 0;,FALSE,
unused_000281,gigel-si-sosetele,cpp,1314237512,gigel-si-sosetele/1314237512.cpp,unreadVariable,style,91,18,Variable 'starsLeft' is assigned a value that is never used.,medium,starsRight -= starsLeft;,starsLeft = 0;,},FALSE,
unused_000282,gigel-si-sosetele,cpp,1314237522,gigel-si-sosetele/1314237522.cpp,unreadVariable,style,49,29,Variable 'nrStang' is assigned a value that is never used.,medium,int nrDrept = 0;,int nrStang = 0;,,FALSE,
unused_000283,gigel-si-sosetele,cpp,1314237522,gigel-si-sosetele/1314237522.cpp,unreadVariable,style,54,33,Variable 'nrStang' is assigned a value that is never used.,medium,nrDrept += drept[i];,nrStang += drept[i];,},FALSE,
unused_000284,gigel-si-sosetele,cpp,1314237522,gigel-si-sosetele/1314237522.cpp,unreadVariable,style,67,29,Variable 'nrDrept' is assigned a value that is never used.,medium,,int nrDrept = 0;,int nrStang = 0;,FALSE,
unused_000285,gigel-si-sosetele,cpp,1314237522,gigel-si-sosetele/1314237522.cpp,unreadVariable,style,72,33,Variable 'nrDrept' is assigned a value that is never used.,medium,{,nrDrept += drept[i];,nrStang += drept[i];,FALSE,
unused_000286,gigel-si-sosetele,cpp,1314237549,gigel-si-sosetele/1314237549.cpp,unreadVariable,style,11,23,Variable 'cnts' is assigned a value that is never used.,medium,,"int n,cnt = 0,cnts=0;","scanf(""%d"",&n);",FALSE,
unused_000287,gigel-si-sosetele,cpp,1314237549,gigel-si-sosetele/1314237549.cpp,unusedVariable,style,14,11,Unused variable: j,medium,"vector<int> v1,v2;","int i,j,e=0;",char c;,FALSE,
unused_000288,gigel-si-sosetele,cpp,1314237586,gigel-si-sosetele/1314237586.cpp,unreadVariable,style,11,23,Variable 'cnts' is assigned a value that is never used.,medium,,"int n,cnt = 0,cnts=0;","scanf(""%d"",&n);",FALSE,
unused_000289,gigel-si-sosetele,cpp,1314237586,gigel-si-sosetele/1314237586.cpp,unusedVariable,style,14,11,Unused variable: j,medium,"vector<int> v1,v2;","int i,j,e=0;",char c;,FALSE,
unused_000290,gigel-si-sosetele,cpp,1314237750,gigel-si-sosetele/1314237750.cpp,unusedVariable,style,12,11,Unused variable: M,medium,,"int N,M;","int i,j;",FALSE,
unused_000291,gigel-si-sosetele,cpp,1314237764,gigel-si-sosetele/1314237764.cpp,unusedVariable,style,11,47,Unused variable: dif,medium,"int seen1[26], seen2[26];","int n, stars1 = 0, stars2 = 0, pairs = 0, dif;",char x;,FALSE,
unused_000292,gigel-si-sosetele,cpp,1314237776,gigel-si-sosetele/1314237776.cpp,unusedVariable,style,23,13,Unused variable: i,medium,"bool check(int data[], std::vector<int> &domain) {",int i;,,FALSE,
unused_000293,gigel-si-sosetele,cpp,1314237776,gigel-si-sosetele/1314237776.cpp,unreachableCode,style,38,13,Statements following 'return' will never be executed.,high,return true;,domain[data[0]]++;,nr++;,FALSE,
unused_000294,gigel-si-sosetele,cpp,1314237776,gigel-si-sosetele/1314237776.cpp,unreachableCode,style,43,13,Statements following 'return' will never be executed.,high,return true;,domain[data[0]]++;,nr++;,FALSE,
unused_000295,gigel-si-sosetele,cpp,1314237776,gigel-si-sosetele/1314237776.cpp,unreadVariable,style,75,30,Variable 'solution' is assigned a value that is never used.,medium,int i;,"std::vector<int> solution(k), visited1(n), visited2(n);",,FALSE,
unused_000296,gigel-si-sosetele,cpp,1314237776,gigel-si-sosetele/1314237776.cpp,unreadVariable,style,81,21,Variable 'visited1[i]' is assigned a value that is never used.,medium,star1 = i;,visited1[i] = -1;,visited2[i] = -1;,FALSE,
unused_000297,gigel-si-sosetele,cpp,1314237776,gigel-si-sosetele/1314237776.cpp,unreadVariable,style,82,21,Variable 'visited2[i]' is assigned a value that is never used.,medium,visited1[i] = -1;,visited2[i] = -1;,},FALSE,
unused_000298,gigel-si-sosetele,cpp,1314237831,gigel-si-sosetele/1314237831.cpp,unusedVariable,style,23,13,Unused variable: i,medium,"bool check(int data[], std::vector<int> &domain) {",int i;,,FALSE,
unused_000299,gigel-si-sosetele,cpp,1314237831,gigel-si-sosetele/1314237831.cpp,unreachableCode,style,38,13,Statements following 'return' will never be executed.,high,return true;,domain[data[0]]++;,nr++;,FALSE,
unused_000300,gigel-si-sosetele,cpp,1314237831,gigel-si-sosetele/1314237831.cpp,unreachableCode,style,43,13,Statements following 'return' will never be executed.,high,return true;,domain[data[0]]++;,nr++;,FALSE,
unused_000301,gigel-si-sosetele,cpp,1314237831,gigel-si-sosetele/1314237831.cpp,unusedVariable,style,73,10,Unused variable: s,medium,int arr[n];,char s;,int i;,FALSE,
unused_000302,gigel-si-sosetele,cpp,1314237831,gigel-si-sosetele/1314237831.cpp,unreadVariable,style,75,30,Variable 'solution' is assigned a value that is never used.,medium,int i;,"std::vector<int> solution(k), visited1(n), visited2(n);",,FALSE,
unused_000303,gigel-si-sosetele,cpp,1314237831,gigel-si-sosetele/1314237831.cpp,unreadVariable,style,75,43,Variable 'visited1' is assigned a value that is never used.,medium,int i;,"std::vector<int> solution(k), visited1(n), visited2(n);",,FALSE,
unused_000304,gigel-si-sosetele,cpp,1314237831,gigel-si-sosetele/1314237831.cpp,unreadVariable,style,75,56,Variable 'visited2' is assigned a value that is never used.,medium,int i;,"std::vector<int> solution(k), visited1(n), visited2(n);",,FALSE,
unused_000305,gigel-si-sosetele,cpp,1323072718,gigel-si-sosetele/1323072718.cpp,unusedStructMember,style,12,12,class member 'Task::k' is never used.,high,private:,"int n, k;",vector<int> left;,FALSE,
unused_000306,gigel-si-sosetele,cpp,1323072718,gigel-si-sosetele/1323072718.cpp,unreadVariable,style,43,25,Variable 'fashion' is assigned a value that is never used.,medium,for(int i = 0; i <= size; i++) {,int fashion = 0;,if (left[i] > right[i]) {,FALSE,
unused_000307,gigel-si-sosetele,cpp,1323073397,gigel-si-sosetele/1323073397.cpp,unreadVariable,style,22,11,Variable 'dp[0]' is assigned a value that is never used.,medium,"vector<int> dp(n + 1, -1);",dp[0] = 0;,,FALSE,
unused_000308,gigel-si-sosetele,cpp,1323073487,gigel-si-sosetele/1323073487.cpp,unreadVariable,style,22,11,Variable 'dp[0]' is assigned a value that is never used.,medium,"vector<int> dp(n + 1, -1);",dp[0] = 0;,,FALSE,
unused_000309,gigel-si-sosetele,cpp,1323073693,gigel-si-sosetele/1323073693.cpp,unreadVariable,style,22,11,Variable 'dp[0]' is assigned a value that is never used.,medium,"vector<int> dp(n + 1, -1);",dp[0] = 0;,,FALSE,
unused_000310,gigel-si-sosetele,cpp,1323073741,gigel-si-sosetele/1323073741.cpp,unreadVariable,style,19,26,Variable 'l_paired' is assigned a value that is never used.,medium,,"vector<bool> l_paired(n + 1, false);","vector<bool> r_paired(n + 1, false);",FALSE,
unused_000311,gigel-si-sosetele,cpp,1323073741,gigel-si-sosetele/1323073741.cpp,unreadVariable,style,20,26,Variable 'r_paired' is assigned a value that is never used.,medium,"vector<bool> l_paired(n + 1, false);","vector<bool> r_paired(n + 1, false);","vector<int> dp(n + 1, -1);",FALSE,
unused_000312,gigel-si-sosetele,cpp,1323073741,gigel-si-sosetele/1323073741.cpp,unreadVariable,style,22,11,Variable 'dp[0]' is assigned a value that is never used.,medium,"vector<int> dp(n + 1, -1);",dp[0] = 0;,,FALSE,
unused_000313,gigel-si-sosetele,cpp,1323075512,gigel-si-sosetele/1323075512.cpp,unreadVariable,style,41,12,Variable 'q1' is assigned a value that is never used.,medium,nr1 = no2;,q1 = fr1['*'] - no2;,},FALSE,
unused_000314,gigel-si-sosetele,cpp,1323075512,gigel-si-sosetele/1323075512.cpp,unreadVariable,style,49,12,Variable 'q2' is assigned a value that is never used.,medium,nr2 = no1;,q2 = fr2['*'] - no1;,},FALSE,
unused_000315,gigel-si-sosetele,cpp,1323075519,gigel-si-sosetele/1323075519.cpp,unreadVariable,style,24,26,Variable 'l_paired' is assigned a value that is never used.,medium,,"vector<bool> l_paired(n + 1, false);","vector<bool> r_paired(n + 1, false);",FALSE,
unused_000316,gigel-si-sosetele,cpp,1323075519,gigel-si-sosetele/1323075519.cpp,unreadVariable,style,25,26,Variable 'r_paired' is assigned a value that is never used.,medium,"vector<bool> l_paired(n + 1, false);","vector<bool> r_paired(n + 1, false);","vector<int> dp(n + 1, -1);",FALSE,
unused_000317,gigel-si-sosetele,cpp,1323075519,gigel-si-sosetele/1323075519.cpp,unreadVariable,style,27,11,Variable 'dp[0]' is assigned a value that is never used.,medium,"vector<int> dp(n + 1, -1);",dp[0] = 0;,,FALSE,
unused_000318,gigel-si-sosetele,cpp,1323075619,gigel-si-sosetele/1323075619.cpp,unreadVariable,style,24,26,Variable 'l_paired' is assigned a value that is never used.,medium,,"vector<bool> l_paired(n + 1, false);","vector<bool> r_paired(n + 1, false);",FALSE,
unused_000319,gigel-si-sosetele,cpp,1323075619,gigel-si-sosetele/1323075619.cpp,unreadVariable,style,25,26,Variable 'r_paired' is assigned a value that is never used.,medium,"vector<bool> l_paired(n + 1, false);","vector<bool> r_paired(n + 1, false);","vector<int> dp(n + 1, -1);",FALSE,
unused_000320,gigel-si-sosetele,cpp,1323075619,gigel-si-sosetele/1323075619.cpp,unreadVariable,style,27,11,Variable 'dp[0]' is assigned a value that is never used.,medium,"vector<int> dp(n + 1, -1);",dp[0] = 0;,,FALSE,
unused_000321,gigel-si-sosetele,cpp,1323075814,gigel-si-sosetele/1323075814.cpp,unreadVariable,style,24,26,Variable 'l_paired' is assigned a value that is never used.,medium,,"vector<bool> l_paired(n + 1, false);","vector<bool> r_paired(n + 1, false);",FALSE,
unused_000322,gigel-si-sosetele,cpp,1323075814,gigel-si-sosetele/1323075814.cpp,unreadVariable,style,25,26,Variable 'r_paired' is assigned a value that is never used.,medium,"vector<bool> l_paired(n + 1, false);","vector<bool> r_paired(n + 1, false);","vector<int> dp(n + 1, -1);",FALSE,
unused_000323,gigel-si-sosetele,cpp,1323075814,gigel-si-sosetele/1323075814.cpp,unreadVariable,style,27,11,Variable 'dp[0]' is assigned a value that is never used.,medium,"vector<int> dp(n + 1, -1);",dp[0] = 0;,,FALSE,
unused_000324,gigel-si-sosetele,cpp,1323077360,gigel-si-sosetele/1323077360.cpp,unreadVariable,style,41,12,Variable 'q1' is assigned a value that is never used.,medium,nr1 = no2;,q1 = fr1['*'] - no2;,},FALSE,
unused_000325,gigel-si-sosetele,cpp,1323077360,gigel-si-sosetele/1323077360.cpp,unreadVariable,style,49,12,Variable 'q2' is assigned a value that is never used.,medium,nr2 = no1;,q2 = fr2['*'] - no1;,},FALSE,
unused_000326,gigel-si-sosetele,cpp,1323384436,gigel-si-sosetele/1323384436.cpp,unreadVariable,style,41,15,Variable 'sizeL' is assigned a value that is never used.,medium,int sum = 0;,int sizeL = l.size();,int sizeR = r.size();,FALSE,
unused_000327,gigel-si-sosetele,cpp,1323396483,gigel-si-sosetele/1323396483.cpp,unreadVariable,style,38,15,Variable 'leftL' is assigned a value that is never used.,medium,,int leftL = left.size();,int leftR = right.size();,FALSE,
unused_000328,gigel-si-sosetele,cpp,1323396483,gigel-si-sosetele/1323396483.cpp,unreadVariable,style,39,15,Variable 'leftR' is assigned a value that is never used.,medium,int leftL = left.size();,int leftR = right.size();,,FALSE,
unused_000329,gigel-si-sosetele,cpp,1323396483,gigel-si-sosetele/1323396483.cpp,unreadVariable,style,49,15,Variable 'leftL' is assigned a value that is never used.,medium,},leftL -= min;,leftR -= min;,FALSE,
unused_000330,gigel-si-sosetele,cpp,1323396483,gigel-si-sosetele/1323396483.cpp,unreadVariable,style,50,15,Variable 'leftR' is assigned a value that is never used.,medium,leftL -= min;,leftR -= min;,result += min;,FALSE,
unused_000331,gigel-si-sosetele,cpp,1323416433,gigel-si-sosetele/1323416433.cpp,unusedVariable,style,9,20,Unused variable: socks2,medium,"map<char, int> socks1;","map<char, int> socks2;","map<char,int>::iterator it;",FALSE,
unused_000332,gigel-si-sosetele,cpp,1323416546,gigel-si-sosetele/1323416546.cpp,unusedVariable,style,9,20,Unused variable: socks2,medium,"map<char, int> socks1;","map<char, int> socks2;","map<char,int>::iterator it;",FALSE,
unused_000333,gigel-si-sosetele,cpp,1323425745,gigel-si-sosetele/1323425745.cpp,unreadVariable,style,28,15,Variable 'star1' is assigned a value that is never used.,medium,},int star1 = index1;,,FALSE,
unused_000334,gigel-si-sosetele,cpp,1323425745,gigel-si-sosetele/1323425745.cpp,unreadVariable,style,34,15,Variable 'star2' is assigned a value that is never used.,medium,},int star2 = index2;,,FALSE,
unused_000335,gigel-si-sosetele,cpp,1323448060,gigel-si-sosetele/1323448060.cpp,unreadVariable,style,60,22,Variable 'fst['*']' is assigned a value that is never used.,medium,k += common;,fst['*'] = fst['*'] - common;,snd['*'] = snd['*'] - common;,FALSE,
unused_000336,gigel-si-sosetele,cpp,1323448060,gigel-si-sosetele/1323448060.cpp,unreadVariable,style,61,22,Variable 'snd['*']' is assigned a value that is never used.,medium,fst['*'] = fst['*'] - common;,snd['*'] = snd['*'] - common;,},FALSE,
unused_000337,gigel-si-sosetele,cpp,1323453945,gigel-si-sosetele/1323453945.cpp,unreadVariable,style,12,17,Variable 'junk' is assigned a value that is never used.,medium,"map<char, int> m;","string junk = """";",int cnt = 0;,FALSE,
unused_000338,gigel-si-sosetele,cpp,1323455652,gigel-si-sosetele/1323455652.cpp,unreadVariable,style,40,17,Variable 'no_p_st' is assigned a value that is never used.,medium,int no_p = n - sol;,int no_p_st = no_p - stel_st;,int no_p_dr = no_p - stel_dr;,FALSE,
unused_000339,gigel-si-sosetele,cpp,1323455652,gigel-si-sosetele/1323455652.cpp,unreadVariable,style,41,17,Variable 'no_p_dr' is assigned a value that is never used.,medium,int no_p_st = no_p - stel_st;,int no_p_dr = no_p - stel_dr;,,FALSE,
unused_000340,gigel-si-sosetele,cpp,1332559507,gigel-si-sosetele/1332559507.cpp,unreadVariable,style,75,16,Variable 'task' is assigned a value that is never used.,medium,int main() {,auto* task = new (std::nothrow) Task{};,if (!task) {,FALSE,
unused_000341,gigel-si-sosetele,cpp,1332560420,gigel-si-sosetele/1332560420.cpp,unreadVariable,style,78,16,Variable 'task' is assigned a value that is never used.,medium,int main() {,auto* task = new (std::nothrow) Task{};,if (!task) {,FALSE,
unused_000342,gigel-si-sosetele,cpp,1332687031,gigel-si-sosetele/1332687031.cpp,unreadVariable,style,15,25,Variable 'checks1' is assigned a value that is never used.,medium,"scanf(""%d"", &N);","vector<bool> checks1(N, false);","vector<bool> checks2(N, false);",FALSE,
unused_000343,gigel-si-sosetele,cpp,1332687031,gigel-si-sosetele/1332687031.cpp,unreadVariable,style,16,25,Variable 'checks2' is assigned a value that is never used.,medium,"vector<bool> checks1(N, false);","vector<bool> checks2(N, false);",,FALSE,
unused_000344,gigel-si-sosetele,cpp,1332687364,gigel-si-sosetele/1332687364.cpp,unreadVariable,style,15,25,Variable 'checks1' is assigned a value that is never used.,medium,"scanf(""%d"", &N);","vector<bool> checks1(N, false);","vector<bool> checks2(N, false);",FALSE,
unused_000345,gigel-si-sosetele,cpp,1332687364,gigel-si-sosetele/1332687364.cpp,unreadVariable,style,16,25,Variable 'checks2' is assigned a value that is never used.,medium,"vector<bool> checks1(N, false);","vector<bool> checks2(N, false);",,FALSE,
unused_000346,gigel-si-sosetele,cpp,1332688398,gigel-si-sosetele/1332688398.cpp,unreadVariable,style,15,25,Variable 'checks1' is assigned a value that is never used.,medium,"scanf(""%d"", &N);","vector<bool> checks1(N, false);","vector<bool> checks2(N, false);",FALSE,
unused_000347,gigel-si-sosetele,cpp,1332688398,gigel-si-sosetele/1332688398.cpp,unreadVariable,style,16,25,Variable 'checks2' is assigned a value that is never used.,medium,"vector<bool> checks1(N, false);","vector<bool> checks2(N, false);",,FALSE,
unused_000348,gigel-si-sosetele,cpp,1332720799,gigel-si-sosetele/1332720799.cpp,unreadVariable,style,23,22,Variable 'no_pair_left' is assigned a value that is never used.,medium,int pairs = 0;,int no_pair_left = 0;,int no_pair_right = 0;,FALSE,
unused_000349,gigel-si-sosetele,cpp,1332720799,gigel-si-sosetele/1332720799.cpp,unreadVariable,style,24,23,Variable 'no_pair_right' is assigned a value that is never used.,medium,int no_pair_left = 0;,int no_pair_right = 0;,"map<char, int>::iterator itr;",FALSE,
unused_000350,gigel-si-sosetele,cpp,1332764703,gigel-si-sosetele/1332764703.cpp,unusedVariable,style,18,10,Unused variable: number,medium,cin >> dreapta;,long number;,vector<int>my_vector_stanga;,FALSE,
unused_000351,gigel-si-sosetele,cpp,1332764703,gigel-si-sosetele/1332764703.cpp,unreadVariable,style,23,14,Variable 'min' is assigned a value that is never used.,medium,my_vector_dreapta.resize(27);,long min = 999999999;,long sum = 0;,FALSE,
unused_000352,gigel-si-sosetele,cpp,1342819587,gigel-si-sosetele/1342819587.cpp,unusedFunction,style,30,4,The function 'mypowr' is never used.,high,ll const md=998244353LL;,"ll mypowr(ll a,ll b, ll mod1) {ll res=1;if(b<0)b=0;a%=mod1; assert(b>=0);",for(;b;b>>=1){if(b&1)res=res*a%mod1;a=a*a%mod1;}return res;},FALSE,
unused_000353,gigel-si-sosetele,cpp,1342819587,gigel-si-sosetele/1342819587.cpp,unusedFunction,style,32,4,The function 'mypow' is never used.,high,for(;b;b>>=1){if(b&1)res=res*a%mod1;a=a*a%mod1;}return res;},"ll mypow(ll a,ll b) {ll res=1;if(b<0)b=0;assert(b>=0);",for(;b;b>>=1){if(b&1)res=res*a;a=a*a;}return res;},FALSE,
unused_000354,gigel-si-sosetele,cpp,1344570632,gigel-si-sosetele/1344570632.cpp,unreadVariable,style,13,26,Variable 'miss1' is assigned a value that is never used.,medium,string s2;,"int n, nr = 0, miss1 = 0, miss2 = 0;","int i, j;",FALSE,
unused_000355,gigel-si-sosetele,cpp,1344570632,gigel-si-sosetele/1344570632.cpp,unreadVariable,style,13,37,Variable 'miss2' is assigned a value that is never used.,medium,string s2;,"int n, nr = 0, miss1 = 0, miss2 = 0;","int i, j;",FALSE,
unused_000356,gigel-si-sosetele,cpp,1344570632,gigel-si-sosetele/1344570632.cpp,unusedVariable,style,14,12,Unused variable: j,medium,"int n, nr = 0, miss1 = 0, miss2 = 0;","int i, j;",cin >> n >> s1 >> s2;,FALSE,
unused_000357,gigel-si-sosetele,cpp,1344570632,gigel-si-sosetele/1344570632.cpp,unreadVariable,style,84,16,Variable 'maxaux' is assigned a value that is never used.,medium,,int maxaux = 0;,,FALSE,
unused_000358,gigel-si-sosetele,cpp,1344570817,gigel-si-sosetele/1344570817.cpp,unreadVariable,style,13,26,Variable 'miss1' is assigned a value that is never used.,medium,string s2;,"int n, nr = 0, miss1 = 0, miss2 = 0;","int i, j;",FALSE,
unused_000359,gigel-si-sosetele,cpp,1344570817,gigel-si-sosetele/1344570817.cpp,unreadVariable,style,13,37,Variable 'miss2' is assigned a value that is never used.,medium,string s2;,"int n, nr = 0, miss1 = 0, miss2 = 0;","int i, j;",FALSE,
unused_000360,gigel-si-sosetele,cpp,1344570817,gigel-si-sosetele/1344570817.cpp,unusedVariable,style,14,12,Unused variable: j,medium,"int n, nr = 0, miss1 = 0, miss2 = 0;","int i, j;",cin >> n >> s1 >> s2;,FALSE,
unused_000361,gigel-si-sosetele,cpp,1344570817,gigel-si-sosetele/1344570817.cpp,unreadVariable,style,84,16,Variable 'maxaux' is assigned a value that is never used.,medium,,int maxaux = 0;,,FALSE,
unused_000362,gigel-si-sosetele,cpp,1344570876,gigel-si-sosetele/1344570876.cpp,unreadVariable,style,13,26,Variable 'miss1' is assigned a value that is never used.,medium,string s2;,"int n, nr = 0, miss1 = 0, miss2 = 0;","int i, j;",FALSE,
unused_000363,gigel-si-sosetele,cpp,1344570876,gigel-si-sosetele/1344570876.cpp,unreadVariable,style,13,37,Variable 'miss2' is assigned a value that is never used.,medium,string s2;,"int n, nr = 0, miss1 = 0, miss2 = 0;","int i, j;",FALSE,
unused_000364,gigel-si-sosetele,cpp,1344570876,gigel-si-sosetele/1344570876.cpp,unusedVariable,style,14,12,Unused variable: j,medium,"int n, nr = 0, miss1 = 0, miss2 = 0;","int i, j;",cin >> n >> s1 >> s2;,FALSE,
unused_000365,gigel-si-sosetele,cpp,1344570876,gigel-si-sosetele/1344570876.cpp,unreadVariable,style,84,16,Variable 'maxaux' is assigned a value that is never used.,medium,,int maxaux = 0;,,FALSE,
unused_000366,gigel-si-sosetele,cpp,1344588819,gigel-si-sosetele/1344588819.cpp,unreadVariable,style,58,17,Variable 'left[0]' is assigned a value that is never used.,medium,total += r;,left[0] -= r;,},FALSE,
unused_000367,gigel-si-sosetele,cpp,1344588819,gigel-si-sosetele/1344588819.cpp,unreadVariable,style,65,18,Variable 'right[0]' is assigned a value that is never used.,medium,total += l;,right[0] -= l;,},FALSE,
unused_000368,gigel-si-sosetele,cpp,1344622176,gigel-si-sosetele/1344622176.cpp,unreadVariable,style,14,29,Variable 'n2' is assigned a value that is never used.,medium,"cin.getline(s2, NMAX);","int n1 = strlen(s1), n2 = strlen(s2);",for (i = 0; i < n1; ++i) {,FALSE,
unused_000369,gigel-si-sosetele,cpp,1344629507,gigel-si-sosetele/1344629507.cpp,unusedFunction,style,20,6,The function 'dfs' is never used.,high,,"void dfs(ll root, vector<vll> &adj, vector<bool> &V, vector<ll> &T, int &t) {",if (V[root]) return;,FALSE,
unused_000370,gigel-si-sosetele,cpp,1344629769,gigel-si-sosetele/1344629769.cpp,unusedFunction,style,20,6,The function 'dfs' is never used.,high,,"void dfs(ll root, vector<vll> &adj, vector<bool> &V, vector<ll> &T, int &t) {",if (V[root]) return;,FALSE,
unused_000371,gigel-si-sosetele,cpp,1344634312,gigel-si-sosetele/1344634312.cpp,unreadVariable,style,36,11,Variable 'l' is assigned a value that is never used.,medium,,int l = 0;,int r = 0;,FALSE,
unused_000372,gigel-si-sosetele,cpp,1344634312,gigel-si-sosetele/1344634312.cpp,unreadVariable,style,37,11,Variable 'r' is assigned a value that is never used.,medium,int l = 0;,int r = 0;,,FALSE,
unused_000373,gigel-si-sosetele,cpp,1344634312,gigel-si-sosetele/1344634312.cpp,unreadVariable,style,49,16,Variable 'r' is assigned a value that is never used.,medium,total += left[i];,r += (0 - pair);,} else {,FALSE,
unused_000374,gigel-si-sosetele,cpp,1344634312,gigel-si-sosetele/1344634312.cpp,unreadVariable,style,52,16,Variable 'l' is assigned a value that is never used.,medium,total += right[i];,l += pair;,},FALSE,
unused_000375,gigel-si-sosetele,cpp,1344637576,gigel-si-sosetele/1344637576.cpp,unusedFunction,style,14,5,The function 'max' is never used.,high,,"int max (int a, int b) {",if (a < b),FALSE,
unused_000376,gigel-si-sosetele,cpp,1344637576,gigel-si-sosetele/1344637576.cpp,unusedVariable,style,21,88,Unused variable: nr_stars1,medium,int main() {,"int nr = 0, freq1[28] = { 0 }, freq2[28] = { 0 }, n, unpaired1 = 0, unpaired2 = 0, nr_stars1, nr_stars2;",char ch;,FALSE,
unused_000377,gigel-si-sosetele,cpp,1344637576,gigel-si-sosetele/1344637576.cpp,unusedVariable,style,21,99,Unused variable: nr_stars2,medium,int main() {,"int nr = 0, freq1[28] = { 0 }, freq2[28] = { 0 }, n, unpaired1 = 0, unpaired2 = 0, nr_stars1, nr_stars2;",char ch;,FALSE,
unused_000378,gigel-si-sosetele,cpp,1344637715,gigel-si-sosetele/1344637715.cpp,unreadVariable,style,9,68,Variable 'unpaired1' is assigned a value that is never used.,medium,int main() {,"int nr = 0, freq1[28] = { 0 }, freq2[28] = { 0 }, n, unpaired1 = 0, unpaired2 = 0, nr_stars = 0;",char ch;,FALSE,
unused_000379,gigel-si-sosetele,cpp,1344637715,gigel-si-sosetele/1344637715.cpp,unreadVariable,style,9,83,Variable 'unpaired2' is assigned a value that is never used.,medium,int main() {,"int nr = 0, freq1[28] = { 0 }, freq2[28] = { 0 }, n, unpaired1 = 0, unpaired2 = 0, nr_stars = 0;",char ch;,FALSE,
unused_000380,gigel-si-sosetele,cpp,1344707760,gigel-si-sosetele/1344707760.cpp,unusedVariable,style,17,30,Unused variable: itr,medium,cin >> N;,"map<char, int>::iterator itr;",for(int i = 0; i < N; i++) {,FALSE,
unused_000381,gigel-si-sosetele,cpp,1344708005,gigel-si-sosetele/1344708005.cpp,unusedVariable,style,17,30,Unused variable: itr,medium,cin >> N;,"map<char, int>::iterator itr;",for(int i = 0; i < N; i++) {,FALSE,
unused_000382,gigel-si-sosetele,cpp,1344708332,gigel-si-sosetele/1344708332.cpp,unusedVariable,style,17,30,Unused variable: itr,medium,cin >> N;,"map<char, int>::iterator itr;",for(int i = 0; i < N; i++) {,FALSE,
unused_000383,gigel-si-sosetele,cpp,1344709706,gigel-si-sosetele/1344709706.cpp,unusedFunction,style,38,6,The function 'print_all' is never used.,high,},void print_all() {,for(int i = 'a'; i <= 'z'; i++) {,FALSE,
unused_000384,gigel-si-sosetele,cpp,1361905950,gigel-si-sosetele/1361905950.cpp,unreadVariable,style,26,14,Variable 'used' is assigned a value that is never used.,medium,,int used = 0;,for (int i = 0; i < s1.size(); i++) {,FALSE,
unused_000385,gigel-si-sosetele,cpp,1361905956,gigel-si-sosetele/1361905956.cpp,unreadVariable,style,26,14,Variable 'used' is assigned a value that is never used.,medium,,int used = 0;,for (int i = 0; i < s1.size(); i++) {,FALSE,
unused_000386,gigel-si-sosetele,cpp,1378077612,gigel-si-sosetele/1378077612.cpp,unusedStructMember,style,26,13,class member 'Solution::n' is never used.,high,class Solution {,int n;,"string a, b;",FALSE,
unused_000387,gigel-si-sosetele,cpp,1378144963,gigel-si-sosetele/1378144963.cpp,unreadVariable,style,55,15,Variable 'leftb' is assigned a value that is never used.,medium,sta = 0;,leftb = 0;,},FALSE,
unused_000388,gigel-si-sosetele,cpp,1378144963,gigel-si-sosetele/1378144963.cpp,unreadVariable,style,61,15,Variable 'leftb' is assigned a value that is never used.,medium,sta = 0;,leftb = x;,},FALSE,
unused_000389,gigel-si-sosetele,cpp,1378144963,gigel-si-sosetele/1378144963.cpp,unreadVariable,style,73,15,Variable 'lefta' is assigned a value that is never used.,medium,stb = 0;,lefta = 0;,},FALSE,
unused_000390,gigel-si-sosetele,cpp,1378144963,gigel-si-sosetele/1378144963.cpp,unreadVariable,style,79,15,Variable 'lefta' is assigned a value that is never used.,medium,stb = 0;,lefta = x;,},FALSE,
unused_000391,gigel-si-sosetele,cpp,1378145138,gigel-si-sosetele/1378145138.cpp,unreadVariable,style,60,15,Variable 'leftb' is assigned a value that is never used.,medium,sta = 0;,leftb = 0;,},FALSE,
unused_000392,gigel-si-sosetele,cpp,1378145138,gigel-si-sosetele/1378145138.cpp,unreadVariable,style,66,15,Variable 'leftb' is assigned a value that is never used.,medium,sta = 0;,leftb = x;,},FALSE,
unused_000393,gigel-si-sosetele,cpp,1378145138,gigel-si-sosetele/1378145138.cpp,unreadVariable,style,78,15,Variable 'lefta' is assigned a value that is never used.,medium,stb = 0;,lefta = 0;,},FALSE,
unused_000394,gigel-si-sosetele,cpp,1378145138,gigel-si-sosetele/1378145138.cpp,unreadVariable,style,84,15,Variable 'lefta' is assigned a value that is never used.,medium,stb = 0;,lefta = x;,},FALSE,
unused_000395,gigel-si-sosetele,cpp,1378158403,gigel-si-sosetele/1378158403.cpp,unreadVariable,style,34,7,Variable 'r' is assigned a value that is never used.,medium,l -= count;,r -= count;,,FALSE,
unused_000396,gigel-si-sosetele,cpp,1378158403,gigel-si-sosetele/1378158403.cpp,unreadVariable,style,39,7,Variable 'l' is assigned a value that is never used.,medium,rmap['*'] -= count;,l -= count;,r -= count;,FALSE,
unused_000397,gigel-si-sosetele,cpp,1378158403,gigel-si-sosetele/1378158403.cpp,unreadVariable,style,40,7,Variable 'r' is assigned a value that is never used.,medium,l -= count;,r -= count;,,FALSE,
unused_000398,gigel-si-sosetele,cpp,1378158476,gigel-si-sosetele/1378158476.cpp,unreadVariable,style,34,7,Variable 'r' is assigned a value that is never used.,medium,l -= count;,r -= count;,,FALSE,
unused_000399,gigel-si-sosetele,cpp,1378158476,gigel-si-sosetele/1378158476.cpp,unreadVariable,style,39,7,Variable 'l' is assigned a value that is never used.,medium,rmap['*'] -= count;,l -= count;,r -= count;,FALSE,
unused_000400,gigel-si-sosetele,cpp,1378158476,gigel-si-sosetele/1378158476.cpp,unreadVariable,style,40,7,Variable 'r' is assigned a value that is never used.,medium,l -= count;,r -= count;,,FALSE,
unused_000401,gigel-si-sosetele,cpp,1378159603,gigel-si-sosetele/1378159603.cpp,unreadVariable,style,18,27,Variable 'used_left' is assigned a value that is never used.,medium,"vector<char> left(n), right(n);","vector<bool> used_left(n, false), used_right(n, false);","int no_of_starts_left = 0, no_of_starts_right = 0;",FALSE,
unused_000402,gigel-si-sosetele,cpp,1378159603,gigel-si-sosetele/1378159603.cpp,unreadVariable,style,18,49,Variable 'used_right' is assigned a value that is never used.,medium,"vector<char> left(n), right(n);","vector<bool> used_left(n, false), used_right(n, false);","int no_of_starts_left = 0, no_of_starts_right = 0;",FALSE,
unused_000403,gigel-si-sosetele,cpp,1378159617,gigel-si-sosetele/1378159617.cpp,unreadVariable,style,18,27,Variable 'used_left' is assigned a value that is never used.,medium,"vector<char> left(n), right(n);","vector<bool> used_left(n, false), used_right(n, false);","int no_of_starts_left = 0, no_of_starts_right = 0;",FALSE,
unused_000404,gigel-si-sosetele,cpp,1378159617,gigel-si-sosetele/1378159617.cpp,unreadVariable,style,18,49,Variable 'used_right' is assigned a value that is never used.,medium,"vector<char> left(n), right(n);","vector<bool> used_left(n, false), used_right(n, false);","int no_of_starts_left = 0, no_of_starts_right = 0;",FALSE,
unused_000405,gigel-si-sosetele,cpp,1378159627,gigel-si-sosetele/1378159627.cpp,unreadVariable,style,17,11,Variable 'k' is assigned a value that is never used.,medium,int m = left.size();,int k = right.size();,int t = 0;,FALSE,
unused_000406,gigel-si-sosetele,cpp,1378159627,gigel-si-sosetele/1378159627.cpp,unreadVariable,style,18,11,Variable 't' is assigned a value that is never used.,medium,int k = right.size();,int t = 0;,for (int j = 0; j < m; j++) {,FALSE,
unused_000407,gigel-si-sosetele,cpp,1378159661,gigel-si-sosetele/1378159661.cpp,unreadVariable,style,24,11,Variable 'k' is assigned a value that is never used.,medium,int m = left.size();,int k = right.size();,int t = 0;,FALSE,
unused_000408,gigel-si-sosetele,cpp,1378159661,gigel-si-sosetele/1378159661.cpp,unreadVariable,style,25,11,Variable 't' is assigned a value that is never used.,medium,int k = right.size();,int t = 0;,for (int j = 0; j < m; j++) {,FALSE,
unused_000409,gigel-si-sosetele,cpp,1378159675,gigel-si-sosetele/1378159675.cpp,unreadVariable,style,24,11,Variable 'k' is assigned a value that is never used.,medium,int m = left.size();,int k = right.size();,int t = 0;,FALSE,
unused_000410,gigel-si-sosetele,cpp,1378159675,gigel-si-sosetele/1378159675.cpp,unreadVariable,style,25,11,Variable 't' is assigned a value that is never used.,medium,int k = right.size();,int t = 0;,for (int j = 0; j < m; j++) {,FALSE,
unused_000411,gigel-si-sosetele,cpp,1378159750,gigel-si-sosetele/1378159750.cpp,unusedFunction,style,5,6,The function 'find_right' is never used.,high,,"bool find_right(const string &right, const char &c) {",for (int i = 0; i < right.size(); i++) {,FALSE,
unused_000412,gigel-si-sosetele,cpp,1391770795,gigel-si-sosetele/1391770795.cpp,unreadVariable,style,43,12,Variable 'wr' is assigned a value that is never used.,medium,"pairs += min(wr, ll);","wr = max(0, wr - ll);",},FALSE,
unused_000413,gigel-si-sosetele,cpp,1391770822,gigel-si-sosetele/1391770822.cpp,unreadVariable,style,43,12,Variable 'wr' is assigned a value that is never used.,medium,"pairs += min(wr, ll);","wr = max(0, wr - ll);",},FALSE,
unused_000414,gigel-si-sosetele,cpp,1391863243,gigel-si-sosetele/1391863243.cpp,unreadVariable,style,24,15,Variable 'stars' is assigned a value that is never used.,medium,},int stars = 0;,for (char c : s2) {,FALSE,
unused_000415,gigel-si-sosetele,cpp,1391863245,gigel-si-sosetele/1391863245.cpp,unreadVariable,style,24,15,Variable 'stars' is assigned a value that is never used.,medium,},int stars = 0;,for (char c : s2) {,FALSE,
unused_000416,gigel-si-telefonul,cpp,1314236735,gigel-si-telefonul/1314236735.cpp,unreadVariable,style,38,18,Variable 'rezervor' is assigned a value that is never used.,medium,},int rezervor = x;,int cost = 0;,FALSE,
unused_000417,gigel-si-telefonul,cpp,1314236861,gigel-si-telefonul/1314236861.cpp,unreadVariable,style,38,18,Variable 'rezervor' is assigned a value that is never used.,medium,},int rezervor = x;,int cost = 0;,FALSE,
unused_000418,gigel-si-telefonul,cpp,1314236944,gigel-si-telefonul/1314236944.cpp,redundantAssignment,style,24,11,Variable 'next' is reassigned a value before the old one has been used.,medium,finish = n;,next = finish;,while(curent != finish){,FALSE,
unused_000419,gigel-si-telefonul,cpp,1323427658,gigel-si-telefonul/1323427658.cpp,unreadVariable,style,38,29,Variable 'cap' is assigned a value that is never used.,medium,if(x > n-i+1){,cap = n-i+1;,cost += costuri[i] * (n-i+1);,FALSE,
unused_000420,gigel-si-telefonul,cpp,1323432379,gigel-si-telefonul/1323432379.cpp,unreadVariable,style,38,29,Variable 'cap' is assigned a value that is never used.,medium,if(x > dist){,cap = dist;,cost = cost + costuri[i] * dist;,FALSE,
unused_000421,gigel-si-telefonul,cpp,1323432379,gigel-si-telefonul/1323432379.cpp,unreadVariable,style,40,30,Variable 'dist' is assigned a value that is never used.,medium,cost = cost + costuri[i] * dist;,dist = 0;,return cost;,FALSE,
unused_000422,gigel-si-telefonul,cpp,1323432495,gigel-si-telefonul/1323432495.cpp,unreadVariable,style,41,29,Variable 'cap' is assigned a value that is never used.,medium,if(x > dist){,cap = dist;,cost = cost + costuri[i] * dist;,FALSE,
unused_000423,gigel-si-telefonul,cpp,1323432495,gigel-si-telefonul/1323432495.cpp,unreadVariable,style,43,30,Variable 'dist' is assigned a value that is never used.,medium,cost = cost + costuri[i] * dist;,dist = 0;,return cost;,FALSE,
unused_000424,gigel-si-telefonul,cpp,1323432586,gigel-si-telefonul/1323432586.cpp,unreadVariable,style,28,18,Variable 'dist' is assigned a value that is never used.,medium,long cost = 0;,int dist = n;,for(int i = 1 ; i <= n ; i++){,FALSE,
unused_000425,gigel-si-telefonul,cpp,1332180233,gigel-si-telefonul/1332180233.cpp,unreadVariable,style,28,22,Variable 'temp' is assigned a value that is never used.,medium,for(int i = 1; i < n + 1; i++){,int temp = 0;,int m = INT_MAX;,FALSE,
unused_000426,gigel-si-telefonul,cpp,1332180294,gigel-si-telefonul/1332180294.cpp,unreadVariable,style,34,22,Variable 'temp' is assigned a value that is never used.,medium,for(int i = 1; i < n + 1; i++){,int temp = 0;,int m = INT_MAX;,FALSE,
unused_000427,gigel-si-telefonul,cpp,1332180897,gigel-si-telefonul/1332180897.cpp,unreadVariable,style,35,22,Variable 'temp' is assigned a value that is never used.,medium,for(int i = 1; i < n + 1; i++){,int temp = 0;,int m = INT_MAX;,FALSE,
unused_000428,gigel-si-telefonul,cpp,1332180910,gigel-si-telefonul/1332180910.cpp,unreadVariable,style,35,22,Variable 'temp' is assigned a value that is never used.,medium,for(int i = 1; i < n + 1; i++){,int temp = 0;,int m = INT_MAX;,FALSE,
unused_000429,gigel-si-telefonul,cpp,1332581141,gigel-si-telefonul/1332581141.cpp,unreadVariable,style,61,16,Variable 'task' is assigned a value that is never used.,medium,int main() {,auto* task = new (std::nothrow) Task{};,if (!task) {,FALSE,
unused_000430,gigel-si-telefonul,cpp,1332764112,gigel-si-telefonul/1332764112.cpp,unusedVariable,style,17,9,Unused variable: cst,medium,vector<int> cost(n + 1);,int cst;,for (int i = 1; i <= n; i++) {,FALSE,
unused_000431,gigel-si-telefonul,cpp,1342820236,gigel-si-telefonul/1342820236.cpp,unusedFunction,style,30,4,The function 'mypowr' is never used.,high,ll const md=998244353LL;,"ll mypowr(ll a,ll b, ll mod1) {ll res=1;if(b<0)b=0;a%=mod1; assert(b>=0);",for(;b;b>>=1){if(b&1)res=res*a%mod1;a=a*a%mod1;}return res;},FALSE,
unused_000432,gigel-si-telefonul,cpp,1342820236,gigel-si-telefonul/1342820236.cpp,unusedFunction,style,32,4,The function 'mypow' is never used.,high,for(;b;b>>=1){if(b&1)res=res*a%mod1;a=a*a%mod1;}return res;},"ll mypow(ll a,ll b) {ll res=1;if(b<0)b=0;assert(b>=0);",for(;b;b>>=1){if(b&1)res=res*a;a=a*a;}return res;},FALSE,
unused_000433,gigel-si-telefonul,cpp,1342820510,gigel-si-telefonul/1342820510.cpp,unusedFunction,style,30,4,The function 'mypowr' is never used.,high,ll const md=998244353LL;,"ll mypowr(ll a,ll b, ll mod1) {ll res=1;if(b<0)b=0;a%=mod1; assert(b>=0);",for(;b;b>>=1){if(b&1)res=res*a%mod1;a=a*a%mod1;}return res;},FALSE,
unused_000434,gigel-si-telefonul,cpp,1342820510,gigel-si-telefonul/1342820510.cpp,unusedFunction,style,32,4,The function 'mypow' is never used.,high,for(;b;b>>=1){if(b&1)res=res*a%mod1;a=a*a%mod1;}return res;},"ll mypow(ll a,ll b) {ll res=1;if(b<0)b=0;assert(b>=0);",for(;b;b>>=1){if(b&1)res=res*a;a=a*a;}return res;},FALSE,
unused_000435,gigel-si-telefonul,cpp,1342820740,gigel-si-telefonul/1342820740.cpp,unusedFunction,style,30,4,The function 'mypowr' is never used.,high,ll const md=998244353LL;,"ll mypowr(ll a,ll b, ll mod1) {ll res=1;if(b<0)b=0;a%=mod1; assert(b>=0);",for(;b;b>>=1){if(b&1)res=res*a%mod1;a=a*a%mod1;}return res;},FALSE,
unused_000436,gigel-si-telefonul,cpp,1342820740,gigel-si-telefonul/1342820740.cpp,unusedFunction,style,32,4,The function 'mypow' is never used.,high,for(;b;b>>=1){if(b&1)res=res*a%mod1;a=a*a%mod1;}return res;},"ll mypow(ll a,ll b) {ll res=1;if(b<0)b=0;assert(b>=0);",for(;b;b>>=1){if(b&1)res=res*a;a=a*a;}return res;},FALSE,
unused_000437,gigel-si-telefonul,cpp,1344631096,gigel-si-telefonul/1344631096.cpp,unusedFunction,style,20,6,The function 'dfs' is never used.,high,,"void dfs(ll root, vector<vll> &adj, vector<bool> &V, vector<ll> &T, int &t) {",if (V[root]) return;,FALSE,
unused_000438,gigel-si-telefonul,cpp,1344631096,gigel-si-telefonul/1344631096.cpp,unusedFunction,style,31,6,The function 'sosete' is never used.,high,,void sosete() {,int n; cin >> n;,FALSE,
unused_000439,gigel-si-telefonul,cpp,1361900913,gigel-si-telefonul/1361900913.cpp,unreadVariable,style,16,11,Variable 'j' is assigned a value that is never used.,medium,},int j = -1;,for(int i = 0; i < n; i++){,FALSE,
unused_000440,gigel-si-telefonul,cpp,1361900913,gigel-si-telefonul/1361900913.cpp,redundantAssignment,style,25,15,Variable 'j' is reassigned a value before the old one has been used.,medium,int max_cost_atm = v[i];,for(j = i+1; j < n; j++){,if(v[j] < max_cost_atm){,FALSE,
unused_000441,gigel-si-telefonul,cpp,1361900913,gigel-si-telefonul/1361900913.cpp,unreadVariable,style,9,21,Variable 'intersectie' is assigned a value that is never used.,medium,int battery = 0;,int intersectie = 0;,cin >> n >> x;,FALSE,
unused_000442,gigel-si-telefonul,cpp,1361903931,gigel-si-telefonul/1361903931.cpp,unusedVariable,style,13,17,Unused variable: min_money,medium,int result = 0;,vector<int> min_money;,,FALSE,
unused_000443,gigel-si-telefonul,cpp,1378141408,gigel-si-telefonul/1378141408.cpp,redundantAssignment,style,33,11,Variable 'i' is reassigned a value before the old one has been used.,medium,,for(i = 2; i <= n; i++) {,int cost_curent = v[i];,FALSE,
unused_000444,gigel-si-telefonul,cpp,1378142928,gigel-si-telefonul/1378142928.cpp,unreadVariable,style,16,24,Variable 'required_units' is assigned a value that is never used.,medium,,int required_units = N - 1;,unsigned long long total_cost = 0;,FALSE,
unused_000445,gigel-si-telefonul,cpp,1391685724,gigel-si-telefonul/1391685724.cpp,unreadVariable,style,23,30,Variable 'min_cost' is assigned a value that is never used.,medium,if (v[i + j] < min_cost) {,min_cost = v[i + j];,best_dist = j;,FALSE,
unused_000446,gigel-si-telefonul,cpp,1391864055,gigel-si-telefonul/1391864055.cpp,unusedVariable,style,12,15,Unused variable: res,medium,,"int n, x, res;",cin >> n >> x;,FALSE,
unused_000447,gigel-si-telefonul,cpp,1391864073,gigel-si-telefonul/1391864073.cpp,unusedVariable,style,12,15,Unused variable: res,medium,,"int n, x, res;",cin >> n >> x;,FALSE,
unused_000448,gigel-si-telefonul,cpp,1408485379,gigel-si-telefonul/1408485379.cpp,unreadVariable,style,10,14,Variable 'cost' is assigned a value that is never used.,medium,cin >> N;,int cost = 0;,int X;,FALSE,
unused_000449,gigel-si-telefonul,cpp,1408485379,gigel-si-telefonul/1408485379.cpp,unreadVariable,style,22,18,Variable 'mini' is assigned a value that is never used.,medium,for (int i = 2; i <= N; i++) {,int mini = v[i - 1];,for (int j = i - 1; j >= 0 && j >= i - X; j--) {,FALSE,
unused_000450,gigel-si-telefonul,cpp,1408485926,gigel-si-telefonul/1408485926.cpp,unreadVariable,style,10,14,Variable 'cost' is assigned a value that is never used.,medium,cin >> N;,int cost = 0;,int X;,FALSE,
unused_000451,gigel-si-telefonul,cpp,1408485926,gigel-si-telefonul/1408485926.cpp,unreadVariable,style,22,18,Variable 'mini' is assigned a value that is never used.,medium,for (int i = 2; i <= N; i++) {,int mini = v[i - 1];,for (int j = i - 1; j >= 0 && j > i - X; j--) {,FALSE,
unused_000452,gigel-si-telefonul,cpp,1408486016,gigel-si-telefonul/1408486016.cpp,unreadVariable,style,10,14,Variable 'cost' is assigned a value that is never used.,medium,cin >> N;,int cost = 0;,int X;,FALSE,
unused_000453,gigel-si-telefonul,cpp,1408486016,gigel-si-telefonul/1408486016.cpp,unreadVariable,style,22,18,Variable 'mini' is assigned a value that is never used.,medium,for (int i = 2; i <= N; i++) {,int mini = v[i - 1];,for (int j = i - 1; j >= 0 && j >= i - X-1; j--) {,FALSE,
unused_000454,gigel-si-telefonul,cpp,1408486147,gigel-si-telefonul/1408486147.cpp,unreadVariable,style,10,14,Variable 'cost' is assigned a value that is never used.,medium,cin >> N;,int cost = 0;,int X;,FALSE,
unused_000455,gigel-si-telefonul,cpp,1408486147,gigel-si-telefonul/1408486147.cpp,unreadVariable,style,22,18,Variable 'mini' is assigned a value that is never used.,medium,for (int i = 1; i <= N; i++) {,int mini = v[i - 1];,for (int j = i - 1; j >= 0 && j >= i - X; j--) {,FALSE,
unused_000456,gigel-si-telefonul,cpp,1408486537,gigel-si-telefonul/1408486537.cpp,unreadVariable,style,10,14,Variable 'cost' is assigned a value that is never used.,medium,cin >> N;,int cost = 0;,int X;,FALSE,
unused_000457,gigel-si-telefonul,cpp,1408487459,gigel-si-telefonul/1408487459.cpp,unreadVariable,style,10,14,Variable 'cost' is assigned a value that is never used.,medium,cin >> N;,int cost = 0;,int X;,FALSE,
unused_000458,gigel-si-telefonul,cpp,1408492477,gigel-si-telefonul/1408492477.cpp,unreadVariable,style,18,25,Variable 'vf' is assigned a value that is never used.,medium,int best = v[i];,"int poz = -1,vf = 0;",for(j = i + 1; j <= i + p; j ++){,FALSE,
unused_000459,gigel-si-telefonul,cpp,1408492477,gigel-si-telefonul/1408492477.cpp,unreadVariable,style,27,20,Variable 'vf' is assigned a value that is never used.,medium,else{,vf = 1;,break;,FALSE,
unused_000460,gigel-si-telefonul,cpp,1408492505,gigel-si-telefonul/1408492505.cpp,unreadVariable,style,22,26,Variable 'best' is assigned a value that is never used.,medium,if(v[j] < best){,best = v[j];,poz = j;,FALSE,
unused_000461,gigel-si-telefonul,cpp,1408519031,gigel-si-telefonul/1408519031.cpp,unreadVariable,style,39,18,Variable 'curr' is assigned a value that is never used.,medium,while(!pq.empty()) {,int curr = pq.top().first;,int nod = pq.top().second;,FALSE,
unused_000462,gigel-si-telefonul,cpp,1408530882,gigel-si-telefonul/1408530882.cpp,unreadVariable,style,15,18,Variable 'v' is assigned a value that is never used.,medium,cin >> n >> x;,vector<int> v(n);,"vector<vector<long long>> dist(n + 2, vector<long long>(n + 2, 2e17));",FALSE,
unused_000463,gigel-si-telefonul,cpp,1408548585,gigel-si-telefonul/1408548585.cpp,unreadVariable,style,28,17,Variable 'current' is assigned a value that is never used.,medium,,int current = 0;,int costTotal = 0;,FALSE,
unused_000464,gigel-si-telefonul,cpp,1408557234,gigel-si-telefonul/1408557234.cpp,unreadVariable,style,16,33,Variable 'dp' is assigned a value that is never used.,medium,,"vector<vector<long long>> dp(n + 1, vector<long long>(x + 1, 0));",,FALSE,
unused_000465,gigel-si-telefonul,cpp,1408565472,gigel-si-telefonul/1408565472.cpp,unusedVariable,style,13,17,Unused variable: a,medium,,vector<int> a;,int ans = 0;,FALSE,
unused_000466,gigel-si-telefonul,cpp,1408568669,gigel-si-telefonul/1408568669.cpp,unreadVariable,style,19,15,Variable 'target' is assigned a value that is never used.,medium,int cost=0;,int target=0;,for(int j=0;j<n;j++){,FALSE,
unused_000467,gigel-si-telefonul,cpp,1408568689,gigel-si-telefonul/1408568689.cpp,unreadVariable,style,19,15,Variable 'target' is assigned a value that is never used.,medium,int cost=0;,int target=0;,for(int j=0;j<n;j++){,FALSE,
unused_000468,matei-si-diamantele,cpp,1314234680,matei-si-diamantele/1314234680.cpp,unusedVariable,style,21,34,Unused variable: urm,medium,{,"int frum_max = -INT_MAX, urm;",for(i = 0; i <= m + 1; i++),FALSE,
unused_000469,matei-si-diamantele,cpp,1314234680,matei-si-diamantele/1314234680.cpp,unreadVariable,style,33,11,Variable 'i' is assigned a value that is never used.,medium,,i = l;,j = c;,FALSE,
unused_000470,matei-si-diamantele,cpp,1314234680,matei-si-diamantele/1314234680.cpp,unreadVariable,style,34,11,Variable 'j' is assigned a value that is never used.,medium,i = l;,j = c;,int k = 1;,FALSE,
unused_000471,matei-si-diamantele,cpp,1314234680,matei-si-diamantele/1314234680.cpp,unreadVariable,style,61,15,Variable 'i' is assigned a value that is never used.,medium,frum_max = maxi;,i = l_urm;,j = c_urm;,FALSE,
unused_000472,matei-si-diamantele,cpp,1314234680,matei-si-diamantele/1314234680.cpp,unreadVariable,style,62,15,Variable 'j' is assigned a value that is never used.,medium,i = l_urm;,j = c_urm;,k++;,FALSE,
unused_000473,matei-si-diamantele,cpp,1314234854,matei-si-diamantele/1314234854.cpp,unreadVariable,style,45,25,Variable 'current_pos' is assigned a value that is never used.,medium,for(int i = 0; i < P; i++){,int current_pos = grid[L][C];,int North = grid[L-1][C];,FALSE,
unused_000474,matei-si-diamantele,cpp,1314234886,matei-si-diamantele/1314234886.cpp,unusedVariable,style,21,34,Unused variable: urm,medium,{,"int frum_max = -INT_MAX, urm;",for(i = 0; i <= m + 1; i++),FALSE,
unused_000475,matei-si-diamantele,cpp,1314234886,matei-si-diamantele/1314234886.cpp,unreadVariable,style,33,11,Variable 'i' is assigned a value that is never used.,medium,,i = l;,j = c;,FALSE,
unused_000476,matei-si-diamantele,cpp,1314234886,matei-si-diamantele/1314234886.cpp,unreadVariable,style,34,11,Variable 'j' is assigned a value that is never used.,medium,i = l;,j = c;,int k = 1;,FALSE,
unused_000477,matei-si-diamantele,cpp,1314234886,matei-si-diamantele/1314234886.cpp,unreadVariable,style,61,15,Variable 'i' is assigned a value that is never used.,medium,frum_max = maxi;,i = l_urm;,j = c_urm;,FALSE,
unused_000478,matei-si-diamantele,cpp,1314234886,matei-si-diamantele/1314234886.cpp,unreadVariable,style,62,15,Variable 'j' is assigned a value that is never used.,medium,i = l_urm;,j = c_urm;,k++;,FALSE,
unused_000479,matei-si-diamantele,cpp,1314234901,matei-si-diamantele/1314234901.cpp,unreadVariable,style,21,33,Variable 'visited' is assigned a value that is never used.,medium,"vector<vector<int>> mat(n, vector<int>(m));","vector<vector<bool>> visited(n, vector<bool>(m, false));",,FALSE,
unused_000480,matei-si-diamantele,cpp,1314234927,matei-si-diamantele/1314234927.cpp,unreadVariable,style,21,33,Variable 'visited' is assigned a value that is never used.,medium,"vector<vector<int>> mat(n, vector<int>(m));","vector<vector<bool>> visited(n, vector<bool>(m, false));",,FALSE,
unused_000481,matei-si-diamantele,cpp,1314234952,matei-si-diamantele/1314234952.cpp,unreadVariable,style,46,25,Variable 'current_pos' is assigned a value that is never used.,medium,for(int i = 0; i < P; i++){,int current_pos = grid[L][C];,int North = grid[L-1][C];,FALSE,
unused_000482,matei-si-diamantele,cpp,1314235322,matei-si-diamantele/1314235322.cpp,unusedVariable,style,21,34,Unused variable: urm,medium,{,"int frum_max = -INT_MAX, urm;",for(i = 0; i <= m + 1; i++),FALSE,
unused_000483,matei-si-diamantele,cpp,1314235322,matei-si-diamantele/1314235322.cpp,unreadVariable,style,33,11,Variable 'i' is assigned a value that is never used.,medium,,i = l;,j = c;,FALSE,
unused_000484,matei-si-diamantele,cpp,1314235322,matei-si-diamantele/1314235322.cpp,unreadVariable,style,34,11,Variable 'j' is assigned a value that is never used.,medium,i = l;,j = c;,int k = 1;,FALSE,
unused_000485,matei-si-diamantele,cpp,1314235419,matei-si-diamantele/1314235419.cpp,unusedFunction,style,18,6,The function 'printMeta' is never used.,high,,void printMeta(){,"cout<<""N= ""<<N<<"" M= ""<<M<<"" P= ""<<P<<"" start= ""<<start_i<<"" ""<<start_j<<""\n"";",FALSE,
unused_000486,matei-si-diamantele,cpp,1314235531,matei-si-diamantele/1314235531.cpp,unusedFunction,style,25,6,The function 'printMeta' is never used.,high,,void printMeta(){,"cout<<""N= ""<<N<<"" M= ""<<M<<"" P= ""<<P<<"" start= ""<<start_i<<"" ""<<start_j<<""\n"";",FALSE,
unused_000487,matei-si-diamantele,cpp,1314235605,matei-si-diamantele/1314235605.cpp,unusedVariable,style,25,21,Unused variable: endL,medium,} else {,"int startL, endL, startC, endC, mvd = A[L][C];",startL = L - P;,FALSE,
unused_000488,matei-si-diamantele,cpp,1314235663,matei-si-diamantele/1314235663.cpp,unusedFunction,style,25,6,The function 'printMeta' is never used.,high,,void printMeta(){,"cout<<""N= ""<<N<<"" M= ""<<M<<"" P= ""<<P<<"" start= ""<<start_i<<"" ""<<start_j<<""\n"";",FALSE,
unused_000489,matei-si-diamantele,cpp,1314235667,matei-si-diamantele/1314235667.cpp,unusedVariable,style,21,34,Unused variable: urm,medium,{,"int frum_max = -INT_MAX, urm;",for(i = 0; i <= m + 1; i++),FALSE,
unused_000490,matei-si-diamantele,cpp,1314235715,matei-si-diamantele/1314235715.cpp,unreadVariable,style,25,13,Variable 'aux' is assigned a value that is never used.,medium,int max = a[l][q];,int aux = max - 1;,"int chx, chy;",FALSE,
unused_000491,matei-si-diamantele,cpp,1314235888,matei-si-diamantele/1314235888.cpp,unusedFunction,style,25,6,The function 'printMeta' is never used.,high,,void printMeta(){,"cout<<""N= ""<<N<<"" M= ""<<M<<"" P= ""<<P<<"" start= ""<<start_i<<"" ""<<start_j<<""\n"";",FALSE,
unused_000492,matei-si-diamantele,cpp,1314236172,matei-si-diamantele/1314236172.cpp,unusedFunction,style,17,6,The function 'conditii_continuare' is never used.,high,},"bool conditii_continuare(int l, int c)",{,FALSE,
unused_000493,matei-si-diamantele,cpp,1314236299,matei-si-diamantele/1314236299.cpp,unusedVariable,style,21,34,Unused variable: urm,medium,{,"int frum_max = -INT_MAX, urm;",for(i = 0; i <= m + 1; i++),FALSE,
unused_000494,matei-si-diamantele,cpp,1314236529,matei-si-diamantele/1314236529.cpp,redundantAssignment,style,65,37,Variable 'sus' is reassigned a value before the old one has been used.,medium,if(a[l+aux][c] > a[l+copie][c]) {,sus = a[l+aux][c];,} else {,FALSE,
unused_000495,matei-si-diamantele,cpp,1314236529,matei-si-diamantele/1314236529.cpp,redundantAssignment,style,65,37,Variable 'sus' is reassigned a value before the old one has been used.,medium,if(a[l+aux][c] > a[l+copie][c]) {,sus = a[l+aux][c];,} else {,FALSE,
unused_000496,matei-si-diamantele,cpp,1314236561,matei-si-diamantele/1314236561.cpp,unreadVariable,style,38,23,Variable 'inf' is assigned a value that is never used.,medium,,"int i = 0, j, inf = INT_MAX;",queue<Poz> q;,FALSE,
unused_000497,matei-si-diamantele,cpp,1314236561,matei-si-diamantele/1314236561.cpp,unusedVariable,style,38,16,Unused variable: j,medium,,"int i = 0, j, inf = INT_MAX;",queue<Poz> q;,FALSE,
unused_000498,matei-si-diamantele,cpp,1314236661,matei-si-diamantele/1314236661.cpp,unusedVariable,style,26,43,Unused variable: urm,medium,{,"long long int frum_max = v[l][c], urm;",for(i = 0; i <= m + 1; i++),FALSE,
unused_000499,matei-si-diamantele,cpp,1314236744,matei-si-diamantele/1314236744.cpp,unusedVariable,style,34,43,Unused variable: urm,medium,{,"long long int frum_max = v[l][c], urm;",for(i = 0; i <= m + 1; i++),FALSE,
unused_000500,matei-si-diamantele,cpp,1314236752,matei-si-diamantele/1314236752.cpp,redundantAssignment,style,65,37,Variable 'sus' is reassigned a value before the old one has been used.,medium,if(a[l+aux][c] > a[l+copie][c]) {,sus = a[l+aux][c];,} else {,FALSE,
unused_000501,matei-si-diamantele,cpp,1314236752,matei-si-diamantele/1314236752.cpp,redundantAssignment,style,65,37,Variable 'sus' is reassigned a value before the old one has been used.,medium,if(a[l+aux][c] > a[l+copie][c]) {,sus = a[l+aux][c];,} else {,FALSE,
unused_000502,matei-si-diamantele,cpp,1314236884,matei-si-diamantele/1314236884.cpp,unusedVariable,style,34,43,Unused variable: urm,medium,{,"long long int frum_max = v[l][c], urm;",for(i = 0; i <= m + 1; i++),FALSE,
unused_000503,matei-si-diamantele,cpp,1314236997,matei-si-diamantele/1314236997.cpp,redundantAssignment,style,65,45,Variable 'sus' is reassigned a value before the old one has been used.,medium,if(a[l+aux][c] > a[l+copie][c]) {,sus = a[l+aux][c];,} else {,FALSE,
unused_000504,matei-si-diamantele,cpp,1314236997,matei-si-diamantele/1314236997.cpp,redundantAssignment,style,65,45,Variable 'sus' is reassigned a value before the old one has been used.,medium,if(a[l+aux][c] > a[l+copie][c]) {,sus = a[l+aux][c];,} else {,FALSE,
unused_000505,matei-si-diamantele,cpp,1314237031,matei-si-diamantele/1314237031.cpp,unreadVariable,style,13,9,Variable 'rez' is assigned a value that is never used.,medium,int rez;,rez = 0;,cin >> n >> m >> p >> l >> c;,FALSE,
unused_000506,matei-si-diamantele,cpp,1314237031,matei-si-diamantele/1314237031.cpp,unusedVariable,style,23,9,Unused variable: nord,medium,},"int nord, sud, est, vest;",if (p == 0),FALSE,
unused_000507,matei-si-diamantele,cpp,1314237031,matei-si-diamantele/1314237031.cpp,unusedVariable,style,23,15,Unused variable: sud,medium,},"int nord, sud, est, vest;",if (p == 0),FALSE,
unused_000508,matei-si-diamantele,cpp,1314237031,matei-si-diamantele/1314237031.cpp,unusedVariable,style,23,20,Unused variable: est,medium,},"int nord, sud, est, vest;",if (p == 0),FALSE,
unused_000509,matei-si-diamantele,cpp,1314237031,matei-si-diamantele/1314237031.cpp,unusedVariable,style,23,25,Unused variable: vest,medium,},"int nord, sud, est, vest;",if (p == 0),FALSE,
unused_000510,matei-si-diamantele,cpp,1314237040,matei-si-diamantele/1314237040.cpp,redundantAssignment,style,66,45,Variable 'sus' is reassigned a value before the old one has been used.,medium,if(a[l+aux][c] > a[l+copie][c]) {,sus = a[l+aux][c];,} else {,FALSE,
unused_000511,matei-si-diamantele,cpp,1314237040,matei-si-diamantele/1314237040.cpp,redundantAssignment,style,66,45,Variable 'sus' is reassigned a value before the old one has been used.,medium,if(a[l+aux][c] > a[l+copie][c]) {,sus = a[l+aux][c];,} else {,FALSE,
unused_000512,matei-si-diamantele,cpp,1314237060,matei-si-diamantele/1314237060.cpp,unreadVariable,style,24,12,Variable 'm1' is assigned a value that is never used.,medium,cin >> a[i][j];,"int m1 = 0, m2 = 0, lin1 = 0, col1 =  0, lin2 = 0, col2 = 0, maxi = 0;",if (p == 0),FALSE,
unused_000513,matei-si-diamantele,cpp,1314237060,matei-si-diamantele/1314237060.cpp,unreadVariable,style,24,20,Variable 'm2' is assigned a value that is never used.,medium,cin >> a[i][j];,"int m1 = 0, m2 = 0, lin1 = 0, col1 =  0, lin2 = 0, col2 = 0, maxi = 0;",if (p == 0),FALSE,
unused_000514,matei-si-diamantele,cpp,1314237060,matei-si-diamantele/1314237060.cpp,unreadVariable,style,24,30,Variable 'lin1' is assigned a value that is never used.,medium,cin >> a[i][j];,"int m1 = 0, m2 = 0, lin1 = 0, col1 =  0, lin2 = 0, col2 = 0, maxi = 0;",if (p == 0),FALSE,
unused_000515,matei-si-diamantele,cpp,1314237060,matei-si-diamantele/1314237060.cpp,unreadVariable,style,24,40,Variable 'col1' is assigned a value that is never used.,medium,cin >> a[i][j];,"int m1 = 0, m2 = 0, lin1 = 0, col1 =  0, lin2 = 0, col2 = 0, maxi = 0;",if (p == 0),FALSE,
unused_000516,matei-si-diamantele,cpp,1314237060,matei-si-diamantele/1314237060.cpp,unreadVariable,style,24,51,Variable 'lin2' is assigned a value that is never used.,medium,cin >> a[i][j];,"int m1 = 0, m2 = 0, lin1 = 0, col1 =  0, lin2 = 0, col2 = 0, maxi = 0;",if (p == 0),FALSE,
unused_000517,matei-si-diamantele,cpp,1314237060,matei-si-diamantele/1314237060.cpp,unreadVariable,style,24,61,Variable 'col2' is assigned a value that is never used.,medium,cin >> a[i][j];,"int m1 = 0, m2 = 0, lin1 = 0, col1 =  0, lin2 = 0, col2 = 0, maxi = 0;",if (p == 0),FALSE,
unused_000518,matei-si-diamantele,cpp,1314237181,matei-si-diamantele/1314237181.cpp,unreadVariable,style,24,12,Variable 'm1' is assigned a value that is never used.,medium,cin >> a[i][j];,"int m1 = 0, m2 = 0, lin1 = 0, col1 =  0, lin2 = 0, col2 = 0, maxi = 0,m3 = 0, lin3 = 0, col3 = 0;",if (p == 0),FALSE,
unused_000519,matei-si-diamantele,cpp,1314237181,matei-si-diamantele/1314237181.cpp,unreadVariable,style,24,20,Variable 'm2' is assigned a value that is never used.,medium,cin >> a[i][j];,"int m1 = 0, m2 = 0, lin1 = 0, col1 =  0, lin2 = 0, col2 = 0, maxi = 0,m3 = 0, lin3 = 0, col3 = 0;",if (p == 0),FALSE,
unused_000520,matei-si-diamantele,cpp,1314237181,matei-si-diamantele/1314237181.cpp,unreadVariable,style,24,30,Variable 'lin1' is assigned a value that is never used.,medium,cin >> a[i][j];,"int m1 = 0, m2 = 0, lin1 = 0, col1 =  0, lin2 = 0, col2 = 0, maxi = 0,m3 = 0, lin3 = 0, col3 = 0;",if (p == 0),FALSE,
unused_000521,matei-si-diamantele,cpp,1314237181,matei-si-diamantele/1314237181.cpp,unreadVariable,style,24,40,Variable 'col1' is assigned a value that is never used.,medium,cin >> a[i][j];,"int m1 = 0, m2 = 0, lin1 = 0, col1 =  0, lin2 = 0, col2 = 0, maxi = 0,m3 = 0, lin3 = 0, col3 = 0;",if (p == 0),FALSE,
unused_000522,matei-si-diamantele,cpp,1314237181,matei-si-diamantele/1314237181.cpp,unreadVariable,style,24,51,Variable 'lin2' is assigned a value that is never used.,medium,cin >> a[i][j];,"int m1 = 0, m2 = 0, lin1 = 0, col1 =  0, lin2 = 0, col2 = 0, maxi = 0,m3 = 0, lin3 = 0, col3 = 0;",if (p == 0),FALSE,
unused_000523,matei-si-diamantele,cpp,1314237181,matei-si-diamantele/1314237181.cpp,unreadVariable,style,24,61,Variable 'col2' is assigned a value that is never used.,medium,cin >> a[i][j];,"int m1 = 0, m2 = 0, lin1 = 0, col1 =  0, lin2 = 0, col2 = 0, maxi = 0,m3 = 0, lin3 = 0, col3 = 0;",if (p == 0),FALSE,
unused_000524,matei-si-diamantele,cpp,1314237181,matei-si-diamantele/1314237181.cpp,unreadVariable,style,24,78,Variable 'm3' is assigned a value that is never used.,medium,cin >> a[i][j];,"int m1 = 0, m2 = 0, lin1 = 0, col1 =  0, lin2 = 0, col2 = 0, maxi = 0,m3 = 0, lin3 = 0, col3 = 0;",if (p == 0),FALSE,
unused_000525,matei-si-diamantele,cpp,1314237181,matei-si-diamantele/1314237181.cpp,unreadVariable,style,24,88,Variable 'lin3' is assigned a value that is never used.,medium,cin >> a[i][j];,"int m1 = 0, m2 = 0, lin1 = 0, col1 =  0, lin2 = 0, col2 = 0, maxi = 0,m3 = 0, lin3 = 0, col3 = 0;",if (p == 0),FALSE,
unused_000526,matei-si-diamantele,cpp,1314237181,matei-si-diamantele/1314237181.cpp,unreadVariable,style,24,98,Variable 'col3' is assigned a value that is never used.,medium,cin >> a[i][j];,"int m1 = 0, m2 = 0, lin1 = 0, col1 =  0, lin2 = 0, col2 = 0, maxi = 0,m3 = 0, lin3 = 0, col3 = 0;",if (p == 0),FALSE,
unused_000527,matei-si-diamantele,cpp,1314237250,matei-si-diamantele/1314237250.cpp,unreadVariable,style,27,12,Variable 'm1' is assigned a value that is never used.,medium,},"int m1 = 0, m2 = 0, lin1 = 0, col1 =  0, lin2 = 0, col2 = 0, maxi = 0,m3 = 0, lin3 = 0, col3 = 0;",if (p == 0),FALSE,
unused_000528,matei-si-diamantele,cpp,1314237250,matei-si-diamantele/1314237250.cpp,unreadVariable,style,27,20,Variable 'm2' is assigned a value that is never used.,medium,},"int m1 = 0, m2 = 0, lin1 = 0, col1 =  0, lin2 = 0, col2 = 0, maxi = 0,m3 = 0, lin3 = 0, col3 = 0;",if (p == 0),FALSE,
unused_000529,matei-si-diamantele,cpp,1314237250,matei-si-diamantele/1314237250.cpp,unreadVariable,style,27,30,Variable 'lin1' is assigned a value that is never used.,medium,},"int m1 = 0, m2 = 0, lin1 = 0, col1 =  0, lin2 = 0, col2 = 0, maxi = 0,m3 = 0, lin3 = 0, col3 = 0;",if (p == 0),FALSE,
unused_000530,matei-si-diamantele,cpp,1314237250,matei-si-diamantele/1314237250.cpp,unreadVariable,style,27,40,Variable 'col1' is assigned a value that is never used.,medium,},"int m1 = 0, m2 = 0, lin1 = 0, col1 =  0, lin2 = 0, col2 = 0, maxi = 0,m3 = 0, lin3 = 0, col3 = 0;",if (p == 0),FALSE,
unused_000531,matei-si-diamantele,cpp,1314237250,matei-si-diamantele/1314237250.cpp,unreadVariable,style,27,51,Variable 'lin2' is assigned a value that is never used.,medium,},"int m1 = 0, m2 = 0, lin1 = 0, col1 =  0, lin2 = 0, col2 = 0, maxi = 0,m3 = 0, lin3 = 0, col3 = 0;",if (p == 0),FALSE,
unused_000532,matei-si-diamantele,cpp,1314237250,matei-si-diamantele/1314237250.cpp,unreadVariable,style,27,61,Variable 'col2' is assigned a value that is never used.,medium,},"int m1 = 0, m2 = 0, lin1 = 0, col1 =  0, lin2 = 0, col2 = 0, maxi = 0,m3 = 0, lin3 = 0, col3 = 0;",if (p == 0),FALSE,
unused_000533,matei-si-diamantele,cpp,1314237250,matei-si-diamantele/1314237250.cpp,unreadVariable,style,27,78,Variable 'm3' is assigned a value that is never used.,medium,},"int m1 = 0, m2 = 0, lin1 = 0, col1 =  0, lin2 = 0, col2 = 0, maxi = 0,m3 = 0, lin3 = 0, col3 = 0;",if (p == 0),FALSE,
unused_000534,matei-si-diamantele,cpp,1314237250,matei-si-diamantele/1314237250.cpp,unreadVariable,style,27,88,Variable 'lin3' is assigned a value that is never used.,medium,},"int m1 = 0, m2 = 0, lin1 = 0, col1 =  0, lin2 = 0, col2 = 0, maxi = 0,m3 = 0, lin3 = 0, col3 = 0;",if (p == 0),FALSE,
unused_000535,matei-si-diamantele,cpp,1314237250,matei-si-diamantele/1314237250.cpp,unreadVariable,style,27,98,Variable 'col3' is assigned a value that is never used.,medium,},"int m1 = 0, m2 = 0, lin1 = 0, col1 =  0, lin2 = 0, col2 = 0, maxi = 0,m3 = 0, lin3 = 0, col3 = 0;",if (p == 0),FALSE,
unused_000536,matei-si-diamantele,cpp,1314237335,matei-si-diamantele/1314237335.cpp,unreadVariable,style,13,9,Variable 'rez' is assigned a value that is never used.,medium,int rez;,rez = 0;,int index = 0;,FALSE,
unused_000537,matei-si-diamantele,cpp,1314237335,matei-si-diamantele/1314237335.cpp,unusedVariable,style,25,9,Unused variable: nord,medium,int max = 0;,"int nord, sud, est, vest;",if (p == 0),FALSE,
unused_000538,matei-si-diamantele,cpp,1314237335,matei-si-diamantele/1314237335.cpp,unusedVariable,style,25,15,Unused variable: sud,medium,int max = 0;,"int nord, sud, est, vest;",if (p == 0),FALSE,
unused_000539,matei-si-diamantele,cpp,1314237335,matei-si-diamantele/1314237335.cpp,unusedVariable,style,25,20,Unused variable: est,medium,int max = 0;,"int nord, sud, est, vest;",if (p == 0),FALSE,
unused_000540,matei-si-diamantele,cpp,1314237335,matei-si-diamantele/1314237335.cpp,unusedVariable,style,25,25,Unused variable: vest,medium,int max = 0;,"int nord, sud, est, vest;",if (p == 0),FALSE,
unused_000541,matei-si-diamantele,cpp,1314237477,matei-si-diamantele/1314237477.cpp,unreadVariable,style,42,14,Variable 'dp[1][1]' is assigned a value that is never used.,medium,int dp[m + 1][n + 1];,dp[1][1] = max_gem;,,FALSE,
unused_000542,matei-si-diamantele,c,1323416016,matei-si-diamantele/1323416016.c,unreadVariable,style,26,16,Variable 'actual' is assigned a value that is never used.,medium,,int actual = start;,n1--;,FALSE,
unused_000543,matei-si-diamantele,c,1323416016,matei-si-diamantele/1323416016.c,unreadVariable,style,29,11,Variable 'a' is assigned a value that is never used.,medium,m1--;,int a = n1;,int b = m1;,FALSE,
unused_000544,matei-si-diamantele,c,1323416016,matei-si-diamantele/1323416016.c,unreadVariable,style,30,11,Variable 'b' is assigned a value that is never used.,medium,int a = n1;,int b = m1;,n = n1;,FALSE,
unused_000545,matei-si-diamantele,c,1323416016,matei-si-diamantele/1323416016.c,unreadVariable,style,37,15,Variable 'a' is assigned a value that is never used.,medium,{,a = n1-1;,b = m;,FALSE,
unused_000546,matei-si-diamantele,c,1323416016,matei-si-diamantele/1323416016.c,unreadVariable,style,38,15,Variable 'b' is assigned a value that is never used.,medium,a = n1-1;,b = m;,start = v[n-1][m];,FALSE,
unused_000547,matei-si-diamantele,c,1323416016,matei-si-diamantele/1323416016.c,unreadVariable,style,43,15,Variable 'a' is assigned a value that is never used.,medium,{,a = n1;,b = m-1;,FALSE,
unused_000548,matei-si-diamantele,c,1323416016,matei-si-diamantele/1323416016.c,unreadVariable,style,44,15,Variable 'b' is assigned a value that is never used.,medium,a = n1;,b = m-1;,start = v[n][m-1];,FALSE,
unused_000549,matei-si-diamantele,c,1323416016,matei-si-diamantele/1323416016.c,unreadVariable,style,49,15,Variable 'a' is assigned a value that is never used.,medium,{,a = n1+1;,b = m;,FALSE,
unused_000550,matei-si-diamantele,c,1323416016,matei-si-diamantele/1323416016.c,unreadVariable,style,50,15,Variable 'b' is assigned a value that is never used.,medium,a = n1+1;,b = m;,start = v[n+1][m];,FALSE,
unused_000551,matei-si-diamantele,c,1323416016,matei-si-diamantele/1323416016.c,unreadVariable,style,55,15,Variable 'a' is assigned a value that is never used.,medium,{,a = n1+1;,b = m+1;,FALSE,
unused_000552,matei-si-diamantele,c,1323416016,matei-si-diamantele/1323416016.c,unreadVariable,style,56,15,Variable 'b' is assigned a value that is never used.,medium,a = n1+1;,b = m+1;,start = v[n][m+1];,FALSE,
unused_000553,matei-si-diamantele,cpp,1323416777,matei-si-diamantele/1323416777.cpp,unusedFunction,style,49,10,The function 'print_output' is never used.,high,,void print_output(vector<vector<int> > result) {,for (int i = 0; i < n; i++) {,FALSE,
unused_000554,matei-si-diamantele,cpp,1323416777,matei-si-diamantele/1323416777.cpp,unusedPrivateFunction,style,49,10,Unused private function: 'Task::print_output',high,,void print_output(vector<vector<int> > result) {,for (int i = 0; i < n; i++) {,FALSE,
unused_000555,matei-si-diamantele,cpp,1323426687,matei-si-diamantele/1323426687.cpp,unusedStructMember,style,17,10,class member 'Task::vis' is never used.,high,int mat[1005][1005];,bool vis[1005][1005];,int nr_steps[1005][1005];,FALSE,
unused_000556,matei-si-diamantele,cpp,1323426687,matei-si-diamantele/1323426687.cpp,unusedStructMember,style,20,17,class member 'Task::v' is never used.,high,,vector<int> v;,,FALSE,
unused_000557,matei-si-diamantele,cpp,1323428875,matei-si-diamantele/1323428875.cpp,unusedStructMember,style,17,10,class member 'Task::vis' is never used.,high,int mat[1005][1005];,bool vis[1005][1005];,int nr_steps[1005][1005];,FALSE,
unused_000558,matei-si-diamantele,cpp,1323428875,matei-si-diamantele/1323428875.cpp,unusedStructMember,style,20,17,class member 'Task::v' is never used.,high,,vector<int> v;,,FALSE,
unused_000559,matei-si-diamantele,cpp,1323448135,matei-si-diamantele/1323448135.cpp,unusedVariable,style,27,25,Unused variable: timp,medium,,priority_queue<int> timp;,int diamond[n + 1][m + 1];,FALSE,
unused_000560,matei-si-diamantele,cpp,1323450425,matei-si-diamantele/1323450425.cpp,unreadVariable,style,52,14,Variable 'best' is assigned a value that is never used.,medium,best_diamond.push(diamond[initial.first][initial.second]);,int best = diamond[initial.first][initial.second];,,FALSE,
unused_000561,matei-si-diamantele,cpp,1332386790,matei-si-diamantele/1332386790.cpp,unusedVariable,style,31,17,Unused variable: points,medium,"vector<int> maximums(p,0);",vector<int> points;,,FALSE,
unused_000562,matei-si-diamantele,cpp,1332558574,matei-si-diamantele/1332558574.cpp,unreadVariable,style,56,16,Variable 'task' is assigned a value that is never used.,medium,int main() {,auto* task = new (std::nothrow) Task{};,if (!task) {,FALSE,
unused_000563,matei-si-diamantele,cpp,1332753487,matei-si-diamantele/1332753487.cpp,redundantInitialization,style,24,7,Redundant initialization for 'z'. The initialized value is overwritten before it is read.,medium,,z = f[l][c];,,FALSE,
unused_000564,matei-si-diamantele,cpp,1332753509,matei-si-diamantele/1332753509.cpp,redundantInitialization,style,31,7,Redundant initialization for 'z'. The initialized value is overwritten before it is read.,medium,,z = f[l][c];,,FALSE,
unused_000565,matei-si-diamantele,cpp,1332763819,matei-si-diamantele/1332763819.cpp,unusedVariable,style,26,15,Unused variable: pozmax1,medium,"vector <vector <long long>> matrix(N, vector<long long>(M, 0));","long long pozmax1, pozmax2;",L--;,FALSE,
unused_000566,matei-si-diamantele,cpp,1332763819,matei-si-diamantele/1332763819.cpp,unusedVariable,style,26,24,Unused variable: pozmax2,medium,"vector <vector <long long>> matrix(N, vector<long long>(M, 0));","long long pozmax1, pozmax2;",L--;,FALSE,
unused_000567,matei-si-diamantele,cpp,1332763819,matei-si-diamantele/1332763819.cpp,unusedFunction,style,7,6,The function 'check' is never used.,high,using namespace std;,"void check(vector<vector<long long>>matrix, long long pozl, long long pozc, long long P, long long *max, long long N, long long M) {",if (*max < matrix[pozl][pozc]) {,FALSE,
unused_000568,matei-si-diamantele,cpp,1333804278,matei-si-diamantele/1333804278.cpp,unusedVariable,style,40,39,Unused variable: domain,medium,"long long N,M,P,L,C,k;","std::vector<std::pair<int, int> > domain,solution;",,FALSE,
unused_000569,matei-si-diamantele,cpp,1333804278,matei-si-diamantele/1333804278.cpp,unusedVariable,style,40,46,Unused variable: solution,medium,"long long N,M,P,L,C,k;","std::vector<std::pair<int, int> > domain,solution;",,FALSE,
unused_000570,matei-si-diamantele,cpp,1333804295,matei-si-diamantele/1333804295.cpp,unusedVariable,style,39,25,Unused variable: k,medium,int main(){,"long long n,m,p,l,c,k;",cin >> n >> m >> p >> l >> c;,FALSE,
unused_000571,matei-si-diamantele,cpp,1333804295,matei-si-diamantele/1333804295.cpp,unusedFunction,style,5,6,The function 'back_1' is never used.,high,,"void back_1(long long step,vector< vector<long long> > &map,long long L,long long C,long long P,","long long N,long long M,",FALSE,
unused_000572,matei-si-diamantele,cpp,1342818952,matei-si-diamantele/1342818952.cpp,unusedFunction,style,30,4,The function 'mypowr' is never used.,high,ll const md=998244353LL;,"ll mypowr(ll a,ll b, ll mod1) {ll res=1;if(b<0)b=0;a%=mod1; assert(b>=0);",for(;b;b>>=1){if(b&1)res=res*a%mod1;a=a*a%mod1;}return res;},FALSE,
unused_000573,matei-si-diamantele,cpp,1342818952,matei-si-diamantele/1342818952.cpp,unusedFunction,style,32,4,The function 'mypow' is never used.,high,for(;b;b>>=1){if(b&1)res=res*a%mod1;a=a*a%mod1;}return res;},"ll mypow(ll a,ll b) {ll res=1;if(b<0)b=0;assert(b>=0);",for(;b;b>>=1){if(b&1)res=res*a;a=a*a;}return res;},FALSE,
unused_000574,matei-si-diamantele,cpp,1344373500,matei-si-diamantele/1344373500.cpp,redundantAssignment,style,27,9,Variable 'left' is reassigned a value before the old one has been used.,medium,down=n;,left=y;,right=y;,FALSE,
unused_000575,matei-si-diamantele,cpp,1344373500,matei-si-diamantele/1344373500.cpp,redundantAssignment,style,28,10,Variable 'right' is reassigned a value before the old one has been used.,medium,left=y;,right=y;,for(int i=up;i<=down;i++),FALSE,
unused_000576,matei-si-diamantele,cpp,1344637468,matei-si-diamantele/1344637468.cpp,unreadVariable,style,18,21,Variable 'posi' is assigned a value that is never used.,medium,},"int i = 1, posi = L, posj = C, max = a[L][C];",while(i <= P) {,FALSE,
unused_000577,matei-si-diamantele,cpp,1344637468,matei-si-diamantele/1344637468.cpp,unreadVariable,style,18,31,Variable 'posj' is assigned a value that is never used.,medium,},"int i = 1, posi = L, posj = C, max = a[L][C];",while(i <= P) {,FALSE,
unused_000578,matei-si-diamantele,cpp,1344637468,matei-si-diamantele/1344637468.cpp,unreadVariable,style,21,18,Variable 'posi' is assigned a value that is never used.,medium,if((L - 1) >= 1 && (L - 1) <= N && C >= 1 && C <= M && a[L-1][C] > max) {,posi = L - 1;,posj = C;,FALSE,
unused_000579,matei-si-diamantele,cpp,1344637468,matei-si-diamantele/1344637468.cpp,unreadVariable,style,22,18,Variable 'posj' is assigned a value that is never used.,medium,posi = L - 1;,posj = C;,max = a[L-1][C];,FALSE,
unused_000580,matei-si-diamantele,cpp,1344637468,matei-si-diamantele/1344637468.cpp,unreadVariable,style,26,18,Variable 'posi' is assigned a value that is never used.,medium,if(L >= 1 && L <= N && (C - 1) >= 1 && (C - 1) <= M && a[L][C-1] > max) {,posi = L;,posj = C - 1;,FALSE,
unused_000581,matei-si-diamantele,cpp,1344637468,matei-si-diamantele/1344637468.cpp,unreadVariable,style,27,18,Variable 'posj' is assigned a value that is never used.,medium,posi = L;,posj = C - 1;,max = a[L][C-1];,FALSE,
unused_000582,matei-si-diamantele,cpp,1344637468,matei-si-diamantele/1344637468.cpp,unreadVariable,style,31,18,Variable 'posi' is assigned a value that is never used.,medium,if((L + 1) >= 1 && (L + 1) <= N && C >= 1 && C <= M && a[L+1][C] > max) {,posi = L + 1;,posj = C;,FALSE,
unused_000583,matei-si-diamantele,cpp,1344637468,matei-si-diamantele/1344637468.cpp,unreadVariable,style,32,18,Variable 'posj' is assigned a value that is never used.,medium,posi = L + 1;,posj = C;,max = a[L+1][C];,FALSE,
unused_000584,matei-si-diamantele,cpp,1344637468,matei-si-diamantele/1344637468.cpp,unreadVariable,style,36,18,Variable 'posi' is assigned a value that is never used.,medium,if(L >= 1 && L <= N && (C + 1) >= 1 && (C + 1) <= M && a[L][C+1] > max) {,posi = L;,posj = C + 1;,FALSE,
unused_000585,matei-si-diamantele,cpp,1344637468,matei-si-diamantele/1344637468.cpp,unreadVariable,style,37,18,Variable 'posj' is assigned a value that is never used.,medium,posi = L;,posj = C + 1;,max = a[L][C+1];,FALSE,
unused_000586,matei-si-diamantele,cpp,1344697187,matei-si-diamantele/1344697187.cpp,unreadVariable,style,20,9,Variable 'till' is assigned a value that is never used.,medium,int diff = p;,int till = 1;,int max = -1000000000;,FALSE,
unused_000587,matei-si-diamantele,cpp,1344697577,matei-si-diamantele/1344697577.cpp,unusedFunction,style,27,6,The function 'print_queue' is never used.,high,},"void print_queue(std::queue<pair<int, int>> q)",{,FALSE,
unused_000588,matei-si-diamantele,cpp,1344697704,matei-si-diamantele/1344697704.cpp,unusedFunction,style,27,6,The function 'print_queue' is never used.,high,},"void print_queue(std::queue<pair<int, int>> q)",{,FALSE,
unused_000589,matei-si-diamantele,cpp,1361737162,matei-si-diamantele/1361737162.cpp,unusedVariable,style,12,34,Unused variable: i,medium,,"int n, m , p,startr, startc, i, j;",int adj[NMAX][NMAX];,FALSE,
unused_000590,matei-si-diamantele,cpp,1361737162,matei-si-diamantele/1361737162.cpp,unusedVariable,style,12,37,Unused variable: j,medium,,"int n, m , p,startr, startc, i, j;",int adj[NMAX][NMAX];,FALSE,
unused_000591,matei-si-diamantele,cpp,1361807199,matei-si-diamantele/1361807199.cpp,unreadVariable,style,14,33,Variable 'visited' is assigned a value that is never used.,medium,"vector<vector<int>> mat(N + 1 , vector<int> (M + 1, 0));","vector<vector<bool>> visited(N + 1 , vector<bool> (M + 1, false));",for (int i = 1; i <= N; i++) {,FALSE,
unused_000592,matei-si-diamantele,cpp,1378159510,matei-si-diamantele/1378159510.cpp,unreadVariable,style,19,14,Variable 'valMax' is assigned a value that is never used.,medium,"int n, m, p, l, c;",int valMax = INT_MIN;,"ifstream fin(""date.in"");",FALSE,
unused_000593,matei-si-diamantele,cpp,1391941229,matei-si-diamantele/1391941229.cpp,unreadVariable,style,24,12,Variable 'sw' is assigned a value that is never used.,medium,cin >> v[i][j];,int sw = 0;,int j = 0;,FALSE,
unused_000594,matei-si-diamantele,cpp,1391964261,matei-si-diamantele/1391964261.cpp,unreadVariable,style,25,23,Variable 'moves' is assigned a value that is never used.,medium,if (moves <= p && d < mat[i][j]) {,moves = maxi;,d = mat[i][j];,FALSE,
unused_000595,organizare-mafiota,cpp,1314235234,organizare-mafiota/1314235234.cpp,unreadVariable,style,17,15,Variable 'count' is assigned a value that is never used.,medium,idx[u] = u;,int count = 1;,for(auto x : subord[u]) {,FALSE,
unused_000596,organizare-mafiota,cpp,1314236163,organizare-mafiota/1314236163.cpp,unusedVariable,style,15,13,Unused variable: a,medium,for (int u = 1; u <= q; u++) {,int a[kNmax][kNmax];,"vector<int> in(n+1,0);",FALSE,
unused_000597,organizare-mafiota,cpp,1314236683,organizare-mafiota/1314236683.cpp,unreadVariable,style,33,71,Variable 'poz' is assigned a value that is never used.,medium,while(q--){,"int x,y, mini_val = 1001000, maxi_val = -1001000, poz = 1, poz_t = 1;",for(int i = 0 ; i < m; i++){,FALSE,
unused_000598,organizare-mafiota,cpp,1314236693,organizare-mafiota/1314236693.cpp,unusedVariable,style,21,9,Unused variable: i,medium,"dfs(n1, visited, connections);",int i;,,FALSE,
unused_000599,organizare-mafiota,cpp,1314236901,organizare-mafiota/1314236901.cpp,unreadVariable,style,33,55,Variable 'mini_poz' is assigned a value that is never used.,medium,while(q--){,"int x,y, mini_val = 1001000, mini_poz = 1, mini_val_t = 1001000, mini_poz_t = 1;",for(int i = 0 ; i < m; i++){,FALSE,
unused_000600,organizare-mafiota,cpp,1314236901,organizare-mafiota/1314236901.cpp,unreadVariable,style,33,93,Variable 'mini_poz_t' is assigned a value that is never used.,medium,while(q--){,"int x,y, mini_val = 1001000, mini_poz = 1, mini_val_t = 1001000, mini_poz_t = 1;",for(int i = 0 ; i < m; i++){,FALSE,
unused_000601,organizare-mafiota,cpp,1314236901,organizare-mafiota/1314236901.cpp,unreadVariable,style,45,44,Variable 'mini_poz_t' is assigned a value that is never used.,medium,mini_val_t = son_t[i];,mini_poz_t = i;,},FALSE,
unused_000602,organizare-mafiota,cpp,1314236901,organizare-mafiota/1314236901.cpp,unreadVariable,style,49,42,Variable 'mini_poz' is assigned a value that is never used.,medium,mini_val = son[i];,mini_poz = i;,},FALSE,
unused_000603,organizare-mafiota,cpp,1314236920,organizare-mafiota/1314236920.cpp,unreadVariable,style,33,55,Variable 'mini_poz' is assigned a value that is never used.,medium,while(q--){,"int x,y, mini_val = 1001000, mini_poz = 1, mini_val_t = 1001000, mini_poz_t = 1;",for(int i = 0 ; i < m; i++){,FALSE,
unused_000604,organizare-mafiota,cpp,1314236920,organizare-mafiota/1314236920.cpp,unreadVariable,style,33,93,Variable 'mini_poz_t' is assigned a value that is never used.,medium,while(q--){,"int x,y, mini_val = 1001000, mini_poz = 1, mini_val_t = 1001000, mini_poz_t = 1;",for(int i = 0 ; i < m; i++){,FALSE,
unused_000605,organizare-mafiota,cpp,1314236920,organizare-mafiota/1314236920.cpp,unreadVariable,style,45,44,Variable 'mini_poz_t' is assigned a value that is never used.,medium,mini_val_t = son_t[i];,mini_poz_t = i;,},FALSE,
unused_000606,organizare-mafiota,cpp,1314236920,organizare-mafiota/1314236920.cpp,unreadVariable,style,49,42,Variable 'mini_poz' is assigned a value that is never used.,medium,mini_val = son[i];,mini_poz = i;,},FALSE,
unused_000607,organizare-mafiota,cpp,1323078705,organizare-mafiota/1323078705.cpp,unusedVariable,style,15,17,Unused variable: sol,medium,cin >> n >> m >> q;,vector<int> sol;,for (int querry = 0; querry < q; querry++) {,FALSE,
unused_000608,organizare-mafiota,cpp,1323079843,organizare-mafiota/1323079843.cpp,unusedVariable,style,37,17,Unused variable: sol,medium,cin >> n >> m >> q;,vector<int> sol;,for (int querry = 0; querry < q; querry++) {,FALSE,
unused_000609,organizare-mafiota,cpp,1323079843,organizare-mafiota/1323079843.cpp,unusedVariable,style,48,29,Unused variable: dist,medium,,vector<vector<int>> dist;,,FALSE,
unused_000610,organizare-mafiota,cpp,1323388419,organizare-mafiota/1323388419.cpp,unreadVariable,style,82,18,Variable 'd' is assigned a value that is never used.,medium,int get_result() {,"vector<int> d(n + 1, Inf);",vector<int> topsort = topological_sort();,FALSE,
unused_000611,organizare-mafiota,cpp,1323431344,organizare-mafiota/1323431344.cpp,unusedFunction,style,127,14,The function 'print_output' is never used.,high,,void print_output(vector<int> result) {,"ofstream fout(""out"");",FALSE,
unused_000612,organizare-mafiota,cpp,1323431344,organizare-mafiota/1323431344.cpp,unusedPrivateFunction,style,127,14,Unused private function: 'Task::print_output',high,,void print_output(vector<int> result) {,"ofstream fout(""out"");",FALSE,
unused_000613,organizare-mafiota,cpp,1333787279,organizare-mafiota/1333787279.cpp,unreadVariable,style,51,31,Variable 'is_uni_connected' is assigned a value that is never used.,medium,},bool is_uni_connected = true;,bool found;,FALSE,
unused_000614,organizare-mafiota,cpp,1391864412,organizare-mafiota/1391864412.cpp,unreadVariable,style,23,13,Variable 't' is assigned a value that is never used.,medium,"vector<vector<int>> visited(n + 1, vector<int>(n + 1));",int t = 0;,,FALSE,
