submission_id,file,language,score,model_prediction,final_algorithm,decision_source,probability,second_algorithm,second_probability,margin,p_MANHATTAN_SCAN,p_ROW_BOUNDS_SCAN,p_BFS_RADIUS,p_DFS_RADIUS,p_SORTED_MANHATTAN,p_RING_SCAN,p_BOUNDING_BOX_SCAN,p_DP_RADIUS,p_UNKNOWN,p_GREEDY_NEIGHBOR_WALK
1314154354,matei-si-diamantele/submissions/1314154354.cpp,cpp,50.0,MANHATTAN_SCAN,MANHATTAN_SCAN,probability_model,0.6171875,BOUNDING_BOX_SCAN,0.330078125,0.287109375,0.6171875,0.039306640625,0.0028533935546875,0.001434326171875,0.00173187255859375,0.00469970703125,0.330078125,0.002685546875,0.00052642822265625,
1314184660,matei-si-diamantele/submissions/1314184660.java,java,50.0,MANHATTAN_SCAN,MANHATTAN_SCAN,probability_model,0.765625,ROW_BOUNDS_SCAN,0.11767578125,0.64794921875,0.765625,0.11767578125,0.005157470703125,0.00130462646484375,0.0015716552734375,0.043212890625,0.06298828125,0.002288818359375,0.0001373291015625,
1314234360,matei-si-diamantele/submissions/1314234360.cpp,cpp,50.0,MANHATTAN_SCAN,MANHATTAN_SCAN,probability_model,0.90234375,ROW_BOUNDS_SCAN,0.044921875,0.857421875,0.90234375,0.044921875,0.001739501953125,0.000682830810546875,0.000823974609375,0.0078125,0.039794921875,0.001129150390625,0.0001430511474609375,
1314234384,matei-si-diamantele/submissions/1314234384.cpp,cpp,50.0,MANHATTAN_SCAN,MANHATTAN_SCAN,manual_gold_or_review,0.875,BOUNDING_BOX_SCAN,0.055908203125,0.819091796875,0.875,0.030029296875,0.0031585693359375,0.00191497802734375,0.0031585693359375,0.0264892578125,0.055908203125,0.0027923583984375,0.00031280517578125,
1314234411,matei-si-diamantele/submissions/1314234411.cpp,cpp,50.0,MANHATTAN_SCAN,MANHATTAN_SCAN,probability_model,0.88671875,BOUNDING_BOX_SCAN,0.056640625,0.830078125,0.88671875,0.038818359375,0.0036163330078125,0.0013275146484375,0.001708984375,0.01116943359375,0.056640625,0.000972747802734375,0.0002460479736328125,
1314234433,matei-si-diamantele/submissions/1314234433.java,java,50.0,MANHATTAN_SCAN,MANHATTAN_SCAN,manual_gold_or_review,0.478515625,BOUNDING_BOX_SCAN,0.478515625,0.0,0.478515625,0.03466796875,0.0022125244140625,0.00098419189453125,0.0011138916015625,0.0022125244140625,0.478515625,0.002838134765625,0.0004100799560546875,
1314234451,matei-si-diamantele/submissions/1314234451.cpp,cpp,50.0,MANHATTAN_SCAN,MANHATTAN_SCAN,manual_gold_or_review,0.91015625,BOUNDING_BOX_SCAN,0.0400390625,0.8701171875,0.91015625,0.035400390625,0.001373291015625,0.000606536865234375,0.000690460205078125,0.0089111328125,0.0400390625,0.000885009765625,0.0001277923583984375,
1314234466,matei-si-diamantele/submissions/1314234466.java,java,50.0,MANHATTAN_SCAN,MANHATTAN_SCAN,probability_model,0.85546875,ROW_BOUNDS_SCAN,0.0703125,0.78515625,0.85546875,0.0703125,0.00225830078125,0.001068115234375,0.00128936767578125,0.005767822265625,0.06201171875,0.0021209716796875,0.00015354156494140625,
1314234491,matei-si-diamantele/submissions/1314234491.cpp,cpp,50.0,BFS_RADIUS,BFS_RADIUS,probability_model,0.96484375,DFS_RADIUS,0.022705078125,0.942138671875,0.000827789306640625,0.002716064453125,0.96484375,0.022705078125,0.0014495849609375,0.00506591796875,0.000827789306640625,0.00022220611572265625,0.0003452301025390625,
1314234542,matei-si-diamantele/submissions/1314234542.java,java,14.29,DFS_RADIUS,DFS_RADIUS,probability_model,0.78515625,RING_SCAN,0.09375,0.69140625,0.002349853515625,0.014404296875,0.0732421875,0.78515625,0.016357421875,0.09375,0.006805419921875,0.006378173828125,0.00171661376953125,
1314234545,matei-si-diamantele/submissions/1314234545.cpp,cpp,50.0,MANHATTAN_SCAN,MANHATTAN_SCAN,probability_model,0.8671875,BOUNDING_BOX_SCAN,0.09130859375,0.77587890625,0.8671875,0.0296630859375,0.0021514892578125,0.00115203857421875,0.0014801025390625,0.005157470703125,0.09130859375,0.0014801025390625,0.000423431396484375,
1314234548,matei-si-diamantele/submissions/1314234548.java,java,50.0,MANHATTAN_SCAN,MANHATTAN_SCAN,probability_model,0.94921875,ROW_BOUNDS_SCAN,0.0286865234375,0.9205322265625,0.94921875,0.0286865234375,0.00151824951171875,0.0005950927734375,0.00063323974609375,0.003875732421875,0.01531982421875,0.00063323974609375,8.58306884765625e-05,
1314234559,matei-si-diamantele/submissions/1314234559.java,java,16.07,DFS_RADIUS,DFS_RADIUS,probability_model,0.8828125,RING_SCAN,0.056396484375,0.826416015625,0.00150299072265625,0.0086669921875,0.026611328125,0.8828125,0.01422119140625,0.056396484375,0.004638671875,0.005950927734375,0.00102996826171875,
1314234561,matei-si-diamantele/submissions/1314234561.cpp,cpp,50.0,BFS_RADIUS,BFS_RADIUS,probability_model,0.91015625,DFS_RADIUS,0.035400390625,0.874755859375,0.004791259765625,0.01300048828125,0.91015625,0.035400390625,0.004791259765625,0.0242919921875,0.006134033203125,0.00083160400390625,0.0005035400390625,
1314234563,matei-si-diamantele/submissions/1314234563.cpp,cpp,1.79,RING_SCAN,RING_SCAN,probability_model,0.40234375,BOUNDING_BOX_SCAN,0.35546875,0.046875,0.130859375,0.04248046875,0.01214599609375,0.0057373046875,0.01373291015625,0.40234375,0.35546875,0.022705078125,0.01556396484375,
1314234576,matei-si-diamantele/submissions/1314234576.java,java,50.0,BFS_RADIUS,BFS_RADIUS,probability_model,0.67578125,DFS_RADIUS,0.2490234375,0.4267578125,0.0062255859375,0.0140380859375,0.67578125,0.2490234375,0.009033203125,0.0296630859375,0.007049560546875,0.004547119140625,0.004547119140625,
1314234594,matei-si-diamantele/submissions/1314234594.cpp,cpp,50.0,MANHATTAN_SCAN,MANHATTAN_SCAN,probability_model,0.66796875,BOUNDING_BOX_SCAN,0.279296875,0.388671875,0.66796875,0.033203125,0.0027313232421875,0.00165557861328125,0.0021209716796875,0.009521484375,0.279296875,0.0030975341796875,0.000782012939453125,
1314234605,matei-si-diamantele/submissions/1314234605.java,java,35.71,ROW_BOUNDS_SCAN,ROW_BOUNDS_SCAN,probability_model,0.5859375,RING_SCAN,0.2431640625,0.3427734375,0.02001953125,0.5859375,0.025634765625,0.00347900390625,0.0028839111328125,0.2431640625,0.115234375,0.00506591796875,0.00022220611572265625,
1314234628,matei-si-diamantele/submissions/1314234628.java,java,3.57,GREEDY_NEIGHBOR_WALK,GREEDY_NEIGHBOR_WALK,probability_model_extended,0.98046875,UNKNOWN,0.01239013671875,0.76171875,0.0021514892578125,0.000843048095703125,0.00022602081298828125,0.000396728515625,0.0002727508544921875,0.000396728515625,0.0002574920654296875,0.000843048095703125,0.01239013671875,0.98046875
1314234632,matei-si-diamantele/submissions/1314234632.cpp,cpp,42.86,MANHATTAN_SCAN,MANHATTAN_SCAN,probability_model,0.58984375,BOUNDING_BOX_SCAN,0.279296875,0.310546875,0.58984375,0.09033203125,0.005767822265625,0.0032958984375,0.0037384033203125,0.0228271484375,0.279296875,0.005096435546875,0.000782012939453125,
1314234634,matei-si-diamantele/submissions/1314234634.java,java,50.0,MANHATTAN_SCAN,MANHATTAN_SCAN,probability_model,0.6875,BOUNDING_BOX_SCAN,0.22265625,0.46484375,0.6875,0.0439453125,0.0052490234375,0.0028076171875,0.0052490234375,0.0235595703125,0.22265625,0.00762939453125,0.00124359130859375,
1314234652,matei-si-diamantele/submissions/1314234652.java,java,41.07,ROW_BOUNDS_SCAN,ROW_BOUNDS_SCAN,probability_model,0.5546875,RING_SCAN,0.296875,0.2578125,0.01300048828125,0.5546875,0.03125,0.0030975341796875,0.0029144287109375,0.296875,0.09619140625,0.0027313232421875,0.00013637542724609375,
1314234680,matei-si-diamantele/submissions/1314234680.cpp,cpp,1.79,MANHATTAN_SCAN,MANHATTAN_SCAN,probability_model,0.1884765625,RING_SCAN,0.1669921875,0.021484375,0.1884765625,0.061279296875,0.1298828125,0.1474609375,0.042236328125,0.1669921875,0.0693359375,0.0478515625,0.1474609375,
1314234695,matei-si-diamantele/submissions/1314234695.java,java,41.07,ROW_BOUNDS_SCAN,ROW_BOUNDS_SCAN,probability_model,0.67578125,RING_SCAN,0.150390625,0.525390625,0.015869140625,0.67578125,0.043212890625,0.0031280517578125,0.0029449462890625,0.150390625,0.103515625,0.0040283203125,0.00017642974853515625,
1314234699,matei-si-diamantele/submissions/1314234699.cpp,cpp,41.07,RING_SCAN,RING_SCAN,probability_model,0.474609375,ROW_BOUNDS_SCAN,0.224609375,0.25,0.1357421875,0.224609375,0.0390625,0.00927734375,0.01190185546875,0.474609375,0.09326171875,0.00927734375,0.0020599365234375,
1314234704,matei-si-diamantele/submissions/1314234704.java,java,12.5,DFS_RADIUS,DFS_RADIUS,probability_model,0.71875,RING_SCAN,0.12451171875,0.59423828125,0.00201416015625,0.014892578125,0.10986328125,0.71875,0.0191650390625,0.12451171875,0.005828857421875,0.005157470703125,0.00074005126953125,
1314234706,matei-si-diamantele/submissions/1314234706.java,java,50.0,BFS_RADIUS,BFS_RADIUS,probability_model,0.8046875,DFS_RADIUS,0.12353515625,0.68115234375,0.004791259765625,0.0167236328125,0.8046875,0.12353515625,0.00897216796875,0.03125,0.0069580078125,0.0018768310546875,0.0004749298095703125,
1314234719,matei-si-diamantele/submissions/1314234719.java,java,16.07,DFS_RADIUS,DFS_RADIUS,probability_model,0.57421875,BFS_RADIUS,0.23828125,0.3359375,0.00494384765625,0.04150390625,0.23828125,0.57421875,0.01348876953125,0.11279296875,0.0081787109375,0.0072021484375,0.00091552734375,
1314234735,matei-si-diamantele/submissions/1314234735.cpp,cpp,39.29,ROW_BOUNDS_SCAN,ROW_BOUNDS_SCAN,probability_model,0.42578125,RING_SCAN,0.33203125,0.09375,0.07421875,0.42578125,0.0654296875,0.0093994140625,0.00885009765625,0.33203125,0.07421875,0.0078125,0.00144195556640625,
1314234741,matei-si-diamantele/submissions/1314234741.cpp,cpp,17.86,BFS_RADIUS,BFS_RADIUS,probability_model,0.74609375,DFS_RADIUS,0.1298828125,0.6162109375,0.00445556640625,0.013671875,0.74609375,0.1298828125,0.0120849609375,0.0693359375,0.013671875,0.00445556640625,0.005035400390625,
1314234743,matei-si-diamantele/submissions/1314234743.java,java,50.0,MANHATTAN_SCAN,MANHATTAN_SCAN,probability_model,0.4765625,ROW_BOUNDS_SCAN,0.255859375,0.220703125,0.4765625,0.255859375,0.0126953125,0.0026702880859375,0.003021240234375,0.04443359375,0.19921875,0.004974365234375,0.0005950927734375,
1314234751,matei-si-diamantele/submissions/1314234751.cpp,cpp,37.5,RING_SCAN,RING_SCAN,probability_model,0.333984375,ROW_BOUNDS_SCAN,0.294921875,0.0390625,0.123046875,0.294921875,0.05126953125,0.00946044921875,0.011474609375,0.333984375,0.158203125,0.01470947265625,0.00225830078125,
1314234757,matei-si-diamantele/submissions/1314234757.java,java,41.07,ROW_BOUNDS_SCAN,ROW_BOUNDS_SCAN,probability_model,0.796875,RING_SCAN,0.10791015625,0.68896484375,0.006072998046875,0.796875,0.034912109375,0.00286865234375,0.00185394287109375,0.10791015625,0.044921875,0.004730224609375,0.00023555755615234375,
1314234759,matei-si-diamantele/submissions/1314234759.java,java,42.86,BOUNDING_BOX_SCAN,BOUNDING_BOX_SCAN,probability_model,0.423828125,MANHATTAN_SCAN,0.330078125,0.09375,0.330078125,0.2001953125,0.0087890625,0.0020904541015625,0.002227783203125,0.02392578125,0.423828125,0.00604248046875,0.000873565673828125,
1314234772,matei-si-diamantele/submissions/1314234772.cpp,cpp,37.5,ROW_BOUNDS_SCAN,ROW_BOUNDS_SCAN,probability_model,0.369140625,RING_SCAN,0.369140625,0.0,0.09326171875,0.369140625,0.056640625,0.0086669921875,0.0086669921875,0.369140625,0.08251953125,0.0111083984375,0.001708984375,
1314234782,matei-si-diamantele/submissions/1314234782.java,java,1.79,GREEDY_NEIGHBOR_WALK,GREEDY_NEIGHBOR_WALK,probability_model_extended,0.80078125,UNKNOWN,0.1787109375,0.61181640625,0.01007080078125,0.0022430419921875,0.00119781494140625,0.00174713134765625,0.00128173828125,0.001861572265625,0.00106048583984375,0.003265380859375,0.1787109375,0.80078125
1314234797,matei-si-diamantele/submissions/1314234797.java,java,8.93,BOUNDING_BOX_SCAN,BOUNDING_BOX_SCAN,probability_model,0.80859375,MANHATTAN_SCAN,0.140625,0.66796875,0.140625,0.0147705078125,0.003509521484375,0.0029144287109375,0.0032958984375,0.0130615234375,0.80859375,0.006988525390625,0.0079345703125,
1314234803,matei-si-diamantele/submissions/1314234803.cpp,cpp,41.07,RING_SCAN,RING_SCAN,probability_model,0.384765625,ROW_BOUNDS_SCAN,0.33984375,0.044921875,0.1103515625,0.33984375,0.046142578125,0.01025390625,0.0096435546875,0.384765625,0.0859375,0.01025390625,0.00101470947265625,
1314234805,matei-si-diamantele/submissions/1314234805.java,java,12.5,DFS_RADIUS,DFS_RADIUS,probability_model,0.43359375,BFS_RADIUS,0.205078125,0.228515625,0.016845703125,0.0277099609375,0.205078125,0.43359375,0.040283203125,0.205078125,0.01904296875,0.016845703125,0.03564453125,
1314234819,matei-si-diamantele/submissions/1314234819.java,java,1.79,GREEDY_NEIGHBOR_WALK,GREEDY_NEIGHBOR_WALK,probability_model_extended,0.92578125,UNKNOWN,0.05224609375,0.037109375,0.01025390625,0.002288818359375,0.00101470947265625,0.0014801025390625,0.00122833251953125,0.0017852783203125,0.00101470947265625,0.0029449462890625,0.05224609375,0.92578125
1314234834,matei-si-diamantele/submissions/1314234834.java,java,1.79,GREEDY_NEIGHBOR_WALK,GREEDY_NEIGHBOR_WALK,probability_model_extended,0.7578125,UNKNOWN,0.1923828125,0.490234375,0.0260009765625,0.003997802734375,0.0016632080078125,0.0030975341796875,0.0045166015625,0.0030975341796875,0.00146484375,0.005126953125,0.1923828125,0.7578125
1314234837,matei-si-diamantele/submissions/1314234837.java,java,16.07,DFS_RADIUS,DFS_RADIUS,probability_model,0.859375,RING_SCAN,0.062255859375,0.797119140625,0.0019989013671875,0.00958251953125,0.037841796875,0.859375,0.013916015625,0.062255859375,0.005126953125,0.0074462890625,0.0011444091796875,
1314234838,matei-si-diamantele/submissions/1314234838.java,java,8.93,DP_RADIUS,DP_RADIUS,probability_model,0.640625,DFS_RADIUS,0.1259765625,0.5146484375,0.006683349609375,0.01031494140625,0.03173828125,0.1259765625,0.028076171875,0.04638671875,0.01324462890625,0.640625,0.09814453125,
1314234839,matei-si-diamantele/submissions/1314234839.java,java,50.0,BOUNDING_BOX_SCAN,BOUNDING_BOX_SCAN,probability_model,0.47265625,ROW_BOUNDS_SCAN,0.25390625,0.21875,0.2236328125,0.25390625,0.0125732421875,0.0028076171875,0.00299072265625,0.026611328125,0.47265625,0.0052490234375,0.000972747802734375,
1314234840,matei-si-diamantele/submissions/1314234840.cpp,cpp,41.07,RING_SCAN,RING_SCAN,probability_model,0.4609375,ROW_BOUNDS_SCAN,0.1923828125,0.2685546875,0.11669921875,0.1923828125,0.029541015625,0.00701904296875,0.00958251953125,0.4609375,0.169921875,0.01226806640625,0.0012969970703125,
1314234854,matei-si-diamantele/submissions/1314234854.cpp,cpp,1.79,UNKNOWN,UNKNOWN,probability_model_extended,0.9296875,MANHATTAN_SCAN,0.03173828125,0.85205078125,0.03173828125,0.005523681640625,0.00179290771484375,0.002960205078125,0.0037841796875,0.005523681640625,0.001312255859375,0.0026092529296875,0.9296875,0.0169677734375
1314234858,matei-si-diamantele/submissions/1314234858.java,java,50.0,MANHATTAN_SCAN,MANHATTAN_SCAN,probability_model,0.7109375,BOUNDING_BOX_SCAN,0.1591796875,0.5517578125,0.7109375,0.09619140625,0.004791259765625,0.0018768310546875,0.0022735595703125,0.0189208984375,0.1591796875,0.004241943359375,0.000537872314453125,
1314234877,matei-si-diamantele/submissions/1314234877.java,java,1.79,MANHATTAN_SCAN,MANHATTAN_SCAN,probability_model,0.474609375,UNKNOWN,0.1748046875,0.2998046875,0.474609375,0.08251953125,0.0267333984375,0.0267333984375,0.0267333984375,0.09326171875,0.038818359375,0.056640625,0.1748046875,
1314234878,matei-si-diamantele/submissions/1314234878.java,java,5.36,DFS_RADIUS,DFS_RADIUS,probability_model,0.466796875,RING_SCAN,0.220703125,0.24609375,0.0205078125,0.0263671875,0.07177734375,0.466796875,0.049072265625,0.220703125,0.0263671875,0.038330078125,0.0810546875,
1314234881,matei-si-diamantele/submissions/1314234881.java,java,3.57,UNKNOWN,UNKNOWN,probability_model_extended,0.4453125,MANHATTAN_SCAN,0.34765625,0.3037109375,0.34765625,0.017333984375,0.00634765625,0.005615234375,0.01190185546875,0.1279296875,0.0152587890625,0.0081787109375,0.4453125,0.0152587890625
1314234882,matei-si-diamantele/submissions/1314234882.cpp,cpp,35.71,MANHATTAN_SCAN,MANHATTAN_SCAN,probability_model,0.56640625,ROW_BOUNDS_SCAN,0.18359375,0.3828125,0.56640625,0.18359375,0.0133056640625,0.00335693359375,0.004058837890625,0.09814453125,0.1259765625,0.0048828125,0.00054931640625,
1314234886,matei-si-diamantele/submissions/1314234886.cpp,cpp,1.79,RING_SCAN,RING_SCAN,probability_model,0.2177734375,MANHATTAN_SCAN,0.19140625,0.0263671875,0.19140625,0.0703125,0.0908203125,0.062255859375,0.033447265625,0.2177734375,0.1025390625,0.062255859375,0.1689453125,
1314234887,matei-si-diamantele/submissions/1314234887.java,java,50.0,MANHATTAN_SCAN,MANHATTAN_SCAN,probability_model,0.87109375,ROW_BOUNDS_SCAN,0.0712890625,0.7998046875,0.87109375,0.0712890625,0.0040283203125,0.00115203857421875,0.00157928466796875,0.0159912109375,0.03369140625,0.00084686279296875,0.00012969970703125,
1314234890,matei-si-diamantele/submissions/1314234890.cpp,cpp,41.07,RING_SCAN,RING_SCAN,probability_model,0.41796875,ROW_BOUNDS_SCAN,0.32421875,0.09375,0.10546875,0.32421875,0.0498046875,0.00921630859375,0.00982666015625,0.41796875,0.072265625,0.00921630859375,0.0018157958984375,
1314234901,matei-si-diamantele/submissions/1314234901.cpp,cpp,3.57,UNKNOWN,UNKNOWN,probability_model_extended,0.56640625,RING_SCAN,0.267578125,0.2890625,0.07666015625,0.01336669921875,0.00714111328125,0.00714111328125,0.0172119140625,0.267578125,0.0194091796875,0.0091552734375,0.56640625,0.01336669921875
1314234906,matei-si-diamantele/submissions/1314234906.java,java,1.79,GREEDY_NEIGHBOR_WALK,GREEDY_NEIGHBOR_WALK,probability_model_extended,0.828125,UNKNOWN,0.1435546875,0.2626953125,0.0172119140625,0.0023193359375,0.00102996826171875,0.001495361328125,0.001495361328125,0.00180816650390625,0.00102996826171875,0.0033721923828125,0.1435546875,0.828125
1314234907,matei-si-diamantele/submissions/1314234907.java,java,41.07,RING_SCAN,RING_SCAN,probability_model,0.7109375,MANHATTAN_SCAN,0.109375,0.6015625,0.109375,0.0849609375,0.0130615234375,0.004791259765625,0.0147705078125,0.7109375,0.05859375,0.00176239013671875,0.0003070831298828125,
1314234927,matei-si-diamantele/submissions/1314234927.cpp,cpp,10.71,RING_SCAN,RING_SCAN,probability_model,0.765625,UNKNOWN,0.08056640625,0.68505859375,0.043212890625,0.01092529296875,0.0096435546875,0.007049560546875,0.0203857421875,0.765625,0.049072265625,0.01239013671875,0.08056640625,
1314234943,matei-si-diamantele/submissions/1314234943.java,java,8.93,DP_RADIUS,DP_RADIUS,probability_model,0.474609375,DFS_RADIUS,0.25390625,0.220703125,0.007659912109375,0.018310546875,0.038818359375,0.25390625,0.034423828125,0.08251953125,0.018310546875,0.474609375,0.07275390625,
1314234944,matei-si-diamantele/submissions/1314234944.java,java,12.5,BFS_RADIUS,BFS_RADIUS,probability_model,0.84765625,DFS_RADIUS,0.05419921875,0.79345703125,0.005706787109375,0.025634765625,0.84765625,0.05419921875,0.00732421875,0.0478515625,0.0093994140625,0.001129150390625,0.0004405975341796875,
1314234950,matei-si-diamantele/submissions/1314234950.cpp,cpp,41.07,MANHATTAN_SCAN,MANHATTAN_SCAN,probability_model,0.431640625,ROW_BOUNDS_SCAN,0.26171875,0.169921875,0.431640625,0.26171875,0.027587890625,0.00543212890625,0.004791259765625,0.1796875,0.0849609375,0.004486083984375,0.000537872314453125,
1314234951,matei-si-diamantele/submissions/1314234951.cpp,cpp,14.29,UNKNOWN,DFS_RADIUS,manual_gold_or_review,0.6875,DFS_RADIUS,0.10546875,0.58203125,0.0439453125,0.00982666015625,0.0439453125,0.10546875,0.0267333984375,0.0498046875,0.0111083984375,0.020751953125,0.6875,
1314234952,matei-si-diamantele/submissions/1314234952.cpp,cpp,3.57,GREEDY_NEIGHBOR_WALK,GREEDY_NEIGHBOR_WALK,probability_model_extended,0.90234375,UNKNOWN,0.07421875,0.5498046875,0.01287841796875,0.00185394287109375,0.000640869140625,0.001129150390625,0.00119781494140625,0.0013580322265625,0.000728607177734375,0.002532958984375,0.07421875,0.90234375
1314234957,matei-si-diamantele/submissions/1314234957.cpp,cpp,35.71,RING_SCAN,RING_SCAN,probability_model,0.478515625,ROW_BOUNDS_SCAN,0.17578125,0.302734375,0.12109375,0.17578125,0.0306396484375,0.00775146484375,0.01055908203125,0.478515625,0.1552734375,0.016357421875,0.0032196044921875,
1314234969,matei-si-diamantele/submissions/1314234969.java,java,42.86,BFS_RADIUS,BFS_RADIUS,probability_model,0.69921875,DFS_RADIUS,0.12109375,0.578125,0.0087890625,0.08349609375,0.69921875,0.12109375,0.00994873046875,0.057373046875,0.016357421875,0.00469970703125,0.00049591064453125,
1314234980,matei-si-diamantele/submissions/1314234980.c,c,50.0,MANHATTAN_SCAN,MANHATTAN_SCAN,probability_model,0.875,BOUNDING_BOX_SCAN,0.0634765625,0.8115234375,0.875,0.038330078125,0.0040283203125,0.00179290771484375,0.003143310546875,0.01409912109375,0.0634765625,0.00168609619140625,0.0004825592041015625,
1314234981,matei-si-diamantele/submissions/1314234981.java,java,3.57,GREEDY_NEIGHBOR_WALK,GREEDY_NEIGHBOR_WALK,probability_model_extended,0.97265625,UNKNOWN,0.0228271484375,0.7548828125,0.002410888671875,0.000782012939453125,0.0002536773681640625,0.0004177093505859375,0.000270843505859375,0.0004177093505859375,0.0002384185791015625,0.000782012939453125,0.0228271484375,0.97265625
1314235004,matei-si-diamantele/submissions/1314235004.java,java,8.93,BOUNDING_BOX_SCAN,BOUNDING_BOX_SCAN,probability_model,0.734375,MANHATTAN_SCAN,0.1640625,0.5703125,0.1640625,0.0322265625,0.00634765625,0.0038604736328125,0.00494384765625,0.0284423828125,0.734375,0.013427734375,0.01190185546875,
1314235007,matei-si-diamantele/submissions/1314235007.java,java,5.36,MANHATTAN_SCAN,MANHATTAN_SCAN,probability_model,0.455078125,BOUNDING_BOX_SCAN,0.115234375,0.33984375,0.455078125,0.1015625,0.0291748046875,0.01556396484375,0.0177001953125,0.1015625,0.115234375,0.048095703125,0.115234375,
1314235016,matei-si-diamantele/submissions/1314235016.cpp,cpp,41.07,MANHATTAN_SCAN,MANHATTAN_SCAN,probability_model,0.5546875,ROW_BOUNDS_SCAN,0.1806640625,0.3740234375,0.5546875,0.1806640625,0.01483154296875,0.0030975341796875,0.0033111572265625,0.0966796875,0.140625,0.00482177734375,0.000507354736328125,
1314235026,matei-si-diamantele/submissions/1314235026.java,java,50.0,MANHATTAN_SCAN,MANHATTAN_SCAN,probability_model,0.73828125,BOUNDING_BOX_SCAN,0.1650390625,0.5732421875,0.73828125,0.060546875,0.004974365234375,0.002349853515625,0.003204345703125,0.0223388671875,0.1650390625,0.002838134765625,0.000812530517578125,
1314235028,matei-si-diamantele/submissions/1314235028.java,java,50.0,MANHATTAN_SCAN,MANHATTAN_SCAN,probability_model,0.92578125,BOUNDING_BOX_SCAN,0.03173828125,0.89404296875,0.92578125,0.0191650390625,0.0033416748046875,0.0013885498046875,0.0042724609375,0.01318359375,0.03173828125,0.0009002685546875,0.00037384033203125,
1314235033,matei-si-diamantele/submissions/1314235033.java,java,12.5,DP_RADIUS,DP_RADIUS,probability_model,0.83203125,UNKNOWN,0.09912109375,0.73291015625,0.005584716796875,0.0072021484375,0.00921630859375,0.0118408203125,0.01043701171875,0.0172119140625,0.00811767578125,0.83203125,0.09912109375,
1314235040,matei-si-diamantele/submissions/1314235040.cpp,cpp,50.0,RING_SCAN,RING_SCAN,probability_model,0.36328125,MANHATTAN_SCAN,0.283203125,0.080078125,0.283203125,0.1513671875,0.033935546875,0.010986328125,0.0159912109375,0.36328125,0.1181640625,0.01806640625,0.0040283203125,
1314235042,matei-si-diamantele/submissions/1314235042.cpp,cpp,42.86,RING_SCAN,RING_SCAN,probability_model,0.53125,ROW_BOUNDS_SCAN,0.283203125,0.248046875,0.038330078125,0.283203125,0.033935546875,0.005889892578125,0.005889892578125,0.53125,0.09228515625,0.00970458984375,0.000659942626953125,
1314235046,matei-si-diamantele/submissions/1314235046.java,java,1.79,GREEDY_NEIGHBOR_WALK,GREEDY_NEIGHBOR_WALK,probability_model_extended,0.84375,UNKNOWN,0.1298828125,0.7373046875,0.01202392578125,0.0023651123046875,0.000873565673828125,0.0020904541015625,0.00173187255859375,0.0020904541015625,0.0010528564453125,0.00390625,0.1298828125,0.84375
1314235048,matei-si-diamantele/submissions/1314235048.java,java,50.0,MANHATTAN_SCAN,MANHATTAN_SCAN,probability_model,0.890625,ROW_BOUNDS_SCAN,0.04443359375,0.84619140625,0.890625,0.04443359375,0.004669189453125,0.0018310546875,0.003204345703125,0.02685546875,0.02685546875,0.001617431640625,0.000247955322265625,
1314235068,matei-si-diamantele/submissions/1314235068.java,java,5.36,GREEDY_NEIGHBOR_WALK,GREEDY_NEIGHBOR_WALK,probability_model_extended,0.87109375,UNKNOWN,0.091796875,0.076171875,0.01806640625,0.002777099609375,0.001312255859375,0.0019073486328125,0.0024566650390625,0.002777099609375,0.001312255859375,0.00457763671875,0.091796875,0.87109375
1314235088,matei-si-diamantele/submissions/1314235088.java,java,35.71,BOUNDING_BOX_SCAN,BOUNDING_BOX_SCAN,probability_model,0.37109375,MANHATTAN_SCAN,0.2890625,0.08203125,0.2890625,0.19921875,0.014404296875,0.003875732421875,0.006011962890625,0.1064453125,0.37109375,0.00872802734375,0.00118255615234375,
1314235103,matei-si-diamantele/submissions/1314235103.cpp,cpp,12.5,BFS_RADIUS,BFS_RADIUS,probability_model,0.859375,DFS_RADIUS,0.1025390625,0.7568359375,0.0019989013671875,0.009521484375,0.859375,0.1025390625,0.00396728515625,0.0201416015625,0.0025634765625,0.0004749298095703125,0.000164031982421875,
1314235110,matei-si-diamantele/submissions/1314235110.java,java,1.79,UNKNOWN,UNKNOWN,probability_model_extended,0.6640625,GREEDY_NEIGHBOR_WALK,0.1484375,0.482421875,0.130859375,0.015625,0.00836181640625,0.00738525390625,0.0057373046875,0.00946044921875,0.00347900390625,0.00738525390625,0.6640625,0.1484375
1314235112,matei-si-diamantele/submissions/1314235112.cpp,cpp,1.79,BOUNDING_BOX_SCAN,BOUNDING_BOX_SCAN,probability_model,0.7265625,RING_SCAN,0.111328125,0.615234375,0.0869140625,0.0361328125,0.00628662109375,0.003814697265625,0.00592041015625,0.111328125,0.7265625,0.01708984375,0.005218505859375,
1314235145,matei-si-diamantele/submissions/1314235145.cpp,cpp,50.0,MANHATTAN_SCAN,MANHATTAN_SCAN,probability_model,0.91796875,BOUNDING_BOX_SCAN,0.03564453125,0.88232421875,0.91796875,0.031494140625,0.00213623046875,0.00107574462890625,0.00138092041015625,0.0079345703125,0.03564453125,0.00101470947265625,0.0002117156982421875,
1314235147,matei-si-diamantele/submissions/1314235147.cpp,cpp,50.0,BFS_RADIUS,BFS_RADIUS,probability_model,0.875,DFS_RADIUS,0.09228515625,0.78271484375,0.001495361328125,0.006683349609375,0.875,0.09228515625,0.0027923583984375,0.0181884765625,0.0015869140625,0.0003337860107421875,0.00011491775512695312,
1314235162,matei-si-diamantele/submissions/1314235162.java,java,1.79,GREEDY_NEIGHBOR_WALK,GREEDY_NEIGHBOR_WALK,probability_model_extended,0.984375,UNKNOWN,0.008544921875,0.6552734375,0.0021514892578125,0.000843048095703125,0.0002422332763671875,0.0004253387451171875,0.0003299713134765625,0.0004253387451171875,0.0002574920654296875,0.00079345703125,0.008544921875,0.984375
1314235171,matei-si-diamantele/submissions/1314235171.java,java,16.07,DP_RADIUS,DP_RADIUS,probability_model,0.66015625,RING_SCAN,0.0791015625,0.5810546875,0.01068115234375,0.037353515625,0.032958984375,0.037353515625,0.042236328125,0.0791015625,0.02001953125,0.66015625,0.0791015625,
1314235196,matei-si-diamantele/submissions/1314235196.java,java,5.36,GREEDY_NEIGHBOR_WALK,GREEDY_NEIGHBOR_WALK,probability_model_extended,0.91796875,UNKNOWN,0.05859375,0.1552734375,0.01153564453125,0.00201416015625,0.00078582763671875,0.0012969970703125,0.00147247314453125,0.00177001953125,0.00089263916015625,0.0033111572265625,0.05859375,0.91796875
1314235222,matei-si-diamantele/submissions/1314235222.java,java,7.14,BOUNDING_BOX_SCAN,BOUNDING_BOX_SCAN,probability_model,0.482421875,MANHATTAN_SCAN,0.375,0.107421875,0.375,0.0272216796875,0.006866455078125,0.0032501220703125,0.005035400390625,0.034912109375,0.482421875,0.0145263671875,0.05078125,
1314235225,matei-si-diamantele/submissions/1314235225.java,java,16.07,DFS_RADIUS,DFS_RADIUS,probability_model,0.7890625,BFS_RADIUS,0.09423828125,0.69482421875,0.002349853515625,0.0185546875,0.09423828125,0.7890625,0.016357421875,0.0732421875,0.003875732421875,0.003875732421875,0.000560760498046875,
1314235226,matei-si-diamantele/submissions/1314235226.java,java,8.93,DFS_RADIUS,DFS_RADIUS,probability_model,0.7890625,RING_SCAN,0.12109375,0.66796875,0.0038909912109375,0.00994873046875,0.03466796875,0.7890625,0.02099609375,0.12109375,0.007720947265625,0.0087890625,0.00469970703125,
1314235247,matei-si-diamantele/submissions/1314235247.java,java,5.36,GREEDY_NEIGHBOR_WALK,GREEDY_NEIGHBOR_WALK,probability_model_extended,0.93359375,UNKNOWN,0.052734375,0.746337890625,0.00433349609375,0.001495361328125,0.0004863739013671875,0.00102996826171875,0.000751495361328125,0.0010986328125,0.00058746337890625,0.0021820068359375,0.052734375,0.93359375
1314235252,matei-si-diamantele/submissions/1314235252.java,java,1.79,GREEDY_NEIGHBOR_WALK,GREEDY_NEIGHBOR_WALK,probability_model_extended,0.64453125,UNKNOWN,0.345703125,0.6787109375,0.00433349609375,0.00096893310546875,0.0003795623779296875,0.00075531005859375,0.00070953369140625,0.00096893310546875,0.000518798828125,0.00159454345703125,0.345703125,0.64453125
1314235265,matei-si-diamantele/submissions/1314235265.cpp,cpp,42.86,RING_SCAN,RING_SCAN,probability_model,0.45703125,ROW_BOUNDS_SCAN,0.314453125,0.142578125,0.03759765625,0.314453125,0.04248046875,0.00946044921875,0.00946044921875,0.45703125,0.115234375,0.0137939453125,0.0014495849609375,
1314235268,matei-si-diamantele/submissions/1314235268.java,java,17.86,DFS_RADIUS,DFS_RADIUS,probability_model,0.30078125,RING_SCAN,0.20703125,0.09375,0.019287109375,0.03173828125,0.1259765625,0.30078125,0.0279541015625,0.20703125,0.05224609375,0.05224609375,0.1826171875,
1314235287,matei-si-diamantele/submissions/1314235287.java,java,14.29,DFS_RADIUS,DFS_RADIUS,probability_model,0.59765625,BFS_RADIUS,0.25,0.34765625,0.0033416748046875,0.0159912109375,0.25,0.59765625,0.01409912109375,0.10400390625,0.00665283203125,0.00457763671875,0.0019073486328125,
1314235292,matei-si-diamantele/submissions/1314235292.java,java,3.57,GREEDY_NEIGHBOR_WALK,GREEDY_NEIGHBOR_WALK,probability_model_extended,0.984375,UNKNOWN,0.0096435546875,0.080078125,0.0019073486328125,0.0006561279296875,0.000156402587890625,0.0002918243408203125,0.000213623046875,0.0002574920654296875,0.00012969970703125,0.0004520416259765625,0.0096435546875,0.984375
1314235296,matei-si-diamantele/submissions/1314235296.java,java,1.79,GREEDY_NEIGHBOR_WALK,GREEDY_NEIGHBOR_WALK,probability_model_extended,0.8046875,UNKNOWN,0.1796875,0.6484375,0.006134033203125,0.001373291015625,0.0005035400390625,0.0012054443359375,0.00099945068359375,0.001556396484375,0.000782012939453125,0.00372314453125,0.1796875,0.8046875
1314235308,matei-si-diamantele/submissions/1314235308.java,java,1.79,UNKNOWN,UNKNOWN,probability_model_extended,0.96484375,GREEDY_NEIGHBOR_WALK,0.02001953125,0.84423828125,0.01068115234375,0.0014495849609375,0.0005340576171875,0.00087738037109375,0.000774383544921875,0.0009918212890625,0.0005340576171875,0.001129150390625,0.96484375,0.02001953125
1314235322,matei-si-diamantele/submissions/1314235322.cpp,cpp,5.36,GREEDY_NEIGHBOR_WALK,GREEDY_NEIGHBOR_WALK,probability_model_extended,0.9609375,UNKNOWN,0.029052734375,0.03515625,0.003936767578125,0.00127410888671875,0.0003643035888671875,0.000774383544921875,0.000640869140625,0.0009918212890625,0.000499725341796875,0.00164031982421875,0.029052734375,0.9609375
1314235325,matei-si-diamantele/submissions/1314235325.cpp,cpp,30.36,RING_SCAN,RING_SCAN,probability_model,0.435546875,ROW_BOUNDS_SCAN,0.263671875,0.171875,0.1416015625,0.263671875,0.035888671875,0.007049560546875,0.009033203125,0.435546875,0.09716796875,0.00799560546875,0.000698089599609375,
1314235346,matei-si-diamantele/submissions/1314235346.cpp,cpp,1.79,UNKNOWN,UNKNOWN,probability_model_extended,0.8125,MANHATTAN_SCAN,0.09716796875,0.53125,0.09716796875,0.009033203125,0.0037689208984375,0.0042724609375,0.0054931640625,0.0458984375,0.0037689208984375,0.0042724609375,0.8125,0.01312255859375
1314235369,matei-si-diamantele/submissions/1314235369.java,java,50.0,MANHATTAN_SCAN,MANHATTAN_SCAN,probability_model,0.55859375,RING_SCAN,0.205078125,0.353515625,0.55859375,0.10986328125,0.01483154296875,0.004241943359375,0.08544921875,0.205078125,0.0216064453125,0.0012969970703125,0.000186920166015625,
1314235395,matei-si-diamantele/submissions/1314235395.cpp,cpp,41.07,ROW_BOUNDS_SCAN,ROW_BOUNDS_SCAN,probability_model,0.412109375,RING_SCAN,0.3203125,0.091796875,0.0712890625,0.412109375,0.0556640625,0.007537841796875,0.00799560546875,0.3203125,0.11767578125,0.007080078125,0.000545501708984375,
1314235410,matei-si-diamantele/submissions/1314235410.java,java,41.07,RING_SCAN,RING_SCAN,probability_model,0.74609375,BOUNDING_BOX_SCAN,0.08935546875,0.65673828125,0.042236328125,0.07861328125,0.013671875,0.005035400390625,0.01068115234375,0.74609375,0.08935546875,0.01068115234375,0.00238037109375,
1314235413,matei-si-diamantele/submissions/1314235413.cpp,cpp,50.0,MANHATTAN_SCAN,MANHATTAN_SCAN,probability_model,0.76171875,RING_SCAN,0.080078125,0.681640625,0.76171875,0.04296875,0.00848388671875,0.00274658203125,0.0625,0.080078125,0.037841796875,0.0024261474609375,0.00156402587890625,
1314235415,matei-si-diamantele/submissions/1314235415.java,java,16.07,DP_RADIUS,DP_RADIUS,probability_model,0.63671875,UNKNOWN,0.234375,0.40234375,0.01031494140625,0.01165771484375,0.01165771484375,0.01495361328125,0.0169677734375,0.046142578125,0.0169677734375,0.63671875,0.234375,
1314235419,matei-si-diamantele/submissions/1314235419.cpp,cpp,1.79,BFS_RADIUS,BFS_RADIUS,probability_model,0.734375,RING_SCAN,0.087890625,0.646484375,0.0152587890625,0.028564453125,0.734375,0.07763671875,0.010498046875,0.087890625,0.028564453125,0.006378173828125,0.00927734375,
1314235422,matei-si-diamantele/submissions/1314235422.java,java,7.14,BOUNDING_BOX_SCAN,BOUNDING_BOX_SCAN,probability_model,0.4609375,UNKNOWN,0.408203125,0.052734375,0.0908203125,0.005126953125,0.00201416015625,0.00188446044921875,0.0029296875,0.013916015625,0.4609375,0.013916015625,0.408203125,
1314235427,matei-si-diamantele/submissions/1314235427.java,java,10.71,DFS_RADIUS,DFS_RADIUS,probability_model,0.74609375,BFS_RADIUS,0.1298828125,0.6162109375,0.003692626953125,0.0198974609375,0.1298828125,0.74609375,0.013671875,0.07861328125,0.0034637451171875,0.00238037109375,0.000499725341796875,
1314235446,matei-si-diamantele/submissions/1314235446.java,java,3.57,UNKNOWN,UNKNOWN,probability_model_extended,0.9296875,GREEDY_NEIGHBOR_WALK,0.052490234375,0.82177734375,0.00628662109375,0.001800537109375,0.0007476806640625,0.00140380859375,0.0012359619140625,0.001800537109375,0.0010223388671875,0.001800537109375,0.9296875,0.052490234375
1314235477,matei-si-diamantele/submissions/1314235477.java,java,17.86,RING_SCAN,RING_SCAN,probability_model,0.72265625,MANHATTAN_SCAN,0.08642578125,0.63623046875,0.08642578125,0.0361328125,0.01324462890625,0.00909423828125,0.019287109375,0.72265625,0.08642578125,0.0169677734375,0.008544921875,
1314235480,matei-si-diamantele/submissions/1314235480.java,java,1.79,UNKNOWN,UNKNOWN,probability_model_extended,0.9765625,GREEDY_NEIGHBOR_WALK,0.0108642578125,0.935302734375,0.0084228515625,0.0011444091796875,0.0003719329833984375,0.0006103515625,0.00054168701171875,0.00078582763671875,0.0003070831298828125,0.0006103515625,0.9765625,0.0108642578125
1314235519,matei-si-diamantele/submissions/1314235519.cpp,cpp,5.36,BOUNDING_BOX_SCAN,BOUNDING_BOX_SCAN,probability_model,0.765625,MANHATTAN_SCAN,0.103515625,0.662109375,0.103515625,0.01092529296875,0.0040283203125,0.0031280517578125,0.005828857421875,0.048828125,0.765625,0.0203857421875,0.0380859375,
1314235531,matei-si-diamantele/submissions/1314235531.cpp,cpp,1.79,BFS_RADIUS,BFS_RADIUS,probability_model,0.70703125,RING_SCAN,0.12255859375,0.58447265625,0.012939453125,0.02734375,0.70703125,0.07421875,0.01007080078125,0.12255859375,0.031005859375,0.00537109375,0.01141357421875,
1314235540,matei-si-diamantele/submissions/1314235540.java,java,50.0,DFS_RADIUS,DFS_RADIUS,probability_model,0.7109375,RING_SCAN,0.10888671875,0.60205078125,0.006134033203125,0.01470947265625,0.07470703125,0.7109375,0.0242919921875,0.10888671875,0.01300048828125,0.0242919921875,0.0242919921875,
1314235577,matei-si-diamantele/submissions/1314235577.java,java,16.07,BOUNDING_BOX_SCAN,BOUNDING_BOX_SCAN,manual_gold_or_review,0.80859375,MANHATTAN_SCAN,0.109375,0.69921875,0.109375,0.0244140625,0.003509521484375,0.0027313232421875,0.003509521484375,0.0244140625,0.80859375,0.0167236328125,0.0079345703125,
1314235579,matei-si-diamantele/submissions/1314235579.java,java,3.57,GREEDY_NEIGHBOR_WALK,GREEDY_NEIGHBOR_WALK,probability_model_extended,0.9921875,UNKNOWN,0.0035858154296875,0.08203125,0.00066375732421875,0.000514984130859375,0.0001392364501953125,0.0002593994140625,0.00018978118896484375,0.0002765655517578125,0.00017833709716796875,0.000514984130859375,0.0035858154296875,0.9921875
1314235597,matei-si-diamantele/submissions/1314235597.cpp,cpp,5.36,GREEDY_NEIGHBOR_WALK,GREEDY_NEIGHBOR_WALK,probability_model_extended,0.84765625,UNKNOWN,0.11474609375,0.185546875,0.0225830078125,0.0027008056640625,0.0009918212890625,0.00185394287109375,0.00119781494140625,0.00238037109375,0.0013580322265625,0.003936767578125,0.11474609375,0.84765625
1314235601,matei-si-diamantele/submissions/1314235601.java,java,10.71,DFS_RADIUS,DFS_RADIUS,probability_model,0.69921875,BFS_RADIUS,0.1767578125,0.5224609375,0.004150390625,0.02392578125,0.1767578125,0.69921875,0.0145263671875,0.07373046875,0.0032501220703125,0.0020904541015625,0.000637054443359375,
1314235605,matei-si-diamantele/submissions/1314235605.cpp,cpp,10.71,BOUNDING_BOX_SCAN,BOUNDING_BOX_SCAN,probability_model,0.49609375,RING_SCAN,0.1826171875,0.3134765625,0.1611328125,0.09765625,0.0169677734375,0.006256103515625,0.00970458984375,0.1826171875,0.49609375,0.024658203125,0.00457763671875,
1314235622,matei-si-diamantele/submissions/1314235622.cpp,cpp,5.36,MANHATTAN_SCAN,MANHATTAN_SCAN,probability_model,0.26953125,RING_SCAN,0.26953125,0.0,0.26953125,0.0194091796875,0.0172119140625,0.01513671875,0.11181640625,0.26953125,0.046630859375,0.01513671875,0.2373046875,
1314235628,matei-si-diamantele/submissions/1314235628.java,java,1.79,UNKNOWN,UNKNOWN,probability_model_extended,0.68359375,GREEDY_NEIGHBOR_WALK,0.28515625,0.879638671875,0.01611328125,0.0021820068359375,0.00102996826171875,0.001495361328125,0.001922607421875,0.001922607421875,0.00124359130859375,0.003173828125,0.68359375,0.28515625
1314235663,matei-si-diamantele/submissions/1314235663.cpp,cpp,1.79,BFS_RADIUS,BFS_RADIUS,probability_model,0.72265625,DFS_RADIUS,0.09765625,0.625,0.01165771484375,0.024658203125,0.72265625,0.09765625,0.01031494140625,0.08642578125,0.0279541015625,0.006256103515625,0.01324462890625,
1314235667,matei-si-diamantele/submissions/1314235667.cpp,cpp,5.36,MANHATTAN_SCAN,MANHATTAN_SCAN,probability_model,0.330078125,UNKNOWN,0.2001953125,0.1298828125,0.330078125,0.07373046875,0.050537109375,0.044677734375,0.0306396484375,0.1376953125,0.08349609375,0.050537109375,0.2001953125,
1314235686,matei-si-diamantele/submissions/1314235686.java,java,12.5,DFS_RADIUS,DFS_RADIUS,probability_model,0.283203125,RING_SCAN,0.2216796875,0.0615234375,0.0634765625,0.04345703125,0.08154296875,0.283203125,0.033935546875,0.2216796875,0.03857421875,0.03857421875,0.1953125,
1314235692,matei-si-diamantele/submissions/1314235692.java,java,50.0,MANHATTAN_SCAN,MANHATTAN_SCAN,probability_model,0.71875,BOUNDING_BOX_SCAN,0.1416015625,0.5771484375,0.71875,0.0859375,0.0062255859375,0.00189208984375,0.002288818359375,0.04052734375,0.1416015625,0.0031280517578125,0.00037384033203125,
1314235693,matei-si-diamantele/submissions/1314235693.java,java,8.93,BOUNDING_BOX_SCAN,BOUNDING_BOX_SCAN,probability_model,0.8828125,MANHATTAN_SCAN,0.08203125,0.80078125,0.08203125,0.005950927734375,0.0021820068359375,0.00193023681640625,0.002471923828125,0.00762939453125,0.8828125,0.0086669921875,0.006744384765625,
1314235708,matei-si-diamantele/submissions/1314235708.java,java,1.79,MANHATTAN_SCAN,MANHATTAN_SCAN,probability_model,0.30859375,BOUNDING_BOX_SCAN,0.30859375,0.0,0.30859375,0.0135498046875,0.00439453125,0.00341796875,0.00640869140625,0.0252685546875,0.30859375,0.0223388671875,0.30859375,
1314235709,matei-si-diamantele/submissions/1314235709.cpp,cpp,44.64,ROW_BOUNDS_SCAN,ROW_BOUNDS_SCAN,probability_model,0.4765625,RING_SCAN,0.37109375,0.10546875,0.0269775390625,0.4765625,0.05029296875,0.007720947265625,0.006805419921875,0.37109375,0.05029296875,0.007720947265625,0.0007171630859375,
1314235712,matei-si-diamantele/submissions/1314235712.cpp,cpp,10.71,DFS_RADIUS,DFS_RADIUS,probability_model,0.61328125,BFS_RADIUS,0.1552734375,0.4580078125,0.01123046875,0.02685546875,0.1552734375,0.61328125,0.02685546875,0.1064453125,0.0098876953125,0.030517578125,0.02099609375,
1314235715,matei-si-diamantele/submissions/1314235715.cpp,cpp,5.36,DFS_RADIUS,DFS_RADIUS,probability_model,0.306640625,BFS_RADIUS,0.1640625,0.142578125,0.087890625,0.046875,0.1640625,0.306640625,0.0322265625,0.14453125,0.05322265625,0.05322265625,0.11279296875,
1314235739,matei-si-diamantele/submissions/1314235739.java,java,48.21,BOUNDING_BOX_SCAN,BOUNDING_BOX_SCAN,probability_model,0.55859375,MANHATTAN_SCAN,0.33984375,0.21875,0.33984375,0.02783203125,0.005828857421875,0.003326416015625,0.005828857421875,0.031494140625,0.55859375,0.0115966796875,0.014892578125,
1314235747,matei-si-diamantele/submissions/1314235747.java,java,1.79,UNKNOWN,UNKNOWN,probability_model_extended,0.8046875,GREEDY_NEIGHBOR_WALK,0.1796875,0.8974609375,0.0089111328125,0.00136566162109375,0.00064849853515625,0.001068115234375,0.00099945068359375,0.000942230224609375,0.00064849853515625,0.00225830078125,0.8046875,0.1796875
1314235752,matei-si-diamantele/submissions/1314235752.cpp,cpp,35.71,BOUNDING_BOX_SCAN,BOUNDING_BOX_SCAN,probability_model,0.474609375,MANHATTAN_SCAN,0.2236328125,0.2509765625,0.2236328125,0.1748046875,0.0162353515625,0.004119873046875,0.004638671875,0.09326171875,0.474609375,0.0072021484375,0.001251220703125,
1314235761,matei-si-diamantele/submissions/1314235761.cpp,cpp,50.0,RING_SCAN,RING_SCAN,probability_model,0.46484375,ROW_BOUNDS_SCAN,0.318359375,0.146484375,0.06298828125,0.318359375,0.0380859375,0.00848388671875,0.0096435546875,0.46484375,0.09130859375,0.005828857421875,0.000789642333984375,
1314235790,matei-si-diamantele/submissions/1314235790.cpp,cpp,50.0,ROW_BOUNDS_SCAN,ROW_BOUNDS_SCAN,probability_model,0.48828125,RING_SCAN,0.296875,0.19140625,0.06640625,0.48828125,0.04541015625,0.005767822265625,0.00616455078125,0.296875,0.0849609375,0.00543212890625,0.0005035400390625,
1314235801,matei-si-diamantele/submissions/1314235801.java,java,16.07,RING_SCAN,RING_SCAN,probability_model,0.373046875,BOUNDING_BOX_SCAN,0.330078125,0.04296875,0.044677734375,0.2001953125,0.02392578125,0.00567626953125,0.00604248046875,0.373046875,0.330078125,0.01446533203125,0.00173187255859375,
1314235829,matei-si-diamantele/submissions/1314235829.java,java,41.07,BFS_RADIUS,BFS_RADIUS,probability_model,0.26953125,DFS_RADIUS,0.2373046875,0.0322265625,0.01519775390625,0.052978515625,0.26953125,0.2373046875,0.0250244140625,0.1123046875,0.052978515625,0.2099609375,0.0250244140625,
1314235864,matei-si-diamantele/submissions/1314235864.java,java,1.79,UNKNOWN,UNKNOWN,probability_model_extended,0.73828125,MANHATTAN_SCAN,0.1650390625,0.458984375,0.1650390625,0.01348876953125,0.004974365234375,0.003875732421875,0.005645751953125,0.047119140625,0.004974365234375,0.005645751953125,0.73828125,0.01190185546875
1314235888,matei-si-diamantele/submissions/1314235888.cpp,cpp,1.79,BFS_RADIUS,BFS_RADIUS,probability_model,0.6953125,DFS_RADIUS,0.09423828125,0.60107421875,0.014404296875,0.0238037109375,0.6953125,0.09423828125,0.01123046875,0.09423828125,0.039306640625,0.007720947265625,0.02099609375,
1314235938,matei-si-diamantele/submissions/1314235938.java,java,1.79,UNKNOWN,UNKNOWN,probability_model_extended,0.984375,GREEDY_NEIGHBOR_WALK,0.005157470703125,0.92822265625,0.00457763671875,0.00101470947265625,0.00037384033203125,0.00079345703125,0.000698089599609375,0.00115203857421875,0.00037384033203125,0.000545501708984375,0.984375,0.005157470703125
1314235964,matei-si-diamantele/submissions/1314235964.java,java,10.71,UNKNOWN,DFS_RADIUS,manual_review_extended,0.90625,MANHATTAN_SCAN,0.057861328125,0.848388671875,0.057861328125,0.0047607421875,0.00421142578125,0.0047607421875,0.005401611328125,0.006103515625,0.00421142578125,0.006103515625,0.90625,
1314235969,matei-si-diamantele/submissions/1314235969.java,java,14.29,DFS_RADIUS,DFS_RADIUS,probability_model,0.66796875,BFS_RADIUS,0.1025390625,0.5654296875,0.01226806640625,0.02294921875,0.1025390625,0.66796875,0.02294921875,0.1025390625,0.01226806640625,0.0294189453125,0.0260009765625,
1314236008,matei-si-diamantele/submissions/1314236008.java,java,12.5,UNKNOWN,DFS_RADIUS,manual_review_extended,0.3515625,RING_SCAN,0.166015625,0.185546875,0.146484375,0.03271484375,0.1005859375,0.0693359375,0.0255126953125,0.166015625,0.07861328125,0.02880859375,0.3515625,
1314236045,matei-si-diamantele/submissions/1314236045.java,java,14.29,BFS_RADIUS,BFS_RADIUS,probability_model,0.67578125,DFS_RADIUS,0.1708984375,0.5048828125,0.00518798828125,0.0205078125,0.67578125,0.1708984375,0.01239013671875,0.091796875,0.0140380859375,0.005859375,0.0014801025390625,
1314236105,matei-si-diamantele/submissions/1314236105.java,java,14.29,DFS_RADIUS,DFS_RADIUS,probability_model,0.330078125,BFS_RADIUS,0.2001953125,0.1298828125,0.057373046875,0.03955078125,0.2001953125,0.330078125,0.03955078125,0.1376953125,0.034912109375,0.03955078125,0.12158203125,
1314236118,matei-si-diamantele/submissions/1314236118.java,java,1.79,UNKNOWN,UNKNOWN,probability_model_extended,0.66796875,GREEDY_NEIGHBOR_WALK,0.09033203125,0.287109375,0.0703125,0.0201416015625,0.0294189453125,0.04833984375,0.0201416015625,0.0294189453125,0.009521484375,0.01385498046875,0.66796875,0.09033203125
1314236143,matei-si-diamantele/submissions/1314236143.java,java,50.0,MANHATTAN_SCAN,MANHATTAN_SCAN,probability_model,0.4453125,BOUNDING_BOX_SCAN,0.4453125,0.0,0.4453125,0.06005859375,0.00811767578125,0.00384521484375,0.00634765625,0.01953125,0.4453125,0.00921630859375,0.003387451171875,
1314236152,matei-si-diamantele/submissions/1314236152.java,java,1.79,GREEDY_NEIGHBOR_WALK,GREEDY_NEIGHBOR_WALK,probability_model_extended,0.4765625,UNKNOWN,0.328125,0.40625,0.1064453125,0.0184326171875,0.0162353515625,0.01116943359375,0.0076904296875,0.0162353515625,0.0059814453125,0.014404296875,0.328125,0.4765625
1314236172,matei-si-diamantele/submissions/1314236172.cpp,cpp,1.79,GREEDY_NEIGHBOR_WALK,GREEDY_NEIGHBOR_WALK,probability_model_extended,0.9765625,UNKNOWN,0.017822265625,0.345703125,0.002410888671875,0.001007080078125,0.0003490447998046875,0.0006103515625,0.0006103515625,0.0006103515625,0.00032806396484375,0.000835418701171875,0.017822265625,0.9765625
1314236223,matei-si-diamantele/submissions/1314236223.java,java,1.79,UNKNOWN,UNKNOWN,probability_model_extended,0.60546875,MANHATTAN_SCAN,0.251953125,0.65478515625,0.251953125,0.0206298828125,0.01104736328125,0.01104736328125,0.009765625,0.030029296875,0.007598876953125,0.009765625,0.60546875,0.043701171875
1314236225,matei-si-diamantele/submissions/1314236225.java,java,1.79,GREEDY_NEIGHBOR_WALK,GREEDY_NEIGHBOR_WALK,probability_model_extended,0.9140625,UNKNOWN,0.0751953125,0.862548828125,0.004241943359375,0.001007080078125,0.0003948211669921875,0.000736236572265625,0.000782012939453125,0.000835418701171875,0.00057220458984375,0.00176239013671875,0.0751953125,0.9140625
1314236278,matei-si-diamantele/submissions/1314236278.cpp,cpp,3.57,GREEDY_NEIGHBOR_WALK,GREEDY_NEIGHBOR_WALK,probability_model_extended,0.97265625,UNKNOWN,0.017822265625,0.5908203125,0.003509521484375,0.00121307373046875,0.00041961669921875,0.000835418701171875,0.000690460205078125,0.000888824462890625,0.00041961669921875,0.00113677978515625,0.017822265625,0.97265625
1314236299,matei-si-diamantele/submissions/1314236299.cpp,cpp,5.36,GREEDY_NEIGHBOR_WALK,GREEDY_NEIGHBOR_WALK,probability_model_extended,0.94921875,UNKNOWN,0.041748046875,0.1494140625,0.00341796875,0.00098419189453125,0.0002994537353515625,0.000675201416015625,0.000675201416015625,0.00098419189453125,0.000492095947265625,0.0018310546875,0.041748046875,0.94921875
1314236304,matei-si-diamantele/submissions/1314236304.cpp,cpp,41.07,ROW_BOUNDS_SCAN,ROW_BOUNDS_SCAN,probability_model,0.31640625,MANHATTAN_SCAN,0.279296875,0.037109375,0.279296875,0.31640625,0.042724609375,0.0074462890625,0.0079345703125,0.24609375,0.0908203125,0.00897216796875,0.000782012939453125,
1314236321,matei-si-diamantele/submissions/1314236321.java,java,1.79,UNKNOWN,UNKNOWN,probability_model_extended,0.9296875,MANHATTAN_SCAN,0.028076171875,0.7119140625,0.028076171875,0.004302978515625,0.00179290771484375,0.0020294189453125,0.004302978515625,0.0218505859375,0.0026092529296875,0.00179290771484375,0.9296875,0.0037994384765625
1314236326,matei-si-diamantele/submissions/1314236326.cpp,cpp,41.07,ROW_BOUNDS_SCAN,ROW_BOUNDS_SCAN,probability_model,0.302734375,RING_SCAN,0.302734375,0.0,0.2353515625,0.302734375,0.028076171875,0.00555419921875,0.00628662109375,0.302734375,0.111328125,0.007568359375,0.000797271728515625,
1314236341,matei-si-diamantele/submissions/1314236341.cpp,cpp,37.5,RING_SCAN,RING_SCAN,probability_model,0.345703125,MANHATTAN_SCAN,0.23828125,0.107421875,0.23828125,0.2099609375,0.03662109375,0.00982666015625,0.013427734375,0.345703125,0.126953125,0.01519775390625,0.0031890869140625,
1314236354,matei-si-diamantele/submissions/1314236354.cpp,cpp,50.0,MANHATTAN_SCAN,MANHATTAN_SCAN,probability_model,0.62890625,BOUNDING_BOX_SCAN,0.3359375,0.29296875,0.62890625,0.027587890625,0.00225830078125,0.00145721435546875,0.001373291015625,0.002899169921875,0.3359375,0.00121307373046875,0.0006103515625,
1314236366,matei-si-diamantele/submissions/1314236366.cpp,cpp,50.0,MANHATTAN_SCAN,MANHATTAN_SCAN,probability_model,0.2734375,RING_SCAN,0.2734375,0.0,0.2734375,0.212890625,0.03271484375,0.00830078125,0.01129150390625,0.2734375,0.166015625,0.0174560546875,0.002685546875,
1314236392,matei-si-diamantele/submissions/1314236392.java,java,30.36,MANHATTAN_SCAN,MANHATTAN_SCAN,probability_model,0.62890625,ROW_BOUNDS_SCAN,0.2041015625,0.4248046875,0.62890625,0.2041015625,0.0147705078125,0.0027313232421875,0.0037384033203125,0.058349609375,0.0849609375,0.0032958984375,0.000537872314453125,
1314236430,matei-si-diamantele/submissions/1314236430.java,java,41.07,BOUNDING_BOX_SCAN,BOUNDING_BOX_SCAN,probability_model,0.421875,MANHATTAN_SCAN,0.328125,0.09375,0.328125,0.19921875,0.006011962890625,0.0022125244140625,0.002838134765625,0.03466796875,0.421875,0.00531005859375,0.000812530517578125,
1314236432,matei-si-diamantele/submissions/1314236432.java,java,1.79,UNKNOWN,UNKNOWN,probability_model_extended,0.96875,MANHATTAN_SCAN,0.015625,0.708984375,0.015625,0.0021209716796875,0.0007781982421875,0.001129150390625,0.0023956298828125,0.00653076171875,0.000881195068359375,0.000881195068359375,0.96875,0.0021209716796875
1314236458,matei-si-diamantele/submissions/1314236458.java,java,50.0,BFS_RADIUS,BFS_RADIUS,probability_model,0.81640625,DFS_RADIUS,0.07568359375,0.74072265625,0.004852294921875,0.0279541015625,0.81640625,0.07568359375,0.007049560546875,0.05908203125,0.007049560546875,0.00189971923828125,0.000579833984375,
1314236521,matei-si-diamantele/submissions/1314236521.java,java,1.79,UNKNOWN,UNKNOWN,probability_model_extended,0.9921875,MANHATTAN_SCAN,0.003570556640625,0.9459228515625,0.003570556640625,0.000701904296875,0.0002593994140625,0.00042724609375,0.000484466552734375,0.001312255859375,0.000293731689453125,0.00042724609375,0.9921875,0.00148773193359375
1314236523,matei-si-diamantele/submissions/1314236523.java,java,50.0,MANHATTAN_SCAN,SORTED_MANHATTAN,manual_gold_or_review,0.275390625,SORTED_MANHATTAN,0.275390625,0.0,0.275390625,0.013671875,0.0093994140625,0.01068115234375,0.275390625,0.07861328125,0.042236328125,0.0198974609375,0.275390625,
1314236524,matei-si-diamantele/submissions/1314236524.java,java,41.07,BOUNDING_BOX_SCAN,BOUNDING_BOX_SCAN,probability_model,0.494140625,MANHATTAN_SCAN,0.2333984375,0.2607421875,0.2333984375,0.2333984375,0.007049560546875,0.002288818359375,0.002593994140625,0.0191650390625,0.494140625,0.007049560546875,0.000896453857421875,
1314236529,matei-si-diamantele/submissions/1314236529.cpp,cpp,3.57,UNKNOWN,UNKNOWN,probability_model_extended,0.734375,MANHATTAN_SCAN,0.11279296875,0.07421875,0.11279296875,0.01348876953125,0.00634765625,0.00494384765625,0.00927734375,0.07763671875,0.022216796875,0.0081787109375,0.734375,0.010498046875
1314236550,matei-si-diamantele/submissions/1314236550.java,java,5.36,BOUNDING_BOX_SCAN,BOUNDING_BOX_SCAN,probability_model,0.478515625,UNKNOWN,0.2265625,0.251953125,0.2001953125,0.00994873046875,0.005340576171875,0.003662109375,0.0068359375,0.057373046875,0.478515625,0.01129150390625,0.2265625,
1314236555,matei-si-diamantele/submissions/1314236555.java,java,3.57,GREEDY_NEIGHBOR_WALK,GREEDY_NEIGHBOR_WALK,probability_model_extended,0.984375,UNKNOWN,0.00665283203125,0.1064453125,0.0027618408203125,0.0009002685546875,0.0002918243408203125,0.000579833984375,0.00079345703125,0.000701904296875,0.0003528594970703125,0.00115203857421875,0.00665283203125,0.984375
1314236561,matei-si-diamantele/submissions/1314236561.cpp,cpp,1.79,BFS_RADIUS,BFS_RADIUS,probability_model,0.609375,DFS_RADIUS,0.1748046875,0.4345703125,0.00872802734375,0.01263427734375,0.609375,0.1748046875,0.0184326171875,0.064453125,0.023681640625,0.01434326171875,0.07275390625,
1314236604,matei-si-diamantele/submissions/1314236604.java,java,1.79,UNKNOWN,UNKNOWN,probability_model_extended,0.98828125,MANHATTAN_SCAN,0.00518798828125,0.958740234375,0.00518798828125,0.0009002685546875,0.000331878662109375,0.00061798095703125,0.000701904296875,0.001312255859375,0.0002918243408203125,0.0004253387451171875,0.98828125,0.00168609619140625
1314236661,matei-si-diamantele/submissions/1314236661.cpp,cpp,5.36,MANHATTAN_SCAN,MANHATTAN_SCAN,probability_model,0.34375,UNKNOWN,0.2353515625,0.1083984375,0.34375,0.0673828125,0.0281982421875,0.0194091796875,0.02197265625,0.09814453125,0.1259765625,0.0595703125,0.2353515625,
1314236662,matei-si-diamantele/submissions/1314236662.java,java,5.36,UNKNOWN,UNKNOWN,probability_model_extended,0.765625,RING_SCAN,0.103515625,0.09765625,0.06298828125,0.0096435546875,0.005157470703125,0.005157470703125,0.00750732421875,0.103515625,0.0230712890625,0.00750732421875,0.765625,0.0096435546875
1314236744,matei-si-diamantele/submissions/1314236744.cpp,cpp,7.14,UNKNOWN,GREEDY_NEIGHBOR_WALK,manual_review_extended,0.349609375,MANHATTAN_SCAN,0.271484375,0.078125,0.271484375,0.060546875,0.032470703125,0.0223388671875,0.0252685546875,0.11328125,0.07763671875,0.047119140625,0.349609375,
1314236752,matei-si-diamantele/submissions/1314236752.cpp,cpp,3.57,UNKNOWN,UNKNOWN,probability_model_extended,0.87109375,MANHATTAN_SCAN,0.0810546875,0.61181640625,0.0810546875,0.00518798828125,0.00244140625,0.0021514892578125,0.0040283203125,0.023193359375,0.00457763671875,0.002777099609375,0.87109375,0.0035552978515625
1314236758,matei-si-diamantele/submissions/1314236758.java,java,50.0,BOUNDING_BOX_SCAN,BOUNDING_BOX_SCAN,probability_model,0.5390625,ROW_BOUNDS_SCAN,0.255859375,0.283203125,0.056884765625,0.255859375,0.02685546875,0.004974365234375,0.006011962890625,0.09375,0.5390625,0.0126953125,0.00250244140625,
1314236780,matei-si-diamantele/submissions/1314236780.java,java,1.79,UNKNOWN,UNKNOWN,probability_model_extended,0.7421875,GREEDY_NEIGHBOR_WALK,0.240234375,0.76171875,0.00823974609375,0.0017242431640625,0.00081634521484375,0.0013427734375,0.00118255615234375,0.00151824951171875,0.0011138916015625,0.003021240234375,0.7421875,0.240234375
1314236864,matei-si-diamantele/submissions/1314236864.java,java,42.86,BFS_RADIUS,BFS_RADIUS,probability_model,0.74609375,DFS_RADIUS,0.1142578125,0.6318359375,0.004425048828125,0.0693359375,0.74609375,0.1142578125,0.00830078125,0.0419921875,0.0120849609375,0.0030517578125,0.00023555755615234375,
1314236884,matei-si-diamantele/submissions/1314236884.cpp,cpp,7.14,UNKNOWN,GREEDY_NEIGHBOR_WALK,manual_review_extended,0.248046875,MANHATTAN_SCAN,0.21875,0.029296875,0.21875,0.09130859375,0.055419921875,0.043212890625,0.0380859375,0.150390625,0.09130859375,0.06298828125,0.248046875,
1314236903,matei-si-diamantele/submissions/1314236903.java,java,50.0,BOUNDING_BOX_SCAN,BOUNDING_BOX_SCAN,probability_model,0.6015625,ROW_BOUNDS_SCAN,0.1513671875,0.4501953125,0.0810546875,0.1513671875,0.0159912109375,0.004302978515625,0.005523681640625,0.1181640625,0.6015625,0.0205078125,0.002166748046875,
1314236921,matei-si-diamantele/submissions/1314236921.java,java,5.36,UNKNOWN,UNKNOWN,probability_model_extended,0.5,GREEDY_NEIGHBOR_WALK,0.44140625,0.7958984375,0.0283203125,0.004913330078125,0.00262451171875,0.0038299560546875,0.0033721923828125,0.0038299560546875,0.002471923828125,0.00714111328125,0.5,0.44140625
1314236923,matei-si-diamantele/submissions/1314236923.java,java,3.57,UNKNOWN,UNKNOWN,probability_model_extended,0.89453125,MANHATTAN_SCAN,0.0732421875,0.384765625,0.0732421875,0.00531005859375,0.00152587890625,0.001953125,0.0028533935546875,0.01123046875,0.00152587890625,0.001953125,0.89453125,0.006011962890625
1314236951,matei-si-diamantele/submissions/1314236951.java,java,42.86,BFS_RADIUS,BFS_RADIUS,probability_model,0.69140625,DFS_RADIUS,0.224609375,0.466796875,0.002349853515625,0.016357421875,0.69140625,0.224609375,0.00872802734375,0.04443359375,0.006011962890625,0.003631591796875,0.00043487548828125,
1314236971,matei-si-diamantele/submissions/1314236971.java,java,3.57,UNKNOWN,UNKNOWN,probability_model_extended,0.98046875,MANHATTAN_SCAN,0.00848388671875,0.7255859375,0.00848388671875,0.00130462646484375,0.00054168701171875,0.000896453857421875,0.00115203857421875,0.0031280517578125,0.00054168701171875,0.000614166259765625,0.98046875,0.00189208984375
1314236973,matei-si-diamantele/submissions/1314236973.java,java,5.36,RING_SCAN,RING_SCAN,probability_model,0.30078125,BOUNDING_BOX_SCAN,0.265625,0.03515625,0.20703125,0.0247802734375,0.01031494140625,0.006256103515625,0.01324462890625,0.30078125,0.265625,0.028076171875,0.142578125,
1314236997,matei-si-diamantele/submissions/1314236997.cpp,cpp,3.57,UNKNOWN,UNKNOWN,probability_model_extended,0.51171875,MANHATTAN_SCAN,0.3515625,0.1513671875,0.3515625,0.01361083984375,0.007293701171875,0.004425048828125,0.00823974609375,0.0693359375,0.019775390625,0.006439208984375,0.51171875,0.00823974609375
1314237030,matei-si-diamantele/submissions/1314237030.java,java,5.36,UNKNOWN,UNKNOWN,probability_model_extended,0.95703125,MANHATTAN_SCAN,0.017578125,0.7724609375,0.017578125,0.0030517578125,0.00127410888671875,0.00185394287109375,0.0030517578125,0.00830078125,0.00144195556640625,0.00144195556640625,0.95703125,0.0030517578125
1314237031,matei-si-diamantele/submissions/1314237031.cpp,cpp,1.79,MANHATTAN_SCAN,MANHATTAN_SCAN,probability_model,0.53125,UNKNOWN,0.220703125,0.310546875,0.53125,0.038330078125,0.00970458984375,0.005889892578125,0.01409912109375,0.055908203125,0.1044921875,0.0205078125,0.220703125,
1314237040,matei-si-diamantele/submissions/1314237040.cpp,cpp,3.57,UNKNOWN,UNKNOWN,probability_model_extended,0.53515625,MANHATTAN_SCAN,0.25390625,0.384765625,0.25390625,0.020751953125,0.0111083984375,0.007659912109375,0.01263427734375,0.10546875,0.0267333984375,0.0111083984375,0.53515625,0.0142822265625
1314237060,matei-si-diamantele/submissions/1314237060.cpp,cpp,3.57,GREEDY_NEIGHBOR_WALK,GREEDY_NEIGHBOR_WALK,probability_model_extended,0.9375,UNKNOWN,0.046630859375,0.6201171875,0.006317138671875,0.0016021728515625,0.0006256103515625,0.00116729736328125,0.00102996826171875,0.0010986328125,0.0006256103515625,0.0020599365234375,0.046630859375,0.9375
1314237105,matei-si-diamantele/submissions/1314237105.java,java,1.79,UNKNOWN,UNKNOWN,probability_model_extended,0.51953125,GREEDY_NEIGHBOR_WALK,0.45703125,0.861083984375,0.01214599609375,0.0021209716796875,0.00106048583984375,0.00186920166015625,0.00164794921875,0.00154876708984375,0.0012054443359375,0.00396728515625,0.51953125,0.45703125
1314237112,matei-si-diamantele/submissions/1314237112.java,java,5.36,BOUNDING_BOX_SCAN,BOUNDING_BOX_SCAN,probability_model,0.408203125,MANHATTAN_SCAN,0.361328125,0.046875,0.361328125,0.05517578125,0.0108642578125,0.00482177734375,0.00701904296875,0.10302734375,0.408203125,0.0203857421875,0.029541015625,
1314237177,matei-si-diamantele/submissions/1314237177.cpp,cpp,50.0,MANHATTAN_SCAN,SORTED_MANHATTAN,manual_gold_or_review,0.2890625,SORTED_MANHATTAN,0.2890625,0.0,0.2890625,0.01275634765625,0.01275634765625,0.014404296875,0.2890625,0.0732421875,0.039306640625,0.01275634765625,0.255859375,
1314237181,matei-si-diamantele/submissions/1314237181.cpp,cpp,5.36,GREEDY_NEIGHBOR_WALK,GREEDY_NEIGHBOR_WALK,probability_model_extended,0.9765625,UNKNOWN,0.01226806640625,0.140625,0.0045166015625,0.001220703125,0.0004482269287109375,0.00078582763671875,0.0006103515625,0.0011444091796875,0.000576019287109375,0.00156402587890625,0.01226806640625,0.9765625
1314237213,matei-si-diamantele/submissions/1314237213.java,java,30.36,MANHATTAN_SCAN,MANHATTAN_SCAN,probability_model,0.357421875,ROW_BOUNDS_SCAN,0.2158203125,0.1416015625,0.357421875,0.2158203125,0.0107421875,0.0023956298828125,0.002899169921875,0.1904296875,0.2158203125,0.00396728515625,0.000286102294921875,
1314237250,matei-si-diamantele/submissions/1314237250.cpp,cpp,5.36,GREEDY_NEIGHBOR_WALK,GREEDY_NEIGHBOR_WALK,probability_model_extended,0.9765625,UNKNOWN,0.017822265625,0.4873046875,0.0030975341796875,0.001007080078125,0.0002880096435546875,0.000537872314453125,0.00041961669921875,0.00057220458984375,0.0003490447998046875,0.001007080078125,0.017822265625,0.9765625
1314237251,matei-si-diamantele/submissions/1314237251.cpp,cpp,41.07,RING_SCAN,RING_SCAN,probability_model,0.44140625,ROW_BOUNDS_SCAN,0.302734375,0.138671875,0.07666015625,0.302734375,0.036376953125,0.00714111328125,0.01177978515625,0.44140625,0.11181640625,0.0103759765625,0.000518798828125,
1314237280,matei-si-diamantele/submissions/1314237280.cpp,cpp,3.57,GREEDY_NEIGHBOR_WALK,GREEDY_NEIGHBOR_WALK,probability_model_extended,0.95703125,UNKNOWN,0.03271484375,0.63525390625,0.004425048828125,0.00112152099609375,0.0003643035888671875,0.00077056884765625,0.00067901611328125,0.00072479248046875,0.0003643035888671875,0.0010528564453125,0.03271484375,0.95703125
1314237283,matei-si-diamantele/submissions/1314237283.java,java,5.36,GREEDY_NEIGHBOR_WALK,GREEDY_NEIGHBOR_WALK,probability_model_extended,0.8984375,UNKNOWN,0.08349609375,0.5283203125,0.007781982421875,0.0019683837890625,0.000820159912109375,0.0012664794921875,0.0009918212890625,0.00135040283203125,0.000873565673828125,0.0028533935546875,0.08349609375,0.8984375
1314237335,matei-si-diamantele/submissions/1314237335.cpp,cpp,5.36,GREEDY_NEIGHBOR_WALK,GREEDY_NEIGHBOR_WALK,probability_model_extended,0.89453125,UNKNOWN,0.09423828125,0.72900390625,0.006011962890625,0.0013427734375,0.0004634857177734375,0.000865936279296875,0.000812530517578125,0.00098419189453125,0.0005950927734375,0.0022125244140625,0.09423828125,0.89453125
1314237371,matei-si-diamantele/submissions/1314237371.java,java,1.79,UNKNOWN,UNKNOWN,probability_model_extended,0.984375,MANHATTAN_SCAN,0.006622314453125,0.9642333984375,0.006622314453125,0.00130462646484375,0.00061798095703125,0.00101470947265625,0.00115203857421875,0.0021514892578125,0.00048065185546875,0.000698089599609375,0.984375,0.00244140625
1314237380,matei-si-diamantele/submissions/1314237380.cpp,cpp,1.79,GREEDY_NEIGHBOR_WALK,GREEDY_NEIGHBOR_WALK,probability_model_extended,0.97265625,UNKNOWN,0.020263671875,0.490234375,0.00213623046875,0.000888824462890625,0.0002880096435546875,0.000507354736328125,0.0003948211669921875,0.000507354736328125,0.0003070831298828125,0.000835418701171875,0.020263671875,0.97265625
1314237400,matei-si-diamantele/submissions/1314237400.cpp,cpp,3.57,GREEDY_NEIGHBOR_WALK,GREEDY_NEIGHBOR_WALK,probability_model_extended,0.9453125,UNKNOWN,0.047119140625,0.47314453125,0.0030059814453125,0.00103759765625,0.0003814697265625,0.000713348388671875,0.000759124755859375,0.000713348388671875,0.0003814697265625,0.00103759765625,0.047119140625,0.9453125
1314237409,matei-si-diamantele/submissions/1314237409.java,java,14.29,RING_SCAN,RING_SCAN,manual_gold_or_review,0.40234375,MANHATTAN_SCAN,0.1904296875,0.2119140625,0.1904296875,0.048095703125,0.0177001953125,0.00738525390625,0.02001953125,0.40234375,0.16796875,0.0291748046875,0.11572265625,
1314237427,matei-si-diamantele/submissions/1314237427.cpp,cpp,3.57,GREEDY_NEIGHBOR_WALK,GREEDY_NEIGHBOR_WALK,probability_model_extended,0.96484375,UNKNOWN,0.0257568359375,0.14453125,0.002716064453125,0.001129150390625,0.0003910064697265625,0.0006866455078125,0.0007781982421875,0.000827789306640625,0.000415802001953125,0.00106048583984375,0.0257568359375,0.96484375
1314237477,matei-si-diamantele/submissions/1314237477.cpp,cpp,1.79,GREEDY_NEIGHBOR_WALK,GREEDY_NEIGHBOR_WALK,probability_model_extended,0.98046875,UNKNOWN,0.01239013671875,0.74072265625,0.00244140625,0.000789642333984375,0.0002002716064453125,0.000396728515625,0.000308990478515625,0.00037384033203125,0.0002002716064453125,0.00054168701171875,0.01239013671875,0.98046875
1314237507,matei-si-diamantele/submissions/1314237507.cpp,cpp,50.0,MANHATTAN_SCAN,MANHATTAN_SCAN,probability_model,0.85546875,ROW_BOUNDS_SCAN,0.0546875,0.80078125,0.85546875,0.0546875,0.005767822265625,0.00225830078125,0.0034942626953125,0.0291748046875,0.048095703125,0.00186920166015625,0.00030517578125,
1314237547,matei-si-diamantele/submissions/1314237547.java,java,1.79,GREEDY_NEIGHBOR_WALK,GREEDY_NEIGHBOR_WALK,probability_model_extended,0.9765625,UNKNOWN,0.0157470703125,0.2763671875,0.003997802734375,0.0011444091796875,0.0003490447998046875,0.0006103515625,0.000736236572265625,0.00078582763671875,0.000370025634765625,0.0012969970703125,0.0157470703125,0.9765625
1314237562,matei-si-diamantele/submissions/1314237562.java,java,1.79,GREEDY_NEIGHBOR_WALK,GREEDY_NEIGHBOR_WALK,probability_model_extended,0.9765625,UNKNOWN,0.0123291015625,0.326171875,0.0045166015625,0.0012969970703125,0.0004215240478515625,0.00074005126953125,0.000835418701171875,0.000835418701171875,0.0003948211669921875,0.00138092041015625,0.0123291015625,0.9765625
1314237582,matei-si-diamantele/submissions/1314237582.java,java,1.79,UNKNOWN,UNKNOWN,probability_model_extended,0.859375,MANHATTAN_SCAN,0.0703125,0.072265625,0.0703125,0.005767822265625,0.002410888671875,0.0030975341796875,0.0084228515625,0.03759765625,0.004486083984375,0.003509521484375,0.859375,0.006561279296875
1314237598,matei-si-diamantele/submissions/1314237598.java,java,50.0,SORTED_MANHATTAN,SORTED_MANHATTAN,probability_model,0.419921875,MANHATTAN_SCAN,0.25390625,0.166015625,0.25390625,0.13671875,0.0184326171875,0.004669189453125,0.419921875,0.10595703125,0.056884765625,0.0028228759765625,0.000629425048828125,
1314237633,matei-si-diamantele/submissions/1314237633.java,java,1.79,UNKNOWN,UNKNOWN,probability_model_extended,0.6171875,MANHATTAN_SCAN,0.291015625,0.384765625,0.291015625,0.0186767578125,0.00994873046875,0.00604248046875,0.0068359375,0.027099609375,0.00604248046875,0.00469970703125,0.6171875,0.0128173828125
1314237664,matei-si-diamantele/submissions/1314237664.cpp,cpp,3.57,GREEDY_NEIGHBOR_WALK,GREEDY_NEIGHBOR_WALK,probability_model_extended,0.97265625,UNKNOWN,0.0228271484375,0.3857421875,0.002410888671875,0.00083160400390625,0.0002536773681640625,0.0005035400390625,0.000370025634765625,0.00057220458984375,0.0002880096435546875,0.00083160400390625,0.0228271484375,0.97265625
1314237686,matei-si-diamantele/submissions/1314237686.java,java,3.57,UNKNOWN,UNKNOWN,probability_model_extended,0.98046875,MANHATTAN_SCAN,0.00848388671875,0.946044921875,0.00848388671875,0.00147247314453125,0.00054168701171875,0.000896453857421875,0.000698089599609375,0.00167083740234375,0.000423431396484375,0.000698089599609375,0.98046875,0.003997802734375
1314237710,matei-si-diamantele/submissions/1314237710.cpp,cpp,50.0,MANHATTAN_SCAN,MANHATTAN_SCAN,probability_model,0.494140625,BOUNDING_BOX_SCAN,0.265625,0.228515625,0.494140625,0.03173828125,0.01318359375,0.00799560546875,0.0279541015625,0.0859375,0.265625,0.0279541015625,0.0458984375,
1314237741,matei-si-diamantele/submissions/1314237741.cpp,cpp,41.07,RING_SCAN,RING_SCAN,probability_model,0.4140625,ROW_BOUNDS_SCAN,0.365234375,0.048828125,0.03857421875,0.365234375,0.049560546875,0.007598876953125,0.00811767578125,0.4140625,0.10498046875,0.009765625,0.00066375732421875,
1314237745,matei-si-diamantele/submissions/1314237745.java,java,1.79,MANHATTAN_SCAN,MANHATTAN_SCAN,probability_model_extended,0.4765625,UNKNOWN,0.419921875,0.23046875,0.4765625,0.0184326171875,0.006805419921875,0.00531005859375,0.006805419921875,0.0390625,0.01123046875,0.006011962890625,0.419921875,0.00872802734375
1314237765,matei-si-diamantele/submissions/1314237765.java,java,12.5,DFS_RADIUS,DFS_RADIUS,probability_model,0.56640625,RING_SCAN,0.1845703125,0.3818359375,0.01177978515625,0.02490234375,0.1630859375,0.56640625,0.02490234375,0.1845703125,0.0103759765625,0.006317138671875,0.006317138671875,
1314237818,matei-si-diamantele/submissions/1314237818.java,java,5.36,UNKNOWN,UNKNOWN,probability_model_extended,0.96484375,GREEDY_NEIGHBOR_WALK,0.022705078125,0.79345703125,0.007354736328125,0.00164031982421875,0.0005340576171875,0.001129150390625,0.000682830810546875,0.000774383544921875,0.0004425048828125,0.001129150390625,0.96484375,0.022705078125
1314237848,matei-si-diamantele/submissions/1314237848.java,java,8.93,DFS_RADIUS,DFS_RADIUS,probability_model,0.54296875,BFS_RADIUS,0.2255859375,0.3173828125,0.007720947265625,0.04443359375,0.2255859375,0.54296875,0.016357421875,0.1552734375,0.006011962890625,0.002838134765625,0.000812530517578125,
1314238008,matei-si-diamantele/submissions/1314238008.cpp,cpp,8.93,MANHATTAN_SCAN,MANHATTAN_SCAN,probability_model,0.8828125,ROW_BOUNDS_SCAN,0.056396484375,0.826416015625,0.8828125,0.056396484375,0.0036163330078125,0.00141143798828125,0.0016021728515625,0.01263427734375,0.038818359375,0.00150299072265625,0.0003147125244140625,
1314238011,matei-si-diamantele/submissions/1314238011.cpp,cpp,50.0,MANHATTAN_SCAN,MANHATTAN_SCAN,probability_model,0.8359375,BOUNDING_BOX_SCAN,0.099609375,0.736328125,0.8359375,0.047119140625,0.0024871826171875,0.0015106201171875,0.00182342529296875,0.00927734375,0.099609375,0.0034027099609375,0.0003833770751953125,
1314265677,matei-si-diamantele/submissions/1314265677.c,c,14.29,DFS_RADIUS,DFS_RADIUS,probability_model,0.6640625,BFS_RADIUS,0.1484375,0.515625,0.004486083984375,0.022705078125,0.1484375,0.6640625,0.02001953125,0.130859375,0.00506591796875,0.003936767578125,0.00136566162109375,
1314265771,matei-si-diamantele/submissions/1314265771.c,c,12.5,DFS_RADIUS,DFS_RADIUS,probability_model,0.73828125,BFS_RADIUS,0.11328125,0.625,0.006378173828125,0.028564453125,0.11328125,0.73828125,0.017333984375,0.087890625,0.003631591796875,0.003631591796875,0.00118255615234375,
1323070546,matei-si-diamantele/submissions/1323070546.cpp,cpp,8.93,MANHATTAN_SCAN,MANHATTAN_SCAN,probability_model,0.6171875,BOUNDING_BOX_SCAN,0.330078125,0.287109375,0.6171875,0.00775146484375,0.003448486328125,0.0030364990234375,0.0050048828125,0.00994873046875,0.330078125,0.00775146484375,0.0164794921875,
1323070598,matei-si-diamantele/submissions/1323070598.cpp,cpp,14.29,BOUNDING_BOX_SCAN,BOUNDING_BOX_SCAN,probability_model,0.5625,MANHATTAN_SCAN,0.33984375,0.22265625,0.33984375,0.00750732421875,0.0040283203125,0.0040283203125,0.00750732421875,0.0169677734375,0.5625,0.01318359375,0.046142578125,
1323077370,matei-si-diamantele/submissions/1323077370.cpp,cpp,12.5,DFS_RADIUS,DFS_RADIUS,probability_model,0.470703125,UNKNOWN,0.1962890625,0.2744140625,0.018310546875,0.018310546875,0.072265625,0.470703125,0.0234375,0.134765625,0.020751953125,0.0439453125,0.1962890625,
1323319303,matei-si-diamantele/submissions/1323319303.cpp,cpp,50.0,MANHATTAN_SCAN,MANHATTAN_SCAN,probability_model,0.87109375,ROW_BOUNDS_SCAN,0.0556640625,0.8154296875,0.87109375,0.0556640625,0.003143310546875,0.00115966796875,0.00157928466796875,0.008544921875,0.0556640625,0.001312255859375,0.00021457672119140625,
1323361065,matei-si-diamantele/submissions/1323361065.java,java,50.0,MANHATTAN_SCAN,MANHATTAN_SCAN,probability_model,0.6640625,ROW_BOUNDS_SCAN,0.115234375,0.548828125,0.6640625,0.115234375,0.007354736328125,0.0023956298828125,0.00347900390625,0.08984375,0.115234375,0.00445556640625,0.0003032684326171875,
1323366910,matei-si-diamantele/submissions/1323366910.java,java,50.0,MANHATTAN_SCAN,MANHATTAN_SCAN,manual_gold_or_review,0.8515625,BOUNDING_BOX_SCAN,0.0791015625,0.7724609375,0.8515625,0.048095703125,0.0022430419921875,0.00106048583984375,0.00128173828125,0.01556396484375,0.0791015625,0.0015411376953125,0.000286102294921875,
1323367653,matei-si-diamantele/submissions/1323367653.java,java,50.0,MANHATTAN_SCAN,MANHATTAN_SCAN,probability_model,0.70703125,BOUNDING_BOX_SCAN,0.2021484375,0.5048828125,0.70703125,0.07421875,0.0028839111328125,0.001129150390625,0.00136566162109375,0.0089111328125,0.2021484375,0.003265380859375,0.0003662109375,
1323376756,matei-si-diamantele/submissions/1323376756.cpp,cpp,1.79,BFS_RADIUS,BFS_RADIUS,probability_model,0.6953125,RING_SCAN,0.10693359375,0.58837890625,0.00994873046875,0.02099609375,0.6953125,0.09423828125,0.01275634765625,0.10693359375,0.0238037109375,0.0087890625,0.0269775390625,
1323376847,matei-si-diamantele/submissions/1323376847.cpp,cpp,14.29,BFS_RADIUS,BFS_RADIUS,probability_model,0.75,DFS_RADIUS,0.08984375,0.66015625,0.01068115234375,0.01556396484375,0.75,0.08984375,0.01373291015625,0.06982421875,0.022705078125,0.007354736328125,0.02001953125,
1323377102,matei-si-diamantele/submissions/1323377102.cpp,cpp,50.0,BFS_RADIUS,BFS_RADIUS,probability_model,0.92578125,DFS_RADIUS,0.035888671875,0.889892578125,0.0026092529296875,0.004852294921875,0.92578125,0.035888671875,0.0037841796875,0.0218505859375,0.0029449462890625,0.00051116943359375,0.00051116943359375,
1323389180,matei-si-diamantele/submissions/1323389180.cpp,cpp,3.57,UNKNOWN,UNKNOWN,probability_model_extended,0.9375,GREEDY_NEIGHBOR_WALK,0.046630859375,0.8154296875,0.00811767578125,0.00159454345703125,0.00058746337890625,0.00096893310546875,0.00096893310546875,0.00141143798828125,0.00058746337890625,0.0010986328125,0.9375,0.046630859375
1323400210,matei-si-diamantele/submissions/1323400210.java,java,7.14,RING_SCAN,RING_SCAN,probability_model,0.369140625,MANHATTAN_SCAN,0.173828125,0.1953125,0.173828125,0.0439453125,0.0208740234375,0.01116943359375,0.0208740234375,0.369140625,0.1357421875,0.050048828125,0.173828125,
1323401347,matei-si-diamantele/submissions/1323401347.cpp,cpp,14.29,DFS_RADIUS,DFS_RADIUS,manual_gold_or_review,0.42578125,UNKNOWN,0.201171875,0.224609375,0.039794921875,0.018798828125,0.083984375,0.42578125,0.0240478515625,0.138671875,0.0272216796875,0.039794921875,0.201171875,
1323401607,matei-si-diamantele/submissions/1323401607.cpp,cpp,19.64,UNKNOWN,DFS_RADIUS,manual_gold_or_review,0.369140625,DFS_RADIUS,0.197265625,0.171875,0.08251953125,0.0208740234375,0.09326171875,0.197265625,0.018310546875,0.1357421875,0.038818359375,0.044189453125,0.369140625,
1323404029,matei-si-diamantele/submissions/1323404029.java,java,3.57,MANHATTAN_SCAN,MANHATTAN_SCAN,probability_model,0.453125,UNKNOWN,0.2138671875,0.2392578125,0.453125,0.05419921875,0.037109375,0.042236328125,0.0255126953125,0.07861328125,0.0478515625,0.0478515625,0.2138671875,
1323404045,matei-si-diamantele/submissions/1323404045.java,java,5.36,MANHATTAN_SCAN,MANHATTAN_SCAN,probability_model,0.515625,UNKNOWN,0.1298828125,0.3857421875,0.515625,0.06982421875,0.042236328125,0.037353515625,0.02001953125,0.08935546875,0.05419921875,0.042236328125,0.1298828125,
1323404065,matei-si-diamantele/submissions/1323404065.java,java,5.36,MANHATTAN_SCAN,MANHATTAN_SCAN,probability_model,0.59375,RING_SCAN,0.1171875,0.4765625,0.59375,0.07080078125,0.0296630859375,0.015869140625,0.015869140625,0.1171875,0.0625,0.0380859375,0.055419921875,
1323404068,matei-si-diamantele/submissions/1323404068.cpp,cpp,41.07,SORTED_MANHATTAN,SORTED_MANHATTAN,probability_model,0.419921875,MANHATTAN_SCAN,0.37109375,0.048828125,0.37109375,0.050048828125,0.0208740234375,0.01116943359375,0.419921875,0.09375,0.0303955078125,0.0030059814453125,0.00103759765625,
1323404104,matei-si-diamantele/submissions/1323404104.cpp,cpp,41.07,MANHATTAN_SCAN,MANHATTAN_SCAN,probability_model,0.404296875,SORTED_MANHATTAN,0.357421875,0.046875,0.404296875,0.0546875,0.0177001953125,0.009521484375,0.357421875,0.11572265625,0.03759765625,0.003082275390625,0.000942230224609375,
1323404127,matei-si-diamantele/submissions/1323404127.cpp,cpp,50.0,MANHATTAN_SCAN,MANHATTAN_SCAN,probability_model,0.50390625,RING_SCAN,0.2099609375,0.2939453125,0.50390625,0.0771484375,0.0172119140625,0.00634765625,0.1279296875,0.2099609375,0.05322265625,0.0028228759765625,0.000553131103515625,
1323404596,matei-si-diamantele/submissions/1323404596.cpp,cpp,50.0,MANHATTAN_SCAN,MANHATTAN_SCAN,probability_model,0.93359375,BOUNDING_BOX_SCAN,0.0281982421875,0.9053955078125,0.93359375,0.02490234375,0.002044677734375,0.00109100341796875,0.001495361328125,0.008056640625,0.0281982421875,0.000751495361328125,0.0001392364501953125,
1323404825,matei-si-diamantele/submissions/1323404825.java,java,5.36,BFS_RADIUS,BFS_RADIUS,probability_model,0.8203125,DFS_RADIUS,0.1259765625,0.6943359375,0.0019073486328125,0.00909423828125,0.8203125,0.1259765625,0.0048828125,0.03173828125,0.0037994384765625,0.00109100341796875,0.00179290771484375,
1323404864,matei-si-diamantele/submissions/1323404864.java,java,7.14,BFS_RADIUS,BFS_RADIUS,probability_model,0.85546875,DFS_RADIUS,0.09033203125,0.76513671875,0.0021209716796875,0.00653076171875,0.85546875,0.09033203125,0.0034942626953125,0.033203125,0.004486083984375,0.00145721435546875,0.0027313232421875,
1323404910,matei-si-diamantele/submissions/1323404910.java,java,30.36,BFS_RADIUS,BFS_RADIUS,probability_model,0.70703125,DFS_RADIUS,0.158203125,0.548828125,0.006927490234375,0.0089111328125,0.70703125,0.158203125,0.0089111328125,0.0400390625,0.012939453125,0.00506591796875,0.05126953125,
1323404960,matei-si-diamantele/submissions/1323404960.java,java,37.5,BFS_RADIUS,BFS_RADIUS,probability_model,0.703125,DFS_RADIUS,0.12255859375,0.58056640625,0.01007080078125,0.01287841796875,0.703125,0.12255859375,0.01007080078125,0.044921875,0.0166015625,0.005035400390625,0.07421875,
1323404984,matei-si-diamantele/submissions/1323404984.java,java,33.93,BFS_RADIUS,BFS_RADIUS,probability_model,0.59375,DFS_RADIUS,0.1171875,0.4765625,0.0179443359375,0.0230712890625,0.59375,0.1171875,0.0179443359375,0.103515625,0.0380859375,0.007476806640625,0.08056640625,
1323405139,matei-si-diamantele/submissions/1323405139.java,java,37.5,BFS_RADIUS,BFS_RADIUS,probability_model,0.60546875,DFS_RADIUS,0.197265625,0.408203125,0.00982666015625,0.01611328125,0.60546875,0.197265625,0.0111083984375,0.06396484375,0.01611328125,0.006744384765625,0.072265625,
1323405516,matei-si-diamantele/submissions/1323405516.cpp,cpp,14.29,RING_SCAN,RING_SCAN,probability_model,0.318359375,DFS_RADIUS,0.150390625,0.16796875,0.06298828125,0.049072265625,0.0712890625,0.150390625,0.049072265625,0.318359375,0.09130859375,0.055419921875,0.150390625,
1323405525,matei-si-diamantele/submissions/1323405525.cpp,cpp,3.57,BFS_RADIUS,BFS_RADIUS,probability_model,0.578125,RING_SCAN,0.12890625,0.44921875,0.0174560546875,0.019775390625,0.578125,0.1005859375,0.0174560546875,0.12890625,0.02880859375,0.007293701171875,0.1005859375,
1323405532,matei-si-diamantele/submissions/1323405532.cpp,cpp,8.93,RING_SCAN,RING_SCAN,probability_model,0.376953125,DFS_RADIUS,0.138671875,0.23828125,0.0654296875,0.051025390625,0.08447265625,0.138671875,0.051025390625,0.376953125,0.08447265625,0.051025390625,0.095703125,
1323405550,matei-si-diamantele/submissions/1323405550.cpp,cpp,3.57,BFS_RADIUS,BFS_RADIUS,probability_model,0.8671875,DFS_RADIUS,0.049072265625,0.818115234375,0.006622314453125,0.0140380859375,0.8671875,0.049072265625,0.005859375,0.043212890625,0.0096435546875,0.0014801025390625,0.00201416015625,
1323405634,matei-si-diamantele/submissions/1323405634.cpp,cpp,12.5,BFS_RADIUS,BFS_RADIUS,probability_model,0.80859375,DFS_RADIUS,0.0849609375,0.7236328125,0.006988525390625,0.01904296875,0.80859375,0.0849609375,0.01019287109375,0.0517578125,0.0130615234375,0.0027313232421875,0.0027313232421875,
1323405696,matei-si-diamantele/submissions/1323405696.cpp,cpp,41.07,BFS_RADIUS,BFS_RADIUS,probability_model,0.8515625,DFS_RADIUS,0.0791015625,0.7724609375,0.00506591796875,0.01373291015625,0.8515625,0.0791015625,0.006500244140625,0.032958984375,0.00836181640625,0.00238037109375,0.001861572265625,
1323405756,matei-si-diamantele/submissions/1323405756.cpp,cpp,8.93,BFS_RADIUS,BFS_RADIUS,probability_model,0.7109375,DFS_RADIUS,0.09619140625,0.61474609375,0.0167236328125,0.021484375,0.7109375,0.09619140625,0.011474609375,0.051513671875,0.03125,0.0101318359375,0.051513671875,
1323405769,matei-si-diamantele/submissions/1323405769.cpp,cpp,41.07,BFS_RADIUS,BFS_RADIUS,probability_model,0.77734375,DFS_RADIUS,0.11962890625,0.65771484375,0.005950927734375,0.0142822265625,0.77734375,0.11962890625,0.0086669921875,0.0498046875,0.0125732421875,0.00408935546875,0.005950927734375,
1323406003,matei-si-diamantele/submissions/1323406003.cpp,cpp,44.64,BFS_RADIUS,BFS_RADIUS,probability_model,0.7890625,DFS_RADIUS,0.1064453125,0.6826171875,0.0032196044921875,0.01275634765625,0.7890625,0.1064453125,0.006011962890625,0.0732421875,0.00872802734375,0.00142669677734375,0.0007171630859375,
1323406060,matei-si-diamantele/submissions/1323406060.cpp,cpp,50.0,BFS_RADIUS,BFS_RADIUS,probability_model,0.83203125,DFS_RADIUS,0.08740234375,0.74462890625,0.0072021484375,0.01953125,0.83203125,0.08740234375,0.0072021484375,0.03662109375,0.00811767578125,0.0018157958984375,0.00091552734375,
1323415763,matei-si-diamantele/submissions/1323415763.cpp,cpp,50.0,ROW_BOUNDS_SCAN,ROW_BOUNDS_SCAN,probability_model,0.3046875,BOUNDING_BOX_SCAN,0.2373046875,0.0673828125,0.2099609375,0.3046875,0.036376953125,0.006744384765625,0.00811767578125,0.185546875,0.2373046875,0.00921630859375,0.00193023681640625,
1323416016,matei-si-diamantele/submissions/1323416016.c,c,1.79,GREEDY_NEIGHBOR_WALK,GREEDY_NEIGHBOR_WALK,probability_model_extended,0.84375,UNKNOWN,0.1298828125,0.90869140625,0.013671875,0.0020904541015625,0.000820159912109375,0.0016326904296875,0.00119781494140625,0.00153350830078125,0.0009307861328125,0.0030517578125,0.1298828125,0.84375
1323416404,matei-si-diamantele/submissions/1323416404.cpp,cpp,42.86,MANHATTAN_SCAN,MANHATTAN_SCAN,probability_model,0.7265625,BOUNDING_BOX_SCAN,0.1435546875,0.5830078125,0.7265625,0.046630859375,0.00433349609375,0.0021820068359375,0.0033721923828125,0.06787109375,0.1435546875,0.003814697265625,0.000705718994140625,
1323416560,matei-si-diamantele/submissions/1323416560.cpp,cpp,50.0,MANHATTAN_SCAN,MANHATTAN_SCAN,probability_model,0.91796875,ROW_BOUNDS_SCAN,0.03564453125,0.88232421875,0.91796875,0.03564453125,0.00177001953125,0.00089263916015625,0.00107574462890625,0.005462646484375,0.03564453125,0.000652313232421875,0.00015544891357421875,
1323416777,matei-si-diamantele/submissions/1323416777.cpp,cpp,50.0,MANHATTAN_SCAN,MANHATTAN_SCAN,probability_model,0.8046875,ROW_BOUNDS_SCAN,0.10888671875,0.69580078125,0.8046875,0.10888671875,0.00897216796875,0.00165557861328125,0.00165557861328125,0.01300048828125,0.058349609375,0.00176239013671875,0.00022411346435546875,
1323418080,matei-si-diamantele/submissions/1323418080.java,java,14.29,DFS_RADIUS,DFS_RADIUS,probability_model,0.43359375,UNKNOWN,0.298828125,0.134765625,0.0245361328125,0.01483154296875,0.058837890625,0.43359375,0.0277099609375,0.0966796875,0.016845703125,0.0277099609375,0.298828125,
1323418578,matei-si-diamantele/submissions/1323418578.java,java,8.93,DFS_RADIUS,DFS_RADIUS,probability_model,0.6015625,RING_SCAN,0.134765625,0.466796875,0.01611328125,0.01416015625,0.03857421875,0.6015625,0.0233154296875,0.134765625,0.0181884765625,0.033935546875,0.11865234375,
1323420938,matei-si-diamantele/submissions/1323420938.cpp,cpp,7.14,BFS_RADIUS,BFS_RADIUS,probability_model,0.79296875,DFS_RADIUS,0.10693359375,0.68603515625,0.00469970703125,0.0211181640625,0.79296875,0.10693359375,0.0087890625,0.044677734375,0.0128173828125,0.0068359375,0.0025177001953125,
1323421018,matei-si-diamantele/submissions/1323421018.cpp,cpp,7.14,BFS_RADIUS,BFS_RADIUS,probability_model,0.6953125,DFS_RADIUS,0.12109375,0.57421875,0.00872802734375,0.030517578125,0.6953125,0.12109375,0.01123046875,0.09423828125,0.0238037109375,0.00994873046875,0.0050048828125,
1323421310,matei-si-diamantele/submissions/1323421310.java,java,5.36,MANHATTAN_SCAN,MANHATTAN_SCAN,probability_model,0.365234375,UNKNOWN,0.283203125,0.08203125,0.365234375,0.07177734375,0.0206298828125,0.010986328125,0.01416015625,0.09228515625,0.09228515625,0.04931640625,0.283203125,
1323421354,matei-si-diamantele/submissions/1323421354.java,java,8.93,DFS_RADIUS,DFS_RADIUS,probability_model,0.41015625,UNKNOWN,0.36328125,0.046875,0.0262451171875,0.0140380859375,0.03369140625,0.41015625,0.0203857421875,0.0810546875,0.01806640625,0.03369140625,0.36328125,
1323422331,matei-si-diamantele/submissions/1323422331.java,java,50.0,MANHATTAN_SCAN,MANHATTAN_SCAN,manual_gold_or_review,0.8671875,ROW_BOUNDS_SCAN,0.08056640625,0.78662109375,0.8671875,0.08056640625,0.005157470703125,0.00147247314453125,0.00189208984375,0.0203857421875,0.0230712890625,0.0013885498046875,0.00021266937255859375,
1323422341,matei-si-diamantele/submissions/1323422341.java,java,10.71,DFS_RADIUS,DFS_RADIUS,probability_model,0.7109375,RING_SCAN,0.12353515625,0.58740234375,0.004486083984375,0.01300048828125,0.06591796875,0.7109375,0.03125,0.12353515625,0.01470947265625,0.0242919921875,0.01300048828125,
1323423070,matei-si-diamantele/submissions/1323423070.cpp,cpp,48.21,BFS_RADIUS,BFS_RADIUS,probability_model,0.8828125,DFS_RADIUS,0.072265625,0.810546875,0.00170135498046875,0.00982666015625,0.8828125,0.072265625,0.00360107421875,0.026611328125,0.003173828125,0.000553131103515625,0.00016880035400390625,
1323423196,matei-si-diamantele/submissions/1323423196.cpp,cpp,50.0,BFS_RADIUS,BFS_RADIUS,probability_model,0.921875,DFS_RADIUS,0.052001953125,0.869873046875,0.00107574462890625,0.006195068359375,0.921875,0.052001953125,0.00274658203125,0.014892578125,0.00177764892578125,0.000396728515625,0.0001373291015625,
1323423471,matei-si-diamantele/submissions/1323423471.cpp,cpp,50.0,BFS_RADIUS,BFS_RADIUS,probability_model,0.7578125,DFS_RADIUS,0.1318359375,0.6259765625,0.0030975341796875,0.01385498046875,0.7578125,0.1318359375,0.01226806640625,0.062255859375,0.01226806640625,0.0045166015625,0.0019989013671875,
1323423511,matei-si-diamantele/submissions/1323423511.java,java,14.29,DFS_RADIUS,DFS_RADIUS,probability_model,0.921875,RING_SCAN,0.031494140625,0.890380859375,0.0013885498046875,0.004852294921875,0.009033203125,0.921875,0.01025390625,0.031494140625,0.002593994140625,0.0115966796875,0.0054931640625,
1323424047,matei-si-diamantele/submissions/1323424047.cpp,cpp,50.0,BFS_RADIUS,BFS_RADIUS,probability_model,0.94921875,DFS_RADIUS,0.036865234375,0.912353515625,0.00118255615234375,0.0038909912109375,0.94921875,0.036865234375,0.001617431640625,0.00439453125,0.0007171630859375,0.00017070770263671875,0.00013256072998046875,
1323425617,matei-si-diamantele/submissions/1323425617.java,java,50.0,MANHATTAN_SCAN,MANHATTAN_SCAN,probability_model,0.91796875,ROW_BOUNDS_SCAN,0.040283203125,0.877685546875,0.91796875,0.040283203125,0.0019989013671875,0.000576019287109375,0.000835418701171875,0.01483154296875,0.0244140625,0.000652313232421875,6.437301635742188e-05,
1323426687,matei-si-diamantele/submissions/1323426687.cpp,cpp,46.43,BFS_RADIUS,BFS_RADIUS,probability_model,0.90625,DFS_RADIUS,0.057861328125,0.848388671875,0.0025482177734375,0.0078125,0.90625,0.057861328125,0.00445556640625,0.0166015625,0.003936767578125,0.00128173828125,0.000568389892578125,
1323428875,matei-si-diamantele/submissions/1323428875.cpp,cpp,50.0,BFS_RADIUS,BFS_RADIUS,probability_model,0.93359375,DFS_RADIUS,0.041015625,0.892578125,0.002044677734375,0.008056640625,0.93359375,0.041015625,0.00335693359375,0.0103759765625,0.0023040771484375,0.000705718994140625,0.00024318695068359375,
1323445852,matei-si-diamantele/submissions/1323445852.cpp,cpp,50.0,MANHATTAN_SCAN,MANHATTAN_SCAN,probability_model,0.50390625,RING_SCAN,0.2099609375,0.2939453125,0.50390625,0.0771484375,0.0172119140625,0.00634765625,0.1279296875,0.2099609375,0.05322265625,0.0028228759765625,0.000553131103515625,
1323447222,matei-si-diamantele/submissions/1323447222.cpp,cpp,30.36,RING_SCAN,RING_SCAN,probability_model,0.2431640625,BFS_RADIUS,0.21484375,0.0283203125,0.0615234375,0.0478515625,0.21484375,0.1015625,0.025634765625,0.2431640625,0.0791015625,0.037353515625,0.189453125,
1323447383,matei-si-diamantele/submissions/1323447383.cpp,cpp,35.71,RING_SCAN,RING_SCAN,probability_model,0.2119140625,BFS_RADIUS,0.1865234375,0.025390625,0.041748046875,0.047119140625,0.1865234375,0.11328125,0.0286865234375,0.2119140625,0.1279296875,0.07763671875,0.1650390625,
1323447453,matei-si-diamantele/submissions/1323447453.cpp,cpp,37.5,UNKNOWN,BFS_RADIUS,manual_review_extended,0.34765625,BFS_RADIUS,0.1279296875,0.2197265625,0.068359375,0.046875,0.1279296875,0.099609375,0.022216796875,0.11279296875,0.087890625,0.087890625,0.34765625,
1323447461,matei-si-diamantele/submissions/1323447461.cpp,cpp,1.79,BFS_RADIUS,BFS_RADIUS,probability_model,0.86328125,DFS_RADIUS,0.07080078125,0.79248046875,0.005126953125,0.01226806640625,0.86328125,0.07080078125,0.00958251953125,0.029541015625,0.0074462890625,0.00213623046875,0.0011444091796875,
1323447535,matei-si-diamantele/submissions/1323447535.cpp,cpp,41.07,BFS_RADIUS,BFS_RADIUS,probability_model,0.259765625,RING_SCAN,0.177734375,0.08203125,0.039794921875,0.051025390625,0.259765625,0.1572265625,0.02734375,0.177734375,0.10791015625,0.09521484375,0.083984375,
1323447645,matei-si-diamantele/submissions/1323447645.java,java,50.0,MANHATTAN_SCAN,MANHATTAN_SCAN,probability_model,0.80859375,BOUNDING_BOX_SCAN,0.0751953125,0.7333984375,0.80859375,0.06640625,0.006195068359375,0.00188446044921875,0.0025787353515625,0.03564453125,0.0751953125,0.00213623046875,0.00032806396484375,
1323447806,matei-si-diamantele/submissions/1323447806.cpp,cpp,41.07,BFS_RADIUS,BFS_RADIUS,probability_model,0.27734375,RING_SCAN,0.1904296875,0.0869140625,0.04248046875,0.08984375,0.27734375,0.1484375,0.0291748046875,0.1904296875,0.08984375,0.0703125,0.061767578125,
1323448135,matei-si-diamantele/submissions/1323448135.cpp,cpp,41.07,BFS_RADIUS,BFS_RADIUS,probability_model,0.466796875,DFS_RADIUS,0.1943359375,0.2724609375,0.0159912109375,0.06298828125,0.466796875,0.1943359375,0.01806640625,0.1337890625,0.049072265625,0.03369140625,0.0262451171875,
1323448212,matei-si-diamantele/submissions/1323448212.cpp,cpp,41.07,BFS_RADIUS,BFS_RADIUS,probability_model,0.2451171875,RING_SCAN,0.2158203125,0.029296875,0.04248046875,0.06201171875,0.2451171875,0.1484375,0.03759765625,0.2158203125,0.11572265625,0.0703125,0.06201171875,
1323448310,matei-si-diamantele/submissions/1323448310.java,java,8.93,UNKNOWN,UNKNOWN,manual_review_extended,0.96875,MANHATTAN_SCAN,0.0257568359375,0.9429931640625,0.0257568359375,0.0007781982421875,0.0003681182861328125,0.0006866455078125,0.000885009765625,0.0006866455078125,0.000885009765625,0.00113677978515625,0.96875,
1323448728,matei-si-diamantele/submissions/1323448728.java,java,23.21,DFS_RADIUS,DFS_RADIUS,probability_model,0.91015625,RING_SCAN,0.0400390625,0.8701171875,0.00154876708984375,0.00372314453125,0.0089111328125,0.91015625,0.00787353515625,0.0400390625,0.0032806396484375,0.01470947265625,0.0089111328125,
1323448964,matei-si-diamantele/submissions/1323448964.java,java,39.29,BFS_RADIUS,BFS_RADIUS,probability_model,0.953125,DFS_RADIUS,0.03271484375,0.92041015625,0.000720977783203125,0.0038909912109375,0.953125,0.03271484375,0.0020904541015625,0.0050048828125,0.00183868408203125,0.000362396240234375,0.00023365020751953125,
1323449070,matei-si-diamantele/submissions/1323449070.java,java,50.0,BFS_RADIUS,BFS_RADIUS,probability_model,0.91796875,DFS_RADIUS,0.05859375,0.859375,0.000946044921875,0.00482177734375,0.91796875,0.05859375,0.0025787353515625,0.0130615234375,0.0029144287109375,0.000652313232421875,0.0002880096435546875,
1323449662,matei-si-diamantele/submissions/1323449662.cpp,cpp,14.29,DFS_RADIUS,DFS_RADIUS,probability_model,0.96875,RING_SCAN,0.00946044921875,0.95928955078125,0.00093841552734375,0.003082275390625,0.00836181640625,0.96875,0.0057373046875,0.00946044921875,0.00106048583984375,0.002716064453125,0.00136566162109375,
1323449703,matei-si-diamantele/submissions/1323449703.cpp,cpp,12.5,DFS_RADIUS,DFS_RADIUS,probability_model,0.9453125,BFS_RADIUS,0.017333984375,0.927978515625,0.00133514404296875,0.0072021484375,0.017333984375,0.9453125,0.0072021484375,0.017333984375,0.001708984375,0.0038604736328125,0.00067138671875,
1323450102,matei-si-diamantele/submissions/1323450102.java,java,14.29,BFS_RADIUS,BFS_RADIUS,probability_model,0.7578125,DFS_RADIUS,0.1025390625,0.6552734375,0.0074462890625,0.02294921875,0.7578125,0.1025390625,0.00958251953125,0.080078125,0.013916015625,0.0025787353515625,0.0012969970703125,
1323450110,matei-si-diamantele/submissions/1323450110.cpp,cpp,23.21,DFS_RADIUS,DFS_RADIUS,probability_model,0.82421875,RING_SCAN,0.0986328125,0.7255859375,0.00159454345703125,0.01336669921875,0.031982421875,0.82421875,0.0091552734375,0.0986328125,0.00811767578125,0.0103759765625,0.001495361328125,
1323450132,matei-si-diamantele/submissions/1323450132.cpp,cpp,30.36,DFS_RADIUS,DFS_RADIUS,probability_model,0.81640625,RING_SCAN,0.1103515625,0.7060546875,0.0014801025390625,0.01165771484375,0.03173828125,0.81640625,0.00909423828125,0.1103515625,0.00909423828125,0.00799560546875,0.0014801025390625,
1323450205,matei-si-diamantele/submissions/1323450205.cpp,cpp,30.36,DFS_RADIUS,DFS_RADIUS,probability_model,0.82421875,RING_SCAN,0.0986328125,0.7255859375,0.0016937255859375,0.0103759765625,0.0361328125,0.82421875,0.0103759765625,0.0986328125,0.0091552734375,0.008056640625,0.0012359619140625,
1323450288,matei-si-diamantele/submissions/1323450288.cpp,cpp,41.07,BFS_RADIUS,BFS_RADIUS,probability_model,0.40625,RING_SCAN,0.2177734375,0.1884765625,0.0260009765625,0.080078125,0.40625,0.11669921875,0.02294921875,0.2177734375,0.080078125,0.033447265625,0.0157470703125,
1323450354,matei-si-diamantele/submissions/1323450354.cpp,cpp,41.07,BFS_RADIUS,BFS_RADIUS,probability_model,0.51953125,DFS_RADIUS,0.19140625,0.328125,0.006561279296875,0.048583984375,0.51953125,0.19140625,0.0157470703125,0.1318359375,0.042724609375,0.0294189453125,0.01226806640625,
1323450425,matei-si-diamantele/submissions/1323450425.cpp,cpp,41.07,BFS_RADIUS,BFS_RADIUS,probability_model,0.51171875,DFS_RADIUS,0.146484375,0.365234375,0.01544189453125,0.078125,0.51171875,0.146484375,0.019775390625,0.146484375,0.04736328125,0.02880859375,0.007293701171875,
1323450542,matei-si-diamantele/submissions/1323450542.java,java,50.0,MANHATTAN_SCAN,MANHATTAN_SCAN,probability_model,0.8359375,BOUNDING_BOX_SCAN,0.07763671875,0.75830078125,0.8359375,0.068359375,0.0030059814453125,0.00103759765625,0.00110626220703125,0.010498046875,0.07763671875,0.002349853515625,0.000263214111328125,
1323450618,matei-si-diamantele/submissions/1323450618.cpp,cpp,50.0,MANHATTAN_SCAN,MANHATTAN_SCAN,probability_model,0.91015625,ROW_BOUNDS_SCAN,0.039794921875,0.870361328125,0.91015625,0.039794921875,0.0017547607421875,0.0007781982421875,0.00099945068359375,0.006927490234375,0.039794921875,0.001129150390625,0.000209808349609375,
1323451749,matei-si-diamantele/submissions/1323451749.cpp,cpp,3.57,UNKNOWN,UNKNOWN,probability_model_extended,0.57421875,GREEDY_NEIGHBOR_WALK,0.396484375,0.74267578125,0.01055908203125,0.0022125244140625,0.00142669677734375,0.00439453125,0.00250244140625,0.0026702880859375,0.0013427734375,0.003021240234375,0.57421875,0.396484375
1323451802,matei-si-diamantele/submissions/1323451802.cpp,cpp,50.0,MANHATTAN_SCAN,MANHATTAN_SCAN,probability_model,0.7734375,RING_SCAN,0.08154296875,0.69189453125,0.7734375,0.07177734375,0.01416015625,0.004058837890625,0.004608154296875,0.08154296875,0.04931640625,0.001800537109375,0.000202178955078125,
1323451826,matei-si-diamantele/submissions/1323451826.cpp,cpp,5.36,UNKNOWN,UNKNOWN,probability_model_extended,0.84375,GREEDY_NEIGHBOR_WALK,0.12890625,0.54296875,0.00823974609375,0.0023651123046875,0.00162506103515625,0.00390625,0.002685546875,0.00390625,0.00162506103515625,0.002685546875,0.84375,0.12890625
1323451903,matei-si-diamantele/submissions/1323451903.java,java,10.71,BFS_RADIUS,BFS_RADIUS,probability_model,0.376953125,RING_SCAN,0.1572265625,0.2197265625,0.03515625,0.051025390625,0.376953125,0.12255859375,0.021240234375,0.1572265625,0.138671875,0.045166015625,0.051025390625,
1323452118,matei-si-diamantele/submissions/1323452118.java,java,14.29,BFS_RADIUS,BFS_RADIUS,probability_model,0.51171875,DFS_RADIUS,0.1298828125,0.3818359375,0.0255126953125,0.047607421875,0.51171875,0.1298828125,0.017578125,0.1298828125,0.07861328125,0.037109375,0.0224609375,
1323452268,matei-si-diamantele/submissions/1323452268.java,java,8.93,BFS_RADIUS,BFS_RADIUS,probability_model,0.55859375,DFS_RADIUS,0.1806640625,0.3779296875,0.01019287109375,0.031494140625,0.55859375,0.1806640625,0.016845703125,0.10986328125,0.045654296875,0.031494140625,0.016845703125,
1323452275,matei-si-diamantele/submissions/1323452275.cpp,cpp,5.36,BFS_RADIUS,BFS_RADIUS,probability_model,0.88671875,DFS_RADIUS,0.056640625,0.830078125,0.0019378662109375,0.005950927734375,0.88671875,0.056640625,0.005950927734375,0.038818359375,0.0036163330078125,0.000759124755859375,0.00103759765625,
1323452315,matei-si-diamantele/submissions/1323452315.java,java,8.93,BFS_RADIUS,BFS_RADIUS,probability_model,0.57421875,DFS_RADIUS,0.185546875,0.388671875,0.0081787109375,0.03662109375,0.57421875,0.185546875,0.0196533203125,0.11279296875,0.03662109375,0.022216796875,0.005615234375,
1323452434,matei-si-diamantele/submissions/1323452434.java,java,50.0,BFS_RADIUS,BFS_RADIUS,probability_model,0.6875,DFS_RADIUS,0.1533203125,0.5341796875,0.0052490234375,0.0235595703125,0.6875,0.1533203125,0.0111083984375,0.072265625,0.0301513671875,0.0142822265625,0.003387451171875,
1323452987,matei-si-diamantele/submissions/1323452987.cpp,cpp,50.0,MANHATTAN_SCAN,MANHATTAN_SCAN,probability_model,0.9453125,BOUNDING_BOX_SCAN,0.022216796875,0.923095703125,0.9453125,0.017333984375,0.00160980224609375,0.00086212158203125,0.0014190673828125,0.01190185546875,0.022216796875,0.00067138671875,0.0001163482666015625,
1323453087,matei-si-diamantele/submissions/1323453087.java,java,50.0,MANHATTAN_SCAN,MANHATTAN_SCAN,probability_model,0.419921875,BOUNDING_BOX_SCAN,0.1982421875,0.2216796875,0.419921875,0.13671875,0.034423828125,0.00872802734375,0.0098876953125,0.1748046875,0.1982421875,0.014404296875,0.00171661376953125,
1323453409,matei-si-diamantele/submissions/1323453409.cpp,cpp,50.0,MANHATTAN_SCAN,MANHATTAN_SCAN,probability_model,0.9453125,ROW_BOUNDS_SCAN,0.0284423828125,0.9168701171875,0.9453125,0.0284423828125,0.001251220703125,0.00048828125,0.000591278076171875,0.005615234375,0.01953125,0.000522613525390625,9.632110595703125e-05,
1323453655,matei-si-diamantele/submissions/1323453655.java,java,50.0,BFS_RADIUS,BFS_RADIUS,probability_model,0.87890625,DFS_RADIUS,0.0634765625,0.8154296875,0.003173828125,0.00860595703125,0.87890625,0.0634765625,0.005218505859375,0.030029296875,0.00860595703125,0.00102996826171875,0.000518798828125,
1323454400,matei-si-diamantele/submissions/1323454400.java,java,50.0,BOUNDING_BOX_SCAN,BOUNDING_BOX_SCAN,probability_model,0.474609375,MANHATTAN_SCAN,0.419921875,0.0546875,0.419921875,0.08251953125,0.003631591796875,0.00160980224609375,0.00194549560546875,0.0076904296875,0.474609375,0.00677490234375,0.000713348388671875,
1323454413,matei-si-diamantele/submissions/1323454413.java,java,50.0,MANHATTAN_SCAN,MANHATTAN_SCAN,probability_model,0.51953125,ROW_BOUNDS_SCAN,0.279296875,0.240234375,0.51953125,0.279296875,0.0260009765625,0.00396728515625,0.005096435546875,0.09033203125,0.0703125,0.003509521484375,0.00041961669921875,
1323454699,matei-si-diamantele/submissions/1323454699.java,java,50.0,MANHATTAN_SCAN,MANHATTAN_SCAN,probability_model,0.74609375,ROW_BOUNDS_SCAN,0.1474609375,0.5986328125,0.74609375,0.1474609375,0.0093994140625,0.0019683837890625,0.0019683837890625,0.042236328125,0.0478515625,0.00238037109375,0.0001621246337890625,
1323455233,matei-si-diamantele/submissions/1323455233.java,java,1.79,BFS_RADIUS,BFS_RADIUS,probability_model,0.64453125,DFS_RADIUS,0.08740234375,0.55712890625,0.0250244140625,0.0283203125,0.64453125,0.08740234375,0.01336669921875,0.06787109375,0.036376953125,0.00921630859375,0.08740234375,
1323455316,matei-si-diamantele/submissions/1323455316.java,java,3.57,BFS_RADIUS,BFS_RADIUS,probability_model,0.62890625,UNKNOWN,0.12353515625,0.50537109375,0.0167236328125,0.0167236328125,0.62890625,0.09619140625,0.011474609375,0.07470703125,0.0242919921875,0.00897216796875,0.12353515625,
1323455420,matei-si-diamantele/submissions/1323455420.java,java,10.71,BFS_RADIUS,BFS_RADIUS,probability_model,0.640625,DFS_RADIUS,0.09814453125,0.54248046875,0.019287109375,0.0247802734375,0.640625,0.09814453125,0.01171875,0.07666015625,0.041015625,0.01171875,0.07666015625,
1323456288,matei-si-diamantele/submissions/1323456288.java,java,5.36,GREEDY_NEIGHBOR_WALK,GREEDY_NEIGHBOR_WALK,probability_model_extended,0.8984375,UNKNOWN,0.0947265625,0.9356689453125,0.0025177001953125,0.00112152099609375,0.0004119873046875,0.00112152099609375,0.000598907470703125,0.000637054443359375,0.000438690185546875,0.00152587890625,0.0947265625,0.8984375
1323456318,matei-si-diamantele/submissions/1323456318.java,java,1.79,GREEDY_NEIGHBOR_WALK,GREEDY_NEIGHBOR_WALK,probability_model_extended,0.98046875,UNKNOWN,0.0179443359375,0.848876953125,0.00101470947265625,0.00054168701171875,0.00014591217041015625,0.0002727508544921875,0.000186920166015625,0.000240325927734375,0.00015544891357421875,0.000652313232421875,0.0179443359375,0.98046875
1323456381,matei-si-diamantele/submissions/1323456381.java,java,50.0,BFS_RADIUS,BFS_RADIUS,probability_model,0.8984375,DFS_RADIUS,0.057373046875,0.841064453125,0.00323486328125,0.00994873046875,0.8984375,0.057373046875,0.003662109375,0.0211181640625,0.00469970703125,0.00098419189453125,0.00098419189453125,
1323456385,matei-si-diamantele/submissions/1323456385.java,java,5.36,GREEDY_NEIGHBOR_WALK,GREEDY_NEIGHBOR_WALK,probability_model_extended,0.59375,UNKNOWN,0.279296875,0.8638916015625,0.003997802734375,0.00311279296875,0.00274658203125,0.10302734375,0.0035247802734375,0.005126953125,0.0019989013671875,0.005126953125,0.279296875,0.59375
1323456575,matei-si-diamantele/submissions/1323456575.java,java,50.0,BFS_RADIUS,BFS_RADIUS,probability_model,0.91015625,DFS_RADIUS,0.051513671875,0.858642578125,0.00225830078125,0.006134033203125,0.91015625,0.051513671875,0.00372314453125,0.0189208984375,0.00372314453125,0.00083160400390625,0.001373291015625,
1323508018,matei-si-diamantele/submissions/1323508018.cpp,cpp,8.93,BFS_RADIUS,BFS_RADIUS,probability_model,0.91796875,DFS_RADIUS,0.045654296875,0.872314453125,0.00177001953125,0.0079345703125,0.91796875,0.045654296875,0.003753662109375,0.01904296875,0.0033111572265625,0.00074005126953125,0.000507354736328125,
1331754089,matei-si-diamantele/submissions/1331754089.cpp,cpp,50.0,BFS_RADIUS,BFS_RADIUS,probability_model,0.9375,DFS_RADIUS,0.036376953125,0.901123046875,0.00140380859375,0.006317138671875,0.9375,0.036376953125,0.0033721923828125,0.01336669921875,0.0021820068359375,0.00066375732421875,0.00019073486328125,
1332140866,matei-si-diamantele/submissions/1332140866.java,java,50.0,RING_SCAN,RING_SCAN,probability_model,0.5546875,ROW_BOUNDS_SCAN,0.1796875,0.375,0.051513671875,0.1796875,0.0242919921875,0.0069580078125,0.00787353515625,0.5546875,0.158203125,0.0167236328125,0.00128936767578125,
1332268022,matei-si-diamantele/submissions/1332268022.cpp,cpp,50.0,RING_SCAN,RING_SCAN,probability_model,0.8828125,MANHATTAN_SCAN,0.0341796875,0.8486328125,0.0341796875,0.0125732421875,0.00811767578125,0.006317138671875,0.018310546875,0.8828125,0.0301513671875,0.005950927734375,0.003387451171875,
1332321086,matei-si-diamantele/submissions/1332321086.java,java,46.43,ROW_BOUNDS_SCAN,ROW_BOUNDS_SCAN,probability_model,0.384765625,RING_SCAN,0.384765625,0.0,0.06689453125,0.384765625,0.05224609375,0.00750732421875,0.00799560546875,0.384765625,0.0859375,0.007049560546875,0.000957489013671875,
1332321125,matei-si-diamantele/submissions/1332321125.java,java,46.43,RING_SCAN,RING_SCAN,probability_model,0.404296875,ROW_BOUNDS_SCAN,0.314453125,0.08984375,0.1025390625,0.314453125,0.033203125,0.0069580078125,0.0069580078125,0.404296875,0.11572265625,0.01385498046875,0.001068115234375,
1332321160,matei-si-diamantele/submissions/1332321160.java,java,50.0,MANHATTAN_SCAN,MANHATTAN_SCAN,probability_model,0.5546875,RING_SCAN,0.2041015625,0.3505859375,0.5546875,0.109375,0.01483154296875,0.00543212890625,0.00616455078125,0.2041015625,0.0966796875,0.006988525390625,0.000946044921875,
1332386790,matei-si-diamantele/submissions/1332386790.cpp,cpp,5.36,GREEDY_NEIGHBOR_WALK,GREEDY_NEIGHBOR_WALK,probability_model_extended,0.98828125,UNKNOWN,0.00665283203125,0.037109375,0.002166748046875,0.00079345703125,0.00022792816162109375,0.0004825592041015625,0.000545501708984375,0.00061798095703125,0.0003108978271484375,0.0009002685546875,0.00665283203125,0.98828125
1332417615,matei-si-diamantele/submissions/1332417615.cpp,cpp,50.0,MANHATTAN_SCAN,MANHATTAN_SCAN,probability_model,0.59375,BOUNDING_BOX_SCAN,0.318359375,0.275390625,0.59375,0.07080078125,0.0025787353515625,0.00147247314453125,0.00167083740234375,0.006591796875,0.318359375,0.003997802734375,0.00069427490234375,
1332417755,matei-si-diamantele/submissions/1332417755.cpp,cpp,50.0,MANHATTAN_SCAN,MANHATTAN_SCAN,probability_model,0.94140625,ROW_BOUNDS_SCAN,0.0322265625,0.9091796875,0.94140625,0.0322265625,0.0010986328125,0.000457763671875,0.000518798828125,0.003387451171875,0.0220947265625,0.000553131103515625,9.012222290039062e-05,
1332549435,matei-si-diamantele/submissions/1332549435.java,java,50.0,MANHATTAN_SCAN,MANHATTAN_SCAN,probability_model,0.76171875,BOUNDING_BOX_SCAN,0.1328125,0.62890625,0.76171875,0.08056640625,0.0035247802734375,0.0012969970703125,0.00147247314453125,0.015869140625,0.1328125,0.0024261474609375,0.0002727508544921875,
1332550913,matei-si-diamantele/submissions/1332550913.cpp,cpp,50.0,MANHATTAN_SCAN,MANHATTAN_SCAN,manual_gold_or_review,0.890625,ROW_BOUNDS_SCAN,0.056884765625,0.833740234375,0.890625,0.056884765625,0.0028228759765625,0.0014190673828125,0.00171661376953125,0.0126953125,0.034423828125,0.00118255615234375,0.0001811981201171875,
1332558574,matei-si-diamantele/submissions/1332558574.cpp,cpp,50.0,MANHATTAN_SCAN,MANHATTAN_SCAN,probability_model,0.91015625,ROW_BOUNDS_SCAN,0.051513671875,0.858642578125,0.91015625,0.051513671875,0.00372314453125,0.00099945068359375,0.0012054443359375,0.006134033203125,0.0242919921875,0.001068115234375,0.00019741058349609375,
1332601901,matei-si-diamantele/submissions/1332601901.cpp,cpp,50.0,MANHATTAN_SCAN,MANHATTAN_SCAN,probability_model,0.59375,ROW_BOUNDS_SCAN,0.169921875,0.423828125,0.59375,0.169921875,0.026123046875,0.006591796875,0.00848388671875,0.07080078125,0.1171875,0.006591796875,0.000308990478515625,
1332609417,matei-si-diamantele/submissions/1332609417.cpp,cpp,7.14,BFS_RADIUS,BFS_RADIUS,probability_model,0.55859375,DFS_RADIUS,0.298828125,0.259765625,0.006195068359375,0.016845703125,0.55859375,0.298828125,0.01483154296875,0.0966796875,0.006591796875,0.00213623046875,0.00156402587890625,
1332615765,matei-si-diamantele/submissions/1332615765.java,java,7.14,MANHATTAN_SCAN,MANHATTAN_SCAN,probability_model,0.470703125,BOUNDING_BOX_SCAN,0.322265625,0.1484375,0.470703125,0.0181884765625,0.004608154296875,0.003814697265625,0.00860595703125,0.0264892578125,0.322265625,0.0264892578125,0.11865234375,
1332615936,matei-si-diamantele/submissions/1332615936.java,java,42.86,MANHATTAN_SCAN,MANHATTAN_SCAN,probability_model,0.55078125,ROW_BOUNDS_SCAN,0.1787109375,0.3720703125,0.55078125,0.1787109375,0.0213623046875,0.00506591796875,0.006927490234375,0.123046875,0.1083984375,0.00421142578125,0.0004730224609375,
1332616033,matei-si-diamantele/submissions/1332616033.java,java,50.0,MANHATTAN_SCAN,MANHATTAN_SCAN,probability_model,0.6953125,BOUNDING_BOX_SCAN,0.2265625,0.46875,0.6953125,0.050537109375,0.00469970703125,0.001953125,0.0022125244140625,0.01446533203125,0.2265625,0.0025177001953125,0.000560760498046875,
1332619959,matei-si-diamantele/submissions/1332619959.java,java,50.0,MANHATTAN_SCAN,MANHATTAN_SCAN,probability_model,0.79296875,ROW_BOUNDS_SCAN,0.107421875,0.685546875,0.79296875,0.107421875,0.004180908203125,0.001190185546875,0.00153350830078125,0.03955078125,0.05078125,0.001190185546875,0.000125885009765625,
1332621134,matei-si-diamantele/submissions/1332621134.cpp,cpp,50.0,MANHATTAN_SCAN,MANHATTAN_SCAN,probability_model,0.89453125,BOUNDING_BOX_SCAN,0.05712890625,0.83740234375,0.89453125,0.03466796875,0.001953125,0.000865936279296875,0.00125885009765625,0.00994873046875,0.05712890625,0.000865936279296875,0.00016021728515625,
1332626136,matei-si-diamantele/submissions/1332626136.java,java,12.5,DFS_RADIUS,DFS_RADIUS,probability_model,0.62890625,RING_SCAN,0.140625,0.48828125,0.01483154296875,0.0244140625,0.0751953125,0.62890625,0.0244140625,0.140625,0.016845703125,0.0277099609375,0.045654296875,
1332661224,matei-si-diamantele/submissions/1332661224.java,java,37.5,MANHATTAN_SCAN,MANHATTAN_SCAN,probability_model,0.318359375,BOUNDING_BOX_SCAN,0.318359375,0.0,0.318359375,0.21875,0.0123291015625,0.0029296875,0.0042724609375,0.1171875,0.318359375,0.007476806640625,0.00051116943359375,
1332673192,matei-si-diamantele/submissions/1332673192.java,java,8.93,BOUNDING_BOX_SCAN,BOUNDING_BOX_SCAN,probability_model,0.69140625,MANHATTAN_SCAN,0.25390625,0.4375,0.25390625,0.023681640625,0.003204345703125,0.0023345947265625,0.0028228759765625,0.01263427734375,0.69140625,0.0076904296875,0.002197265625,
1332673197,matei-si-diamantele/submissions/1332673197.java,java,14.29,BOUNDING_BOX_SCAN,BOUNDING_BOX_SCAN,manual_gold_or_review,0.83203125,MANHATTAN_SCAN,0.14453125,0.6875,0.14453125,0.0072021484375,0.00160980224609375,0.0014190673828125,0.0014190673828125,0.004364013671875,0.83203125,0.004364013671875,0.0020599365234375,
1332673206,matei-si-diamantele/submissions/1332673206.java,java,8.93,BOUNDING_BOX_SCAN,BOUNDING_BOX_SCAN,probability_model,0.73046875,MANHATTAN_SCAN,0.2099609375,0.5205078125,0.2099609375,0.01043701171875,0.0031890869140625,0.0026397705078125,0.003387451171875,0.01953125,0.73046875,0.00811767578125,0.0118408203125,
1332673226,matei-si-diamantele/submissions/1332673226.java,java,3.57,BOUNDING_BOX_SCAN,BOUNDING_BOX_SCAN,probability_model,0.6484375,MANHATTAN_SCAN,0.14453125,0.50390625,0.14453125,0.017333984375,0.00634765625,0.0038604736328125,0.0072021484375,0.04150390625,0.6484375,0.017333984375,0.11279296875,
1332673234,matei-si-diamantele/submissions/1332673234.java,java,5.36,BOUNDING_BOX_SCAN,BOUNDING_BOX_SCAN,probability_model,0.71484375,MANHATTAN_SCAN,0.181640625,0.533203125,0.181640625,0.02783203125,0.005126953125,0.0033111572265625,0.00482177734375,0.031494140625,0.71484375,0.014892578125,0.014892578125,
1332673244,matei-si-diamantele/submissions/1332673244.java,java,10.71,BOUNDING_BOX_SCAN,BOUNDING_BOX_SCAN,probability_model,0.73828125,MANHATTAN_SCAN,0.1455078125,0.5927734375,0.1455078125,0.04150390625,0.006378173828125,0.003875732421875,0.004669189453125,0.03662109375,0.73828125,0.017333984375,0.006378173828125,
1332673446,matei-si-diamantele/submissions/1332673446.java,java,37.5,RING_SCAN,RING_SCAN,probability_model,0.6484375,ROW_BOUNDS_SCAN,0.185546875,0.462890625,0.022216796875,0.185546875,0.025146484375,0.005950927734375,0.00634765625,0.6484375,0.09912109375,0.0072021484375,0.00091552734375,
1332673995,matei-si-diamantele/submissions/1332673995.cpp,cpp,50.0,MANHATTAN_SCAN,MANHATTAN_SCAN,probability_model,0.91015625,BOUNDING_BOX_SCAN,0.05810546875,0.85205078125,0.91015625,0.024169921875,0.00154876708984375,0.0007781982421875,0.00093841552734375,0.00421142578125,0.05810546875,0.00136566162109375,0.000209808349609375,
1332674020,matei-si-diamantele/submissions/1332674020.cpp,cpp,50.0,MANHATTAN_SCAN,MANHATTAN_SCAN,probability_model,0.671875,BOUNDING_BOX_SCAN,0.2177734375,0.4541015625,0.671875,0.054931640625,0.0045166015625,0.0025787353515625,0.0045166015625,0.037841796875,0.2177734375,0.00579833984375,0.0012969970703125,
1332711292,matei-si-diamantele/submissions/1332711292.java,java,37.5,BOUNDING_BOX_SCAN,BOUNDING_BOX_SCAN,probability_model,0.4921875,ROW_BOUNDS_SCAN,0.232421875,0.259765625,0.1416015625,0.232421875,0.014892578125,0.0035400390625,0.0042724609375,0.09716796875,0.4921875,0.01312255859375,0.0008392333984375,
1332711394,matei-si-diamantele/submissions/1332711394.java,java,37.5,BOUNDING_BOX_SCAN,BOUNDING_BOX_SCAN,probability_model,0.40625,ROW_BOUNDS_SCAN,0.31640625,0.08984375,0.169921875,0.31640625,0.017822265625,0.003753662109375,0.003997802734375,0.07080078125,0.40625,0.00958251953125,0.000946044921875,
1332711589,matei-si-diamantele/submissions/1332711589.java,java,50.0,BOUNDING_BOX_SCAN,BOUNDING_BOX_SCAN,probability_model,0.392578125,ROW_BOUNDS_SCAN,0.3046875,0.087890625,0.2099609375,0.3046875,0.0172119140625,0.00299072265625,0.00408935546875,0.06005859375,0.392578125,0.007171630859375,0.000667572021484375,
1332720002,matei-si-diamantele/submissions/1332720002.cpp,cpp,50.0,MANHATTAN_SCAN,MANHATTAN_SCAN,probability_model,0.97265625,ROW_BOUNDS_SCAN,0.017822265625,0.954833984375,0.97265625,0.017822265625,0.00064849853515625,0.0002536773681640625,0.000270843505859375,0.0030975341796875,0.00653076171875,0.00022411346435546875,3.647804260253906e-05,
1332720852,matei-si-diamantele/submissions/1332720852.cpp,cpp,50.0,MANHATTAN_SCAN,MANHATTAN_SCAN,probability_model,0.71875,ROW_BOUNDS_SCAN,0.16015625,0.55859375,0.71875,0.16015625,0.01025390625,0.002593994140625,0.0031280517578125,0.03564453125,0.06689453125,0.0027618408203125,0.000308990478515625,
1332733002,matei-si-diamantele/submissions/1332733002.cpp,cpp,50.0,MANHATTAN_SCAN,MANHATTAN_SCAN,probability_model,0.8828125,BOUNDING_BOX_SCAN,0.072265625,0.810546875,0.8828125,0.0301513671875,0.0023193359375,0.00141143798828125,0.00170135498046875,0.0086669921875,0.072265625,0.002044677734375,0.00040435791015625,
1332751885,matei-si-diamantele/submissions/1332751885.cpp,cpp,50.0,MANHATTAN_SCAN,MANHATTAN_SCAN,probability_model,0.84375,ROW_BOUNDS_SCAN,0.0888671875,0.7548828125,0.84375,0.0888671875,0.004425048828125,0.0012664794921875,0.00153350830078125,0.0255126953125,0.03271484375,0.0010528564453125,0.00015163421630859375,
1332753124,matei-si-diamantele/submissions/1332753124.cpp,cpp,50.0,MANHATTAN_SCAN,MANHATTAN_SCAN,probability_model,0.890625,BOUNDING_BOX_SCAN,0.050048828125,0.840576171875,0.890625,0.044189453125,0.0028228759765625,0.00118255615234375,0.00133514404296875,0.0098876953125,0.050048828125,0.00103759765625,0.00020503997802734375,
1332753487,matei-si-diamantele/submissions/1332753487.cpp,cpp,41.07,BFS_RADIUS,BFS_RADIUS,probability_model,0.478515625,DFS_RADIUS,0.2255859375,0.2529296875,0.0068359375,0.0269775390625,0.478515625,0.2255859375,0.02099609375,0.13671875,0.039306640625,0.05029296875,0.01446533203125,
1332753509,matei-si-diamantele/submissions/1332753509.cpp,cpp,41.07,BFS_RADIUS,BFS_RADIUS,probability_model,0.55859375,DFS_RADIUS,0.16015625,0.3984375,0.009033203125,0.0458984375,0.55859375,0.16015625,0.021728515625,0.125,0.04052734375,0.031494140625,0.005828857421875,
1332755147,matei-si-diamantele/submissions/1332755147.cpp,cpp,50.0,MANHATTAN_SCAN,MANHATTAN_SCAN,probability_model,0.7578125,BOUNDING_BOX_SCAN,0.1689453125,0.5888671875,0.7578125,0.042724609375,0.00653076171875,0.0027313232421875,0.007415771484375,0.009521484375,0.1689453125,0.005096435546875,0.001068115234375,
1332757017,matei-si-diamantele/submissions/1332757017.cpp,cpp,14.29,DFS_RADIUS,DFS_RADIUS,probability_model,0.72265625,RING_SCAN,0.11083984375,0.61181640625,0.005859375,0.01324462890625,0.040771484375,0.72265625,0.035888671875,0.11083984375,0.01165771484375,0.03173828125,0.0279541015625,
1332757491,matei-si-diamantele/submissions/1332757491.cpp,cpp,50.0,MANHATTAN_SCAN,MANHATTAN_SCAN,probability_model,0.87109375,ROW_BOUNDS_SCAN,0.06298828125,0.80810546875,0.87109375,0.06298828125,0.005859375,0.001678466796875,0.0020294189453125,0.0262451171875,0.02978515625,0.000957489013671875,0.00013828277587890625,
1332758280,matei-si-diamantele/submissions/1332758280.cpp,cpp,50.0,MANHATTAN_SCAN,MANHATTAN_SCAN,probability_model,0.875,BOUNDING_BOX_SCAN,0.07177734375,0.80322265625,0.875,0.033935546875,0.002777099609375,0.00115966796875,0.00191497802734375,0.012451171875,0.07177734375,0.00191497802734375,0.0001888275146484375,
1332758508,matei-si-diamantele/submissions/1332758508.java,java,50.0,MANHATTAN_SCAN,MANHATTAN_SCAN,probability_model,0.96484375,ROW_BOUNDS_SCAN,0.02001953125,0.94482421875,0.96484375,0.02001953125,0.00119781494140625,0.000415802001953125,0.0005340576171875,0.00347900390625,0.01068115234375,0.00034332275390625,5.626678466796875e-05,
1332762230,matei-si-diamantele/submissions/1332762230.cpp,cpp,50.0,MANHATTAN_SCAN,MANHATTAN_SCAN,probability_model,0.9296875,ROW_BOUNDS_SCAN,0.0361328125,0.8935546875,0.9296875,0.0361328125,0.00148773193359375,0.000659942626953125,0.0007476806640625,0.007110595703125,0.0218505859375,0.0007476806640625,0.00011491775512695312,
1332763523,matei-si-diamantele/submissions/1332763523.cpp,cpp,7.14,DFS_RADIUS,DFS_RADIUS,probability_model,0.828125,BFS_RADIUS,0.0771484375,0.7509765625,0.0031890869140625,0.0118408203125,0.0771484375,0.828125,0.01043701171875,0.06005859375,0.0028076171875,0.0031890869140625,0.00170135498046875,
1332763749,matei-si-diamantele/submissions/1332763749.cpp,cpp,16.07,DFS_RADIUS,DFS_RADIUS,probability_model,0.69140625,BFS_RADIUS,0.13671875,0.5546875,0.005279541015625,0.023681640625,0.13671875,0.69140625,0.0126953125,0.1201171875,0.004669189453125,0.003631591796875,0.00086212158203125,
1332763819,matei-si-diamantele/submissions/1332763819.cpp,cpp,50.0,MANHATTAN_SCAN,MANHATTAN_SCAN,probability_model,0.890625,ROW_BOUNDS_SCAN,0.04443359375,0.84619140625,0.890625,0.04443359375,0.006011962890625,0.00250244140625,0.006011962890625,0.030517578125,0.0184326171875,0.001617431640625,0.0003833770751953125,
1332763863,matei-si-diamantele/submissions/1332763863.java,java,7.14,BOUNDING_BOX_SCAN,BOUNDING_BOX_SCAN,probability_model,0.416015625,MANHATTAN_SCAN,0.22265625,0.193359375,0.22265625,0.22265625,0.01611328125,0.006317138671875,0.00592041015625,0.043701171875,0.416015625,0.049560546875,0.018310546875,
1332764012,matei-si-diamantele/submissions/1332764012.cpp,cpp,50.0,MANHATTAN_SCAN,MANHATTAN_SCAN,probability_model,0.90234375,ROW_BOUNDS_SCAN,0.044921875,0.857421875,0.90234375,0.044921875,0.001739501953125,0.000682830810546875,0.000823974609375,0.0078125,0.039794921875,0.001129150390625,0.0001430511474609375,
1332764503,matei-si-diamantele/submissions/1332764503.cpp,cpp,41.07,RING_SCAN,RING_SCAN,probability_model,0.87109375,BOUNDING_BOX_SCAN,0.049072265625,0.822021484375,0.02978515625,0.0205078125,0.007537841796875,0.00518798828125,0.01092529296875,0.87109375,0.049072265625,0.00518798828125,0.00157928466796875,
1332764544,matei-si-diamantele/submissions/1332764544.cpp,cpp,41.07,RING_SCAN,RING_SCAN,probability_model,0.87890625,BOUNDING_BOX_SCAN,0.03857421875,0.84033203125,0.0301513671875,0.01422119140625,0.0067138671875,0.005584716796875,0.0125732421875,0.87890625,0.03857421875,0.00762939453125,0.00433349609375,
1332764572,matei-si-diamantele/submissions/1332764572.cpp,cpp,41.07,RING_SCAN,RING_SCAN,probability_model,0.8046875,BOUNDING_BOX_SCAN,0.06591796875,0.73876953125,0.05126953125,0.0400390625,0.011474609375,0.0069580078125,0.01300048828125,0.8046875,0.06591796875,0.0069580078125,0.0012054443359375,
1332764573,matei-si-diamantele/submissions/1332764573.cpp,cpp,50.0,MANHATTAN_SCAN,MANHATTAN_SCAN,probability_model,0.8984375,ROW_BOUNDS_SCAN,0.044677734375,0.853759765625,0.8984375,0.044677734375,0.00323486328125,0.001190185546875,0.00162506103515625,0.02392578125,0.027099609375,0.000720977783203125,0.00011777877807617188,
1332764584,matei-si-diamantele/submissions/1332764584.cpp,cpp,50.0,RING_SCAN,RING_SCAN,probability_model,0.8125,BOUNDING_BOX_SCAN,0.07568359375,0.73681640625,0.03564453125,0.0245361328125,0.01025390625,0.007476806640625,0.0191650390625,0.8125,0.07568359375,0.01025390625,0.004547119140625,
1333751390,matei-si-diamantele/submissions/1333751390.cpp,cpp,1.79,UNKNOWN,UNKNOWN,probability_model_extended,0.5390625,BFS_RADIUS,0.1748046875,0.6875,0.038818359375,0.0184326171875,0.1748046875,0.09326171875,0.00982666015625,0.06396484375,0.0162353515625,0.01263427734375,0.5390625,0.034423828125
1333751432,matei-si-diamantele/submissions/1333751432.cpp,cpp,50.0,BFS_RADIUS,BFS_RADIUS,probability_model,0.9375,DFS_RADIUS,0.02490234375,0.91259765625,0.0033721923828125,0.00811767578125,0.9375,0.02490234375,0.00433349609375,0.0194091796875,0.0027923583984375,0.0004291534423828125,0.0002613067626953125,
1333796493,matei-si-diamantele/submissions/1333796493.cpp,cpp,37.5,BFS_RADIUS,BFS_RADIUS,probability_model,0.9140625,DFS_RADIUS,0.051513671875,0.862548828125,0.00165557861328125,0.004791259765625,0.9140625,0.051513671875,0.00396728515625,0.0189208984375,0.0027313232421875,0.00083160400390625,0.00146484375,
1333802598,matei-si-diamantele/submissions/1333802598.cpp,cpp,1.79,DFS_RADIUS,DFS_RADIUS,probability_model,0.5390625,RING_SCAN,0.154296875,0.384765625,0.0184326171875,0.0208740234375,0.1064453125,0.5390625,0.023681640625,0.154296875,0.023681640625,0.0303955078125,0.08251953125,
1333803659,matei-si-diamantele/submissions/1333803659.cpp,cpp,8.93,DFS_RADIUS,DFS_RADIUS,probability_model,0.341796875,RING_SCAN,0.265625,0.076171875,0.059326171875,0.028076171875,0.1259765625,0.341796875,0.028076171875,0.265625,0.028076171875,0.0247802734375,0.09814453125,
1333804011,matei-si-diamantele/submissions/1333804011.java,java,44.64,ROW_BOUNDS_SCAN,ROW_BOUNDS_SCAN,probability_model,0.349609375,RING_SCAN,0.349609375,0.0,0.047119140625,0.349609375,0.047119140625,0.0081787109375,0.00927734375,0.349609375,0.1650390625,0.0223388671875,0.00341796875,
1333804032,matei-si-diamantele/submissions/1333804032.java,java,44.64,RING_SCAN,RING_SCAN,probability_model,0.4765625,ROW_BOUNDS_SCAN,0.255859375,0.220703125,0.05029296875,0.255859375,0.0269775390625,0.006805419921875,0.00823974609375,0.4765625,0.1552734375,0.0185546875,0.0018310546875,
1333804206,matei-si-diamantele/submissions/1333804206.cpp,cpp,50.0,MANHATTAN_SCAN,MANHATTAN_SCAN,probability_model,0.921875,BOUNDING_BOX_SCAN,0.04052734375,0.88134765625,0.921875,0.031494140625,0.00147247314453125,0.000789642333984375,0.000789642333984375,0.0029296875,0.04052734375,0.0008392333984375,0.00021266937255859375,
1333804278,matei-si-diamantele/submissions/1333804278.cpp,cpp,8.93,DFS_RADIUS,DFS_RADIUS,probability_model,0.41796875,RING_SCAN,0.197265625,0.220703125,0.020751953125,0.018310546875,0.08251953125,0.41796875,0.018310546875,0.197265625,0.020751953125,0.0267333984375,0.197265625,
1333804295,matei-si-diamantele/submissions/1333804295.cpp,cpp,50.0,MANHATTAN_SCAN,MANHATTAN_SCAN,probability_model,0.89453125,BOUNDING_BOX_SCAN,0.050537109375,0.843994140625,0.89453125,0.04443359375,0.0025177001953125,0.00104522705078125,0.00118255615234375,0.00531005859375,0.050537109375,0.00092315673828125,0.00023365020751953125,
1333805066,matei-si-diamantele/submissions/1333805066.java,java,35.71,BFS_RADIUS,BFS_RADIUS,probability_model,0.80078125,DFS_RADIUS,0.06591796875,0.73486328125,0.012939453125,0.05810546875,0.80078125,0.06591796875,0.0089111328125,0.0311279296875,0.0166015625,0.00421142578125,0.000644683837890625,
1333805488,matei-si-diamantele/submissions/1333805488.cpp,cpp,14.29,BFS_RADIUS,BFS_RADIUS,probability_model,0.75390625,DFS_RADIUS,0.1484375,0.60546875,0.006134033203125,0.0107421875,0.75390625,0.1484375,0.01220703125,0.048095703125,0.00738525390625,0.002899169921875,0.0107421875,
1333805519,matei-si-diamantele/submissions/1333805519.cpp,cpp,14.29,BFS_RADIUS,BFS_RADIUS,probability_model,0.52734375,RING_SCAN,0.171875,0.35546875,0.01239013671875,0.01239013671875,0.52734375,0.1513671875,0.0205078125,0.171875,0.01806640625,0.004852294921875,0.0810546875,
1333805547,matei-si-diamantele/submissions/1333805547.cpp,cpp,30.36,BFS_RADIUS,BFS_RADIUS,probability_model,0.765625,DFS_RADIUS,0.1171875,0.6484375,0.0029449462890625,0.01092529296875,0.765625,0.1171875,0.01239013671875,0.08056640625,0.00750732421875,0.00189971923828125,0.0010833740234375,
1333805552,matei-si-diamantele/submissions/1333805552.cpp,cpp,35.71,BFS_RADIUS,BFS_RADIUS,probability_model,0.765625,DFS_RADIUS,0.1337890625,0.6318359375,0.002288818359375,0.015869140625,0.765625,0.1337890625,0.01092529296875,0.06298828125,0.005859375,0.0010833740234375,0.00037384033203125,
1333805554,matei-si-diamantele/submissions/1333805554.cpp,cpp,50.0,BFS_RADIUS,BFS_RADIUS,probability_model,0.8828125,DFS_RADIUS,0.06396484375,0.81884765625,0.0016021728515625,0.009765625,0.8828125,0.06396484375,0.0052490234375,0.0341796875,0.0028076171875,0.000667572021484375,0.0003566741943359375,
1342818952,matei-si-diamantele/submissions/1342818952.cpp,cpp,50.0,MANHATTAN_SCAN,MANHATTAN_SCAN,probability_model,0.65625,BOUNDING_BOX_SCAN,0.2734375,0.3828125,0.65625,0.047607421875,0.0030517578125,0.00144195556640625,0.0020904541015625,0.00830078125,0.2734375,0.004425048828125,0.000873565673828125,
1344329182,matei-si-diamantele/submissions/1344329182.cpp,cpp,50.0,MANHATTAN_SCAN,MANHATTAN_SCAN,probability_model,0.93359375,BOUNDING_BOX_SCAN,0.041015625,0.892578125,0.93359375,0.01708984375,0.00102996826171875,0.00054931640625,0.000705718994140625,0.003814697265625,0.041015625,0.000751495361328125,0.00015735626220703125,
1344372748,matei-si-diamantele/submissions/1344372748.cpp,cpp,8.93,BOUNDING_BOX_SCAN,BOUNDING_BOX_SCAN,probability_model,0.87109375,MANHATTAN_SCAN,0.091796875,0.779296875,0.091796875,0.012451171875,0.0026092529296875,0.0021514892578125,0.00244140625,0.0096435546875,0.87109375,0.00518798828125,0.0029449462890625,
1344373500,matei-si-diamantele/submissions/1344373500.cpp,cpp,39.29,RING_SCAN,RING_SCAN,probability_model,0.51171875,BOUNDING_BOX_SCAN,0.1884765625,0.3232421875,0.053955078125,0.146484375,0.037109375,0.0106201171875,0.01202392578125,0.51171875,0.1884765625,0.0255126953125,0.013671875,
1344373888,matei-si-diamantele/submissions/1344373888.cpp,cpp,50.0,MANHATTAN_SCAN,MANHATTAN_SCAN,manual_gold_or_review,0.93359375,BOUNDING_BOX_SCAN,0.031982421875,0.901611328125,0.93359375,0.02490234375,0.001800537109375,0.000751495361328125,0.00116729736328125,0.00433349609375,0.031982421875,0.000751495361328125,0.0001678466796875,
1344527645,matei-si-diamantele/submissions/1344527645.cpp,cpp,50.0,MANHATTAN_SCAN,MANHATTAN_SCAN,probability_model,0.765625,BOUNDING_BOX_SCAN,0.1708984375,0.5947265625,0.765625,0.048828125,0.002288818359375,0.00130462646484375,0.00167083740234375,0.005828857421875,0.1708984375,0.0042724609375,0.000614166259765625,
1344552482,matei-si-diamantele/submissions/1344552482.cpp,cpp,1.79,BFS_RADIUS,BFS_RADIUS,probability_model,0.78515625,RING_SCAN,0.1064453125,0.6787109375,0.003875732421875,0.023681640625,0.78515625,0.064453125,0.006805419921875,0.1064453125,0.00872802734375,0.0009765625,0.0003833770751953125,
1344552513,matei-si-diamantele/submissions/1344552513.cpp,cpp,1.79,BFS_RADIUS,BFS_RADIUS,probability_model,0.87109375,DFS_RADIUS,0.06298828125,0.80810546875,0.0023040771484375,0.0159912109375,0.87109375,0.06298828125,0.00518798828125,0.038330078125,0.002777099609375,0.000579833984375,0.00022792816162109375,
1344552601,matei-si-diamantele/submissions/1344552601.cpp,cpp,50.0,BFS_RADIUS,BFS_RADIUS,probability_model,0.91796875,DFS_RADIUS,0.045654296875,0.872314453125,0.00156402587890625,0.01153564453125,0.91796875,0.045654296875,0.0029144287109375,0.01904296875,0.00107574462890625,0.0002117156982421875,0.00012063980102539062,
1344568192,matei-si-diamantele/submissions/1344568192.cpp,cpp,50.0,BFS_RADIUS,BFS_RADIUS,probability_model,0.859375,DFS_RADIUS,0.062255859375,0.797119140625,0.0030975341796875,0.017822265625,0.859375,0.062255859375,0.005126953125,0.042724609375,0.0074462890625,0.0011444091796875,0.000370025634765625,
1344568379,matei-si-diamantele/submissions/1344568379.cpp,cpp,50.0,MANHATTAN_SCAN,MANHATTAN_SCAN,probability_model,0.93359375,ROW_BOUNDS_SCAN,0.0281982421875,0.9053955078125,0.93359375,0.0281982421875,0.002044677734375,0.000965118408203125,0.00131988525390625,0.01507568359375,0.0194091796875,0.00066375732421875,0.00013065338134765625,
1344586503,matei-si-diamantele/submissions/1344586503.java,java,1.79,GREEDY_NEIGHBOR_WALK,GREEDY_NEIGHBOR_WALK,probability_model_extended,0.984375,UNKNOWN,0.008544921875,0.1767578125,0.00244140625,0.000843048095703125,0.0003509521484375,0.000545501708984375,0.0003509521484375,0.000545501708984375,0.0003299713134765625,0.00101470947265625,0.008544921875,0.984375
1344594910,matei-si-diamantele/submissions/1344594910.java,java,14.29,RING_SCAN,BOUNDING_BOX_SCAN,manual_gold_or_review,0.31640625,BOUNDING_BOX_SCAN,0.279296875,0.037109375,0.2177734375,0.10302734375,0.017822265625,0.0079345703125,0.0260009765625,0.31640625,0.279296875,0.0260009765625,0.00482177734375,
1344595072,matei-si-diamantele/submissions/1344595072.java,java,50.0,MANHATTAN_SCAN,MANHATTAN_SCAN,probability_model,0.427734375,ROW_BOUNDS_SCAN,0.33203125,0.095703125,0.427734375,0.33203125,0.0113525390625,0.002532958984375,0.003692626953125,0.039794921875,0.177734375,0.004730224609375,0.00034332275390625,
1344603567,matei-si-diamantele/submissions/1344603567.cpp,cpp,50.0,MANHATTAN_SCAN,MANHATTAN_SCAN,probability_model,0.9140625,BOUNDING_BOX_SCAN,0.04541015625,0.86865234375,0.9140625,0.03125,0.00165557861328125,0.00083160400390625,0.000942230224609375,0.00543212890625,0.04541015625,0.000885009765625,0.00022411346435546875,
1344603953,matei-si-diamantele/submissions/1344603953.java,java,12.5,DFS_RADIUS,DFS_RADIUS,probability_model,0.318359375,RING_SCAN,0.193359375,0.125,0.033447265625,0.0380859375,0.10302734375,0.318359375,0.05517578125,0.193359375,0.0380859375,0.07080078125,0.150390625,
1344604046,matei-si-diamantele/submissions/1344604046.java,java,10.71,DFS_RADIUS,DFS_RADIUS,probability_model,0.58984375,RING_SCAN,0.1689453125,0.4208984375,0.020263671875,0.037841796875,0.07080078125,0.58984375,0.042724609375,0.1689453125,0.0157470703125,0.0294189453125,0.02294921875,
1344604075,matei-si-diamantele/submissions/1344604075.java,java,10.71,DFS_RADIUS,DFS_RADIUS,probability_model,0.7265625,RING_SCAN,0.162109375,0.564453125,0.003814697265625,0.01507568359375,0.04638671875,0.7265625,0.02490234375,0.162109375,0.00628662109375,0.0103759765625,0.0033721923828125,
1344604177,matei-si-diamantele/submissions/1344604177.java,java,16.07,DFS_RADIUS,DFS_RADIUS,probability_model,0.396484375,RING_SCAN,0.240234375,0.15625,0.041748046875,0.04736328125,0.10009765625,0.396484375,0.04736328125,0.240234375,0.032470703125,0.041748046875,0.053466796875,
1344604498,matei-si-diamantele/submissions/1344604498.java,java,50.0,MANHATTAN_SCAN,MANHATTAN_SCAN,probability_model,0.62890625,BOUNDING_BOX_SCAN,0.23046875,0.3984375,0.62890625,0.12353515625,0.0037384033203125,0.001373291015625,0.001373291015625,0.0069580078125,0.23046875,0.0037384033203125,0.000690460205078125,
1344618946,matei-si-diamantele/submissions/1344618946.cpp,cpp,50.0,MANHATTAN_SCAN,MANHATTAN_SCAN,probability_model,0.77734375,BOUNDING_BOX_SCAN,0.173828125,0.603515625,0.77734375,0.0341796875,0.002471923828125,0.00141143798828125,0.00170135498046875,0.0052490234375,0.173828125,0.0023345947265625,0.000553131103515625,
1344621492,matei-si-diamantele/submissions/1344621492.cpp,cpp,50.0,BFS_RADIUS,BFS_RADIUS,probability_model,0.89453125,DFS_RADIUS,0.039306640625,0.855224609375,0.0036468505859375,0.01275634765625,0.89453125,0.039306640625,0.00531005859375,0.039306640625,0.00531005859375,0.00081634521484375,0.000385284423828125,
1344624289,matei-si-diamantele/submissions/1344624289.cpp,cpp,50.0,MANHATTAN_SCAN,MANHATTAN_SCAN,probability_model,0.73046875,BOUNDING_BOX_SCAN,0.236328125,0.494140625,0.73046875,0.02197265625,0.002044677734375,0.00131988525390625,0.001495361328125,0.00433349609375,0.236328125,0.001922607421875,0.0008544921875,
1344626355,matei-si-diamantele/submissions/1344626355.cpp,cpp,50.0,MANHATTAN_SCAN,MANHATTAN_SCAN,manual_gold_or_review,0.90625,ROW_BOUNDS_SCAN,0.051025390625,0.855224609375,0.90625,0.051025390625,0.001983642578125,0.000728607177734375,0.000827789306640625,0.006927490234375,0.031005859375,0.000881195068359375,0.00013446807861328125,
1344626377,matei-si-diamantele/submissions/1344626377.java,java,12.5,UNKNOWN,DFS_RADIUS,manual_review_extended,0.50390625,RING_SCAN,0.11279296875,0.39111328125,0.07763671875,0.022216796875,0.068359375,0.099609375,0.028564453125,0.11279296875,0.05322265625,0.0322265625,0.50390625,
1344626582,matei-si-diamantele/submissions/1344626582.java,java,5.36,DFS_RADIUS,DFS_RADIUS,probability_model,0.287109375,UNKNOWN,0.25390625,0.033203125,0.044189453125,0.0302734375,0.09326171875,0.287109375,0.0302734375,0.154296875,0.050048828125,0.056640625,0.25390625,
1344628662,matei-si-diamantele/submissions/1344628662.cpp,cpp,50.0,MANHATTAN_SCAN,MANHATTAN_SCAN,probability_model,0.90234375,ROW_BOUNDS_SCAN,0.044921875,0.857421875,0.90234375,0.044921875,0.001739501953125,0.000682830810546875,0.000823974609375,0.0078125,0.039794921875,0.001129150390625,0.0001430511474609375,
1344635137,matei-si-diamantele/submissions/1344635137.cpp,cpp,3.57,BFS_RADIUS,BFS_RADIUS,probability_model,0.28515625,DFS_RADIUS,0.22265625,0.0625,0.0439453125,0.0439453125,0.28515625,0.22265625,0.03857421875,0.22265625,0.049560546875,0.020751953125,0.072265625,
1344635640,matei-si-diamantele/submissions/1344635640.cpp,cpp,5.36,MANHATTAN_SCAN,MANHATTAN_SCAN,probability_model,0.26953125,DFS_RADIUS,0.14453125,0.125,0.26953125,0.068359375,0.0771484375,0.14453125,0.03662109375,0.14453125,0.046875,0.068359375,0.14453125,
1344635891,matei-si-diamantele/submissions/1344635891.cpp,cpp,50.0,ROW_BOUNDS_SCAN,ROW_BOUNDS_SCAN,probability_model,0.34375,BOUNDING_BOX_SCAN,0.267578125,0.076171875,0.208984375,0.34375,0.031982421875,0.006317138671875,0.00592041015625,0.11181640625,0.267578125,0.02197265625,0.00124359130859375,
1344636577,matei-si-diamantele/submissions/1344636577.cpp,cpp,50.0,MANHATTAN_SCAN,MANHATTAN_SCAN,probability_model,0.9609375,ROW_BOUNDS_SCAN,0.025634765625,0.935302734375,0.9609375,0.025634765625,0.00127410888671875,0.000530242919921875,0.000640869140625,0.00445556640625,0.00732421875,0.00026702880859375,5.9604644775390625e-05,
1344637288,matei-si-diamantele/submissions/1344637288.cpp,cpp,5.36,MANHATTAN_SCAN,MANHATTAN_SCAN,probability_model,0.275390625,RING_SCAN,0.1669921875,0.1083984375,0.275390625,0.06982421875,0.08935546875,0.1474609375,0.032958984375,0.1669921875,0.05419921875,0.0615234375,0.1015625,
1344637296,matei-si-diamantele/submissions/1344637296.cpp,cpp,5.36,MANHATTAN_SCAN,MANHATTAN_SCAN,probability_model,0.33984375,RING_SCAN,0.1416015625,0.1982421875,0.33984375,0.05908203125,0.06689453125,0.1103515625,0.035888671875,0.1416015625,0.0458984375,0.05908203125,0.1416015625,
1344637424,matei-si-diamantele/submissions/1344637424.cpp,cpp,1.79,MANHATTAN_SCAN,MANHATTAN_SCAN,probability_model,0.423828125,UNKNOWN,0.2001953125,0.2236328125,0.423828125,0.057373046875,0.034912109375,0.044677734375,0.02392578125,0.10693359375,0.050537109375,0.057373046875,0.2001953125,
1344637468,matei-si-diamantele/submissions/1344637468.cpp,cpp,1.79,GREEDY_NEIGHBOR_WALK,GREEDY_NEIGHBOR_WALK,probability_model_extended,0.90234375,UNKNOWN,0.083984375,0.470703125,0.00885009765625,0.00144195556640625,0.0003223419189453125,0.000640869140625,0.0005645751953125,0.000640869140625,0.0003223419189453125,0.00119781494140625,0.083984375,0.90234375
1344637638,matei-si-diamantele/submissions/1344637638.cpp,cpp,50.0,MANHATTAN_SCAN,MANHATTAN_SCAN,probability_model,0.77734375,BOUNDING_BOX_SCAN,0.134765625,0.642578125,0.77734375,0.05615234375,0.0035858154296875,0.001495361328125,0.0023193359375,0.0234375,0.134765625,0.002044677734375,0.00054931640625,
1344637913,matei-si-diamantele/submissions/1344637913.java,java,41.07,RING_SCAN,RING_SCAN,probability_model,0.765625,ROW_BOUNDS_SCAN,0.09130859375,0.67431640625,0.043212890625,0.09130859375,0.015869140625,0.006622314453125,0.00848388671875,0.765625,0.0625,0.007476806640625,0.000698089599609375,
1344637964,matei-si-diamantele/submissions/1344637964.java,java,50.0,MANHATTAN_SCAN,MANHATTAN_SCAN,probability_model,0.59765625,BOUNDING_BOX_SCAN,0.2197265625,0.3779296875,0.59765625,0.11767578125,0.00750732421875,0.0031280517578125,0.004547119140625,0.043212890625,0.2197265625,0.005859375,0.000743865966796875,
1344667416,matei-si-diamantele/submissions/1344667416.cpp,cpp,1.79,UNKNOWN,UNKNOWN,probability_model_extended,0.515625,GREEDY_NEIGHBOR_WALK,0.2431640625,0.9241943359375,0.01373291015625,0.006500244140625,0.007354736328125,0.189453125,0.00445556640625,0.00836181640625,0.0027008056640625,0.00836181640625,0.515625,0.2431640625
1344667444,matei-si-diamantele/submissions/1344667444.cpp,cpp,5.36,UNKNOWN,UNKNOWN,probability_model_extended,0.671875,GREEDY_NEIGHBOR_WALK,0.1328125,0.886474609375,0.0179443359375,0.0108642578125,0.00958251953125,0.1171875,0.00958251953125,0.01397705078125,0.003997802734375,0.0108642578125,0.671875,0.1328125
1344667888,matei-si-diamantele/submissions/1344667888.cpp,cpp,12.5,UNKNOWN,DFS_RADIUS,manual_review_extended,0.546875,DFS_RADIUS,0.2578125,0.2890625,0.0308837890625,0.010009765625,0.034912109375,0.2578125,0.01287841796875,0.05078125,0.0164794921875,0.03955078125,0.546875,
1344668157,matei-si-diamantele/submissions/1344668157.cpp,cpp,14.29,UNKNOWN,DFS_RADIUS,manual_gold_or_review,0.875,MANHATTAN_SCAN,0.033935546875,0.841064453125,0.033935546875,0.006683349609375,0.01104736328125,0.033935546875,0.006683349609375,0.01251220703125,0.00433349609375,0.01416015625,0.875,
1344694827,matei-si-diamantele/submissions/1344694827.cpp,cpp,30.36,RING_SCAN,RING_SCAN,probability_model,0.66796875,BOUNDING_BOX_SCAN,0.1494140625,0.5185546875,0.080078125,0.0294189453125,0.00897216796875,0.005096435546875,0.0157470703125,0.66796875,0.1494140625,0.0201416015625,0.0228271484375,
1344694860,matei-si-diamantele/submissions/1344694860.cpp,cpp,30.36,RING_SCAN,RING_SCAN,probability_model,0.7109375,BOUNDING_BOX_SCAN,0.123046875,0.587890625,0.05810546875,0.0213623046875,0.00787353515625,0.005401611328125,0.01300048828125,0.7109375,0.123046875,0.0213623046875,0.0400390625,
1344697187,matei-si-diamantele/submissions/1344697187.cpp,cpp,39.29,RING_SCAN,RING_SCAN,manual_gold_or_review,0.84765625,BOUNDING_BOX_SCAN,0.061279296875,0.786376953125,0.0478515625,0.01068115234375,0.0036773681640625,0.0036773681640625,0.013671875,0.84765625,0.061279296875,0.00830078125,0.004180908203125,
1344697220,matei-si-diamantele/submissions/1344697220.cpp,cpp,10.71,RING_SCAN,RING_SCAN,probability_model,0.90625,MANHATTAN_SCAN,0.03515625,0.87109375,0.03515625,0.0025482177734375,0.00164794921875,0.001983642578125,0.01141357421875,0.90625,0.024169921875,0.0047607421875,0.01141357421875,
1344697577,matei-si-diamantele/submissions/1344697577.cpp,cpp,35.71,BFS_RADIUS,BFS_RADIUS,probability_model,0.88671875,DFS_RADIUS,0.0498046875,0.8369140625,0.004638671875,0.01263427734375,0.88671875,0.0498046875,0.005950927734375,0.0235595703125,0.007659912109375,0.0031890869140625,0.007659912109375,
1344697704,matei-si-diamantele/submissions/1344697704.cpp,cpp,50.0,BFS_RADIUS,BFS_RADIUS,probability_model,0.90625,DFS_RADIUS,0.057861328125,0.848388671875,0.0028839111328125,0.01141357421875,0.90625,0.057861328125,0.003265380859375,0.012939453125,0.0030670166015625,0.0014495849609375,0.000934600830078125,
1361335121,matei-si-diamantele/submissions/1361335121.cpp,cpp,50.0,MANHATTAN_SCAN,MANHATTAN_SCAN,probability_model,0.7734375,BOUNDING_BOX_SCAN,0.1181640625,0.6552734375,0.7734375,0.07177734375,0.00457763671875,0.002166748046875,0.003570556640625,0.0233154296875,0.1181640625,0.00335693359375,0.000904083251953125,
1361359788,matei-si-diamantele/submissions/1361359788.cpp,cpp,8.93,MANHATTAN_SCAN,MANHATTAN_SCAN,probability_model,0.60546875,BOUNDING_BOX_SCAN,0.3671875,0.23828125,0.60546875,0.00860595703125,0.0026397705078125,0.0021820068359375,0.003173828125,0.00592041015625,0.3671875,0.003387451171875,0.00170135498046875,
1361359794,matei-si-diamantele/submissions/1361359794.cpp,cpp,50.0,MANHATTAN_SCAN,MANHATTAN_SCAN,probability_model,0.95703125,ROW_BOUNDS_SCAN,0.0198974609375,0.9371337890625,0.95703125,0.0198974609375,0.000873565673828125,0.0004119873046875,0.0004119873046875,0.00185394287109375,0.017578125,0.0003414154052734375,8.678436279296875e-05,
1361579499,matei-si-diamantele/submissions/1361579499.cpp,cpp,14.29,DFS_RADIUS,DFS_RADIUS,probability_model,0.71484375,BFS_RADIUS,0.09716796875,0.61767578125,0.01019287109375,0.01312255859375,0.09716796875,0.71484375,0.02783203125,0.08544921875,0.009033203125,0.01312255859375,0.02783203125,
1361579636,matei-si-diamantele/submissions/1361579636.cpp,cpp,50.0,MANHATTAN_SCAN,MANHATTAN_SCAN,probability_model,0.90234375,BOUNDING_BOX_SCAN,0.07421875,0.828125,0.90234375,0.01458740234375,0.00144195556640625,0.00087738037109375,0.00119781494140625,0.003692626953125,0.07421875,0.001739501953125,0.0004138946533203125,
1361579640,matei-si-diamantele/submissions/1361579640.cpp,cpp,14.29,BFS_RADIUS,BFS_RADIUS,probability_model,0.7421875,DFS_RADIUS,0.1005859375,0.6416015625,0.01055908203125,0.019775390625,0.7421875,0.1005859375,0.015380859375,0.08837890625,0.015380859375,0.003662109375,0.00469970703125,
1361579737,matei-si-diamantele/submissions/1361579737.cpp,cpp,50.0,BFS_RADIUS,BFS_RADIUS,probability_model,0.8046875,DFS_RADIUS,0.09619140625,0.70849609375,0.00543212890625,0.0167236328125,0.8046875,0.09619140625,0.0089111328125,0.058349609375,0.00787353515625,0.00128936767578125,0.000732421875,
1361579968,matei-si-diamantele/submissions/1361579968.cpp,cpp,50.0,MANHATTAN_SCAN,MANHATTAN_SCAN,probability_model,0.58984375,BOUNDING_BOX_SCAN,0.357421875,0.232421875,0.58984375,0.02587890625,0.0032958984375,0.002410888671875,0.0030975341796875,0.009521484375,0.357421875,0.007415771484375,0.00176239013671875,
1361589824,matei-si-diamantele/submissions/1361589824.cpp,cpp,50.0,MANHATTAN_SCAN,MANHATTAN_SCAN,probability_model,0.78515625,BOUNDING_BOX_SCAN,0.17578125,0.609375,0.78515625,0.023681640625,0.0018310546875,0.00125885009765625,0.00171661376953125,0.006805419921875,0.17578125,0.00250244140625,0.000492095947265625,
1361600291,matei-si-diamantele/submissions/1361600291.cpp,cpp,50.0,MANHATTAN_SCAN,MANHATTAN_SCAN,probability_model,0.88671875,BOUNDING_BOX_SCAN,0.07275390625,0.81396484375,0.88671875,0.0303955078125,0.0019378662109375,0.00103759765625,0.0014190673828125,0.004119873046875,0.07275390625,0.00103759765625,0.000263214111328125,
1361652717,matei-si-diamantele/submissions/1361652717.cpp,cpp,48.21,MANHATTAN_SCAN,MANHATTAN_SCAN,probability_model,0.5859375,BOUNDING_BOX_SCAN,0.314453125,0.271484375,0.5859375,0.061767578125,0.0047607421875,0.002716064453125,0.004486083984375,0.02001953125,0.314453125,0.004486083984375,0.000827789306640625,
1361652769,matei-si-diamantele/submissions/1361652769.cpp,cpp,50.0,MANHATTAN_SCAN,MANHATTAN_SCAN,probability_model,0.87890625,BOUNDING_BOX_SCAN,0.08154296875,0.79736328125,0.87890625,0.033935546875,0.00140380859375,0.000751495361328125,0.00102996826171875,0.0027923583984375,0.08154296875,0.00102996826171875,0.0002593994140625,
1361653778,matei-si-diamantele/submissions/1361653778.cpp,cpp,17.86,BFS_RADIUS,BFS_RADIUS,probability_model,0.90625,DFS_RADIUS,0.039794921875,0.866455078125,0.0047607421875,0.012939453125,0.90625,0.039794921875,0.0047607421875,0.024169921875,0.00421142578125,0.0006866455078125,0.0004711151123046875,
1361659253,matei-si-diamantele/submissions/1361659253.cpp,cpp,50.0,MANHATTAN_SCAN,MANHATTAN_SCAN,probability_model,0.56640625,BOUNDING_BOX_SCAN,0.34375,0.22265625,0.56640625,0.059814453125,0.005584716796875,0.002471923828125,0.0028076171875,0.01043701171875,0.34375,0.0038299560546875,0.0021820068359375,
1361659374,matei-si-diamantele/submissions/1361659374.cpp,cpp,14.29,DFS_RADIUS,DFS_RADIUS,probability_model,0.96875,RING_SCAN,0.0137939453125,0.9549560546875,0.000732421875,0.0017547607421875,0.002716064453125,0.96875,0.0057373046875,0.0137939453125,0.0012054443359375,0.003936767578125,0.003082275390625,
1361701961,matei-si-diamantele/submissions/1361701961.java,java,50.0,MANHATTAN_SCAN,MANHATTAN_SCAN,probability_model,0.8671875,BOUNDING_BOX_SCAN,0.08056640625,0.78662109375,0.8671875,0.043212890625,0.0024261474609375,0.00095367431640625,0.00115203857421875,0.004547119140625,0.08056640625,0.001220703125,0.00019931793212890625,
1361703636,matei-si-diamantele/submissions/1361703636.cpp,cpp,50.0,MANHATTAN_SCAN,MANHATTAN_SCAN,probability_model,0.88671875,BOUNDING_BOX_SCAN,0.07275390625,0.81396484375,0.88671875,0.034423828125,0.0014190673828125,0.0008087158203125,0.00091552734375,0.0024871826171875,0.07275390625,0.00091552734375,0.00018024444580078125,
1361718241,matei-si-diamantele/submissions/1361718241.java,java,50.0,MANHATTAN_SCAN,MANHATTAN_SCAN,probability_model,0.7890625,ROW_BOUNDS_SCAN,0.1064453125,0.6826171875,0.7890625,0.1064453125,0.004150390625,0.0013427734375,0.00151824951171875,0.01275634765625,0.0830078125,0.0022125244140625,0.00028228759765625,
1361720927,matei-si-diamantele/submissions/1361720927.cpp,cpp,50.0,MANHATTAN_SCAN,MANHATTAN_SCAN,probability_model,0.94140625,ROW_BOUNDS_SCAN,0.0250244140625,0.9163818359375,0.94140625,0.0250244140625,0.0016021728515625,0.00058746337890625,0.000804901123046875,0.00921630859375,0.0220947265625,0.0004596710205078125,0.00011587142944335938,
1361733211,matei-si-diamantele/submissions/1361733211.cpp,cpp,50.0,MANHATTAN_SCAN,MANHATTAN_SCAN,probability_model,0.828125,BOUNDING_BOX_SCAN,0.126953125,0.701171875,0.828125,0.036376953125,0.00180816650390625,0.00096893310546875,0.0013275146484375,0.0038299560546875,0.126953125,0.00141143798828125,0.0003566741943359375,
1361737162,matei-si-diamantele/submissions/1361737162.cpp,cpp,50.0,MANHATTAN_SCAN,MANHATTAN_SCAN,probability_model,0.953125,ROW_BOUNDS_SCAN,0.025390625,0.927734375,0.953125,0.025390625,0.0012664794921875,0.00046539306640625,0.00046539306640625,0.0050048828125,0.01202392578125,0.0003414154052734375,5.936622619628906e-05,
1361752573,matei-si-diamantele/submissions/1361752573.cpp,cpp,1.79,BFS_RADIUS,BFS_RADIUS,probability_model,0.84765625,DFS_RADIUS,0.06982421875,0.77783203125,0.00830078125,0.01556396484375,0.84765625,0.06982421875,0.0093994140625,0.037353515625,0.00830078125,0.00185394287109375,0.00144195556640625,
1361752702,matei-si-diamantele/submissions/1361752702.cpp,cpp,50.0,BFS_RADIUS,BFS_RADIUS,probability_model,0.9140625,DFS_RADIUS,0.04541015625,0.86865234375,0.0037384033203125,0.011474609375,0.9140625,0.04541015625,0.004791259765625,0.0167236328125,0.0032958984375,0.000782012939453125,0.0003261566162109375,
1361766635,matei-si-diamantele/submissions/1361766635.cpp,cpp,50.0,BFS_RADIUS,BFS_RADIUS,probability_model,0.9140625,DFS_RADIUS,0.04541015625,0.86865234375,0.0037384033203125,0.011474609375,0.9140625,0.04541015625,0.004791259765625,0.0167236328125,0.0032958984375,0.000782012939453125,0.0003261566162109375,
1361770423,matei-si-diamantele/submissions/1361770423.cpp,cpp,8.93,MANHATTAN_SCAN,MANHATTAN_SCAN,probability_model,0.314453125,UNKNOWN,0.27734375,0.037109375,0.314453125,0.06201171875,0.01220703125,0.00787353515625,0.01220703125,0.10205078125,0.1689453125,0.04248046875,0.27734375,
1361805995,matei-si-diamantele/submissions/1361805995.java,java,14.29,DFS_RADIUS,DFS_RADIUS,probability_model,0.94140625,RING_SCAN,0.022216796875,0.919189453125,0.00103759765625,0.0019378662109375,0.004364013671875,0.94140625,0.00494384765625,0.022216796875,0.00133514404296875,0.0038604736328125,0.0172119140625,
1361807199,matei-si-diamantele/submissions/1361807199.cpp,cpp,50.0,MANHATTAN_SCAN,MANHATTAN_SCAN,probability_model,0.859375,BOUNDING_BOX_SCAN,0.07080078125,0.78857421875,0.859375,0.04296875,0.00213623046875,0.001007080078125,0.0012969970703125,0.020263671875,0.07080078125,0.00107574462890625,0.00014495849609375,
1361807505,matei-si-diamantele/submissions/1361807505.java,java,50.0,MANHATTAN_SCAN,MANHATTAN_SCAN,probability_model,0.84375,BOUNDING_BOX_SCAN,0.07861328125,0.76513671875,0.84375,0.053955078125,0.0030517578125,0.001190185546875,0.00135040283203125,0.01544189453125,0.07861328125,0.0018463134765625,0.00026702880859375,
1361807834,matei-si-diamantele/submissions/1361807834.java,java,50.0,MANHATTAN_SCAN,MANHATTAN_SCAN,probability_model,0.765625,ROW_BOUNDS_SCAN,0.10400390625,0.66162109375,0.765625,0.10400390625,0.005859375,0.0014801025390625,0.001678466796875,0.0262451171875,0.091796875,0.00244140625,0.000274658203125,
1361810647,matei-si-diamantele/submissions/1361810647.cpp,cpp,50.0,BFS_RADIUS,BFS_RADIUS,probability_model,0.875,DFS_RADIUS,0.043701171875,0.831298828125,0.005218505859375,0.0181884765625,0.875,0.043701171875,0.005889892578125,0.033935546875,0.01416015625,0.0016937255859375,0.000965118408203125,
1361864590,matei-si-diamantele/submissions/1361864590.cpp,cpp,50.0,MANHATTAN_SCAN,MANHATTAN_SCAN,probability_model,0.953125,BOUNDING_BOX_SCAN,0.025390625,0.927734375,0.953125,0.01544189453125,0.000766754150390625,0.00046539306640625,0.00046539306640625,0.002685546875,0.025390625,0.00046539306640625,0.00010395050048828125,
1361869243,matei-si-diamantele/submissions/1361869243.cpp,cpp,50.0,MANHATTAN_SCAN,MANHATTAN_SCAN,probability_model,0.890625,ROW_BOUNDS_SCAN,0.050048828125,0.840576171875,0.890625,0.050048828125,0.0028228759765625,0.00110626220703125,0.00151824951171875,0.0098876953125,0.044189453125,0.00103759765625,0.00021839141845703125,
1361892615,matei-si-diamantele/submissions/1361892615.cpp,cpp,50.0,MANHATTAN_SCAN,MANHATTAN_SCAN,probability_model,0.91015625,ROW_BOUNDS_SCAN,0.045166015625,0.864990234375,0.91015625,0.045166015625,0.00372314453125,0.00128173828125,0.00154876708984375,0.0213623046875,0.0166015625,0.000568389892578125,9.298324584960938e-05,
1361899304,matei-si-diamantele/submissions/1361899304.cpp,cpp,50.0,MANHATTAN_SCAN,MANHATTAN_SCAN,probability_model,0.94140625,ROW_BOUNDS_SCAN,0.03662109375,0.90478515625,0.94140625,0.03662109375,0.0018157958984375,0.000553131103515625,0.000667572021484375,0.003387451171875,0.01519775390625,0.000431060791015625,7.963180541992188e-05,
1361901458,matei-si-diamantele/submissions/1361901458.cpp,cpp,50.0,BFS_RADIUS,BFS_RADIUS,probability_model,0.875,DFS_RADIUS,0.07177734375,0.80322265625,0.0031585693359375,0.00860595703125,0.875,0.07177734375,0.006683349609375,0.0264892578125,0.004058837890625,0.00116729736328125,0.00090789794921875,
1361903196,matei-si-diamantele/submissions/1361903196.cpp,cpp,16.07,DFS_RADIUS,DFS_RADIUS,manual_gold_or_review,0.9765625,RING_SCAN,0.00958251953125,0.96697998046875,0.0003490447998046875,0.0011444091796875,0.00274658203125,0.9765625,0.003997802734375,0.00958251953125,0.000652313232421875,0.00213623046875,0.0011444091796875,
1361903314,matei-si-diamantele/submissions/1361903314.cpp,cpp,50.0,MANHATTAN_SCAN,MANHATTAN_SCAN,probability_model,0.90625,BOUNDING_BOX_SCAN,0.057861328125,0.848388671875,0.90625,0.02734375,0.0014495849609375,0.000881195068359375,0.00106048583984375,0.004180908203125,0.057861328125,0.000934600830078125,0.00020885467529296875,
1361903616,matei-si-diamantele/submissions/1361903616.cpp,cpp,1.79,DFS_RADIUS,DFS_RADIUS,probability_model,0.43359375,RING_SCAN,0.2314453125,0.2021484375,0.01904296875,0.0277099609375,0.0966796875,0.43359375,0.03125,0.2314453125,0.040283203125,0.045654296875,0.0751953125,
1361903704,matei-si-diamantele/submissions/1361903704.cpp,cpp,50.0,MANHATTAN_SCAN,MANHATTAN_SCAN,probability_model,0.90625,BOUNDING_BOX_SCAN,0.057861328125,0.848388671875,0.90625,0.02734375,0.0014495849609375,0.000881195068359375,0.00106048583984375,0.004180908203125,0.057861328125,0.000934600830078125,0.00020885467529296875,
1361904583,matei-si-diamantele/submissions/1361904583.cpp,cpp,50.0,MANHATTAN_SCAN,MANHATTAN_SCAN,probability_model,0.90625,ROW_BOUNDS_SCAN,0.039794921875,0.866455078125,0.90625,0.039794921875,0.0047607421875,0.00164031982421875,0.0028839111328125,0.02734375,0.0166015625,0.00099945068359375,0.00016307830810546875,
1361910845,matei-si-diamantele/submissions/1361910845.java,java,50.0,MANHATTAN_SCAN,MANHATTAN_SCAN,probability_model,0.53125,BOUNDING_BOX_SCAN,0.283203125,0.248046875,0.53125,0.1513671875,0.005889892578125,0.00168609619140625,0.0019073486328125,0.0205078125,0.283203125,0.00518798828125,0.000331878662109375,
1370607065,matei-si-diamantele/submissions/1370607065.cpp,cpp,50.0,MANHATTAN_SCAN,MANHATTAN_SCAN,manual_gold_or_review,0.9296875,ROW_BOUNDS_SCAN,0.028076171875,0.901611328125,0.9296875,0.028076171875,0.0023040771484375,0.0009613037109375,0.0015869140625,0.01171875,0.0247802734375,0.0007476806640625,0.0001010894775390625,
1378017593,matei-si-diamantele/submissions/1378017593.cpp,cpp,48.21,MANHATTAN_SCAN,MANHATTAN_SCAN,probability_model,0.671875,RING_SCAN,0.1318359375,0.5400390625,0.671875,0.0908203125,0.020263671875,0.006591796875,0.0179443359375,0.1318359375,0.05517578125,0.0045166015625,0.00054168701171875,
1378034785,matei-si-diamantele/submissions/1378034785.cpp,cpp,16.07,DFS_RADIUS,DFS_RADIUS,manual_gold_or_review,0.7109375,RING_SCAN,0.1396484375,0.5712890625,0.00897216796875,0.0147705078125,0.058349609375,0.7109375,0.027587890625,0.1396484375,0.00616455078125,0.011474609375,0.021484375,
1378035023,matei-si-diamantele/submissions/1378035023.cpp,cpp,50.0,BFS_RADIUS,BFS_RADIUS,probability_model,0.96875,DFS_RADIUS,0.01080322265625,0.95794677734375,0.002899169921875,0.0027313232421875,0.96875,0.01080322265625,0.00176239013671875,0.009521484375,0.0019989013671875,0.00019741058349609375,0.0002384185791015625,
1378040345,matei-si-diamantele/submissions/1378040345.cpp,cpp,10.71,BFS_RADIUS,BFS_RADIUS,probability_model,0.796875,DFS_RADIUS,0.083984375,0.712890625,0.00689697265625,0.0078125,0.796875,0.083984375,0.01287841796875,0.07421875,0.0078125,0.0019683837890625,0.00885009765625,
1378065070,matei-si-diamantele/submissions/1378065070.cpp,cpp,17.86,BFS_RADIUS,BFS_RADIUS,probability_model,0.8984375,DFS_RADIUS,0.050537109375,0.847900390625,0.00469970703125,0.0145263671875,0.8984375,0.050537109375,0.003662109375,0.02392578125,0.00469970703125,0.00046539306640625,0.00020694732666015625,
1378065257,matei-si-diamantele/submissions/1378065257.cpp,cpp,50.0,BFS_RADIUS,BFS_RADIUS,probability_model,0.88671875,DFS_RADIUS,0.056640625,0.830078125,0.0028228759765625,0.00982666015625,0.88671875,0.056640625,0.0036163330078125,0.038818359375,0.0028228759765625,0.000431060791015625,0.000217437744140625,
1378078710,matei-si-diamantele/submissions/1378078710.cpp,cpp,12.5,DP_RADIUS,DP_RADIUS,probability_model,0.93359375,UNKNOWN,0.031982421875,0.901611328125,0.00433349609375,0.004913330078125,0.0033721923828125,0.0031585693359375,0.0033721923828125,0.00628662109375,0.008056640625,0.93359375,0.031982421875,
1378078722,matei-si-diamantele/submissions/1378078722.cpp,cpp,41.07,DP_RADIUS,DP_RADIUS,probability_model,0.9140625,UNKNOWN,0.06640625,0.84765625,0.004241943359375,0.0032958984375,0.0021209716796875,0.00225830078125,0.0019989013671875,0.0030975341796875,0.0027313232421875,0.9140625,0.06640625,
1378092165,matei-si-diamantele/submissions/1378092165.cpp,cpp,50.0,BFS_RADIUS,BFS_RADIUS,probability_model,0.91796875,DFS_RADIUS,0.058837890625,0.859130859375,0.00188446044921875,0.005462646484375,0.91796875,0.058837890625,0.0033111572265625,0.009033203125,0.00177001953125,0.00069427490234375,0.000308990478515625,
1378092207,matei-si-diamantele/submissions/1378092207.cpp,cpp,50.0,BFS_RADIUS,BFS_RADIUS,probability_model,0.9140625,DFS_RADIUS,0.051513671875,0.862548828125,0.00543212890625,0.0101318359375,0.9140625,0.051513671875,0.00372314453125,0.01300048828125,0.002899169921875,0.00057220458984375,0.00022411346435546875,
1378096573,matei-si-diamantele/submissions/1378096573.java,java,50.0,BFS_RADIUS,BFS_RADIUS,probability_model,0.82421875,DFS_RADIUS,0.052734375,0.771484375,0.01177978515625,0.041015625,0.82421875,0.052734375,0.00555419921875,0.052734375,0.01177978515625,0.000583648681640625,0.00015735626220703125,
1378112393,matei-si-diamantele/submissions/1378112393.java,java,5.36,BFS_RADIUS,BFS_RADIUS,probability_model,0.2392578125,DFS_RADIUS,0.2392578125,0.0,0.060546875,0.060546875,0.2392578125,0.2392578125,0.032470703125,0.2109375,0.068359375,0.04150390625,0.047119140625,
1378112521,matei-si-diamantele/submissions/1378112521.java,java,50.0,BFS_RADIUS,BFS_RADIUS,probability_model,0.9296875,DFS_RADIUS,0.035888671875,0.893798828125,0.0033416748046875,0.00909423828125,0.9296875,0.035888671875,0.0037994384765625,0.0169677734375,0.002166748046875,0.0004825592041015625,0.0001888275146484375,
1378117331,matei-si-diamantele/submissions/1378117331.java,java,16.07,DFS_RADIUS,DFS_RADIUS,probability_model,0.7890625,RING_SCAN,0.05712890625,0.73193359375,0.00775146484375,0.01123046875,0.0269775390625,0.7890625,0.0238037109375,0.05712890625,0.00994873046875,0.039306640625,0.03466796875,
1378117387,matei-si-diamantele/submissions/1378117387.cpp,cpp,14.29,DFS_RADIUS,DFS_RADIUS,manual_gold_or_review,0.421875,BFS_RADIUS,0.255859375,0.166015625,0.01275634765625,0.0269775390625,0.255859375,0.421875,0.02099609375,0.19921875,0.0238037109375,0.01446533203125,0.0238037109375,
1378117542,matei-si-diamantele/submissions/1378117542.cpp,cpp,50.0,BFS_RADIUS,BFS_RADIUS,probability_model,0.921875,DFS_RADIUS,0.04052734375,0.88134765625,0.003326416015625,0.009033203125,0.921875,0.04052734375,0.0042724609375,0.016845703125,0.0031280517578125,0.00054168701171875,0.00024127960205078125,
1378117607,matei-si-diamantele/submissions/1378117607.cpp,cpp,10.71,BFS_RADIUS,BFS_RADIUS,probability_model,0.5859375,DFS_RADIUS,0.115234375,0.470703125,0.032958984375,0.022705078125,0.5859375,0.115234375,0.025634765625,0.115234375,0.0478515625,0.00885009765625,0.0478515625,
1378117703,matei-si-diamantele/submissions/1378117703.java,java,14.29,DFS_RADIUS,DFS_RADIUS,probability_model,0.9609375,RING_SCAN,0.01373291015625,0.94720458984375,0.00164031982421875,0.003936767578125,0.00732421875,0.9609375,0.0064697265625,0.01373291015625,0.00106048583984375,0.0034637451171875,0.00127410888671875,
1378117759,matei-si-diamantele/submissions/1378117759.cpp,cpp,50.0,BFS_RADIUS,BFS_RADIUS,probability_model,0.97265625,DFS_RADIUS,0.0157470703125,0.9569091796875,0.001068115234375,0.003509521484375,0.97265625,0.0157470703125,0.00121307373046875,0.005096435546875,0.00064849853515625,0.0001125335693359375,5.316734313964844e-05,
1378117860,matei-si-diamantele/submissions/1378117860.java,java,1.79,GREEDY_NEIGHBOR_WALK,GREEDY_NEIGHBOR_WALK,probability_model_extended,0.72265625,UNKNOWN,0.1826171875,0.03515625,0.035888671875,0.007080078125,0.00799560546875,0.007080078125,0.007080078125,0.0169677734375,0.004852294921875,0.00909423828125,0.1826171875,0.72265625
1378117897,matei-si-diamantele/submissions/1378117897.cpp,cpp,16.07,DFS_RADIUS,DFS_RADIUS,probability_model,0.421875,RING_SCAN,0.17578125,0.24609375,0.04443359375,0.03466796875,0.13671875,0.421875,0.0269775390625,0.17578125,0.030517578125,0.03466796875,0.09423828125,
1378118133,matei-si-diamantele/submissions/1378118133.java,java,16.07,BFS_RADIUS,BFS_RADIUS,probability_model,0.953125,DFS_RADIUS,0.0224609375,0.9306640625,0.004425048828125,0.007293701171875,0.953125,0.0224609375,0.0030364990234375,0.007293701171875,0.00162506103515625,0.00016117095947265625,6.29425048828125e-05,
1378120012,matei-si-diamantele/submissions/1378120012.cpp,cpp,8.93,DFS_RADIUS,DFS_RADIUS,probability_model,0.5625,BFS_RADIUS,0.30078125,0.26171875,0.0040283203125,0.0191650390625,0.30078125,0.5625,0.0169677734375,0.0859375,0.0042724609375,0.00457763671875,0.0027618408203125,
1378120312,matei-si-diamantele/submissions/1378120312.cpp,cpp,1.79,RING_SCAN,RING_SCAN,probability_model,0.625,MANHATTAN_SCAN,0.12255859375,0.50244140625,0.12255859375,0.039794921875,0.0146484375,0.0089111328125,0.02734375,0.625,0.095703125,0.0166015625,0.05126953125,
1378120328,matei-si-diamantele/submissions/1378120328.cpp,cpp,35.71,RING_SCAN,RING_SCAN,probability_model,0.63671875,MANHATTAN_SCAN,0.142578125,0.494140625,0.142578125,0.11083984375,0.0169677734375,0.007080078125,0.0150146484375,0.63671875,0.0673828125,0.0029449462890625,0.0003757476806640625,
1378120335,matei-si-diamantele/submissions/1378120335.cpp,cpp,41.07,RING_SCAN,RING_SCAN,probability_model,0.79296875,MANHATTAN_SCAN,0.107421875,0.685546875,0.107421875,0.05078125,0.007781982421875,0.0036773681640625,0.0113525390625,0.79296875,0.02392578125,0.0009918212890625,0.00026702880859375,
1378120748,matei-si-diamantele/submissions/1378120748.java,java,50.0,BFS_RADIUS,BFS_RADIUS,probability_model,0.7421875,DFS_RADIUS,0.12890625,0.61328125,0.00640869140625,0.04736328125,0.7421875,0.12890625,0.00640869140625,0.060791015625,0.00823974609375,0.00098419189453125,0.00023365020751953125,
1378121027,matei-si-diamantele/submissions/1378121027.cpp,cpp,50.0,BFS_RADIUS,BFS_RADIUS,probability_model,0.9609375,DFS_RADIUS,0.0225830078125,0.9383544921875,0.00185394287109375,0.00390625,0.9609375,0.0225830078125,0.00238037109375,0.00830078125,0.00119781494140625,0.0002498626708984375,0.00017261505126953125,
1378121757,matei-si-diamantele/submissions/1378121757.java,java,8.93,MANHATTAN_SCAN,MANHATTAN_SCAN,probability_model,0.267578125,RING_SCAN,0.236328125,0.03125,0.267578125,0.1259765625,0.031982421875,0.01507568359375,0.0194091796875,0.236328125,0.2080078125,0.0673828125,0.0281982421875,
1378130862,matei-si-diamantele/submissions/1378130862.java,java,50.0,BFS_RADIUS,BFS_RADIUS,probability_model,0.91015625,DFS_RADIUS,0.03515625,0.875,0.0047607421875,0.01007080078125,0.91015625,0.03515625,0.005401611328125,0.0274658203125,0.006927490234375,0.000568389892578125,0.00023746490478515625,
1378143318,matei-si-diamantele/submissions/1378143318.java,java,50.0,BFS_RADIUS,BFS_RADIUS,probability_model,0.85546875,DFS_RADIUS,0.09033203125,0.76513671875,0.0021209716796875,0.0201416015625,0.85546875,0.09033203125,0.0034942626953125,0.02587890625,0.0019989013671875,0.0005035400390625,0.00014400482177734375,
1378146502,matei-si-diamantele/submissions/1378146502.java,java,5.36,GREEDY_NEIGHBOR_WALK,GREEDY_NEIGHBOR_WALK,probability_model_extended,0.98828125,UNKNOWN,0.007537841796875,0.236328125,0.0010223388671875,0.000583648681640625,0.0001773834228515625,0.0003528594970703125,0.000274658203125,0.0004253387451171875,0.0002574920654296875,0.00115966796875,0.007537841796875,0.98828125
1378146862,matei-si-diamantele/submissions/1378146862.java,java,50.0,BFS_RADIUS,BFS_RADIUS,probability_model,0.9375,DFS_RADIUS,0.0283203125,0.9091796875,0.0038299560546875,0.01043701171875,0.9375,0.0283203125,0.00299072265625,0.01336669921875,0.00193023681640625,0.0003566741943359375,0.0001316070556640625,
1378148212,matei-si-diamantele/submissions/1378148212.cpp,cpp,14.29,UNKNOWN,DFS_RADIUS,manual_review_extended,0.4765625,DFS_RADIUS,0.1552734375,0.3212890625,0.0390625,0.0238037109375,0.064453125,0.1552734375,0.02099609375,0.1552734375,0.03466796875,0.030517578125,0.4765625,
1378148490,matei-si-diamantele/submissions/1378148490.cpp,cpp,14.29,DFS_RADIUS,DFS_RADIUS,manual_gold_or_review,0.27734375,UNKNOWN,0.244140625,0.033203125,0.0257568359375,0.0257568359375,0.130859375,0.27734375,0.022705078125,0.2158203125,0.0291748046875,0.0291748046875,0.244140625,
1378149143,matei-si-diamantele/submissions/1378149143.cpp,cpp,14.29,RING_SCAN,DFS_RADIUS,manual_gold_or_review,0.263671875,BFS_RADIUS,0.232421875,0.03125,0.03564453125,0.040283203125,0.232421875,0.232421875,0.0216064453125,0.263671875,0.040283203125,0.0245361328125,0.10986328125,
1378149257,matei-si-diamantele/submissions/1378149257.cpp,cpp,50.0,BFS_RADIUS,BFS_RADIUS,probability_model,0.953125,DFS_RADIUS,0.019775390625,0.933349609375,0.0025177001953125,0.0050048828125,0.953125,0.019775390625,0.0026702880859375,0.015380859375,0.00183868408203125,0.000247955322265625,0.000133514404296875,
1378151931,matei-si-diamantele/submissions/1378151931.cpp,cpp,50.0,BFS_RADIUS,BFS_RADIUS,probability_model,0.91796875,DFS_RADIUS,0.031494140625,0.886474609375,0.003753662109375,0.00701904296875,0.91796875,0.031494140625,0.00482177734375,0.0277099609375,0.005462646484375,0.00069427490234375,0.000476837158203125,
1378153091,matei-si-diamantele/submissions/1378153091.cpp,cpp,50.0,MANHATTAN_SCAN,MANHATTAN_SCAN,probability_model,0.53515625,BOUNDING_BOX_SCAN,0.326171875,0.208984375,0.53515625,0.08203125,0.0086669921875,0.00408935546875,0.0052490234375,0.0267333984375,0.326171875,0.00982666015625,0.0013275146484375,
1378153212,matei-si-diamantele/submissions/1378153212.cpp,cpp,50.0,MANHATTAN_SCAN,MANHATTAN_SCAN,probability_model,0.765625,BOUNDING_BOX_SCAN,0.103515625,0.662109375,0.765625,0.048828125,0.0096435546875,0.0042724609375,0.0096435546875,0.055419921875,0.103515625,0.0037689208984375,0.000789642333984375,
1378153284,matei-si-diamantele/submissions/1378153284.cpp,cpp,50.0,MANHATTAN_SCAN,MANHATTAN_SCAN,probability_model,0.6640625,BOUNDING_BOX_SCAN,0.1904296875,0.4736328125,0.6640625,0.07958984375,0.00946044921875,0.004486083984375,0.00738525390625,0.03759765625,0.1904296875,0.00506591796875,0.00128173828125,
1378156639,matei-si-diamantele/submissions/1378156639.cpp,cpp,50.0,MANHATTAN_SCAN,MANHATTAN_SCAN,probability_model,0.84765625,ROW_BOUNDS_SCAN,0.0693359375,0.7783203125,0.84765625,0.0693359375,0.003936767578125,0.001739501953125,0.002105712890625,0.0120849609375,0.061279296875,0.00185394287109375,0.000469207763671875,
1378158633,matei-si-diamantele/submissions/1378158633.java,java,50.0,MANHATTAN_SCAN,MANHATTAN_SCAN,probability_model,0.796875,ROW_BOUNDS_SCAN,0.09521484375,0.70166015625,0.796875,0.09521484375,0.004180908203125,0.0013580322265625,0.0013580322265625,0.034912109375,0.0654296875,0.002105712890625,0.00015163421630859375,
1378159087,matei-si-diamantele/submissions/1378159087.c,c,50.0,BFS_RADIUS,BFS_RADIUS,probability_model,0.9375,DFS_RADIUS,0.041259765625,0.896240234375,0.00150299072265625,0.006317138671875,0.9375,0.041259765625,0.0026397705078125,0.00811767578125,0.00116729736328125,0.0002460479736328125,0.00012302398681640625,
1378159125,matei-si-diamantele/submissions/1378159125.cpp,cpp,8.93,BOUNDING_BOX_SCAN,BOUNDING_BOX_SCAN,probability_model,0.90234375,MANHATTAN_SCAN,0.0654296875,0.8369140625,0.0654296875,0.00537109375,0.00153350830078125,0.00153350830078125,0.0020904541015625,0.007781982421875,0.90234375,0.006866455078125,0.00885009765625,
1378159176,matei-si-diamantele/submissions/1378159176.cpp,cpp,8.93,BOUNDING_BOX_SCAN,BOUNDING_BOX_SCAN,probability_model,0.7421875,MANHATTAN_SCAN,0.212890625,0.529296875,0.212890625,0.0174560546875,0.0025177001953125,0.0019683837890625,0.002685546875,0.0106201171875,0.7421875,0.005340576171875,0.002685546875,
1378159190,matei-si-diamantele/submissions/1378159190.cpp,cpp,8.93,MANHATTAN_SCAN,MANHATTAN_SCAN,probability_model,0.93359375,BOUNDING_BOX_SCAN,0.041015625,0.892578125,0.93359375,0.02197265625,0.000965118408203125,0.000514984130859375,0.00066375732421875,0.001800537109375,0.041015625,0.00054931640625,0.00017833709716796875,
1378159204,matei-si-diamantele/submissions/1378159204.cpp,cpp,50.0,MANHATTAN_SCAN,MANHATTAN_SCAN,probability_model,0.8671875,BOUNDING_BOX_SCAN,0.0625,0.8046875,0.8671875,0.055419921875,0.0035400390625,0.001220703125,0.00177764892578125,0.00848388671875,0.0625,0.00130462646484375,0.0002727508544921875,
1378159378,matei-si-diamantele/submissions/1378159378.cpp,cpp,12.5,DFS_RADIUS,DFS_RADIUS,probability_model,0.83203125,RING_SCAN,0.060302734375,0.771728515625,0.004638671875,0.00927734375,0.0322265625,0.83203125,0.025146484375,0.060302734375,0.00494384765625,0.0152587890625,0.0152587890625,
1378159448,matei-si-diamantele/submissions/1378159448.cpp,cpp,8.93,BFS_RADIUS,BFS_RADIUS,probability_model,0.83984375,RING_SCAN,0.078125,0.76171875,0.00823974609375,0.0135498046875,0.83984375,0.041748046875,0.00933837890625,0.078125,0.00823974609375,0.00098419189453125,0.00118255615234375,
1378159458,matei-si-diamantele/submissions/1378159458.cpp,cpp,50.0,BFS_RADIUS,BFS_RADIUS,probability_model,0.9453125,DFS_RADIUS,0.03662109375,0.90869140625,0.0011749267578125,0.0034027099609375,0.9453125,0.03662109375,0.0030059814453125,0.00927734375,0.000919342041015625,0.00018024444580078125,0.000102996826171875,
1378159486,matei-si-diamantele/submissions/1378159486.cpp,cpp,14.29,UNKNOWN,DFS_RADIUS,manual_review_extended,0.455078125,DFS_RADIUS,0.3125,0.142578125,0.02001953125,0.01214599609375,0.048095703125,0.3125,0.02001953125,0.08984375,0.01556396484375,0.0257568359375,0.455078125,
1378159507,matei-si-diamantele/submissions/1378159507.cpp,cpp,14.29,DFS_RADIUS,DFS_RADIUS,manual_gold_or_review,0.5703125,BFS_RADIUS,0.1630859375,0.4072265625,0.005950927734375,0.01519775390625,0.1630859375,0.5703125,0.0250244140625,0.1630859375,0.01519775390625,0.0172119140625,0.0250244140625,
1378159510,matei-si-diamantele/submissions/1378159510.cpp,cpp,14.29,DFS_RADIUS,DFS_RADIUS,manual_gold_or_review,0.59765625,UNKNOWN,0.171875,0.42578125,0.010986328125,0.010986328125,0.04345703125,0.59765625,0.0263671875,0.091796875,0.012451171875,0.03369140625,0.171875,
1378159523,matei-si-diamantele/submissions/1378159523.cpp,cpp,41.07,DP_RADIUS,DP_RADIUS,probability_model,0.734375,UNKNOWN,0.185546875,0.548828125,0.006378173828125,0.00927734375,0.0072021484375,0.010498046875,0.010498046875,0.025146484375,0.00927734375,0.734375,0.185546875,
1378160109,matei-si-diamantele/submissions/1378160109.cpp,cpp,50.0,MANHATTAN_SCAN,MANHATTAN_SCAN,probability_model,0.41015625,BOUNDING_BOX_SCAN,0.361328125,0.048828125,0.41015625,0.1708984375,0.01239013671875,0.0035552978515625,0.0035552978515625,0.0296630859375,0.361328125,0.006622314453125,0.00115203857421875,
1378160444,matei-si-diamantele/submissions/1378160444.cpp,cpp,50.0,BFS_RADIUS,BFS_RADIUS,probability_model,0.87890625,DFS_RADIUS,0.072265625,0.806640625,0.0023193359375,0.007598876953125,0.87890625,0.072265625,0.004913330078125,0.0301513671875,0.00262451171875,0.00058746337890625,0.0002593994140625,
1378160778,matei-si-diamantele/submissions/1378160778.cpp,cpp,8.93,RING_SCAN,RING_SCAN,probability_model,0.61328125,MANHATTAN_SCAN,0.2255859375,0.3876953125,0.2255859375,0.02099609375,0.00726318359375,0.0068359375,0.016357421875,0.61328125,0.0732421875,0.0238037109375,0.01123046875,
1391614243,matei-si-diamantele/submissions/1391614243.cpp,cpp,50.0,MANHATTAN_SCAN,MANHATTAN_SCAN,probability_model,0.51171875,BOUNDING_BOX_SCAN,0.400390625,0.111328125,0.51171875,0.061279296875,0.0032501220703125,0.00185394287109375,0.002532958984375,0.01068115234375,0.400390625,0.0064697265625,0.0009307861328125,
1391682518,matei-si-diamantele/submissions/1391682518.cpp,cpp,50.0,BFS_RADIUS,BFS_RADIUS,probability_model,0.96484375,DFS_RADIUS,0.0177001953125,0.9471435546875,0.002105712890625,0.003936767578125,0.96484375,0.0177001953125,0.0023956298828125,0.007354736328125,0.00106048583984375,0.0002689361572265625,0.0001735687255859375,
1391739609,matei-si-diamantele/submissions/1391739609.java,java,1.79,GREEDY_NEIGHBOR_WALK,GREEDY_NEIGHBOR_WALK,probability_model_extended,0.92578125,UNKNOWN,0.059326171875,0.35546875,0.00799560546875,0.0017852783203125,0.0004520416259765625,0.00079345703125,0.00051116943359375,0.0006561279296875,0.0003986358642578125,0.00157928466796875,0.059326171875,0.92578125
1391739813,matei-si-diamantele/submissions/1391739813.java,java,35.71,BFS_RADIUS,BFS_RADIUS,probability_model,0.8203125,DFS_RADIUS,0.0673828125,0.7529296875,0.008056640625,0.0150146484375,0.8203125,0.0673828125,0.008056640625,0.059326171875,0.01324462890625,0.003570556640625,0.005523681640625,
1391739839,matei-si-diamantele/submissions/1391739839.java,java,50.0,BFS_RADIUS,BFS_RADIUS,probability_model,0.84765625,DFS_RADIUS,0.0615234375,0.7861328125,0.005035400390625,0.017578125,0.84765625,0.0615234375,0.0064697265625,0.0478515625,0.01068115234375,0.002105712890625,0.00127410888671875,
1391769625,matei-si-diamantele/submissions/1391769625.cpp,cpp,50.0,BFS_RADIUS,BFS_RADIUS,probability_model,0.84765625,DFS_RADIUS,0.05419921875,0.79345703125,0.005706787109375,0.017578125,0.84765625,0.05419921875,0.0093994140625,0.05419921875,0.0106201171875,0.00135040283203125,0.00112152099609375,
1391802279,matei-si-diamantele/submissions/1391802279.cpp,cpp,14.29,DFS_RADIUS,DFS_RADIUS,probability_model,0.78515625,RING_SCAN,0.07275390625,0.71240234375,0.0059814453125,0.0098876953125,0.064453125,0.78515625,0.0303955078125,0.07275390625,0.004669189453125,0.0076904296875,0.0208740234375,
1391802299,matei-si-diamantele/submissions/1391802299.cpp,cpp,14.29,DFS_RADIUS,DFS_RADIUS,probability_model,0.470703125,UNKNOWN,0.251953125,0.21875,0.0341796875,0.01422119140625,0.049560546875,0.470703125,0.03857421875,0.0927734375,0.01422119140625,0.0341796875,0.251953125,
1391802353,matei-si-diamantele/submissions/1391802353.cpp,cpp,41.07,MANHATTAN_SCAN,MANHATTAN_SCAN,probability_model,0.30859375,ROW_BOUNDS_SCAN,0.30859375,0.0,0.30859375,0.30859375,0.03271484375,0.00567626953125,0.00726318359375,0.2734375,0.060791015625,0.00183868408203125,0.000339508056640625,
1391802361,matei-si-diamantele/submissions/1391802361.cpp,cpp,50.0,ROW_BOUNDS_SCAN,ROW_BOUNDS_SCAN,probability_model,0.390625,RING_SCAN,0.345703125,0.044921875,0.1123046875,0.390625,0.046630859375,0.005584716796875,0.006317138671875,0.345703125,0.08740234375,0.004913330078125,0.000431060791015625,
1391817271,matei-si-diamantele/submissions/1391817271.java,java,50.0,MANHATTAN_SCAN,MANHATTAN_SCAN,probability_model,0.92578125,ROW_BOUNDS_SCAN,0.04052734375,0.88525390625,0.92578125,0.04052734375,0.0014801025390625,0.00061798095703125,0.00061798095703125,0.0033416748046875,0.0279541015625,0.000843048095703125,0.00012159347534179688,
1391817300,matei-si-diamantele/submissions/1391817300.java,java,50.0,BFS_RADIUS,BFS_RADIUS,manual_gold_or_review,0.9453125,DFS_RADIUS,0.022216796875,0.923095703125,0.0030059814453125,0.006378173828125,0.9453125,0.022216796875,0.0030059814453125,0.017333984375,0.002655029296875,0.0003376007080078125,0.00018024444580078125,
1391820045,matei-si-diamantele/submissions/1391820045.java,java,50.0,BFS_RADIUS,BFS_RADIUS,probability_model,0.8828125,DFS_RADIUS,0.06396484375,0.81884765625,0.0026397705078125,0.0111083984375,0.8828125,0.06396484375,0.00408935546875,0.0302734375,0.0024871826171875,0.000713348388671875,0.00019168853759765625,
1391824959,matei-si-diamantele/submissions/1391824959.cpp,cpp,5.36,DFS_RADIUS,DFS_RADIUS,probability_model,0.365234375,RING_SCAN,0.251953125,0.11328125,0.01251220703125,0.033935546875,0.1953125,0.365234375,0.033935546875,0.251953125,0.03857421875,0.030029296875,0.03857421875,
1391825349,matei-si-diamantele/submissions/1391825349.cpp,cpp,23.21,DP_RADIUS,DP_RADIUS,probability_model,0.90625,DFS_RADIUS,0.02734375,0.87890625,0.0037078857421875,0.0089111328125,0.018798828125,0.02734375,0.0047607421875,0.005401611328125,0.005401611328125,0.90625,0.018798828125,
1391825514,matei-si-diamantele/submissions/1391825514.cpp,cpp,28.57,MANHATTAN_SCAN,MANHATTAN_SCAN,probability_model,0.65625,ROW_BOUNDS_SCAN,0.146484375,0.509765625,0.65625,0.146484375,0.0198974609375,0.0050048828125,0.01544189453125,0.0693359375,0.07861328125,0.006439208984375,0.001190185546875,
1391825589,matei-si-diamantele/submissions/1391825589.cpp,cpp,50.0,MANHATTAN_SCAN,MANHATTAN_SCAN,probability_model,0.67578125,ROW_BOUNDS_SCAN,0.1328125,0.54296875,0.67578125,0.1328125,0.01806640625,0.005157470703125,0.02978515625,0.049072265625,0.0810546875,0.005859375,0.0014801025390625,
1391825752,matei-si-diamantele/submissions/1391825752.cpp,cpp,41.07,MANHATTAN_SCAN,MANHATTAN_SCAN,probability_model,0.3046875,ROW_BOUNDS_SCAN,0.23828125,0.06640625,0.3046875,0.23828125,0.0172119140625,0.004638671875,0.005950927734375,0.23828125,0.185546875,0.00494384765625,0.000591278076171875,
1391825862,matei-si-diamantele/submissions/1391825862.cpp,cpp,50.0,ROW_BOUNDS_SCAN,ROW_BOUNDS_SCAN,probability_model,0.6328125,RING_SCAN,0.263671875,0.369140625,0.01312255859375,0.6328125,0.052001953125,0.003997802734375,0.0035400390625,0.263671875,0.02783203125,0.0015716552734375,0.00019931793212890625,
1391839565,matei-si-diamantele/submissions/1391839565.java,java,1.79,UNKNOWN,UNKNOWN,probability_model_extended,0.67578125,DFS_RADIUS,0.2197265625,0.892578125,0.005157470703125,0.005859375,0.023193359375,0.2197265625,0.00665283203125,0.0203857421875,0.0035552978515625,0.004547119140625,0.67578125,0.03369140625
1391856174,matei-si-diamantele/submissions/1391856174.java,java,1.79,GREEDY_NEIGHBOR_WALK,GREEDY_NEIGHBOR_WALK,probability_model_extended,0.953125,UNKNOWN,0.036865234375,0.4267578125,0.005645751953125,0.00142669677734375,0.0004367828369140625,0.000766754150390625,0.000560760498046875,0.000720977783203125,0.0004100799560546875,0.00183868408203125,0.036865234375,0.953125
1391856329,matei-si-diamantele/submissions/1391856329.java,java,1.79,GREEDY_NEIGHBOR_WALK,GREEDY_NEIGHBOR_WALK,probability_model_extended,0.84765625,UNKNOWN,0.10107421875,0.595703125,0.029052734375,0.003936767578125,0.00238037109375,0.0030517578125,0.0027008056640625,0.0027008056640625,0.0015411376953125,0.005706787109375,0.10107421875,0.84765625
1391856779,matei-si-diamantele/submissions/1391856779.java,java,32.14,BFS_RADIUS,BFS_RADIUS,probability_model,0.80078125,DFS_RADIUS,0.095703125,0.705078125,0.006927490234375,0.0146484375,0.80078125,0.095703125,0.0089111328125,0.057861328125,0.01141357421875,0.001983642578125,0.0023956298828125,
1391856787,matei-si-diamantele/submissions/1391856787.java,java,35.71,BFS_RADIUS,BFS_RADIUS,probability_model,0.90234375,DFS_RADIUS,0.044921875,0.857421875,0.003265380859375,0.00885009765625,0.90234375,0.044921875,0.003692626953125,0.0308837890625,0.003692626953125,0.00034332275390625,0.00012683868408203125,
1391856810,matei-si-diamantele/submissions/1391856810.java,java,41.07,BFS_RADIUS,BFS_RADIUS,probability_model,0.86328125,DFS_RADIUS,0.07080078125,0.79248046875,0.005828857421875,0.0108642578125,0.86328125,0.07080078125,0.005828857421875,0.033447265625,0.006591796875,0.00107574462890625,0.00101470947265625,
1391856823,matei-si-diamantele/submissions/1391856823.java,java,50.0,BFS_RADIUS,BFS_RADIUS,probability_model,0.9296875,DFS_RADIUS,0.035888671875,0.893798828125,0.002960205078125,0.008056640625,0.9296875,0.035888671875,0.002960205078125,0.019287109375,0.0023040771484375,0.0002422332763671875,8.916854858398438e-05,
1391862369,matei-si-diamantele/submissions/1391862369.cpp,cpp,50.0,BFS_RADIUS,BFS_RADIUS,probability_model,0.9375,DFS_RADIUS,0.0283203125,0.9091796875,0.0023193359375,0.01043701171875,0.9375,0.0283203125,0.00299072265625,0.01519775390625,0.00180816650390625,0.0002956390380859375,0.000148773193359375,
1391862758,matei-si-diamantele/submissions/1391862758.cpp,cpp,50.0,BFS_RADIUS,BFS_RADIUS,probability_model,0.87890625,RING_SCAN,0.03857421875,0.84033203125,0.0067138671875,0.01611328125,0.87890625,0.0341796875,0.0067138671875,0.03857421875,0.01251220703125,0.002044677734375,0.004058837890625,
1391899262,matei-si-diamantele/submissions/1391899262.cpp,cpp,42.86,BFS_RADIUS,BFS_RADIUS,probability_model,0.8671875,DFS_RADIUS,0.0712890625,0.7958984375,0.00244140625,0.01092529296875,0.8671875,0.0712890625,0.0037689208984375,0.0380859375,0.005157470703125,0.0010833740234375,0.000698089599609375,
1391901684,matei-si-diamantele/submissions/1391901684.c,c,50.0,MANHATTAN_SCAN,MANHATTAN_SCAN,probability_model,0.890625,ROW_BOUNDS_SCAN,0.050048828125,0.840576171875,0.890625,0.050048828125,0.00194549560546875,0.00086212158203125,0.00103759765625,0.005279541015625,0.050048828125,0.00110626220703125,0.000232696533203125,
1391905393,matei-si-diamantele/submissions/1391905393.cpp,cpp,50.0,MANHATTAN_SCAN,MANHATTAN_SCAN,probability_model,0.64453125,BOUNDING_BOX_SCAN,0.1845703125,0.4599609375,0.64453125,0.11181640625,0.00714111328125,0.0029754638671875,0.0038299560546875,0.041259765625,0.1845703125,0.0038299560546875,0.000553131103515625,
1391907417,matei-si-diamantele/submissions/1391907417.java,java,50.0,MANHATTAN_SCAN,MANHATTAN_SCAN,manual_gold_or_review,0.859375,BOUNDING_BOX_SCAN,0.09033203125,0.76904296875,0.859375,0.033203125,0.002410888671875,0.00121307373046875,0.0019989013671875,0.009521484375,0.09033203125,0.002410888671875,0.000446319580078125,
1391927724,matei-si-diamantele/submissions/1391927724.cpp,cpp,50.0,MANHATTAN_SCAN,MANHATTAN_SCAN,probability_model,0.91796875,BOUNDING_BOX_SCAN,0.045654296875,0.872314453125,0.91796875,0.0277099609375,0.00156402587890625,0.00078582763671875,0.000888824462890625,0.005462646484375,0.045654296875,0.0011444091796875,0.000270843505859375,
1391933713,matei-si-diamantele/submissions/1391933713.java,java,50.0,MANHATTAN_SCAN,MANHATTAN_SCAN,probability_model,0.76171875,ROW_BOUNDS_SCAN,0.10302734375,0.65869140625,0.76171875,0.10302734375,0.0035247802734375,0.00101470947265625,0.001220703125,0.0230712890625,0.10302734375,0.00274658203125,0.00019931793212890625,
1391933787,matei-si-diamantele/submissions/1391933787.java,java,39.29,RING_SCAN,RING_SCAN,manual_gold_or_review,0.80859375,MANHATTAN_SCAN,0.05859375,0.75,0.05859375,0.03564453125,0.0130615234375,0.0079345703125,0.0244140625,0.80859375,0.045654296875,0.003997802734375,0.00146484375,
1391933898,matei-si-diamantele/submissions/1391933898.java,java,41.07,RING_SCAN,RING_SCAN,probability_model,0.84375,MANHATTAN_SCAN,0.047607421875,0.796142578125,0.047607421875,0.025390625,0.0106201171875,0.006439208984375,0.019775390625,0.84375,0.0419921875,0.00390625,0.00152587890625,
1391933920,matei-si-diamantele/submissions/1391933920.java,java,39.29,RING_SCAN,RING_SCAN,probability_model,0.91015625,MANHATTAN_SCAN,0.0242919921875,0.8858642578125,0.0242919921875,0.01300048828125,0.004791259765625,0.0034942626953125,0.01470947265625,0.91015625,0.0242919921875,0.0032806396484375,0.0017547607421875,
1391934010,matei-si-diamantele/submissions/1391934010.java,java,41.07,RING_SCAN,RING_SCAN,probability_model,0.86328125,BOUNDING_BOX_SCAN,0.048583984375,0.814697265625,0.029541015625,0.020263671875,0.00958251953125,0.00579833984375,0.013916015625,0.86328125,0.048583984375,0.007476806640625,0.00213623046875,
1391934247,matei-si-diamantele/submissions/1391934247.java,java,50.0,RING_SCAN,RING_SCAN,probability_model,0.34375,MANHATTAN_SCAN,0.267578125,0.076171875,0.267578125,0.07666015625,0.0103759765625,0.00433349609375,0.01177978515625,0.34375,0.267578125,0.01507568359375,0.002471923828125,
1391934413,matei-si-diamantele/submissions/1391934413.cpp,cpp,1.79,BFS_RADIUS,BFS_RADIUS,probability_model,0.9375,DFS_RADIUS,0.0250244140625,0.9124755859375,0.00180816650390625,0.005584716796875,0.9375,0.0250244140625,0.0038299560546875,0.0220947265625,0.0029754638671875,0.00058746337890625,0.00116729736328125,
1391934479,matei-si-diamantele/submissions/1391934479.cpp,cpp,50.0,BFS_RADIUS,BFS_RADIUS,probability_model,0.96875,DFS_RADIUS,0.015625,0.953125,0.00128173828125,0.0034942626953125,0.96875,0.015625,0.0017547607421875,0.00836181640625,0.0007781982421875,0.00014400482177734375,9.298324584960938e-05,
1391934832,matei-si-diamantele/submissions/1391934832.cpp,cpp,14.29,BFS_RADIUS,BFS_RADIUS,probability_model,0.8828125,DFS_RADIUS,0.0439453125,0.8388671875,0.00982666015625,0.01263427734375,0.8828125,0.0439453125,0.0052490234375,0.020751953125,0.01263427734375,0.0036163330078125,0.006744384765625,
1391941229,matei-si-diamantele/submissions/1391941229.cpp,cpp,7.14,MANHATTAN_SCAN,MANHATTAN_SCAN,probability_model,0.296875,RING_SCAN,0.296875,0.0,0.296875,0.09619140625,0.0244140625,0.0079345703125,0.01153564453125,0.296875,0.2314453125,0.021484375,0.0130615234375,
1391941265,matei-si-diamantele/submissions/1391941265.cpp,cpp,19.64,RING_SCAN,RING_SCAN,probability_model,0.5546875,BOUNDING_BOX_SCAN,0.140625,0.4140625,0.1240234375,0.109375,0.0216064453125,0.00897216796875,0.01483154296875,0.5546875,0.140625,0.0216064453125,0.00274658203125,
1391941294,matei-si-diamantele/submissions/1391941294.cpp,cpp,19.64,RING_SCAN,RING_SCAN,probability_model,0.79296875,MANHATTAN_SCAN,0.06494140625,0.72802734375,0.06494140625,0.039306640625,0.0128173828125,0.0087890625,0.01446533203125,0.79296875,0.057373046875,0.0087890625,0.002227783203125,
1391941482,matei-si-diamantele/submissions/1391941482.cpp,cpp,14.29,BFS_RADIUS,BFS_RADIUS,probability_model,0.95703125,DFS_RADIUS,0.03271484375,0.92431640625,0.00072479248046875,0.0020904541015625,0.95703125,0.03271484375,0.00153350830078125,0.0050048828125,0.00072479248046875,0.0002651214599609375,0.00049591064453125,
1391942478,matei-si-diamantele/submissions/1391942478.cpp,cpp,50.0,ROW_BOUNDS_SCAN,ROW_BOUNDS_SCAN,probability_model,0.578125,RING_SCAN,0.271484375,0.306640625,0.032470703125,0.578125,0.036865234375,0.00439453125,0.003875732421875,0.271484375,0.06884765625,0.004669189453125,0.00043487548828125,
1391951011,matei-si-diamantele/submissions/1391951011.cpp,cpp,50.0,MANHATTAN_SCAN,MANHATTAN_SCAN,probability_model,0.85546875,BOUNDING_BOX_SCAN,0.07958984375,0.77587890625,0.85546875,0.0546875,0.002716064453125,0.001129150390625,0.001129150390625,0.00506591796875,0.07958984375,0.00186920166015625,0.00030517578125,
1391960389,matei-si-diamantele/submissions/1391960389.java,java,50.0,BFS_RADIUS,BFS_RADIUS,probability_model,0.90234375,DFS_RADIUS,0.03955078125,0.86279296875,0.005340576171875,0.0128173828125,0.90234375,0.03955078125,0.004730224609375,0.03076171875,0.005340576171875,0.0005645751953125,0.00019550323486328125,
1391962165,matei-si-diamantele/submissions/1391962165.c,c,5.36,BFS_RADIUS,BFS_RADIUS,probability_model,0.9375,DFS_RADIUS,0.0283203125,0.9091796875,0.00299072265625,0.004913330078125,0.9375,0.0283203125,0.003387451171875,0.01953125,0.00170135498046875,0.0002956390380859375,0.0002307891845703125,
1391962226,matei-si-diamantele/submissions/1391962226.c,c,5.36,BFS_RADIUS,BFS_RADIUS,probability_model,0.96875,DFS_RADIUS,0.015625,0.953125,0.00154876708984375,0.003082275390625,0.96875,0.015625,0.00145721435546875,0.007415771484375,0.000606536865234375,9.918212890625e-05,6.389617919921875e-05,
1391964261,matei-si-diamantele/submissions/1391964261.cpp,cpp,50.0,MANHATTAN_SCAN,MANHATTAN_SCAN,probability_model,0.65234375,UNKNOWN,0.271484375,0.380859375,0.65234375,0.011962890625,0.005645751953125,0.002838134765625,0.006378173828125,0.0196533203125,0.0252685546875,0.00439453125,0.271484375,
1391964711,matei-si-diamantele/submissions/1391964711.cpp,cpp,50.0,MANHATTAN_SCAN,MANHATTAN_SCAN,probability_model,0.88671875,ROW_BOUNDS_SCAN,0.056640625,0.830078125,0.88671875,0.056640625,0.0024871826171875,0.00067138671875,0.00091552734375,0.0208740234375,0.0303955078125,0.00067138671875,8.0108642578125e-05,
1391967203,matei-si-diamantele/submissions/1391967203.cpp,cpp,1.79,GREEDY_NEIGHBOR_WALK,GREEDY_NEIGHBOR_WALK,probability_model_extended,0.9921875,UNKNOWN,0.004058837890625,0.55859375,0.000751495361328125,0.0004024505615234375,0.00010824203491210938,0.00018978118896484375,0.0001392364501953125,0.0002155303955078125,0.00013065338134765625,0.000484466552734375,0.004058837890625,0.9921875
1391970489,matei-si-diamantele/submissions/1391970489.cpp,cpp,50.0,BFS_RADIUS,BFS_RADIUS,probability_model,0.9453125,DFS_RADIUS,0.025146484375,0.920166015625,0.0030059814453125,0.004974365234375,0.9453125,0.025146484375,0.0038604736328125,0.0152587890625,0.00171661376953125,0.00021839141845703125,0.000141143798828125,
1391970625,matei-si-diamantele/submissions/1391970625.cpp,cpp,50.0,BOUNDING_BOX_SCAN,BOUNDING_BOX_SCAN,probability_model,0.60546875,MANHATTAN_SCAN,0.287109375,0.318359375,0.287109375,0.072265625,0.004638671875,0.0023193359375,0.00360107421875,0.01611328125,0.60546875,0.00762939453125,0.00102996826171875,
1391971153,matei-si-diamantele/submissions/1391971153.cpp,cpp,14.29,BFS_RADIUS,BFS_RADIUS,probability_model,0.86328125,DFS_RADIUS,0.0625,0.80078125,0.006591796875,0.00958251953125,0.86328125,0.0625,0.007476806640625,0.0380859375,0.007476806640625,0.00138092041015625,0.00201416015625,
1391971205,matei-si-diamantele/submissions/1391971205.cpp,cpp,14.29,BFS_RADIUS,BFS_RADIUS,probability_model,0.89453125,DFS_RADIUS,0.0732421875,0.8212890625,0.0028533935546875,0.006011962890625,0.89453125,0.0732421875,0.00469970703125,0.01446533203125,0.0025177001953125,0.00098419189453125,0.000766754150390625,
1391971221,matei-si-diamantele/submissions/1391971221.cpp,cpp,50.0,BFS_RADIUS,BFS_RADIUS,probability_model,0.91796875,DFS_RADIUS,0.0517578125,0.8662109375,0.0029296875,0.00482177734375,0.91796875,0.0517578125,0.004241943359375,0.01312255859375,0.0029296875,0.00078582763671875,0.00074005126953125,
1391971885,matei-si-diamantele/submissions/1391971885.java,java,14.29,BFS_RADIUS,BFS_RADIUS,probability_model,0.76953125,DFS_RADIUS,0.1181640625,0.6513671875,0.007537841796875,0.0263671875,0.76953125,0.1181640625,0.010986328125,0.0556640625,0.00970458984375,0.001312255859375,0.000400543212890625,
1391986473,matei-si-diamantele/submissions/1391986473.cpp,cpp,50.0,BOUNDING_BOX_SCAN,BOUNDING_BOX_SCAN,probability_model,0.53515625,MANHATTAN_SCAN,0.32421875,0.2109375,0.32421875,0.08203125,0.006744384765625,0.0031890869140625,0.0052490234375,0.0301513671875,0.53515625,0.0111083984375,0.0016021728515625,
1391995049,matei-si-diamantele/submissions/1391995049.java,java,50.0,ROW_BOUNDS_SCAN,ROW_BOUNDS_SCAN,manual_gold_or_review,0.5390625,RING_SCAN,0.2236328125,0.3154296875,0.09326171875,0.5390625,0.0267333984375,0.0038604736328125,0.00494384765625,0.2236328125,0.10595703125,0.0031890869140625,0.000278472900390625,
1392000917,matei-si-diamantele/submissions/1392000917.cpp,cpp,50.0,MANHATTAN_SCAN,MANHATTAN_SCAN,probability_model,0.84375,ROW_BOUNDS_SCAN,0.06103515625,0.78271484375,0.84375,0.06103515625,0.00390625,0.0012664794921875,0.00153350830078125,0.0255126953125,0.06103515625,0.001190185546875,0.00015163421630859375,
1392016149,matei-si-diamantele/submissions/1392016149.java,java,50.0,MANHATTAN_SCAN,MANHATTAN_SCAN,probability_model,0.796875,BOUNDING_BOX_SCAN,0.09521484375,0.70166015625,0.796875,0.07421875,0.004180908203125,0.001129150390625,0.00164031982421875,0.0240478515625,0.09521484375,0.00185394287109375,0.00026702880859375,
1392033232,matei-si-diamantele/submissions/1392033232.cpp,cpp,50.0,BFS_RADIUS,BFS_RADIUS,probability_model,0.94921875,DFS_RADIUS,0.0223388671875,0.9268798828125,0.003021240234375,0.004974365234375,0.94921875,0.0223388671875,0.003875732421875,0.0135498046875,0.0017242431640625,0.0002803802490234375,0.000141143798828125,
1392034696,matei-si-diamantele/submissions/1392034696.cpp,cpp,14.29,RING_SCAN,RING_SCAN,probability_model,0.251953125,UNKNOWN,0.173828125,0.078125,0.119140625,0.0498046875,0.10546875,0.1533203125,0.0439453125,0.251953125,0.06396484375,0.038818359375,0.173828125,
1392034728,matei-si-diamantele/submissions/1392034728.cpp,cpp,14.29,DFS_RADIUS,DFS_RADIUS,probability_model,0.271484375,UNKNOWN,0.2392578125,0.0322265625,0.03662109375,0.022216796875,0.099609375,0.271484375,0.0322265625,0.2109375,0.04150390625,0.047119140625,0.2392578125,
1408522644,matei-si-diamantele/submissions/1408522644.cpp,cpp,14.29,BFS_RADIUS,BFS_RADIUS,probability_model,0.90625,DFS_RADIUS,0.045166015625,0.861083984375,0.005401611328125,0.00787353515625,0.90625,0.045166015625,0.005401611328125,0.024169921875,0.003082275390625,0.000568389892578125,0.000415802001953125,
1408522783,matei-si-diamantele/submissions/1408522783.cpp,cpp,50.0,BFS_RADIUS,BFS_RADIUS,probability_model,0.84765625,DFS_RADIUS,0.0693359375,0.7783203125,0.00689697265625,0.013671875,0.84765625,0.0693359375,0.00830078125,0.042236328125,0.00830078125,0.00144195556640625,0.00238037109375,
1408560151,matei-si-diamantele/submissions/1408560151.cpp,cpp,50.0,MANHATTAN_SCAN,MANHATTAN_SCAN,probability_model,0.515625,ROW_BOUNDS_SCAN,0.21484375,0.30078125,0.515625,0.21484375,0.007354736328125,0.001983642578125,0.002105712890625,0.037353515625,0.21484375,0.0057373046875,0.0003032684326171875,
1408569415,matei-si-diamantele/submissions/1408569415.cpp,cpp,5.36,BFS_RADIUS,BFS_RADIUS,probability_model,0.92578125,DFS_RADIUS,0.035888671875,0.889892578125,0.0026092529296875,0.00799560546875,0.92578125,0.035888671875,0.0037841796875,0.019287109375,0.0023040771484375,0.00061798095703125,0.0002574920654296875,
1408571299,matei-si-diamantele/submissions/1408571299.cpp,cpp,50.0,MANHATTAN_SCAN,MANHATTAN_SCAN,probability_model,0.85546875,BOUNDING_BOX_SCAN,0.0703125,0.78515625,0.85546875,0.061767578125,0.00225830078125,0.001129150390625,0.00136566162109375,0.00738525390625,0.0703125,0.0017547607421875,0.0003452301025390625,
