problem,language,report,first_file,second_file,first_submission_id,second_submission_id,avg_similarity,avg_percent,max_similarity,max_percent,maximum_length,longest_match,is_exact_avg_100,is_max_100
cutiile-magice,cpp,cutiile-magice_cpp.jplag,1314154420.cpp,1314154422.cpp,1314154420,1314154422,1.0,100.0,1.0,100.0,34.0,33.0,True,True
cutiile-magice,cpp,cutiile-magice_cpp.jplag,1314213343.cpp,1314213352.cpp,1314213343,1314213352,1.0,100.0,1.0,100.0,36.0,35.0,True,True
cutiile-magice,cpp,cutiile-magice_cpp.jplag,1314213343.cpp,1314213373.cpp,1314213343,1314213373,1.0,100.0,1.0,100.0,36.0,35.0,True,True
cutiile-magice,cpp,cutiile-magice_cpp.jplag,1314213343.cpp,1314213388.cpp,1314213343,1314213388,1.0,100.0,1.0,100.0,36.0,35.0,True,True
cutiile-magice,cpp,cutiile-magice_cpp.jplag,1314213343.cpp,1314213401.cpp,1314213343,1314213401,1.0,100.0,1.0,100.0,36.0,35.0,True,True
cutiile-magice,cpp,cutiile-magice_cpp.jplag,1314213352.cpp,1314213373.cpp,1314213352,1314213373,1.0,100.0,1.0,100.0,36.0,35.0,True,True
cutiile-magice,cpp,cutiile-magice_cpp.jplag,1314213352.cpp,1314213388.cpp,1314213352,1314213388,1.0,100.0,1.0,100.0,36.0,35.0,True,True
cutiile-magice,cpp,cutiile-magice_cpp.jplag,1314213352.cpp,1314213401.cpp,1314213352,1314213401,1.0,100.0,1.0,100.0,36.0,35.0,True,True
cutiile-magice,cpp,cutiile-magice_cpp.jplag,1314213373.cpp,1314213388.cpp,1314213373,1314213388,1.0,100.0,1.0,100.0,36.0,35.0,True,True
cutiile-magice,cpp,cutiile-magice_cpp.jplag,1314213373.cpp,1314213401.cpp,1314213373,1314213401,1.0,100.0,1.0,100.0,36.0,35.0,True,True
cutiile-magice,cpp,cutiile-magice_cpp.jplag,1314213388.cpp,1314213401.cpp,1314213388,1314213401,1.0,100.0,1.0,100.0,36.0,35.0,True,True
cutiile-magice,cpp,cutiile-magice_cpp.jplag,1314234701.cpp,1314234716.cpp,1314234701,1314234716,1.0,100.0,1.0,100.0,21.0,20.0,True,True
cutiile-magice,cpp,cutiile-magice_cpp.jplag,1314234762.cpp,1323456262.cpp,1314234762,1323456262,1.0,100.0,1.0,100.0,14.0,13.0,True,True
cutiile-magice,cpp,cutiile-magice_cpp.jplag,1314234762.cpp,1323457013.cpp,1314234762,1323457013,1.0,100.0,1.0,100.0,14.0,13.0,True,True
cutiile-magice,cpp,cutiile-magice_cpp.jplag,1314234762.cpp,1332757696.cpp,1314234762,1332757696,1.0,100.0,1.0,100.0,14.0,13.0,True,True
cutiile-magice,cpp,cutiile-magice_cpp.jplag,1314234762.cpp,1332762969.cpp,1314234762,1332762969,1.0,100.0,1.0,100.0,14.0,13.0,True,True
cutiile-magice,cpp,cutiile-magice_cpp.jplag,1314234762.cpp,1332763768.cpp,1314234762,1332763768,1.0,100.0,1.0,100.0,14.0,13.0,True,True
cutiile-magice,cpp,cutiile-magice_cpp.jplag,1314234762.cpp,1344635355.cpp,1314234762,1344635355,1.0,100.0,1.0,100.0,14.0,13.0,True,True
cutiile-magice,cpp,cutiile-magice_cpp.jplag,1314234762.cpp,1391865112.cpp,1314234762,1391865112,1.0,100.0,1.0,100.0,14.0,13.0,True,True
cutiile-magice,cpp,cutiile-magice_cpp.jplag,1314235851.cpp,1314235906.cpp,1314235851,1314235906,1.0,100.0,1.0,100.0,65.0,64.0,True,True
cutiile-magice,cpp,cutiile-magice_cpp.jplag,1314236035.cpp,1314236075.cpp,1314236035,1314236075,1.0,100.0,1.0,100.0,38.0,37.0,True,True
cutiile-magice,cpp,cutiile-magice_cpp.jplag,1314236043.cpp,1314236112.cpp,1314236043,1314236112,1.0,100.0,1.0,100.0,70.0,69.0,True,True
cutiile-magice,cpp,cutiile-magice_cpp.jplag,1314236136.cpp,1314236146.cpp,1314236136,1314236146,1.0,100.0,1.0,100.0,20.0,19.0,True,True
cutiile-magice,cpp,cutiile-magice_cpp.jplag,1314236136.cpp,1314236156.cpp,1314236136,1314236156,1.0,100.0,1.0,100.0,20.0,19.0,True,True
cutiile-magice,cpp,cutiile-magice_cpp.jplag,1314236146.cpp,1314236156.cpp,1314236146,1314236156,1.0,100.0,1.0,100.0,20.0,19.0,True,True
cutiile-magice,cpp,cutiile-magice_cpp.jplag,1314236211.cpp,1314236228.cpp,1314236211,1314236228,1.0,100.0,1.0,100.0,15.0,14.0,True,True
cutiile-magice,cpp,cutiile-magice_cpp.jplag,1314236649.cpp,1314236710.cpp,1314236649,1314236710,1.0,100.0,1.0,100.0,56.0,55.0,True,True
cutiile-magice,cpp,cutiile-magice_cpp.jplag,1314236720.cpp,1314236739.cpp,1314236720,1314236739,1.0,100.0,1.0,100.0,35.0,34.0,True,True
cutiile-magice,cpp,cutiile-magice_cpp.jplag,1314236738.cpp,1314236792.cpp,1314236738,1314236792,1.0,100.0,1.0,100.0,24.0,23.0,True,True
cutiile-magice,cpp,cutiile-magice_cpp.jplag,1314236738.cpp,1314236983.cpp,1314236738,1314236983,1.0,100.0,1.0,100.0,24.0,23.0,True,True
cutiile-magice,cpp,cutiile-magice_cpp.jplag,1314236792.cpp,1314236983.cpp,1314236792,1314236983,1.0,100.0,1.0,100.0,24.0,23.0,True,True
cutiile-magice,cpp,cutiile-magice_cpp.jplag,1314237078.cpp,1314237111.cpp,1314237078,1314237111,1.0,100.0,1.0,100.0,55.0,54.0,True,True
cutiile-magice,cpp,cutiile-magice_cpp.jplag,1314237078.cpp,1314237121.cpp,1314237078,1314237121,1.0,100.0,1.0,100.0,55.0,54.0,True,True
cutiile-magice,cpp,cutiile-magice_cpp.jplag,1314237111.cpp,1314237121.cpp,1314237111,1314237121,1.0,100.0,1.0,100.0,55.0,54.0,True,True
cutiile-magice,cpp,cutiile-magice_cpp.jplag,1314237139.cpp,1314237269.cpp,1314237139,1314237269,1.0,100.0,1.0,100.0,21.0,20.0,True,True
cutiile-magice,cpp,cutiile-magice_cpp.jplag,1314237197.cpp,1314237369.cpp,1314237197,1314237369,1.0,100.0,1.0,100.0,19.0,18.0,True,True
cutiile-magice,cpp,cutiile-magice_cpp.jplag,1314237431.cpp,1314237505.cpp,1314237431,1314237505,1.0,100.0,1.0,100.0,22.0,21.0,True,True
cutiile-magice,cpp,cutiile-magice_cpp.jplag,1314237593.cpp,1378145261.cpp,1314237593,1378145261,1.0,100.0,1.0,100.0,13.0,12.0,True,True
cutiile-magice,cpp,cutiile-magice_cpp.jplag,1314237608.cpp,1361810555.cpp,1314237608,1361810555,1.0,100.0,1.0,100.0,36.0,35.0,True,True
cutiile-magice,cpp,cutiile-magice_cpp.jplag,1314237617.cpp,1314237661.cpp,1314237617,1314237661,1.0,100.0,1.0,100.0,41.0,40.0,True,True
cutiile-magice,cpp,cutiile-magice_cpp.jplag,1314237617.cpp,1314237698.cpp,1314237617,1314237698,1.0,100.0,1.0,100.0,41.0,40.0,True,True
cutiile-magice,cpp,cutiile-magice_cpp.jplag,1314237661.cpp,1314237698.cpp,1314237661,1314237698,1.0,100.0,1.0,100.0,41.0,40.0,True,True
cutiile-magice,cpp,cutiile-magice_cpp.jplag,1323075305.cpp,1323075392.cpp,1323075305,1323075392,1.0,100.0,1.0,100.0,52.0,51.0,True,True
cutiile-magice,cpp,cutiile-magice_cpp.jplag,1323410372.cpp,1323410467.cpp,1323410372,1323410467,1.0,100.0,1.0,100.0,39.0,38.0,True,True
cutiile-magice,cpp,cutiile-magice_cpp.jplag,1323410554.cpp,1323410728.cpp,1323410554,1323410728,1.0,100.0,1.0,100.0,38.0,37.0,True,True
cutiile-magice,cpp,cutiile-magice_cpp.jplag,1323431099.cpp,1323431291.cpp,1323431099,1323431291,1.0,100.0,1.0,100.0,48.0,47.0,True,True
cutiile-magice,cpp,cutiile-magice_cpp.jplag,1323431350.cpp,1323431415.cpp,1323431350,1323431415,1.0,100.0,1.0,100.0,46.0,45.0,True,True
cutiile-magice,cpp,cutiile-magice_cpp.jplag,1323431482.cpp,1323431895.cpp,1323431482,1323431895,1.0,100.0,1.0,100.0,49.0,48.0,True,True
cutiile-magice,cpp,cutiile-magice_cpp.jplag,1323431865.cpp,1323431878.cpp,1323431865,1323431878,1.0,100.0,1.0,100.0,39.0,38.0,True,True
cutiile-magice,cpp,cutiile-magice_cpp.jplag,1323456262.cpp,1323457013.cpp,1323456262,1323457013,1.0,100.0,1.0,100.0,14.0,13.0,True,True
cutiile-magice,cpp,cutiile-magice_cpp.jplag,1323456262.cpp,1332757696.cpp,1323456262,1332757696,1.0,100.0,1.0,100.0,14.0,13.0,True,True
cutiile-magice,cpp,cutiile-magice_cpp.jplag,1323456262.cpp,1332762969.cpp,1323456262,1332762969,1.0,100.0,1.0,100.0,14.0,13.0,True,True
cutiile-magice,cpp,cutiile-magice_cpp.jplag,1323456262.cpp,1332763768.cpp,1323456262,1332763768,1.0,100.0,1.0,100.0,14.0,13.0,True,True
cutiile-magice,cpp,cutiile-magice_cpp.jplag,1323456262.cpp,1344635355.cpp,1323456262,1344635355,1.0,100.0,1.0,100.0,14.0,13.0,True,True
cutiile-magice,cpp,cutiile-magice_cpp.jplag,1323456262.cpp,1391865112.cpp,1323456262,1391865112,1.0,100.0,1.0,100.0,14.0,13.0,True,True
cutiile-magice,cpp,cutiile-magice_cpp.jplag,1323457013.cpp,1332757696.cpp,1323457013,1332757696,1.0,100.0,1.0,100.0,14.0,13.0,True,True
cutiile-magice,cpp,cutiile-magice_cpp.jplag,1323457013.cpp,1332762969.cpp,1323457013,1332762969,1.0,100.0,1.0,100.0,14.0,13.0,True,True
cutiile-magice,cpp,cutiile-magice_cpp.jplag,1323457013.cpp,1332763768.cpp,1323457013,1332763768,1.0,100.0,1.0,100.0,14.0,13.0,True,True
cutiile-magice,cpp,cutiile-magice_cpp.jplag,1323457013.cpp,1344635355.cpp,1323457013,1344635355,1.0,100.0,1.0,100.0,14.0,13.0,True,True
cutiile-magice,cpp,cutiile-magice_cpp.jplag,1323457013.cpp,1391865112.cpp,1323457013,1391865112,1.0,100.0,1.0,100.0,14.0,13.0,True,True
cutiile-magice,cpp,cutiile-magice_cpp.jplag,1332595217.cpp,1332595239.cpp,1332595217,1332595239,1.0,100.0,1.0,100.0,64.0,63.0,True,True
cutiile-magice,cpp,cutiile-magice_cpp.jplag,1332671770.cpp,1332671953.cpp,1332671770,1332671953,1.0,100.0,1.0,100.0,53.0,52.0,True,True
cutiile-magice,cpp,cutiile-magice_cpp.jplag,1332719663.cpp,1332719678.cpp,1332719663,1332719678,1.0,100.0,1.0,100.0,30.0,29.0,True,True
cutiile-magice,cpp,cutiile-magice_cpp.jplag,1332757696.cpp,1332762969.cpp,1332757696,1332762969,1.0,100.0,1.0,100.0,14.0,13.0,True,True
cutiile-magice,cpp,cutiile-magice_cpp.jplag,1332757696.cpp,1332763768.cpp,1332757696,1332763768,1.0,100.0,1.0,100.0,14.0,13.0,True,True
cutiile-magice,cpp,cutiile-magice_cpp.jplag,1332757696.cpp,1344635355.cpp,1332757696,1344635355,1.0,100.0,1.0,100.0,14.0,13.0,True,True
cutiile-magice,cpp,cutiile-magice_cpp.jplag,1332757696.cpp,1391865112.cpp,1332757696,1391865112,1.0,100.0,1.0,100.0,14.0,13.0,True,True
cutiile-magice,cpp,cutiile-magice_cpp.jplag,1332762969.cpp,1332763768.cpp,1332762969,1332763768,1.0,100.0,1.0,100.0,14.0,13.0,True,True
cutiile-magice,cpp,cutiile-magice_cpp.jplag,1332762969.cpp,1344635355.cpp,1332762969,1344635355,1.0,100.0,1.0,100.0,14.0,13.0,True,True
cutiile-magice,cpp,cutiile-magice_cpp.jplag,1332762969.cpp,1391865112.cpp,1332762969,1391865112,1.0,100.0,1.0,100.0,14.0,13.0,True,True
cutiile-magice,cpp,cutiile-magice_cpp.jplag,1332763109.cpp,1332763114.cpp,1332763109,1332763114,1.0,100.0,1.0,100.0,48.0,47.0,True,True
cutiile-magice,cpp,cutiile-magice_cpp.jplag,1332763768.cpp,1344635355.cpp,1332763768,1344635355,1.0,100.0,1.0,100.0,14.0,13.0,True,True
cutiile-magice,cpp,cutiile-magice_cpp.jplag,1332763768.cpp,1391865112.cpp,1332763768,1391865112,1.0,100.0,1.0,100.0,14.0,13.0,True,True
cutiile-magice,cpp,cutiile-magice_cpp.jplag,1344584433.cpp,1344585022.cpp,1344584433,1344585022,1.0,100.0,1.0,100.0,44.0,43.0,True,True
cutiile-magice,cpp,cutiile-magice_cpp.jplag,1344623858.cpp,1344623923.cpp,1344623858,1344623923,1.0,100.0,1.0,100.0,33.0,32.0,True,True
cutiile-magice,cpp,cutiile-magice_cpp.jplag,1344635355.cpp,1391865112.cpp,1344635355,1391865112,1.0,100.0,1.0,100.0,14.0,13.0,True,True
cutiile-magice,cpp,cutiile-magice_cpp.jplag,1344729739.cpp,1344729743.cpp,1344729739,1344729743,1.0,100.0,1.0,100.0,37.0,36.0,True,True
cutiile-magice,cpp,cutiile-magice_cpp.jplag,1344729739.cpp,1344729748.cpp,1344729739,1344729748,1.0,100.0,1.0,100.0,37.0,36.0,True,True
cutiile-magice,cpp,cutiile-magice_cpp.jplag,1344729739.cpp,1344729751.cpp,1344729739,1344729751,1.0,100.0,1.0,100.0,37.0,36.0,True,True
cutiile-magice,cpp,cutiile-magice_cpp.jplag,1344729739.cpp,1344729753.cpp,1344729739,1344729753,1.0,100.0,1.0,100.0,37.0,36.0,True,True
cutiile-magice,cpp,cutiile-magice_cpp.jplag,1344729739.cpp,1344729754.cpp,1344729739,1344729754,1.0,100.0,1.0,100.0,37.0,36.0,True,True
cutiile-magice,cpp,cutiile-magice_cpp.jplag,1344729739.cpp,1344729756.cpp,1344729739,1344729756,1.0,100.0,1.0,100.0,37.0,36.0,True,True
cutiile-magice,cpp,cutiile-magice_cpp.jplag,1344729743.cpp,1344729748.cpp,1344729743,1344729748,1.0,100.0,1.0,100.0,37.0,36.0,True,True
cutiile-magice,cpp,cutiile-magice_cpp.jplag,1344729743.cpp,1344729751.cpp,1344729743,1344729751,1.0,100.0,1.0,100.0,37.0,36.0,True,True
cutiile-magice,cpp,cutiile-magice_cpp.jplag,1344729743.cpp,1344729753.cpp,1344729743,1344729753,1.0,100.0,1.0,100.0,37.0,36.0,True,True
cutiile-magice,cpp,cutiile-magice_cpp.jplag,1344729743.cpp,1344729754.cpp,1344729743,1344729754,1.0,100.0,1.0,100.0,37.0,36.0,True,True
cutiile-magice,cpp,cutiile-magice_cpp.jplag,1344729743.cpp,1344729756.cpp,1344729743,1344729756,1.0,100.0,1.0,100.0,37.0,36.0,True,True
cutiile-magice,cpp,cutiile-magice_cpp.jplag,1344729748.cpp,1344729751.cpp,1344729748,1344729751,1.0,100.0,1.0,100.0,37.0,36.0,True,True
cutiile-magice,cpp,cutiile-magice_cpp.jplag,1344729748.cpp,1344729753.cpp,1344729748,1344729753,1.0,100.0,1.0,100.0,37.0,36.0,True,True
cutiile-magice,cpp,cutiile-magice_cpp.jplag,1344729748.cpp,1344729754.cpp,1344729748,1344729754,1.0,100.0,1.0,100.0,37.0,36.0,True,True
cutiile-magice,cpp,cutiile-magice_cpp.jplag,1344729748.cpp,1344729756.cpp,1344729748,1344729756,1.0,100.0,1.0,100.0,37.0,36.0,True,True
cutiile-magice,cpp,cutiile-magice_cpp.jplag,1344729749.cpp,1344729750.cpp,1344729749,1344729750,1.0,100.0,1.0,100.0,36.0,35.0,True,True
cutiile-magice,cpp,cutiile-magice_cpp.jplag,1344729751.cpp,1344729753.cpp,1344729751,1344729753,1.0,100.0,1.0,100.0,37.0,36.0,True,True
cutiile-magice,cpp,cutiile-magice_cpp.jplag,1344729751.cpp,1344729754.cpp,1344729751,1344729754,1.0,100.0,1.0,100.0,37.0,36.0,True,True
cutiile-magice,cpp,cutiile-magice_cpp.jplag,1344729751.cpp,1344729756.cpp,1344729751,1344729756,1.0,100.0,1.0,100.0,37.0,36.0,True,True
cutiile-magice,cpp,cutiile-magice_cpp.jplag,1344729753.cpp,1344729754.cpp,1344729753,1344729754,1.0,100.0,1.0,100.0,37.0,36.0,True,True
cutiile-magice,cpp,cutiile-magice_cpp.jplag,1344729753.cpp,1344729756.cpp,1344729753,1344729756,1.0,100.0,1.0,100.0,37.0,36.0,True,True
cutiile-magice,cpp,cutiile-magice_cpp.jplag,1344729754.cpp,1344729756.cpp,1344729754,1344729756,1.0,100.0,1.0,100.0,37.0,36.0,True,True
cutiile-magice,cpp,cutiile-magice_cpp.jplag,1370576009.cpp,1370576016.cpp,1370576009,1370576016,1.0,100.0,1.0,100.0,38.0,37.0,True,True
cutiile-magice,cpp,cutiile-magice_cpp.jplag,1370576009.cpp,1370576071.cpp,1370576009,1370576071,1.0,100.0,1.0,100.0,38.0,37.0,True,True
cutiile-magice,cpp,cutiile-magice_cpp.jplag,1370576009.cpp,1370576093.cpp,1370576009,1370576093,1.0,100.0,1.0,100.0,38.0,37.0,True,True
cutiile-magice,cpp,cutiile-magice_cpp.jplag,1370576016.cpp,1370576071.cpp,1370576016,1370576071,1.0,100.0,1.0,100.0,38.0,37.0,True,True
cutiile-magice,cpp,cutiile-magice_cpp.jplag,1370576016.cpp,1370576093.cpp,1370576016,1370576093,1.0,100.0,1.0,100.0,38.0,37.0,True,True
cutiile-magice,cpp,cutiile-magice_cpp.jplag,1370576071.cpp,1370576093.cpp,1370576071,1370576093,1.0,100.0,1.0,100.0,38.0,37.0,True,True
cutiile-magice,cpp,cutiile-magice_cpp.jplag,1370578798.cpp,1370578807.cpp,1370578798,1370578807,1.0,100.0,1.0,100.0,29.0,28.0,True,True
cutiile-magice,cpp,cutiile-magice_cpp.jplag,1378140628.cpp,1378159634.cpp,1378140628,1378159634,1.0,100.0,1.0,100.0,34.0,33.0,True,True
cutiile-magice,java,cutiile-magice_java.jplag,1314235549.java,1323445657.java,1314235549,1323445657,1.0,100.0,1.0,100.0,106.0,105.0,True,True
cutiile-magice,java,cutiile-magice_java.jplag,1314235549.java,1391740454.java,1314235549,1391740454,1.0,100.0,1.0,100.0,106.0,105.0,True,True
cutiile-magice,java,cutiile-magice_java.jplag,1314235549.java,1391832143.java,1314235549,1391832143,1.0,100.0,1.0,100.0,106.0,105.0,True,True
cutiile-magice,java,cutiile-magice_java.jplag,1314235611.java,1314235724.java,1314235611,1314235724,1.0,100.0,1.0,100.0,100.0,99.0,True,True
cutiile-magice,java,cutiile-magice_java.jplag,1314236245.java,1314236280.java,1314236245,1314236280,1.0,100.0,1.0,100.0,92.0,91.0,True,True
cutiile-magice,java,cutiile-magice_java.jplag,1314236544.java,1314236596.java,1314236544,1314236596,1.0,100.0,1.0,100.0,84.0,83.0,True,True
cutiile-magice,java,cutiile-magice_java.jplag,1314236646.java,1314236723.java,1314236646,1314236723,1.0,100.0,1.0,100.0,101.0,100.0,True,True
cutiile-magice,java,cutiile-magice_java.jplag,1314236656.java,1314236677.java,1314236656,1314236677,1.0,100.0,1.0,100.0,97.0,96.0,True,True
cutiile-magice,java,cutiile-magice_java.jplag,1314236656.java,1314236709.java,1314236656,1314236709,1.0,100.0,1.0,100.0,97.0,96.0,True,True
cutiile-magice,java,cutiile-magice_java.jplag,1314236668.java,1323426563.java,1314236668,1323426563,1.0,100.0,1.0,100.0,76.0,75.0,True,True
cutiile-magice,java,cutiile-magice_java.jplag,1314236668.java,1332728738.java,1314236668,1332728738,1.0,100.0,1.0,100.0,76.0,75.0,True,True
cutiile-magice,java,cutiile-magice_java.jplag,1314236668.java,1332760961.java,1314236668,1332760961,1.0,100.0,1.0,100.0,76.0,75.0,True,True
cutiile-magice,java,cutiile-magice_java.jplag,1314236677.java,1314236709.java,1314236677,1314236709,1.0,100.0,1.0,100.0,97.0,96.0,True,True
cutiile-magice,java,cutiile-magice_java.jplag,1314236767.java,1314236783.java,1314236767,1314236783,1.0,100.0,1.0,100.0,127.0,126.0,True,True
cutiile-magice,java,cutiile-magice_java.jplag,1314236835.java,1314236871.java,1314236835,1314236871,1.0,100.0,1.0,100.0,112.0,111.0,True,True
cutiile-magice,java,cutiile-magice_java.jplag,1314237116.java,1314237247.java,1314237116,1314237247,1.0,100.0,1.0,100.0,127.0,126.0,True,True
cutiile-magice,java,cutiile-magice_java.jplag,1314237198.java,1314237727.java,1314237198,1314237727,1.0,100.0,1.0,100.0,90.0,89.0,True,True
cutiile-magice,java,cutiile-magice_java.jplag,1314237210.java,1314237270.java,1314237210,1314237270,1.0,100.0,1.0,100.0,86.0,85.0,True,True
cutiile-magice,java,cutiile-magice_java.jplag,1314237253.java,1314237426.java,1314237253,1314237426,1.0,100.0,1.0,100.0,113.0,112.0,True,True
cutiile-magice,java,cutiile-magice_java.jplag,1314237300.java,1314237635.java,1314237300,1314237635,1.0,100.0,1.0,100.0,101.0,100.0,True,True
cutiile-magice,java,cutiile-magice_java.jplag,1314237300.java,1314237694.java,1314237300,1314237694,1.0,100.0,1.0,100.0,101.0,100.0,True,True
cutiile-magice,java,cutiile-magice_java.jplag,1314237635.java,1314237694.java,1314237635,1314237694,1.0,100.0,1.0,100.0,101.0,100.0,True,True
cutiile-magice,java,cutiile-magice_java.jplag,1314237678.java,1314237834.java,1314237678,1314237834,1.0,100.0,1.0,100.0,82.0,81.0,True,True
cutiile-magice,java,cutiile-magice_java.jplag,1314237678.java,1314237850.java,1314237678,1314237850,1.0,100.0,1.0,100.0,82.0,81.0,True,True
cutiile-magice,java,cutiile-magice_java.jplag,1314237834.java,1314237850.java,1314237834,1314237850,1.0,100.0,1.0,100.0,82.0,81.0,True,True
cutiile-magice,java,cutiile-magice_java.jplag,1323389510.java,1323389682.java,1323389510,1323389682,1.0,100.0,1.0,100.0,83.0,82.0,True,True
cutiile-magice,java,cutiile-magice_java.jplag,1323426563.java,1332728738.java,1323426563,1332728738,1.0,100.0,1.0,100.0,76.0,75.0,True,True
cutiile-magice,java,cutiile-magice_java.jplag,1323426563.java,1332760961.java,1323426563,1332760961,1.0,100.0,1.0,100.0,76.0,75.0,True,True
cutiile-magice,java,cutiile-magice_java.jplag,1323427221.java,1323427418.java,1323427221,1323427418,1.0,100.0,1.0,100.0,107.0,106.0,True,True
cutiile-magice,java,cutiile-magice_java.jplag,1323445657.java,1391740454.java,1323445657,1391740454,1.0,100.0,1.0,100.0,106.0,105.0,True,True
cutiile-magice,java,cutiile-magice_java.jplag,1323445657.java,1391832143.java,1323445657,1391832143,1.0,100.0,1.0,100.0,106.0,105.0,True,True
cutiile-magice,java,cutiile-magice_java.jplag,1323453896.java,1323453939.java,1323453896,1323453939,1.0,100.0,1.0,100.0,110.0,109.0,True,True
cutiile-magice,java,cutiile-magice_java.jplag,1323453896.java,1323453986.java,1323453896,1323453986,1.0,100.0,1.0,100.0,110.0,109.0,True,True
cutiile-magice,java,cutiile-magice_java.jplag,1323453896.java,1323454022.java,1323453896,1323454022,1.0,100.0,1.0,100.0,110.0,109.0,True,True
cutiile-magice,java,cutiile-magice_java.jplag,1323453939.java,1323453986.java,1323453939,1323453986,1.0,100.0,1.0,100.0,110.0,109.0,True,True
cutiile-magice,java,cutiile-magice_java.jplag,1323453939.java,1323454022.java,1323453939,1323454022,1.0,100.0,1.0,100.0,110.0,109.0,True,True
cutiile-magice,java,cutiile-magice_java.jplag,1323453986.java,1323454022.java,1323453986,1323454022,1.0,100.0,1.0,100.0,110.0,109.0,True,True
cutiile-magice,java,cutiile-magice_java.jplag,1332728738.java,1332760961.java,1332728738,1332760961,1.0,100.0,1.0,100.0,76.0,75.0,True,True
cutiile-magice,java,cutiile-magice_java.jplag,1332764002.java,1332764094.java,1332764002,1332764094,1.0,100.0,1.0,100.0,109.0,108.0,True,True
cutiile-magice,java,cutiile-magice_java.jplag,1378139483.java,1378139543.java,1378139483,1378139543,1.0,100.0,1.0,100.0,118.0,117.0,True,True
cutiile-magice,java,cutiile-magice_java.jplag,1378139483.java,1378139688.java,1378139483,1378139688,1.0,100.0,1.0,100.0,118.0,117.0,True,True
cutiile-magice,java,cutiile-magice_java.jplag,1378139543.java,1378139688.java,1378139543,1378139688,1.0,100.0,1.0,100.0,118.0,117.0,True,True
cutiile-magice,java,cutiile-magice_java.jplag,1391740454.java,1391832143.java,1391740454,1391832143,1.0,100.0,1.0,100.0,106.0,105.0,True,True
gigel-si-raspandirea-vestilor,cpp,gigel-si-raspandirea-vestilor_cpp.jplag,1314234446.cpp,1344604055.cpp,1314234446,1344604055,1.0,100.0,1.0,100.0,57.0,56.0,True,True
gigel-si-raspandirea-vestilor,cpp,gigel-si-raspandirea-vestilor_cpp.jplag,1314234446.cpp,1344630550.cpp,1314234446,1344630550,1.0,100.0,1.0,100.0,57.0,56.0,True,True
gigel-si-raspandirea-vestilor,cpp,gigel-si-raspandirea-vestilor_cpp.jplag,1314234446.cpp,1344638178.cpp,1314234446,1344638178,1.0,100.0,1.0,100.0,57.0,56.0,True,True
gigel-si-raspandirea-vestilor,cpp,gigel-si-raspandirea-vestilor_cpp.jplag,1314234531.cpp,1361905703.cpp,1314234531,1361905703,1.0,100.0,1.0,100.0,38.0,37.0,True,True
gigel-si-raspandirea-vestilor,cpp,gigel-si-raspandirea-vestilor_cpp.jplag,1314234800.cpp,1314236380.cpp,1314234800,1314236380,1.0,100.0,1.0,100.0,95.0,94.0,True,True
gigel-si-raspandirea-vestilor,cpp,gigel-si-raspandirea-vestilor_cpp.jplag,1314234833.cpp,1314234967.cpp,1314234833,1314234967,1.0,100.0,1.0,100.0,50.0,49.0,True,True
gigel-si-raspandirea-vestilor,cpp,gigel-si-raspandirea-vestilor_cpp.jplag,1314234899.cpp,1314235259.cpp,1314234899,1314235259,1.0,100.0,1.0,100.0,52.0,51.0,True,True
gigel-si-raspandirea-vestilor,cpp,gigel-si-raspandirea-vestilor_cpp.jplag,1314234899.cpp,1314235273.cpp,1314234899,1314235273,1.0,100.0,1.0,100.0,52.0,51.0,True,True
gigel-si-raspandirea-vestilor,cpp,gigel-si-raspandirea-vestilor_cpp.jplag,1314234908.cpp,1314234917.cpp,1314234908,1314234917,1.0,100.0,1.0,100.0,46.0,45.0,True,True
gigel-si-raspandirea-vestilor,cpp,gigel-si-raspandirea-vestilor_cpp.jplag,1314235045.cpp,1314237404.cpp,1314235045,1314237404,1.0,100.0,1.0,100.0,58.0,57.0,True,True
gigel-si-raspandirea-vestilor,cpp,gigel-si-raspandirea-vestilor_cpp.jplag,1314235102.cpp,1314235257.cpp,1314235102,1314235257,1.0,100.0,1.0,100.0,71.0,70.0,True,True
gigel-si-raspandirea-vestilor,cpp,gigel-si-raspandirea-vestilor_cpp.jplag,1314235204.cpp,1314235349.cpp,1314235204,1314235349,1.0,100.0,1.0,100.0,57.0,56.0,True,True
gigel-si-raspandirea-vestilor,cpp,gigel-si-raspandirea-vestilor_cpp.jplag,1314235258.cpp,1314235277.cpp,1314235258,1314235277,1.0,100.0,1.0,100.0,56.0,55.0,True,True
gigel-si-raspandirea-vestilor,cpp,gigel-si-raspandirea-vestilor_cpp.jplag,1314235258.cpp,1314235303.cpp,1314235258,1314235303,1.0,100.0,1.0,100.0,56.0,55.0,True,True
gigel-si-raspandirea-vestilor,cpp,gigel-si-raspandirea-vestilor_cpp.jplag,1314235259.cpp,1314235273.cpp,1314235259,1314235273,1.0,100.0,1.0,100.0,52.0,51.0,True,True
gigel-si-raspandirea-vestilor,cpp,gigel-si-raspandirea-vestilor_cpp.jplag,1314235277.cpp,1314235303.cpp,1314235277,1314235303,1.0,100.0,1.0,100.0,56.0,55.0,True,True
gigel-si-raspandirea-vestilor,cpp,gigel-si-raspandirea-vestilor_cpp.jplag,1314235298.cpp,1314235468.cpp,1314235298,1314235468,1.0,100.0,1.0,100.0,56.0,55.0,True,True
gigel-si-raspandirea-vestilor,cpp,gigel-si-raspandirea-vestilor_cpp.jplag,1314235309.cpp,1314237607.cpp,1314235309,1314237607,1.0,100.0,1.0,100.0,77.0,76.0,True,True
gigel-si-raspandirea-vestilor,cpp,gigel-si-raspandirea-vestilor_cpp.jplag,1314235475.cpp,1314235627.cpp,1314235475,1314235627,1.0,100.0,1.0,100.0,60.0,59.0,True,True
gigel-si-raspandirea-vestilor,cpp,gigel-si-raspandirea-vestilor_cpp.jplag,1314235491.cpp,1314235533.cpp,1314235491,1314235533,1.0,100.0,1.0,100.0,88.0,87.0,True,True
gigel-si-raspandirea-vestilor,cpp,gigel-si-raspandirea-vestilor_cpp.jplag,1314235595.cpp,1314235698.cpp,1314235595,1314235698,1.0,100.0,1.0,100.0,45.0,44.0,True,True
gigel-si-raspandirea-vestilor,cpp,gigel-si-raspandirea-vestilor_cpp.jplag,1314235595.cpp,1314236365.cpp,1314235595,1314236365,1.0,100.0,1.0,100.0,45.0,44.0,True,True
gigel-si-raspandirea-vestilor,cpp,gigel-si-raspandirea-vestilor_cpp.jplag,1314235698.cpp,1314236365.cpp,1314235698,1314236365,1.0,100.0,1.0,100.0,45.0,44.0,True,True
gigel-si-raspandirea-vestilor,cpp,gigel-si-raspandirea-vestilor_cpp.jplag,1314235783.cpp,1314235821.cpp,1314235783,1314235821,1.0,100.0,1.0,100.0,85.0,84.0,True,True
gigel-si-raspandirea-vestilor,cpp,gigel-si-raspandirea-vestilor_cpp.jplag,1314235783.cpp,1314235897.cpp,1314235783,1314235897,1.0,100.0,1.0,100.0,85.0,84.0,True,True
gigel-si-raspandirea-vestilor,cpp,gigel-si-raspandirea-vestilor_cpp.jplag,1314235821.cpp,1314235897.cpp,1314235821,1314235897,1.0,100.0,1.0,100.0,85.0,84.0,True,True
gigel-si-raspandirea-vestilor,cpp,gigel-si-raspandirea-vestilor_cpp.jplag,1314235832.cpp,1314235857.cpp,1314235832,1314235857,1.0,100.0,1.0,100.0,81.0,80.0,True,True
gigel-si-raspandirea-vestilor,cpp,gigel-si-raspandirea-vestilor_cpp.jplag,1314235860.cpp,1314235962.cpp,1314235860,1314235962,1.0,100.0,1.0,100.0,83.0,82.0,True,True
gigel-si-raspandirea-vestilor,cpp,gigel-si-raspandirea-vestilor_cpp.jplag,1314235860.cpp,1314235965.cpp,1314235860,1314235965,1.0,100.0,1.0,100.0,83.0,82.0,True,True
gigel-si-raspandirea-vestilor,cpp,gigel-si-raspandirea-vestilor_cpp.jplag,1314235962.cpp,1314235965.cpp,1314235962,1314235965,1.0,100.0,1.0,100.0,83.0,82.0,True,True
gigel-si-raspandirea-vestilor,cpp,gigel-si-raspandirea-vestilor_cpp.jplag,1314236312.cpp,1314236483.cpp,1314236312,1314236483,1.0,100.0,1.0,100.0,46.0,45.0,True,True
gigel-si-raspandirea-vestilor,cpp,gigel-si-raspandirea-vestilor_cpp.jplag,1314236378.cpp,1314236404.cpp,1314236378,1314236404,1.0,100.0,1.0,100.0,56.0,55.0,True,True
gigel-si-raspandirea-vestilor,cpp,gigel-si-raspandirea-vestilor_cpp.jplag,1314237179.cpp,1314237267.cpp,1314237179,1314237267,1.0,100.0,1.0,100.0,67.0,66.0,True,True
gigel-si-raspandirea-vestilor,cpp,gigel-si-raspandirea-vestilor_cpp.jplag,1314237697.cpp,1314237733.cpp,1314237697,1314237733,1.0,100.0,1.0,100.0,47.0,46.0,True,True
gigel-si-raspandirea-vestilor,cpp,gigel-si-raspandirea-vestilor_cpp.jplag,1314237697.cpp,1314237746.cpp,1314237697,1314237746,1.0,100.0,1.0,100.0,47.0,46.0,True,True
gigel-si-raspandirea-vestilor,cpp,gigel-si-raspandirea-vestilor_cpp.jplag,1314237733.cpp,1314237746.cpp,1314237733,1314237746,1.0,100.0,1.0,100.0,47.0,46.0,True,True
gigel-si-raspandirea-vestilor,cpp,gigel-si-raspandirea-vestilor_cpp.jplag,1323089769.cpp,1323090024.cpp,1323089769,1323090024,1.0,100.0,1.0,100.0,56.0,55.0,True,True
gigel-si-raspandirea-vestilor,cpp,gigel-si-raspandirea-vestilor_cpp.jplag,1323089769.cpp,1323090318.cpp,1323089769,1323090318,1.0,100.0,1.0,100.0,56.0,55.0,True,True
gigel-si-raspandirea-vestilor,cpp,gigel-si-raspandirea-vestilor_cpp.jplag,1323090024.cpp,1323090318.cpp,1323090024,1323090318,1.0,100.0,1.0,100.0,56.0,55.0,True,True
gigel-si-raspandirea-vestilor,cpp,gigel-si-raspandirea-vestilor_cpp.jplag,1323341310.cpp,1323341340.cpp,1323341310,1323341340,1.0,100.0,1.0,100.0,91.0,90.0,True,True
gigel-si-raspandirea-vestilor,cpp,gigel-si-raspandirea-vestilor_cpp.jplag,1323404453.cpp,1323445868.cpp,1323404453,1323445868,1.0,100.0,1.0,100.0,54.0,53.0,True,True
gigel-si-raspandirea-vestilor,cpp,gigel-si-raspandirea-vestilor_cpp.jplag,1323417597.cpp,1323417646.cpp,1323417597,1323417646,1.0,100.0,1.0,100.0,46.0,45.0,True,True
gigel-si-raspandirea-vestilor,cpp,gigel-si-raspandirea-vestilor_cpp.jplag,1323417597.cpp,1323417757.cpp,1323417597,1323417757,1.0,100.0,1.0,100.0,46.0,45.0,True,True
gigel-si-raspandirea-vestilor,cpp,gigel-si-raspandirea-vestilor_cpp.jplag,1323417597.cpp,1323417811.cpp,1323417597,1323417811,1.0,100.0,1.0,100.0,46.0,45.0,True,True
gigel-si-raspandirea-vestilor,cpp,gigel-si-raspandirea-vestilor_cpp.jplag,1323417646.cpp,1323417757.cpp,1323417646,1323417757,1.0,100.0,1.0,100.0,46.0,45.0,True,True
gigel-si-raspandirea-vestilor,cpp,gigel-si-raspandirea-vestilor_cpp.jplag,1323417646.cpp,1323417811.cpp,1323417646,1323417811,1.0,100.0,1.0,100.0,46.0,45.0,True,True
gigel-si-raspandirea-vestilor,cpp,gigel-si-raspandirea-vestilor_cpp.jplag,1323417757.cpp,1323417811.cpp,1323417757,1323417811,1.0,100.0,1.0,100.0,46.0,45.0,True,True
gigel-si-raspandirea-vestilor,cpp,gigel-si-raspandirea-vestilor_cpp.jplag,1323417873.cpp,1323418038.cpp,1323417873,1323418038,1.0,100.0,1.0,100.0,51.0,50.0,True,True
gigel-si-raspandirea-vestilor,cpp,gigel-si-raspandirea-vestilor_cpp.jplag,1323445078.cpp,1323445123.cpp,1323445078,1323445123,1.0,100.0,1.0,100.0,45.0,44.0,True,True
gigel-si-raspandirea-vestilor,cpp,gigel-si-raspandirea-vestilor_cpp.jplag,1323445078.cpp,1323445140.cpp,1323445078,1323445140,1.0,100.0,1.0,100.0,45.0,44.0,True,True
gigel-si-raspandirea-vestilor,cpp,gigel-si-raspandirea-vestilor_cpp.jplag,1323445123.cpp,1323445140.cpp,1323445123,1323445140,1.0,100.0,1.0,100.0,45.0,44.0,True,True
gigel-si-raspandirea-vestilor,cpp,gigel-si-raspandirea-vestilor_cpp.jplag,1323452051.cpp,1323452096.cpp,1323452051,1323452096,1.0,100.0,1.0,100.0,44.0,43.0,True,True
gigel-si-raspandirea-vestilor,cpp,gigel-si-raspandirea-vestilor_cpp.jplag,1323455295.cpp,1323455306.cpp,1323455295,1323455306,1.0,100.0,1.0,100.0,45.0,44.0,True,True
gigel-si-raspandirea-vestilor,cpp,gigel-si-raspandirea-vestilor_cpp.jplag,1323455786.cpp,1323455796.cpp,1323455786,1323455796,1.0,100.0,1.0,100.0,58.0,57.0,True,True
gigel-si-raspandirea-vestilor,cpp,gigel-si-raspandirea-vestilor_cpp.jplag,1331970060.cpp,1331970072.cpp,1331970060,1331970072,1.0,100.0,1.0,100.0,59.0,58.0,True,True
gigel-si-raspandirea-vestilor,cpp,gigel-si-raspandirea-vestilor_cpp.jplag,1332755913.cpp,1332755958.cpp,1332755913,1332755958,1.0,100.0,1.0,100.0,51.0,50.0,True,True
gigel-si-raspandirea-vestilor,cpp,gigel-si-raspandirea-vestilor_cpp.jplag,1333683754.cpp,1333683868.cpp,1333683754,1333683868,1.0,100.0,1.0,100.0,52.0,51.0,True,True
gigel-si-raspandirea-vestilor,cpp,gigel-si-raspandirea-vestilor_cpp.jplag,1333683754.cpp,1333683895.cpp,1333683754,1333683895,1.0,100.0,1.0,100.0,52.0,51.0,True,True
gigel-si-raspandirea-vestilor,cpp,gigel-si-raspandirea-vestilor_cpp.jplag,1333683868.cpp,1333683895.cpp,1333683868,1333683895,1.0,100.0,1.0,100.0,52.0,51.0,True,True
gigel-si-raspandirea-vestilor,cpp,gigel-si-raspandirea-vestilor_cpp.jplag,1333777537.cpp,1333777542.cpp,1333777537,1333777542,1.0,100.0,1.0,100.0,176.0,175.0,True,True
gigel-si-raspandirea-vestilor,cpp,gigel-si-raspandirea-vestilor_cpp.jplag,1333777537.cpp,1333804486.cpp,1333777537,1333804486,1.0,100.0,1.0,100.0,176.0,175.0,True,True
gigel-si-raspandirea-vestilor,cpp,gigel-si-raspandirea-vestilor_cpp.jplag,1333777537.cpp,1333804494.cpp,1333777537,1333804494,1.0,100.0,1.0,100.0,176.0,175.0,True,True
gigel-si-raspandirea-vestilor,cpp,gigel-si-raspandirea-vestilor_cpp.jplag,1333777542.cpp,1333804486.cpp,1333777542,1333804486,1.0,100.0,1.0,100.0,176.0,175.0,True,True
gigel-si-raspandirea-vestilor,cpp,gigel-si-raspandirea-vestilor_cpp.jplag,1333777542.cpp,1333804494.cpp,1333777542,1333804494,1.0,100.0,1.0,100.0,176.0,175.0,True,True
gigel-si-raspandirea-vestilor,cpp,gigel-si-raspandirea-vestilor_cpp.jplag,1333804292.cpp,1333804310.cpp,1333804292,1333804310,1.0,100.0,1.0,100.0,60.0,59.0,True,True
gigel-si-raspandirea-vestilor,cpp,gigel-si-raspandirea-vestilor_cpp.jplag,1333804455.cpp,1333804466.cpp,1333804455,1333804466,1.0,100.0,1.0,100.0,45.0,44.0,True,True
gigel-si-raspandirea-vestilor,cpp,gigel-si-raspandirea-vestilor_cpp.jplag,1333804455.cpp,1333804558.cpp,1333804455,1333804558,1.0,100.0,1.0,100.0,45.0,44.0,True,True
gigel-si-raspandirea-vestilor,cpp,gigel-si-raspandirea-vestilor_cpp.jplag,1333804466.cpp,1333804558.cpp,1333804466,1333804558,1.0,100.0,1.0,100.0,45.0,44.0,True,True
gigel-si-raspandirea-vestilor,cpp,gigel-si-raspandirea-vestilor_cpp.jplag,1333804486.cpp,1333804494.cpp,1333804486,1333804494,1.0,100.0,1.0,100.0,176.0,175.0,True,True
gigel-si-raspandirea-vestilor,cpp,gigel-si-raspandirea-vestilor_cpp.jplag,1344603930.cpp,1344603940.cpp,1344603930,1344603940,1.0,100.0,1.0,100.0,60.0,59.0,True,True
gigel-si-raspandirea-vestilor,cpp,gigel-si-raspandirea-vestilor_cpp.jplag,1344603958.cpp,1344604009.cpp,1344603958,1344604009,1.0,100.0,1.0,100.0,50.0,49.0,True,True
gigel-si-raspandirea-vestilor,cpp,gigel-si-raspandirea-vestilor_cpp.jplag,1344604055.cpp,1344630550.cpp,1344604055,1344630550,1.0,100.0,1.0,100.0,57.0,56.0,True,True
gigel-si-raspandirea-vestilor,cpp,gigel-si-raspandirea-vestilor_cpp.jplag,1344604055.cpp,1344638178.cpp,1344604055,1344638178,1.0,100.0,1.0,100.0,57.0,56.0,True,True
gigel-si-raspandirea-vestilor,cpp,gigel-si-raspandirea-vestilor_cpp.jplag,1344623105.cpp,1344623137.cpp,1344623105,1344623137,1.0,100.0,1.0,100.0,50.0,49.0,True,True
gigel-si-raspandirea-vestilor,cpp,gigel-si-raspandirea-vestilor_cpp.jplag,1344623105.cpp,1344623170.cpp,1344623105,1344623170,1.0,100.0,1.0,100.0,50.0,49.0,True,True
gigel-si-raspandirea-vestilor,cpp,gigel-si-raspandirea-vestilor_cpp.jplag,1344623137.cpp,1344623170.cpp,1344623137,1344623170,1.0,100.0,1.0,100.0,50.0,49.0,True,True
gigel-si-raspandirea-vestilor,cpp,gigel-si-raspandirea-vestilor_cpp.jplag,1344630550.cpp,1344638178.cpp,1344630550,1344638178,1.0,100.0,1.0,100.0,57.0,56.0,True,True
gigel-si-raspandirea-vestilor,cpp,gigel-si-raspandirea-vestilor_cpp.jplag,1344637809.cpp,1344637828.cpp,1344637809,1344637828,1.0,100.0,1.0,100.0,91.0,90.0,True,True
gigel-si-raspandirea-vestilor,cpp,gigel-si-raspandirea-vestilor_cpp.jplag,1344638145.cpp,1344638167.cpp,1344638145,1344638167,1.0,100.0,1.0,100.0,71.0,70.0,True,True
gigel-si-raspandirea-vestilor,cpp,gigel-si-raspandirea-vestilor_cpp.jplag,1344729495.cpp,1344729501.cpp,1344729495,1344729501,1.0,100.0,1.0,100.0,39.0,38.0,True,True
gigel-si-raspandirea-vestilor,cpp,gigel-si-raspandirea-vestilor_cpp.jplag,1378018289.cpp,1378155090.cpp,1378018289,1378155090,1.0,100.0,1.0,100.0,56.0,55.0,True,True
gigel-si-raspandirea-vestilor,cpp,gigel-si-raspandirea-vestilor_cpp.jplag,1378033463.cpp,1378033499.cpp,1378033463,1378033499,1.0,100.0,1.0,100.0,47.0,46.0,True,True
gigel-si-raspandirea-vestilor,cpp,gigel-si-raspandirea-vestilor_cpp.jplag,1378096911.cpp,1408543362.cpp,1378096911,1408543362,1.0,100.0,1.0,100.0,36.0,35.0,True,True
gigel-si-raspandirea-vestilor,cpp,gigel-si-raspandirea-vestilor_cpp.jplag,1378118502.cpp,1378118526.cpp,1378118502,1378118526,1.0,100.0,1.0,100.0,63.0,62.0,True,True
gigel-si-raspandirea-vestilor,cpp,gigel-si-raspandirea-vestilor_cpp.jplag,1378120705.cpp,1408556490.cpp,1378120705,1408556490,1.0,100.0,1.0,100.0,43.0,42.0,True,True
gigel-si-raspandirea-vestilor,cpp,gigel-si-raspandirea-vestilor_cpp.jplag,1378128663.cpp,1392033851.cpp,1378128663,1392033851,1.0,100.0,1.0,100.0,42.0,41.0,True,True
gigel-si-raspandirea-vestilor,cpp,gigel-si-raspandirea-vestilor_cpp.jplag,1378154426.cpp,1391951461.cpp,1378154426,1391951461,1.0,100.0,1.0,100.0,38.0,37.0,True,True
gigel-si-raspandirea-vestilor,cpp,gigel-si-raspandirea-vestilor_cpp.jplag,1378154566.cpp,1378154619.cpp,1378154566,1378154619,1.0,100.0,1.0,100.0,65.0,64.0,True,True
gigel-si-raspandirea-vestilor,cpp,gigel-si-raspandirea-vestilor_cpp.jplag,1391770094.cpp,1391770134.cpp,1391770094,1391770134,1.0,100.0,1.0,100.0,40.0,39.0,True,True
gigel-si-raspandirea-vestilor,cpp,gigel-si-raspandirea-vestilor_cpp.jplag,1391827197.cpp,1391827266.cpp,1391827197,1391827266,1.0,100.0,1.0,100.0,42.0,41.0,True,True
gigel-si-raspandirea-vestilor,cpp,gigel-si-raspandirea-vestilor_cpp.jplag,1391856285.cpp,1391930092.cpp,1391856285,1391930092,1.0,100.0,1.0,100.0,42.0,41.0,True,True
gigel-si-raspandirea-vestilor,cpp,gigel-si-raspandirea-vestilor_cpp.jplag,1391856285.cpp,1392022530.cpp,1391856285,1392022530,1.0,100.0,1.0,100.0,42.0,41.0,True,True
gigel-si-raspandirea-vestilor,cpp,gigel-si-raspandirea-vestilor_cpp.jplag,1391856285.cpp,1408569037.cpp,1391856285,1408569037,1.0,100.0,1.0,100.0,42.0,41.0,True,True
gigel-si-raspandirea-vestilor,cpp,gigel-si-raspandirea-vestilor_cpp.jplag,1391856285.cpp,1408569325.cpp,1391856285,1408569325,1.0,100.0,1.0,100.0,42.0,41.0,True,True
gigel-si-raspandirea-vestilor,cpp,gigel-si-raspandirea-vestilor_cpp.jplag,1391856285.cpp,1408570962.cpp,1391856285,1408570962,1.0,100.0,1.0,100.0,42.0,41.0,True,True
gigel-si-raspandirea-vestilor,cpp,gigel-si-raspandirea-vestilor_cpp.jplag,1391930092.cpp,1392022530.cpp,1391930092,1392022530,1.0,100.0,1.0,100.0,42.0,41.0,True,True
gigel-si-raspandirea-vestilor,cpp,gigel-si-raspandirea-vestilor_cpp.jplag,1391930092.cpp,1408569037.cpp,1391930092,1408569037,1.0,100.0,1.0,100.0,42.0,41.0,True,True
gigel-si-raspandirea-vestilor,cpp,gigel-si-raspandirea-vestilor_cpp.jplag,1391930092.cpp,1408569325.cpp,1391930092,1408569325,1.0,100.0,1.0,100.0,42.0,41.0,True,True
gigel-si-raspandirea-vestilor,cpp,gigel-si-raspandirea-vestilor_cpp.jplag,1391930092.cpp,1408570962.cpp,1391930092,1408570962,1.0,100.0,1.0,100.0,42.0,41.0,True,True
gigel-si-raspandirea-vestilor,cpp,gigel-si-raspandirea-vestilor_cpp.jplag,1391934796.cpp,1391934839.cpp,1391934796,1391934839,1.0,100.0,1.0,100.0,45.0,44.0,True,True
gigel-si-raspandirea-vestilor,cpp,gigel-si-raspandirea-vestilor_cpp.jplag,1391941282.cpp,1391941298.cpp,1391941282,1391941298,1.0,100.0,1.0,100.0,44.0,43.0,True,True
gigel-si-raspandirea-vestilor,cpp,gigel-si-raspandirea-vestilor_cpp.jplag,1391989663.cpp,1391989869.cpp,1391989663,1391989869,1.0,100.0,1.0,100.0,45.0,44.0,True,True
gigel-si-raspandirea-vestilor,cpp,gigel-si-raspandirea-vestilor_cpp.jplag,1392022530.cpp,1408569037.cpp,1392022530,1408569037,1.0,100.0,1.0,100.0,42.0,41.0,True,True
gigel-si-raspandirea-vestilor,cpp,gigel-si-raspandirea-vestilor_cpp.jplag,1392022530.cpp,1408569325.cpp,1392022530,1408569325,1.0,100.0,1.0,100.0,42.0,41.0,True,True
gigel-si-raspandirea-vestilor,cpp,gigel-si-raspandirea-vestilor_cpp.jplag,1392022530.cpp,1408570962.cpp,1392022530,1408570962,1.0,100.0,1.0,100.0,42.0,41.0,True,True
gigel-si-raspandirea-vestilor,cpp,gigel-si-raspandirea-vestilor_cpp.jplag,1408428384.cpp,1408428408.cpp,1408428384,1408428408,1.0,100.0,1.0,100.0,34.0,33.0,True,True
gigel-si-raspandirea-vestilor,cpp,gigel-si-raspandirea-vestilor_cpp.jplag,1408435665.cpp,1408435667.cpp,1408435665,1408435667,1.0,100.0,1.0,100.0,59.0,58.0,True,True
gigel-si-raspandirea-vestilor,cpp,gigel-si-raspandirea-vestilor_cpp.jplag,1408454408.cpp,1408454528.cpp,1408454408,1408454528,1.0,100.0,1.0,100.0,64.0,63.0,True,True
gigel-si-raspandirea-vestilor,cpp,gigel-si-raspandirea-vestilor_cpp.jplag,1408462117.cpp,1408462126.cpp,1408462117,1408462126,1.0,100.0,1.0,100.0,46.0,45.0,True,True
gigel-si-raspandirea-vestilor,cpp,gigel-si-raspandirea-vestilor_cpp.jplag,1408485381.cpp,1408485743.cpp,1408485381,1408485743,1.0,100.0,1.0,100.0,52.0,51.0,True,True
gigel-si-raspandirea-vestilor,cpp,gigel-si-raspandirea-vestilor_cpp.jplag,1408493418.cpp,1408493422.cpp,1408493418,1408493422,1.0,100.0,1.0,100.0,42.0,41.0,True,True
gigel-si-raspandirea-vestilor,cpp,gigel-si-raspandirea-vestilor_cpp.jplag,1408503580.cpp,1408569069.cpp,1408503580,1408569069,1.0,100.0,1.0,100.0,49.0,48.0,True,True
gigel-si-raspandirea-vestilor,cpp,gigel-si-raspandirea-vestilor_cpp.jplag,1408504480.cpp,1408504524.cpp,1408504480,1408504524,1.0,100.0,1.0,100.0,45.0,44.0,True,True
gigel-si-raspandirea-vestilor,cpp,gigel-si-raspandirea-vestilor_cpp.jplag,1408520332.cpp,1408520356.cpp,1408520332,1408520356,1.0,100.0,1.0,100.0,50.0,49.0,True,True
gigel-si-raspandirea-vestilor,cpp,gigel-si-raspandirea-vestilor_cpp.jplag,1408520332.cpp,1408520376.cpp,1408520332,1408520376,1.0,100.0,1.0,100.0,50.0,49.0,True,True
gigel-si-raspandirea-vestilor,cpp,gigel-si-raspandirea-vestilor_cpp.jplag,1408520332.cpp,1408520393.cpp,1408520332,1408520393,1.0,100.0,1.0,100.0,50.0,49.0,True,True
gigel-si-raspandirea-vestilor,cpp,gigel-si-raspandirea-vestilor_cpp.jplag,1408520356.cpp,1408520376.cpp,1408520356,1408520376,1.0,100.0,1.0,100.0,50.0,49.0,True,True
gigel-si-raspandirea-vestilor,cpp,gigel-si-raspandirea-vestilor_cpp.jplag,1408520356.cpp,1408520393.cpp,1408520356,1408520393,1.0,100.0,1.0,100.0,50.0,49.0,True,True
gigel-si-raspandirea-vestilor,cpp,gigel-si-raspandirea-vestilor_cpp.jplag,1408520376.cpp,1408520393.cpp,1408520376,1408520393,1.0,100.0,1.0,100.0,50.0,49.0,True,True
gigel-si-raspandirea-vestilor,cpp,gigel-si-raspandirea-vestilor_cpp.jplag,1408550974.cpp,1408552368.cpp,1408550974,1408552368,1.0,100.0,1.0,100.0,46.0,45.0,True,True
gigel-si-raspandirea-vestilor,cpp,gigel-si-raspandirea-vestilor_cpp.jplag,1408558151.cpp,1408560905.cpp,1408558151,1408560905,1.0,100.0,1.0,100.0,46.0,45.0,True,True
gigel-si-raspandirea-vestilor,cpp,gigel-si-raspandirea-vestilor_cpp.jplag,1408569037.cpp,1408569325.cpp,1408569037,1408569325,1.0,100.0,1.0,100.0,42.0,41.0,True,True
gigel-si-raspandirea-vestilor,cpp,gigel-si-raspandirea-vestilor_cpp.jplag,1408569037.cpp,1408570962.cpp,1408569037,1408570962,1.0,100.0,1.0,100.0,42.0,41.0,True,True
gigel-si-raspandirea-vestilor,cpp,gigel-si-raspandirea-vestilor_cpp.jplag,1408569325.cpp,1408570962.cpp,1408569325,1408570962,1.0,100.0,1.0,100.0,42.0,41.0,True,True
gigel-si-raspandirea-vestilor,cpp,gigel-si-raspandirea-vestilor_cpp.jplag,1408569364.cpp,1408569420.cpp,1408569364,1408569420,1.0,100.0,1.0,100.0,53.0,52.0,True,True
gigel-si-raspandirea-vestilor,cpp,gigel-si-raspandirea-vestilor_cpp.jplag,1408570828.cpp,1408570843.cpp,1408570828,1408570843,1.0,100.0,1.0,100.0,42.0,41.0,True,True
gigel-si-raspandirea-vestilor,cpp,gigel-si-raspandirea-vestilor_cpp.jplag,1408570840.cpp,1408570853.cpp,1408570840,1408570853,1.0,100.0,1.0,100.0,44.0,43.0,True,True
gigel-si-raspandirea-vestilor,cpp,gigel-si-raspandirea-vestilor_cpp.jplag,1408592222.cpp,1408593126.cpp,1408592222,1408593126,1.0,100.0,1.0,100.0,33.0,32.0,True,True
gigel-si-raspandirea-vestilor,java,gigel-si-raspandirea-vestilor_java.jplag,1314234438.java,1333797004.java,1314234438,1333797004,1.0,100.0,1.0,100.0,146.0,145.0,True,True
gigel-si-raspandirea-vestilor,java,gigel-si-raspandirea-vestilor_java.jplag,1314234443.java,1314234537.java,1314234443,1314234537,1.0,100.0,1.0,100.0,142.0,141.0,True,True
gigel-si-raspandirea-vestilor,java,gigel-si-raspandirea-vestilor_java.jplag,1314234443.java,1314234653.java,1314234443,1314234653,1.0,100.0,1.0,100.0,142.0,141.0,True,True
gigel-si-raspandirea-vestilor,java,gigel-si-raspandirea-vestilor_java.jplag,1314234443.java,1314235172.java,1314234443,1314235172,1.0,100.0,1.0,100.0,142.0,141.0,True,True
gigel-si-raspandirea-vestilor,java,gigel-si-raspandirea-vestilor_java.jplag,1314234492.java,1314234554.java,1314234492,1314234554,1.0,100.0,1.0,100.0,117.0,116.0,True,True
gigel-si-raspandirea-vestilor,java,gigel-si-raspandirea-vestilor_java.jplag,1314234492.java,1314234671.java,1314234492,1314234671,1.0,100.0,1.0,100.0,117.0,116.0,True,True
gigel-si-raspandirea-vestilor,java,gigel-si-raspandirea-vestilor_java.jplag,1314234524.java,1314234555.java,1314234524,1314234555,1.0,100.0,1.0,100.0,123.0,122.0,True,True
gigel-si-raspandirea-vestilor,java,gigel-si-raspandirea-vestilor_java.jplag,1314234537.java,1314234653.java,1314234537,1314234653,1.0,100.0,1.0,100.0,142.0,141.0,True,True
gigel-si-raspandirea-vestilor,java,gigel-si-raspandirea-vestilor_java.jplag,1314234537.java,1314235172.java,1314234537,1314235172,1.0,100.0,1.0,100.0,142.0,141.0,True,True
gigel-si-raspandirea-vestilor,java,gigel-si-raspandirea-vestilor_java.jplag,1314234554.java,1314234671.java,1314234554,1314234671,1.0,100.0,1.0,100.0,117.0,116.0,True,True
gigel-si-raspandirea-vestilor,java,gigel-si-raspandirea-vestilor_java.jplag,1314234585.java,1314237865.java,1314234585,1314237865,1.0,100.0,1.0,100.0,98.0,97.0,True,True
gigel-si-raspandirea-vestilor,java,gigel-si-raspandirea-vestilor_java.jplag,1314234653.java,1314235172.java,1314234653,1314235172,1.0,100.0,1.0,100.0,142.0,141.0,True,True
gigel-si-raspandirea-vestilor,java,gigel-si-raspandirea-vestilor_java.jplag,1314234758.java,1314237709.java,1314234758,1314237709,1.0,100.0,1.0,100.0,157.0,156.0,True,True
gigel-si-raspandirea-vestilor,java,gigel-si-raspandirea-vestilor_java.jplag,1314234861.java,1314234956.java,1314234861,1314234956,1.0,100.0,1.0,100.0,121.0,120.0,True,True
gigel-si-raspandirea-vestilor,java,gigel-si-raspandirea-vestilor_java.jplag,1314235032.java,1314235420.java,1314235032,1314235420,1.0,100.0,1.0,100.0,198.0,197.0,True,True
gigel-si-raspandirea-vestilor,java,gigel-si-raspandirea-vestilor_java.jplag,1314235032.java,1314235457.java,1314235032,1314235457,1.0,100.0,1.0,100.0,198.0,197.0,True,True
gigel-si-raspandirea-vestilor,java,gigel-si-raspandirea-vestilor_java.jplag,1314235032.java,1314235804.java,1314235032,1314235804,1.0,100.0,1.0,100.0,198.0,197.0,True,True
gigel-si-raspandirea-vestilor,java,gigel-si-raspandirea-vestilor_java.jplag,1314235041.java,1314235077.java,1314235041,1314235077,1.0,100.0,1.0,100.0,118.0,117.0,True,True
gigel-si-raspandirea-vestilor,java,gigel-si-raspandirea-vestilor_java.jplag,1314235041.java,1314235232.java,1314235041,1314235232,1.0,100.0,1.0,100.0,118.0,117.0,True,True
gigel-si-raspandirea-vestilor,java,gigel-si-raspandirea-vestilor_java.jplag,1314235064.java,1314235108.java,1314235064,1314235108,1.0,100.0,1.0,100.0,127.0,126.0,True,True
gigel-si-raspandirea-vestilor,java,gigel-si-raspandirea-vestilor_java.jplag,1314235077.java,1314235232.java,1314235077,1314235232,1.0,100.0,1.0,100.0,118.0,117.0,True,True
gigel-si-raspandirea-vestilor,java,gigel-si-raspandirea-vestilor_java.jplag,1314235141.java,1314235245.java,1314235141,1314235245,1.0,100.0,1.0,100.0,138.0,137.0,True,True
gigel-si-raspandirea-vestilor,java,gigel-si-raspandirea-vestilor_java.jplag,1314235221.java,1314235312.java,1314235221,1314235312,1.0,100.0,1.0,100.0,119.0,118.0,True,True
gigel-si-raspandirea-vestilor,java,gigel-si-raspandirea-vestilor_java.jplag,1314235242.java,1314237348.java,1314235242,1314237348,1.0,100.0,1.0,100.0,125.0,124.0,True,True
gigel-si-raspandirea-vestilor,java,gigel-si-raspandirea-vestilor_java.jplag,1314235363.java,1314235460.java,1314235363,1314235460,1.0,100.0,1.0,100.0,129.0,128.0,True,True
gigel-si-raspandirea-vestilor,java,gigel-si-raspandirea-vestilor_java.jplag,1314235363.java,1314235512.java,1314235363,1314235512,1.0,100.0,1.0,100.0,129.0,128.0,True,True
gigel-si-raspandirea-vestilor,java,gigel-si-raspandirea-vestilor_java.jplag,1314235363.java,1314235600.java,1314235363,1314235600,1.0,100.0,1.0,100.0,129.0,128.0,True,True
gigel-si-raspandirea-vestilor,java,gigel-si-raspandirea-vestilor_java.jplag,1314235416.java,1314235513.java,1314235416,1314235513,1.0,100.0,1.0,100.0,132.0,131.0,True,True
gigel-si-raspandirea-vestilor,java,gigel-si-raspandirea-vestilor_java.jplag,1314235420.java,1314235457.java,1314235420,1314235457,1.0,100.0,1.0,100.0,198.0,197.0,True,True
gigel-si-raspandirea-vestilor,java,gigel-si-raspandirea-vestilor_java.jplag,1314235420.java,1314235804.java,1314235420,1314235804,1.0,100.0,1.0,100.0,198.0,197.0,True,True
gigel-si-raspandirea-vestilor,java,gigel-si-raspandirea-vestilor_java.jplag,1314235457.java,1314235804.java,1314235457,1314235804,1.0,100.0,1.0,100.0,198.0,197.0,True,True
gigel-si-raspandirea-vestilor,java,gigel-si-raspandirea-vestilor_java.jplag,1314235460.java,1314235512.java,1314235460,1314235512,1.0,100.0,1.0,100.0,129.0,128.0,True,True
gigel-si-raspandirea-vestilor,java,gigel-si-raspandirea-vestilor_java.jplag,1314235460.java,1314235600.java,1314235460,1314235600,1.0,100.0,1.0,100.0,129.0,128.0,True,True
gigel-si-raspandirea-vestilor,java,gigel-si-raspandirea-vestilor_java.jplag,1314235512.java,1314235600.java,1314235512,1314235600,1.0,100.0,1.0,100.0,129.0,128.0,True,True
gigel-si-raspandirea-vestilor,java,gigel-si-raspandirea-vestilor_java.jplag,1314235665.java,1314235900.java,1314235665,1314235900,1.0,100.0,1.0,100.0,136.0,135.0,True,True
gigel-si-raspandirea-vestilor,java,gigel-si-raspandirea-vestilor_java.jplag,1314235877.java,1314235968.java,1314235877,1314235968,1.0,100.0,1.0,100.0,187.0,186.0,True,True
gigel-si-raspandirea-vestilor,java,gigel-si-raspandirea-vestilor_java.jplag,1314235923.java,1314235951.java,1314235923,1314235951,1.0,100.0,1.0,100.0,126.0,125.0,True,True
gigel-si-raspandirea-vestilor,java,gigel-si-raspandirea-vestilor_java.jplag,1314236164.java,1314236530.java,1314236164,1314236530,1.0,100.0,1.0,100.0,125.0,124.0,True,True
gigel-si-raspandirea-vestilor,java,gigel-si-raspandirea-vestilor_java.jplag,1314236164.java,1314236879.java,1314236164,1314236879,1.0,100.0,1.0,100.0,125.0,124.0,True,True
gigel-si-raspandirea-vestilor,java,gigel-si-raspandirea-vestilor_java.jplag,1314236269.java,1314236398.java,1314236269,1314236398,1.0,100.0,1.0,100.0,152.0,151.0,True,True
gigel-si-raspandirea-vestilor,java,gigel-si-raspandirea-vestilor_java.jplag,1314236462.java,1314236479.java,1314236462,1314236479,1.0,100.0,1.0,100.0,128.0,127.0,True,True
gigel-si-raspandirea-vestilor,java,gigel-si-raspandirea-vestilor_java.jplag,1314236525.java,1314236545.java,1314236525,1314236545,1.0,100.0,1.0,100.0,131.0,130.0,True,True
gigel-si-raspandirea-vestilor,java,gigel-si-raspandirea-vestilor_java.jplag,1314236530.java,1314236879.java,1314236530,1314236879,1.0,100.0,1.0,100.0,125.0,124.0,True,True
gigel-si-raspandirea-vestilor,java,gigel-si-raspandirea-vestilor_java.jplag,1314236554.java,1314237837.java,1314236554,1314237837,1.0,100.0,1.0,100.0,117.0,116.0,True,True
gigel-si-raspandirea-vestilor,java,gigel-si-raspandirea-vestilor_java.jplag,1314236610.java,1314236643.java,1314236610,1314236643,1.0,100.0,1.0,100.0,128.0,127.0,True,True
gigel-si-raspandirea-vestilor,java,gigel-si-raspandirea-vestilor_java.jplag,1314236782.java,1314236886.java,1314236782,1314236886,1.0,100.0,1.0,100.0,130.0,129.0,True,True
gigel-si-raspandirea-vestilor,java,gigel-si-raspandirea-vestilor_java.jplag,1314236782.java,1314236985.java,1314236782,1314236985,1.0,100.0,1.0,100.0,130.0,129.0,True,True
gigel-si-raspandirea-vestilor,java,gigel-si-raspandirea-vestilor_java.jplag,1314236886.java,1314236985.java,1314236886,1314236985,1.0,100.0,1.0,100.0,130.0,129.0,True,True
gigel-si-raspandirea-vestilor,java,gigel-si-raspandirea-vestilor_java.jplag,1314236900.java,1314237558.java,1314236900,1314237558,1.0,100.0,1.0,100.0,177.0,176.0,True,True
gigel-si-raspandirea-vestilor,java,gigel-si-raspandirea-vestilor_java.jplag,1314236984.java,1314237013.java,1314236984,1314237013,1.0,100.0,1.0,100.0,144.0,143.0,True,True
gigel-si-raspandirea-vestilor,java,gigel-si-raspandirea-vestilor_java.jplag,1314237236.java,1314237338.java,1314237236,1314237338,1.0,100.0,1.0,100.0,113.0,112.0,True,True
gigel-si-raspandirea-vestilor,java,gigel-si-raspandirea-vestilor_java.jplag,1314237236.java,1314237572.java,1314237236,1314237572,1.0,100.0,1.0,100.0,113.0,112.0,True,True
gigel-si-raspandirea-vestilor,java,gigel-si-raspandirea-vestilor_java.jplag,1314237236.java,1314237740.java,1314237236,1314237740,1.0,100.0,1.0,100.0,113.0,112.0,True,True
gigel-si-raspandirea-vestilor,java,gigel-si-raspandirea-vestilor_java.jplag,1314237287.java,1314237310.java,1314237287,1314237310,1.0,100.0,1.0,100.0,141.0,140.0,True,True
gigel-si-raspandirea-vestilor,java,gigel-si-raspandirea-vestilor_java.jplag,1314237290.java,1314237354.java,1314237290,1314237354,1.0,100.0,1.0,100.0,115.0,114.0,True,True
gigel-si-raspandirea-vestilor,java,gigel-si-raspandirea-vestilor_java.jplag,1314237338.java,1314237572.java,1314237338,1314237572,1.0,100.0,1.0,100.0,113.0,112.0,True,True
gigel-si-raspandirea-vestilor,java,gigel-si-raspandirea-vestilor_java.jplag,1314237338.java,1314237740.java,1314237338,1314237740,1.0,100.0,1.0,100.0,113.0,112.0,True,True
gigel-si-raspandirea-vestilor,java,gigel-si-raspandirea-vestilor_java.jplag,1314237386.java,1314237653.java,1314237386,1314237653,1.0,100.0,1.0,100.0,149.0,148.0,True,True
gigel-si-raspandirea-vestilor,java,gigel-si-raspandirea-vestilor_java.jplag,1314237537.java,1314237679.java,1314237537,1314237679,1.0,100.0,1.0,100.0,167.0,166.0,True,True
gigel-si-raspandirea-vestilor,java,gigel-si-raspandirea-vestilor_java.jplag,1314237572.java,1314237740.java,1314237572,1314237740,1.0,100.0,1.0,100.0,113.0,112.0,True,True
gigel-si-raspandirea-vestilor,java,gigel-si-raspandirea-vestilor_java.jplag,1314238913.java,1314239651.java,1314238913,1314239651,1.0,100.0,1.0,100.0,87.0,86.0,True,True
gigel-si-raspandirea-vestilor,java,gigel-si-raspandirea-vestilor_java.jplag,1323362228.java,1323362255.java,1323362228,1323362255,1.0,100.0,1.0,100.0,131.0,130.0,True,True
gigel-si-raspandirea-vestilor,java,gigel-si-raspandirea-vestilor_java.jplag,1323432225.java,1323442606.java,1323432225,1323442606,1.0,100.0,1.0,100.0,117.0,116.0,True,True
gigel-si-raspandirea-vestilor,java,gigel-si-raspandirea-vestilor_java.jplag,1323432225.java,1323453195.java,1323432225,1323453195,1.0,100.0,1.0,100.0,117.0,116.0,True,True
gigel-si-raspandirea-vestilor,java,gigel-si-raspandirea-vestilor_java.jplag,1323432225.java,1323453229.java,1323432225,1323453229,1.0,100.0,1.0,100.0,117.0,116.0,True,True
gigel-si-raspandirea-vestilor,java,gigel-si-raspandirea-vestilor_java.jplag,1323433112.java,1323433120.java,1323433112,1323433120,1.0,100.0,1.0,100.0,106.0,105.0,True,True
gigel-si-raspandirea-vestilor,java,gigel-si-raspandirea-vestilor_java.jplag,1323442606.java,1323453195.java,1323442606,1323453195,1.0,100.0,1.0,100.0,117.0,116.0,True,True
gigel-si-raspandirea-vestilor,java,gigel-si-raspandirea-vestilor_java.jplag,1323442606.java,1323453229.java,1323442606,1323453229,1.0,100.0,1.0,100.0,117.0,116.0,True,True
gigel-si-raspandirea-vestilor,java,gigel-si-raspandirea-vestilor_java.jplag,1323453195.java,1323453229.java,1323453195,1323453229,1.0,100.0,1.0,100.0,117.0,116.0,True,True
gigel-si-raspandirea-vestilor,java,gigel-si-raspandirea-vestilor_java.jplag,1323456423.java,1323456481.java,1323456423,1323456481,1.0,100.0,1.0,100.0,141.0,140.0,True,True
gigel-si-raspandirea-vestilor,java,gigel-si-raspandirea-vestilor_java.jplag,1323456423.java,1323456486.java,1323456423,1323456486,1.0,100.0,1.0,100.0,141.0,140.0,True,True
gigel-si-raspandirea-vestilor,java,gigel-si-raspandirea-vestilor_java.jplag,1323456481.java,1323456486.java,1323456481,1323456486,1.0,100.0,1.0,100.0,141.0,140.0,True,True
gigel-si-raspandirea-vestilor,java,gigel-si-raspandirea-vestilor_java.jplag,1323456754.java,1323456875.java,1323456754,1323456875,1.0,100.0,1.0,100.0,97.0,96.0,True,True
gigel-si-raspandirea-vestilor,java,gigel-si-raspandirea-vestilor_java.jplag,1333789453.java,1333789616.java,1333789453,1333789616,1.0,100.0,1.0,100.0,119.0,118.0,True,True
gigel-si-raspandirea-vestilor,java,gigel-si-raspandirea-vestilor_java.jplag,1344638143.java,1344638149.java,1344638143,1344638149,1.0,100.0,1.0,100.0,124.0,123.0,True,True
gigel-si-raspandirea-vestilor,java,gigel-si-raspandirea-vestilor_java.jplag,1378118090.java,1378121500.java,1378118090,1378121500,1.0,100.0,1.0,100.0,117.0,116.0,True,True
gigel-si-raspandirea-vestilor,java,gigel-si-raspandirea-vestilor_java.jplag,1378118090.java,1378121512.java,1378118090,1378121512,1.0,100.0,1.0,100.0,117.0,116.0,True,True
gigel-si-raspandirea-vestilor,java,gigel-si-raspandirea-vestilor_java.jplag,1378120860.java,1378120877.java,1378120860,1378120877,1.0,100.0,1.0,100.0,111.0,110.0,True,True
gigel-si-raspandirea-vestilor,java,gigel-si-raspandirea-vestilor_java.jplag,1378121500.java,1378121512.java,1378121500,1378121512,1.0,100.0,1.0,100.0,117.0,116.0,True,True
gigel-si-raspandirea-vestilor,java,gigel-si-raspandirea-vestilor_java.jplag,1391942133.java,1408526447.java,1391942133,1408526447,1.0,100.0,1.0,100.0,117.0,116.0,True,True
gigel-si-raspandirea-vestilor,java,gigel-si-raspandirea-vestilor_java.jplag,1408456348.java,1408491609.java,1408456348,1408491609,1.0,100.0,1.0,100.0,119.0,118.0,True,True
gigel-si-sosetele,cpp,gigel-si-sosetele_cpp.jplag,1314234771.cpp,1314234798.cpp,1314234771,1314234798,1.0,100.0,1.0,100.0,43.0,42.0,True,True
gigel-si-sosetele,cpp,gigel-si-sosetele_cpp.jplag,1314234771.cpp,1332760448.cpp,1314234771,1332760448,1.0,100.0,1.0,100.0,43.0,42.0,True,True
gigel-si-sosetele,cpp,gigel-si-sosetele_cpp.jplag,1314234774.cpp,1314234785.cpp,1314234774,1314234785,1.0,100.0,1.0,100.0,86.0,85.0,True,True
gigel-si-sosetele,cpp,gigel-si-sosetele_cpp.jplag,1314234798.cpp,1332760448.cpp,1314234798,1332760448,1.0,100.0,1.0,100.0,43.0,42.0,True,True
gigel-si-sosetele,cpp,gigel-si-sosetele_cpp.jplag,1314234883.cpp,1314236332.cpp,1314234883,1314236332,1.0,100.0,1.0,100.0,32.0,31.0,True,True
gigel-si-sosetele,cpp,gigel-si-sosetele_cpp.jplag,1314234883.cpp,1314236405.cpp,1314234883,1314236405,1.0,100.0,1.0,100.0,32.0,31.0,True,True
gigel-si-sosetele,cpp,gigel-si-sosetele_cpp.jplag,1314234991.cpp,1314235154.cpp,1314234991,1314235154,1.0,100.0,1.0,100.0,91.0,90.0,True,True
gigel-si-sosetele,cpp,gigel-si-sosetele_cpp.jplag,1314234991.cpp,1314235295.cpp,1314234991,1314235295,1.0,100.0,1.0,100.0,91.0,90.0,True,True
gigel-si-sosetele,cpp,gigel-si-sosetele_cpp.jplag,1314234996.cpp,1314235115.cpp,1314234996,1314235115,1.0,100.0,1.0,100.0,34.0,33.0,True,True
gigel-si-sosetele,cpp,gigel-si-sosetele_cpp.jplag,1314235154.cpp,1314235295.cpp,1314235154,1314235295,1.0,100.0,1.0,100.0,91.0,90.0,True,True
gigel-si-sosetele,cpp,gigel-si-sosetele_cpp.jplag,1314235288.cpp,1314235367.cpp,1314235288,1314235367,1.0,100.0,1.0,100.0,44.0,43.0,True,True
gigel-si-sosetele,cpp,gigel-si-sosetele_cpp.jplag,1314235329.cpp,1314235350.cpp,1314235329,1314235350,1.0,100.0,1.0,100.0,42.0,41.0,True,True
gigel-si-sosetele,cpp,gigel-si-sosetele_cpp.jplag,1314235329.cpp,1314235389.cpp,1314235329,1314235389,1.0,100.0,1.0,100.0,42.0,41.0,True,True
gigel-si-sosetele,cpp,gigel-si-sosetele_cpp.jplag,1314235350.cpp,1314235389.cpp,1314235350,1314235389,1.0,100.0,1.0,100.0,42.0,41.0,True,True
gigel-si-sosetele,cpp,gigel-si-sosetele_cpp.jplag,1314235481.cpp,1314236328.cpp,1314235481,1314236328,1.0,100.0,1.0,100.0,29.0,28.0,True,True
gigel-si-sosetele,cpp,gigel-si-sosetele_cpp.jplag,1314235539.cpp,1314236842.cpp,1314235539,1314236842,1.0,100.0,1.0,100.0,77.0,76.0,True,True
gigel-si-sosetele,cpp,gigel-si-sosetele_cpp.jplag,1314235685.cpp,1314235742.cpp,1314235685,1314235742,1.0,100.0,1.0,100.0,76.0,75.0,True,True
gigel-si-sosetele,cpp,gigel-si-sosetele_cpp.jplag,1314235717.cpp,1314237127.cpp,1314235717,1314237127,1.0,100.0,1.0,100.0,41.0,40.0,True,True
gigel-si-sosetele,cpp,gigel-si-sosetele_cpp.jplag,1314235814.cpp,1314235866.cpp,1314235814,1314235866,1.0,100.0,1.0,100.0,40.0,39.0,True,True
gigel-si-sosetele,cpp,gigel-si-sosetele_cpp.jplag,1314235882.cpp,1314235986.cpp,1314235882,1314235986,1.0,100.0,1.0,100.0,50.0,49.0,True,True
gigel-si-sosetele,cpp,gigel-si-sosetele_cpp.jplag,1314235882.cpp,1314236084.cpp,1314235882,1314236084,1.0,100.0,1.0,100.0,50.0,49.0,True,True
gigel-si-sosetele,cpp,gigel-si-sosetele_cpp.jplag,1314235882.cpp,1314236098.cpp,1314235882,1314236098,1.0,100.0,1.0,100.0,50.0,49.0,True,True
gigel-si-sosetele,cpp,gigel-si-sosetele_cpp.jplag,1314235936.cpp,1314235959.cpp,1314235936,1314235959,1.0,100.0,1.0,100.0,76.0,75.0,True,True
gigel-si-sosetele,cpp,gigel-si-sosetele_cpp.jplag,1314235936.cpp,1314235998.cpp,1314235936,1314235998,1.0,100.0,1.0,100.0,76.0,75.0,True,True
gigel-si-sosetele,cpp,gigel-si-sosetele_cpp.jplag,1314235959.cpp,1314235998.cpp,1314235959,1314235998,1.0,100.0,1.0,100.0,76.0,75.0,True,True
gigel-si-sosetele,cpp,gigel-si-sosetele_cpp.jplag,1314235986.cpp,1314236084.cpp,1314235986,1314236084,1.0,100.0,1.0,100.0,50.0,49.0,True,True
gigel-si-sosetele,cpp,gigel-si-sosetele_cpp.jplag,1314235986.cpp,1314236098.cpp,1314235986,1314236098,1.0,100.0,1.0,100.0,50.0,49.0,True,True
gigel-si-sosetele,cpp,gigel-si-sosetele_cpp.jplag,1314236013.cpp,1314236095.cpp,1314236013,1314236095,1.0,100.0,1.0,100.0,36.0,35.0,True,True
gigel-si-sosetele,cpp,gigel-si-sosetele_cpp.jplag,1314236084.cpp,1314236098.cpp,1314236084,1314236098,1.0,100.0,1.0,100.0,50.0,49.0,True,True
gigel-si-sosetele,cpp,gigel-si-sosetele_cpp.jplag,1314236186.cpp,1314236212.cpp,1314236186,1314236212,1.0,100.0,1.0,100.0,61.0,60.0,True,True
gigel-si-sosetele,cpp,gigel-si-sosetele_cpp.jplag,1314236220.cpp,1314236261.cpp,1314236220,1314236261,1.0,100.0,1.0,100.0,82.0,81.0,True,True
gigel-si-sosetele,cpp,gigel-si-sosetele_cpp.jplag,1314236220.cpp,1314237145.cpp,1314236220,1314237145,1.0,100.0,1.0,100.0,82.0,81.0,True,True
gigel-si-sosetele,cpp,gigel-si-sosetele_cpp.jplag,1314236261.cpp,1314237145.cpp,1314236261,1314237145,1.0,100.0,1.0,100.0,82.0,81.0,True,True
gigel-si-sosetele,cpp,gigel-si-sosetele_cpp.jplag,1314236267.cpp,1314236308.cpp,1314236267,1314236308,1.0,100.0,1.0,100.0,79.0,78.0,True,True
gigel-si-sosetele,cpp,gigel-si-sosetele_cpp.jplag,1314236267.cpp,1314236330.cpp,1314236267,1314236330,1.0,100.0,1.0,100.0,79.0,78.0,True,True
gigel-si-sosetele,cpp,gigel-si-sosetele_cpp.jplag,1314236267.cpp,1314236413.cpp,1314236267,1314236413,1.0,100.0,1.0,100.0,79.0,78.0,True,True
gigel-si-sosetele,cpp,gigel-si-sosetele_cpp.jplag,1314236308.cpp,1314236330.cpp,1314236308,1314236330,1.0,100.0,1.0,100.0,79.0,78.0,True,True
gigel-si-sosetele,cpp,gigel-si-sosetele_cpp.jplag,1314236308.cpp,1314236413.cpp,1314236308,1314236413,1.0,100.0,1.0,100.0,79.0,78.0,True,True
gigel-si-sosetele,cpp,gigel-si-sosetele_cpp.jplag,1314236330.cpp,1314236413.cpp,1314236330,1314236413,1.0,100.0,1.0,100.0,79.0,78.0,True,True
gigel-si-sosetele,cpp,gigel-si-sosetele_cpp.jplag,1314236332.cpp,1314236405.cpp,1314236332,1314236405,1.0,100.0,1.0,100.0,32.0,31.0,True,True
gigel-si-sosetele,cpp,gigel-si-sosetele_cpp.jplag,1314236376.cpp,1314236416.cpp,1314236376,1314236416,1.0,100.0,1.0,100.0,37.0,36.0,True,True
gigel-si-sosetele,cpp,gigel-si-sosetele_cpp.jplag,1314236428.cpp,1314236725.cpp,1314236428,1314236725,1.0,100.0,1.0,100.0,57.0,56.0,True,True
gigel-si-sosetele,cpp,gigel-si-sosetele_cpp.jplag,1314236428.cpp,1314236742.cpp,1314236428,1314236742,1.0,100.0,1.0,100.0,57.0,56.0,True,True
gigel-si-sosetele,cpp,gigel-si-sosetele_cpp.jplag,1314236501.cpp,1314236670.cpp,1314236501,1314236670,1.0,100.0,1.0,100.0,60.0,59.0,True,True
gigel-si-sosetele,cpp,gigel-si-sosetele_cpp.jplag,1314236648.cpp,1314236696.cpp,1314236648,1314236696,1.0,100.0,1.0,100.0,76.0,75.0,True,True
gigel-si-sosetele,cpp,gigel-si-sosetele_cpp.jplag,1314236648.cpp,1314237047.cpp,1314236648,1314237047,1.0,100.0,1.0,100.0,76.0,75.0,True,True
gigel-si-sosetele,cpp,gigel-si-sosetele_cpp.jplag,1314236696.cpp,1314237047.cpp,1314236696,1314237047,1.0,100.0,1.0,100.0,76.0,75.0,True,True
gigel-si-sosetele,cpp,gigel-si-sosetele_cpp.jplag,1314236698.cpp,1314236714.cpp,1314236698,1314236714,1.0,100.0,1.0,100.0,58.0,57.0,True,True
gigel-si-sosetele,cpp,gigel-si-sosetele_cpp.jplag,1314236698.cpp,1314236789.cpp,1314236698,1314236789,1.0,100.0,1.0,100.0,58.0,57.0,True,True
gigel-si-sosetele,cpp,gigel-si-sosetele_cpp.jplag,1314236698.cpp,1314236806.cpp,1314236698,1314236806,1.0,100.0,1.0,100.0,58.0,57.0,True,True
gigel-si-sosetele,cpp,gigel-si-sosetele_cpp.jplag,1314236698.cpp,1314236815.cpp,1314236698,1314236815,1.0,100.0,1.0,100.0,58.0,57.0,True,True
gigel-si-sosetele,cpp,gigel-si-sosetele_cpp.jplag,1314236698.cpp,1314236820.cpp,1314236698,1314236820,1.0,100.0,1.0,100.0,58.0,57.0,True,True
gigel-si-sosetele,cpp,gigel-si-sosetele_cpp.jplag,1314236698.cpp,1314236831.cpp,1314236698,1314236831,1.0,100.0,1.0,100.0,58.0,57.0,True,True
gigel-si-sosetele,cpp,gigel-si-sosetele_cpp.jplag,1314236698.cpp,1314236849.cpp,1314236698,1314236849,1.0,100.0,1.0,100.0,58.0,57.0,True,True
gigel-si-sosetele,cpp,gigel-si-sosetele_cpp.jplag,1314236698.cpp,1314236895.cpp,1314236698,1314236895,1.0,100.0,1.0,100.0,58.0,57.0,True,True
gigel-si-sosetele,cpp,gigel-si-sosetele_cpp.jplag,1314236698.cpp,1314236906.cpp,1314236698,1314236906,1.0,100.0,1.0,100.0,58.0,57.0,True,True
gigel-si-sosetele,cpp,gigel-si-sosetele_cpp.jplag,1314236699.cpp,1314236737.cpp,1314236699,1314236737,1.0,100.0,1.0,100.0,47.0,46.0,True,True
gigel-si-sosetele,cpp,gigel-si-sosetele_cpp.jplag,1314236714.cpp,1314236789.cpp,1314236714,1314236789,1.0,100.0,1.0,100.0,58.0,57.0,True,True
gigel-si-sosetele,cpp,gigel-si-sosetele_cpp.jplag,1314236714.cpp,1314236806.cpp,1314236714,1314236806,1.0,100.0,1.0,100.0,58.0,57.0,True,True
gigel-si-sosetele,cpp,gigel-si-sosetele_cpp.jplag,1314236714.cpp,1314236815.cpp,1314236714,1314236815,1.0,100.0,1.0,100.0,58.0,57.0,True,True
gigel-si-sosetele,cpp,gigel-si-sosetele_cpp.jplag,1314236714.cpp,1314236820.cpp,1314236714,1314236820,1.0,100.0,1.0,100.0,58.0,57.0,True,True
gigel-si-sosetele,cpp,gigel-si-sosetele_cpp.jplag,1314236714.cpp,1314236831.cpp,1314236714,1314236831,1.0,100.0,1.0,100.0,58.0,57.0,True,True
gigel-si-sosetele,cpp,gigel-si-sosetele_cpp.jplag,1314236714.cpp,1314236849.cpp,1314236714,1314236849,1.0,100.0,1.0,100.0,58.0,57.0,True,True
gigel-si-sosetele,cpp,gigel-si-sosetele_cpp.jplag,1314236714.cpp,1314236895.cpp,1314236714,1314236895,1.0,100.0,1.0,100.0,58.0,57.0,True,True
gigel-si-sosetele,cpp,gigel-si-sosetele_cpp.jplag,1314236714.cpp,1314236906.cpp,1314236714,1314236906,1.0,100.0,1.0,100.0,58.0,57.0,True,True
gigel-si-sosetele,cpp,gigel-si-sosetele_cpp.jplag,1314236725.cpp,1314236742.cpp,1314236725,1314236742,1.0,100.0,1.0,100.0,57.0,56.0,True,True
gigel-si-sosetele,cpp,gigel-si-sosetele_cpp.jplag,1314236789.cpp,1314236806.cpp,1314236789,1314236806,1.0,100.0,1.0,100.0,58.0,57.0,True,True
gigel-si-sosetele,cpp,gigel-si-sosetele_cpp.jplag,1314236789.cpp,1314236815.cpp,1314236789,1314236815,1.0,100.0,1.0,100.0,58.0,57.0,True,True
gigel-si-sosetele,cpp,gigel-si-sosetele_cpp.jplag,1314236789.cpp,1314236820.cpp,1314236789,1314236820,1.0,100.0,1.0,100.0,58.0,57.0,True,True
gigel-si-sosetele,cpp,gigel-si-sosetele_cpp.jplag,1314236789.cpp,1314236831.cpp,1314236789,1314236831,1.0,100.0,1.0,100.0,58.0,57.0,True,True
gigel-si-sosetele,cpp,gigel-si-sosetele_cpp.jplag,1314236789.cpp,1314236849.cpp,1314236789,1314236849,1.0,100.0,1.0,100.0,58.0,57.0,True,True
gigel-si-sosetele,cpp,gigel-si-sosetele_cpp.jplag,1314236789.cpp,1314236895.cpp,1314236789,1314236895,1.0,100.0,1.0,100.0,58.0,57.0,True,True
gigel-si-sosetele,cpp,gigel-si-sosetele_cpp.jplag,1314236789.cpp,1314236906.cpp,1314236789,1314236906,1.0,100.0,1.0,100.0,58.0,57.0,True,True
gigel-si-sosetele,cpp,gigel-si-sosetele_cpp.jplag,1314236806.cpp,1314236815.cpp,1314236806,1314236815,1.0,100.0,1.0,100.0,58.0,57.0,True,True
gigel-si-sosetele,cpp,gigel-si-sosetele_cpp.jplag,1314236806.cpp,1314236820.cpp,1314236806,1314236820,1.0,100.0,1.0,100.0,58.0,57.0,True,True
gigel-si-sosetele,cpp,gigel-si-sosetele_cpp.jplag,1314236806.cpp,1314236831.cpp,1314236806,1314236831,1.0,100.0,1.0,100.0,58.0,57.0,True,True
gigel-si-sosetele,cpp,gigel-si-sosetele_cpp.jplag,1314236806.cpp,1314236849.cpp,1314236806,1314236849,1.0,100.0,1.0,100.0,58.0,57.0,True,True
gigel-si-sosetele,cpp,gigel-si-sosetele_cpp.jplag,1314236806.cpp,1314236895.cpp,1314236806,1314236895,1.0,100.0,1.0,100.0,58.0,57.0,True,True
gigel-si-sosetele,cpp,gigel-si-sosetele_cpp.jplag,1314236806.cpp,1314236906.cpp,1314236806,1314236906,1.0,100.0,1.0,100.0,58.0,57.0,True,True
gigel-si-sosetele,cpp,gigel-si-sosetele_cpp.jplag,1314236815.cpp,1314236820.cpp,1314236815,1314236820,1.0,100.0,1.0,100.0,58.0,57.0,True,True
gigel-si-sosetele,cpp,gigel-si-sosetele_cpp.jplag,1314236815.cpp,1314236831.cpp,1314236815,1314236831,1.0,100.0,1.0,100.0,58.0,57.0,True,True
gigel-si-sosetele,cpp,gigel-si-sosetele_cpp.jplag,1314236815.cpp,1314236849.cpp,1314236815,1314236849,1.0,100.0,1.0,100.0,58.0,57.0,True,True
gigel-si-sosetele,cpp,gigel-si-sosetele_cpp.jplag,1314236815.cpp,1314236895.cpp,1314236815,1314236895,1.0,100.0,1.0,100.0,58.0,57.0,True,True
gigel-si-sosetele,cpp,gigel-si-sosetele_cpp.jplag,1314236815.cpp,1314236906.cpp,1314236815,1314236906,1.0,100.0,1.0,100.0,58.0,57.0,True,True
gigel-si-sosetele,cpp,gigel-si-sosetele_cpp.jplag,1314236820.cpp,1314236831.cpp,1314236820,1314236831,1.0,100.0,1.0,100.0,58.0,57.0,True,True
gigel-si-sosetele,cpp,gigel-si-sosetele_cpp.jplag,1314236820.cpp,1314236849.cpp,1314236820,1314236849,1.0,100.0,1.0,100.0,58.0,57.0,True,True
gigel-si-sosetele,cpp,gigel-si-sosetele_cpp.jplag,1314236820.cpp,1314236895.cpp,1314236820,1314236895,1.0,100.0,1.0,100.0,58.0,57.0,True,True
gigel-si-sosetele,cpp,gigel-si-sosetele_cpp.jplag,1314236820.cpp,1314236906.cpp,1314236820,1314236906,1.0,100.0,1.0,100.0,58.0,57.0,True,True
gigel-si-sosetele,cpp,gigel-si-sosetele_cpp.jplag,1314236831.cpp,1314236849.cpp,1314236831,1314236849,1.0,100.0,1.0,100.0,58.0,57.0,True,True
gigel-si-sosetele,cpp,gigel-si-sosetele_cpp.jplag,1314236831.cpp,1314236895.cpp,1314236831,1314236895,1.0,100.0,1.0,100.0,58.0,57.0,True,True
gigel-si-sosetele,cpp,gigel-si-sosetele_cpp.jplag,1314236831.cpp,1314236906.cpp,1314236831,1314236906,1.0,100.0,1.0,100.0,58.0,57.0,True,True
gigel-si-sosetele,cpp,gigel-si-sosetele_cpp.jplag,1314236832.cpp,1314237048.cpp,1314236832,1314237048,1.0,100.0,1.0,100.0,58.0,57.0,True,True
gigel-si-sosetele,cpp,gigel-si-sosetele_cpp.jplag,1314236849.cpp,1314236895.cpp,1314236849,1314236895,1.0,100.0,1.0,100.0,58.0,57.0,True,True
gigel-si-sosetele,cpp,gigel-si-sosetele_cpp.jplag,1314236849.cpp,1314236906.cpp,1314236849,1314236906,1.0,100.0,1.0,100.0,58.0,57.0,True,True
gigel-si-sosetele,cpp,gigel-si-sosetele_cpp.jplag,1314236865.cpp,1314236956.cpp,1314236865,1314236956,1.0,100.0,1.0,100.0,57.0,56.0,True,True
gigel-si-sosetele,cpp,gigel-si-sosetele_cpp.jplag,1314236865.cpp,1314237008.cpp,1314236865,1314237008,1.0,100.0,1.0,100.0,57.0,56.0,True,True
gigel-si-sosetele,cpp,gigel-si-sosetele_cpp.jplag,1314236865.cpp,1314237103.cpp,1314236865,1314237103,1.0,100.0,1.0,100.0,57.0,56.0,True,True
gigel-si-sosetele,cpp,gigel-si-sosetele_cpp.jplag,1314236865.cpp,1314237167.cpp,1314236865,1314237167,1.0,100.0,1.0,100.0,57.0,56.0,True,True
gigel-si-sosetele,cpp,gigel-si-sosetele_cpp.jplag,1314236895.cpp,1314236906.cpp,1314236895,1314236906,1.0,100.0,1.0,100.0,58.0,57.0,True,True
gigel-si-sosetele,cpp,gigel-si-sosetele_cpp.jplag,1314236933.cpp,1314236998.cpp,1314236933,1314236998,1.0,100.0,1.0,100.0,68.0,67.0,True,True
gigel-si-sosetele,cpp,gigel-si-sosetele_cpp.jplag,1314236956.cpp,1314237008.cpp,1314236956,1314237008,1.0,100.0,1.0,100.0,57.0,56.0,True,True
gigel-si-sosetele,cpp,gigel-si-sosetele_cpp.jplag,1314236956.cpp,1314237103.cpp,1314236956,1314237103,1.0,100.0,1.0,100.0,57.0,56.0,True,True
gigel-si-sosetele,cpp,gigel-si-sosetele_cpp.jplag,1314236956.cpp,1314237167.cpp,1314236956,1314237167,1.0,100.0,1.0,100.0,57.0,56.0,True,True
gigel-si-sosetele,cpp,gigel-si-sosetele_cpp.jplag,1314236989.cpp,1314237010.cpp,1314236989,1314237010,1.0,100.0,1.0,100.0,50.0,49.0,True,True
gigel-si-sosetele,cpp,gigel-si-sosetele_cpp.jplag,1314236989.cpp,1314237017.cpp,1314236989,1314237017,1.0,100.0,1.0,100.0,50.0,49.0,True,True
gigel-si-sosetele,cpp,gigel-si-sosetele_cpp.jplag,1314236989.cpp,1314237027.cpp,1314236989,1314237027,1.0,100.0,1.0,100.0,50.0,49.0,True,True
gigel-si-sosetele,cpp,gigel-si-sosetele_cpp.jplag,1314236989.cpp,1314237071.cpp,1314236989,1314237071,1.0,100.0,1.0,100.0,50.0,49.0,True,True
gigel-si-sosetele,cpp,gigel-si-sosetele_cpp.jplag,1314236989.cpp,1314237098.cpp,1314236989,1314237098,1.0,100.0,1.0,100.0,50.0,49.0,True,True
gigel-si-sosetele,cpp,gigel-si-sosetele_cpp.jplag,1314236989.cpp,1314237104.cpp,1314236989,1314237104,1.0,100.0,1.0,100.0,50.0,49.0,True,True
gigel-si-sosetele,cpp,gigel-si-sosetele_cpp.jplag,1314236989.cpp,1314237113.cpp,1314236989,1314237113,1.0,100.0,1.0,100.0,50.0,49.0,True,True
gigel-si-sosetele,cpp,gigel-si-sosetele_cpp.jplag,1314236989.cpp,1314237122.cpp,1314236989,1314237122,1.0,100.0,1.0,100.0,50.0,49.0,True,True
gigel-si-sosetele,cpp,gigel-si-sosetele_cpp.jplag,1314236989.cpp,1314237131.cpp,1314236989,1314237131,1.0,100.0,1.0,100.0,50.0,49.0,True,True
gigel-si-sosetele,cpp,gigel-si-sosetele_cpp.jplag,1314236989.cpp,1314237176.cpp,1314236989,1314237176,1.0,100.0,1.0,100.0,50.0,49.0,True,True
gigel-si-sosetele,cpp,gigel-si-sosetele_cpp.jplag,1314236989.cpp,1314237191.cpp,1314236989,1314237191,1.0,100.0,1.0,100.0,50.0,49.0,True,True
gigel-si-sosetele,cpp,gigel-si-sosetele_cpp.jplag,1314236989.cpp,1314237331.cpp,1314236989,1314237331,1.0,100.0,1.0,100.0,50.0,49.0,True,True
gigel-si-sosetele,cpp,gigel-si-sosetele_cpp.jplag,1314236989.cpp,1314237352.cpp,1314236989,1314237352,1.0,100.0,1.0,100.0,50.0,49.0,True,True
gigel-si-sosetele,cpp,gigel-si-sosetele_cpp.jplag,1314236989.cpp,1314237361.cpp,1314236989,1314237361,1.0,100.0,1.0,100.0,50.0,49.0,True,True
gigel-si-sosetele,cpp,gigel-si-sosetele_cpp.jplag,1314237008.cpp,1314237103.cpp,1314237008,1314237103,1.0,100.0,1.0,100.0,57.0,56.0,True,True
gigel-si-sosetele,cpp,gigel-si-sosetele_cpp.jplag,1314237008.cpp,1314237167.cpp,1314237008,1314237167,1.0,100.0,1.0,100.0,57.0,56.0,True,True
gigel-si-sosetele,cpp,gigel-si-sosetele_cpp.jplag,1314237010.cpp,1314237017.cpp,1314237010,1314237017,1.0,100.0,1.0,100.0,50.0,49.0,True,True
gigel-si-sosetele,cpp,gigel-si-sosetele_cpp.jplag,1314237010.cpp,1314237027.cpp,1314237010,1314237027,1.0,100.0,1.0,100.0,50.0,49.0,True,True
gigel-si-sosetele,cpp,gigel-si-sosetele_cpp.jplag,1314237010.cpp,1314237071.cpp,1314237010,1314237071,1.0,100.0,1.0,100.0,50.0,49.0,True,True
gigel-si-sosetele,cpp,gigel-si-sosetele_cpp.jplag,1314237010.cpp,1314237098.cpp,1314237010,1314237098,1.0,100.0,1.0,100.0,50.0,49.0,True,True
gigel-si-sosetele,cpp,gigel-si-sosetele_cpp.jplag,1314237010.cpp,1314237104.cpp,1314237010,1314237104,1.0,100.0,1.0,100.0,50.0,49.0,True,True
gigel-si-sosetele,cpp,gigel-si-sosetele_cpp.jplag,1314237010.cpp,1314237113.cpp,1314237010,1314237113,1.0,100.0,1.0,100.0,50.0,49.0,True,True
gigel-si-sosetele,cpp,gigel-si-sosetele_cpp.jplag,1314237010.cpp,1314237122.cpp,1314237010,1314237122,1.0,100.0,1.0,100.0,50.0,49.0,True,True
gigel-si-sosetele,cpp,gigel-si-sosetele_cpp.jplag,1314237010.cpp,1314237131.cpp,1314237010,1314237131,1.0,100.0,1.0,100.0,50.0,49.0,True,True
gigel-si-sosetele,cpp,gigel-si-sosetele_cpp.jplag,1314237010.cpp,1314237176.cpp,1314237010,1314237176,1.0,100.0,1.0,100.0,50.0,49.0,True,True
gigel-si-sosetele,cpp,gigel-si-sosetele_cpp.jplag,1314237010.cpp,1314237191.cpp,1314237010,1314237191,1.0,100.0,1.0,100.0,50.0,49.0,True,True
gigel-si-sosetele,cpp,gigel-si-sosetele_cpp.jplag,1314237010.cpp,1314237331.cpp,1314237010,1314237331,1.0,100.0,1.0,100.0,50.0,49.0,True,True
gigel-si-sosetele,cpp,gigel-si-sosetele_cpp.jplag,1314237010.cpp,1314237352.cpp,1314237010,1314237352,1.0,100.0,1.0,100.0,50.0,49.0,True,True
gigel-si-sosetele,cpp,gigel-si-sosetele_cpp.jplag,1314237010.cpp,1314237361.cpp,1314237010,1314237361,1.0,100.0,1.0,100.0,50.0,49.0,True,True
gigel-si-sosetele,cpp,gigel-si-sosetele_cpp.jplag,1314237012.cpp,1314237117.cpp,1314237012,1314237117,1.0,100.0,1.0,100.0,62.0,61.0,True,True
gigel-si-sosetele,cpp,gigel-si-sosetele_cpp.jplag,1314237012.cpp,1314237153.cpp,1314237012,1314237153,1.0,100.0,1.0,100.0,62.0,61.0,True,True
gigel-si-sosetele,cpp,gigel-si-sosetele_cpp.jplag,1314237017.cpp,1314237027.cpp,1314237017,1314237027,1.0,100.0,1.0,100.0,50.0,49.0,True,True
gigel-si-sosetele,cpp,gigel-si-sosetele_cpp.jplag,1314237017.cpp,1314237071.cpp,1314237017,1314237071,1.0,100.0,1.0,100.0,50.0,49.0,True,True
gigel-si-sosetele,cpp,gigel-si-sosetele_cpp.jplag,1314237017.cpp,1314237098.cpp,1314237017,1314237098,1.0,100.0,1.0,100.0,50.0,49.0,True,True
gigel-si-sosetele,cpp,gigel-si-sosetele_cpp.jplag,1314237017.cpp,1314237104.cpp,1314237017,1314237104,1.0,100.0,1.0,100.0,50.0,49.0,True,True
gigel-si-sosetele,cpp,gigel-si-sosetele_cpp.jplag,1314237017.cpp,1314237113.cpp,1314237017,1314237113,1.0,100.0,1.0,100.0,50.0,49.0,True,True
gigel-si-sosetele,cpp,gigel-si-sosetele_cpp.jplag,1314237017.cpp,1314237122.cpp,1314237017,1314237122,1.0,100.0,1.0,100.0,50.0,49.0,True,True
gigel-si-sosetele,cpp,gigel-si-sosetele_cpp.jplag,1314237017.cpp,1314237131.cpp,1314237017,1314237131,1.0,100.0,1.0,100.0,50.0,49.0,True,True
gigel-si-sosetele,cpp,gigel-si-sosetele_cpp.jplag,1314237017.cpp,1314237176.cpp,1314237017,1314237176,1.0,100.0,1.0,100.0,50.0,49.0,True,True
gigel-si-sosetele,cpp,gigel-si-sosetele_cpp.jplag,1314237017.cpp,1314237191.cpp,1314237017,1314237191,1.0,100.0,1.0,100.0,50.0,49.0,True,True
gigel-si-sosetele,cpp,gigel-si-sosetele_cpp.jplag,1314237017.cpp,1314237331.cpp,1314237017,1314237331,1.0,100.0,1.0,100.0,50.0,49.0,True,True
gigel-si-sosetele,cpp,gigel-si-sosetele_cpp.jplag,1314237017.cpp,1314237352.cpp,1314237017,1314237352,1.0,100.0,1.0,100.0,50.0,49.0,True,True
gigel-si-sosetele,cpp,gigel-si-sosetele_cpp.jplag,1314237017.cpp,1314237361.cpp,1314237017,1314237361,1.0,100.0,1.0,100.0,50.0,49.0,True,True
gigel-si-sosetele,cpp,gigel-si-sosetele_cpp.jplag,1314237027.cpp,1314237071.cpp,1314237027,1314237071,1.0,100.0,1.0,100.0,50.0,49.0,True,True
gigel-si-sosetele,cpp,gigel-si-sosetele_cpp.jplag,1314237027.cpp,1314237098.cpp,1314237027,1314237098,1.0,100.0,1.0,100.0,50.0,49.0,True,True
gigel-si-sosetele,cpp,gigel-si-sosetele_cpp.jplag,1314237027.cpp,1314237104.cpp,1314237027,1314237104,1.0,100.0,1.0,100.0,50.0,49.0,True,True
gigel-si-sosetele,cpp,gigel-si-sosetele_cpp.jplag,1314237027.cpp,1314237113.cpp,1314237027,1314237113,1.0,100.0,1.0,100.0,50.0,49.0,True,True
gigel-si-sosetele,cpp,gigel-si-sosetele_cpp.jplag,1314237027.cpp,1314237122.cpp,1314237027,1314237122,1.0,100.0,1.0,100.0,50.0,49.0,True,True
gigel-si-sosetele,cpp,gigel-si-sosetele_cpp.jplag,1314237027.cpp,1314237131.cpp,1314237027,1314237131,1.0,100.0,1.0,100.0,50.0,49.0,True,True
gigel-si-sosetele,cpp,gigel-si-sosetele_cpp.jplag,1314237027.cpp,1314237176.cpp,1314237027,1314237176,1.0,100.0,1.0,100.0,50.0,49.0,True,True
gigel-si-sosetele,cpp,gigel-si-sosetele_cpp.jplag,1314237027.cpp,1314237191.cpp,1314237027,1314237191,1.0,100.0,1.0,100.0,50.0,49.0,True,True
gigel-si-sosetele,cpp,gigel-si-sosetele_cpp.jplag,1314237027.cpp,1314237331.cpp,1314237027,1314237331,1.0,100.0,1.0,100.0,50.0,49.0,True,True
gigel-si-sosetele,cpp,gigel-si-sosetele_cpp.jplag,1314237027.cpp,1314237352.cpp,1314237027,1314237352,1.0,100.0,1.0,100.0,50.0,49.0,True,True
gigel-si-sosetele,cpp,gigel-si-sosetele_cpp.jplag,1314237027.cpp,1314237361.cpp,1314237027,1314237361,1.0,100.0,1.0,100.0,50.0,49.0,True,True
gigel-si-sosetele,cpp,gigel-si-sosetele_cpp.jplag,1314237043.cpp,1314237091.cpp,1314237043,1314237091,1.0,100.0,1.0,100.0,52.0,51.0,True,True
gigel-si-sosetele,cpp,gigel-si-sosetele_cpp.jplag,1314237071.cpp,1314237098.cpp,1314237071,1314237098,1.0,100.0,1.0,100.0,50.0,49.0,True,True
gigel-si-sosetele,cpp,gigel-si-sosetele_cpp.jplag,1314237071.cpp,1314237104.cpp,1314237071,1314237104,1.0,100.0,1.0,100.0,50.0,49.0,True,True
gigel-si-sosetele,cpp,gigel-si-sosetele_cpp.jplag,1314237071.cpp,1314237113.cpp,1314237071,1314237113,1.0,100.0,1.0,100.0,50.0,49.0,True,True
gigel-si-sosetele,cpp,gigel-si-sosetele_cpp.jplag,1314237071.cpp,1314237122.cpp,1314237071,1314237122,1.0,100.0,1.0,100.0,50.0,49.0,True,True
gigel-si-sosetele,cpp,gigel-si-sosetele_cpp.jplag,1314237071.cpp,1314237131.cpp,1314237071,1314237131,1.0,100.0,1.0,100.0,50.0,49.0,True,True
gigel-si-sosetele,cpp,gigel-si-sosetele_cpp.jplag,1314237071.cpp,1314237176.cpp,1314237071,1314237176,1.0,100.0,1.0,100.0,50.0,49.0,True,True
gigel-si-sosetele,cpp,gigel-si-sosetele_cpp.jplag,1314237071.cpp,1314237191.cpp,1314237071,1314237191,1.0,100.0,1.0,100.0,50.0,49.0,True,True
gigel-si-sosetele,cpp,gigel-si-sosetele_cpp.jplag,1314237071.cpp,1314237331.cpp,1314237071,1314237331,1.0,100.0,1.0,100.0,50.0,49.0,True,True
gigel-si-sosetele,cpp,gigel-si-sosetele_cpp.jplag,1314237071.cpp,1314237352.cpp,1314237071,1314237352,1.0,100.0,1.0,100.0,50.0,49.0,True,True
gigel-si-sosetele,cpp,gigel-si-sosetele_cpp.jplag,1314237071.cpp,1314237361.cpp,1314237071,1314237361,1.0,100.0,1.0,100.0,50.0,49.0,True,True
gigel-si-sosetele,cpp,gigel-si-sosetele_cpp.jplag,1314237098.cpp,1314237104.cpp,1314237098,1314237104,1.0,100.0,1.0,100.0,50.0,49.0,True,True
gigel-si-sosetele,cpp,gigel-si-sosetele_cpp.jplag,1314237098.cpp,1314237113.cpp,1314237098,1314237113,1.0,100.0,1.0,100.0,50.0,49.0,True,True
gigel-si-sosetele,cpp,gigel-si-sosetele_cpp.jplag,1314237098.cpp,1314237122.cpp,1314237098,1314237122,1.0,100.0,1.0,100.0,50.0,49.0,True,True
gigel-si-sosetele,cpp,gigel-si-sosetele_cpp.jplag,1314237098.cpp,1314237131.cpp,1314237098,1314237131,1.0,100.0,1.0,100.0,50.0,49.0,True,True
gigel-si-sosetele,cpp,gigel-si-sosetele_cpp.jplag,1314237098.cpp,1314237176.cpp,1314237098,1314237176,1.0,100.0,1.0,100.0,50.0,49.0,True,True
gigel-si-sosetele,cpp,gigel-si-sosetele_cpp.jplag,1314237098.cpp,1314237191.cpp,1314237098,1314237191,1.0,100.0,1.0,100.0,50.0,49.0,True,True
gigel-si-sosetele,cpp,gigel-si-sosetele_cpp.jplag,1314237098.cpp,1314237331.cpp,1314237098,1314237331,1.0,100.0,1.0,100.0,50.0,49.0,True,True
gigel-si-sosetele,cpp,gigel-si-sosetele_cpp.jplag,1314237098.cpp,1314237352.cpp,1314237098,1314237352,1.0,100.0,1.0,100.0,50.0,49.0,True,True
gigel-si-sosetele,cpp,gigel-si-sosetele_cpp.jplag,1314237098.cpp,1314237361.cpp,1314237098,1314237361,1.0,100.0,1.0,100.0,50.0,49.0,True,True
gigel-si-sosetele,cpp,gigel-si-sosetele_cpp.jplag,1314237103.cpp,1314237167.cpp,1314237103,1314237167,1.0,100.0,1.0,100.0,57.0,56.0,True,True
gigel-si-sosetele,cpp,gigel-si-sosetele_cpp.jplag,1314237104.cpp,1314237113.cpp,1314237104,1314237113,1.0,100.0,1.0,100.0,50.0,49.0,True,True
gigel-si-sosetele,cpp,gigel-si-sosetele_cpp.jplag,1314237104.cpp,1314237122.cpp,1314237104,1314237122,1.0,100.0,1.0,100.0,50.0,49.0,True,True
gigel-si-sosetele,cpp,gigel-si-sosetele_cpp.jplag,1314237104.cpp,1314237131.cpp,1314237104,1314237131,1.0,100.0,1.0,100.0,50.0,49.0,True,True
gigel-si-sosetele,cpp,gigel-si-sosetele_cpp.jplag,1314237104.cpp,1314237176.cpp,1314237104,1314237176,1.0,100.0,1.0,100.0,50.0,49.0,True,True
gigel-si-sosetele,cpp,gigel-si-sosetele_cpp.jplag,1314237104.cpp,1314237191.cpp,1314237104,1314237191,1.0,100.0,1.0,100.0,50.0,49.0,True,True
gigel-si-sosetele,cpp,gigel-si-sosetele_cpp.jplag,1314237104.cpp,1314237331.cpp,1314237104,1314237331,1.0,100.0,1.0,100.0,50.0,49.0,True,True
gigel-si-sosetele,cpp,gigel-si-sosetele_cpp.jplag,1314237104.cpp,1314237352.cpp,1314237104,1314237352,1.0,100.0,1.0,100.0,50.0,49.0,True,True
gigel-si-sosetele,cpp,gigel-si-sosetele_cpp.jplag,1314237104.cpp,1314237361.cpp,1314237104,1314237361,1.0,100.0,1.0,100.0,50.0,49.0,True,True
gigel-si-sosetele,cpp,gigel-si-sosetele_cpp.jplag,1314237113.cpp,1314237122.cpp,1314237113,1314237122,1.0,100.0,1.0,100.0,50.0,49.0,True,True
gigel-si-sosetele,cpp,gigel-si-sosetele_cpp.jplag,1314237113.cpp,1314237131.cpp,1314237113,1314237131,1.0,100.0,1.0,100.0,50.0,49.0,True,True
gigel-si-sosetele,cpp,gigel-si-sosetele_cpp.jplag,1314237113.cpp,1314237176.cpp,1314237113,1314237176,1.0,100.0,1.0,100.0,50.0,49.0,True,True
gigel-si-sosetele,cpp,gigel-si-sosetele_cpp.jplag,1314237113.cpp,1314237191.cpp,1314237113,1314237191,1.0,100.0,1.0,100.0,50.0,49.0,True,True
gigel-si-sosetele,cpp,gigel-si-sosetele_cpp.jplag,1314237113.cpp,1314237331.cpp,1314237113,1314237331,1.0,100.0,1.0,100.0,50.0,49.0,True,True
gigel-si-sosetele,cpp,gigel-si-sosetele_cpp.jplag,1314237113.cpp,1314237352.cpp,1314237113,1314237352,1.0,100.0,1.0,100.0,50.0,49.0,True,True
gigel-si-sosetele,cpp,gigel-si-sosetele_cpp.jplag,1314237113.cpp,1314237361.cpp,1314237113,1314237361,1.0,100.0,1.0,100.0,50.0,49.0,True,True
gigel-si-sosetele,cpp,gigel-si-sosetele_cpp.jplag,1314237117.cpp,1314237153.cpp,1314237117,1314237153,1.0,100.0,1.0,100.0,62.0,61.0,True,True
gigel-si-sosetele,cpp,gigel-si-sosetele_cpp.jplag,1314237122.cpp,1314237131.cpp,1314237122,1314237131,1.0,100.0,1.0,100.0,50.0,49.0,True,True
gigel-si-sosetele,cpp,gigel-si-sosetele_cpp.jplag,1314237122.cpp,1314237176.cpp,1314237122,1314237176,1.0,100.0,1.0,100.0,50.0,49.0,True,True
gigel-si-sosetele,cpp,gigel-si-sosetele_cpp.jplag,1314237122.cpp,1314237191.cpp,1314237122,1314237191,1.0,100.0,1.0,100.0,50.0,49.0,True,True
gigel-si-sosetele,cpp,gigel-si-sosetele_cpp.jplag,1314237122.cpp,1314237331.cpp,1314237122,1314237331,1.0,100.0,1.0,100.0,50.0,49.0,True,True
gigel-si-sosetele,cpp,gigel-si-sosetele_cpp.jplag,1314237122.cpp,1314237352.cpp,1314237122,1314237352,1.0,100.0,1.0,100.0,50.0,49.0,True,True
gigel-si-sosetele,cpp,gigel-si-sosetele_cpp.jplag,1314237122.cpp,1314237361.cpp,1314237122,1314237361,1.0,100.0,1.0,100.0,50.0,49.0,True,True
gigel-si-sosetele,cpp,gigel-si-sosetele_cpp.jplag,1314237131.cpp,1314237176.cpp,1314237131,1314237176,1.0,100.0,1.0,100.0,50.0,49.0,True,True
gigel-si-sosetele,cpp,gigel-si-sosetele_cpp.jplag,1314237131.cpp,1314237191.cpp,1314237131,1314237191,1.0,100.0,1.0,100.0,50.0,49.0,True,True
gigel-si-sosetele,cpp,gigel-si-sosetele_cpp.jplag,1314237131.cpp,1314237331.cpp,1314237131,1314237331,1.0,100.0,1.0,100.0,50.0,49.0,True,True
gigel-si-sosetele,cpp,gigel-si-sosetele_cpp.jplag,1314237131.cpp,1314237352.cpp,1314237131,1314237352,1.0,100.0,1.0,100.0,50.0,49.0,True,True
gigel-si-sosetele,cpp,gigel-si-sosetele_cpp.jplag,1314237131.cpp,1314237361.cpp,1314237131,1314237361,1.0,100.0,1.0,100.0,50.0,49.0,True,True
gigel-si-sosetele,cpp,gigel-si-sosetele_cpp.jplag,1314237176.cpp,1314237191.cpp,1314237176,1314237191,1.0,100.0,1.0,100.0,50.0,49.0,True,True
gigel-si-sosetele,cpp,gigel-si-sosetele_cpp.jplag,1314237176.cpp,1314237331.cpp,1314237176,1314237331,1.0,100.0,1.0,100.0,50.0,49.0,True,True
gigel-si-sosetele,cpp,gigel-si-sosetele_cpp.jplag,1314237176.cpp,1314237352.cpp,1314237176,1314237352,1.0,100.0,1.0,100.0,50.0,49.0,True,True
gigel-si-sosetele,cpp,gigel-si-sosetele_cpp.jplag,1314237176.cpp,1314237361.cpp,1314237176,1314237361,1.0,100.0,1.0,100.0,50.0,49.0,True,True
gigel-si-sosetele,cpp,gigel-si-sosetele_cpp.jplag,1314237191.cpp,1314237331.cpp,1314237191,1314237331,1.0,100.0,1.0,100.0,50.0,49.0,True,True
gigel-si-sosetele,cpp,gigel-si-sosetele_cpp.jplag,1314237191.cpp,1314237352.cpp,1314237191,1314237352,1.0,100.0,1.0,100.0,50.0,49.0,True,True
gigel-si-sosetele,cpp,gigel-si-sosetele_cpp.jplag,1314237191.cpp,1314237361.cpp,1314237191,1314237361,1.0,100.0,1.0,100.0,50.0,49.0,True,True
gigel-si-sosetele,cpp,gigel-si-sosetele_cpp.jplag,1314237237.cpp,1314237304.cpp,1314237237,1314237304,1.0,100.0,1.0,100.0,77.0,76.0,True,True
gigel-si-sosetele,cpp,gigel-si-sosetele_cpp.jplag,1314237268.cpp,1314237382.cpp,1314237268,1314237382,1.0,100.0,1.0,100.0,78.0,77.0,True,True
gigel-si-sosetele,cpp,gigel-si-sosetele_cpp.jplag,1314237275.cpp,1314237309.cpp,1314237275,1314237309,1.0,100.0,1.0,100.0,113.0,112.0,True,True
gigel-si-sosetele,cpp,gigel-si-sosetele_cpp.jplag,1314237331.cpp,1314237352.cpp,1314237331,1314237352,1.0,100.0,1.0,100.0,50.0,49.0,True,True
gigel-si-sosetele,cpp,gigel-si-sosetele_cpp.jplag,1314237331.cpp,1314237361.cpp,1314237331,1314237361,1.0,100.0,1.0,100.0,50.0,49.0,True,True
gigel-si-sosetele,cpp,gigel-si-sosetele_cpp.jplag,1314237352.cpp,1314237361.cpp,1314237352,1314237361,1.0,100.0,1.0,100.0,50.0,49.0,True,True
gigel-si-sosetele,cpp,gigel-si-sosetele_cpp.jplag,1314237375.cpp,1314237397.cpp,1314237375,1314237397,1.0,100.0,1.0,100.0,51.0,50.0,True,True
gigel-si-sosetele,cpp,gigel-si-sosetele_cpp.jplag,1314237375.cpp,1314237416.cpp,1314237375,1314237416,1.0,100.0,1.0,100.0,51.0,50.0,True,True
gigel-si-sosetele,cpp,gigel-si-sosetele_cpp.jplag,1314237375.cpp,1314237423.cpp,1314237375,1314237423,1.0,100.0,1.0,100.0,51.0,50.0,True,True
gigel-si-sosetele,cpp,gigel-si-sosetele_cpp.jplag,1314237375.cpp,1314237446.cpp,1314237375,1314237446,1.0,100.0,1.0,100.0,51.0,50.0,True,True
gigel-si-sosetele,cpp,gigel-si-sosetele_cpp.jplag,1314237375.cpp,1314237463.cpp,1314237375,1314237463,1.0,100.0,1.0,100.0,51.0,50.0,True,True
gigel-si-sosetele,cpp,gigel-si-sosetele_cpp.jplag,1314237375.cpp,1314237470.cpp,1314237375,1314237470,1.0,100.0,1.0,100.0,51.0,50.0,True,True
gigel-si-sosetele,cpp,gigel-si-sosetele_cpp.jplag,1314237375.cpp,1314237534.cpp,1314237375,1314237534,1.0,100.0,1.0,100.0,51.0,50.0,True,True
gigel-si-sosetele,cpp,gigel-si-sosetele_cpp.jplag,1314237375.cpp,1314237555.cpp,1314237375,1314237555,1.0,100.0,1.0,100.0,51.0,50.0,True,True
gigel-si-sosetele,cpp,gigel-si-sosetele_cpp.jplag,1314237375.cpp,1314237574.cpp,1314237375,1314237574,1.0,100.0,1.0,100.0,51.0,50.0,True,True
gigel-si-sosetele,cpp,gigel-si-sosetele_cpp.jplag,1314237375.cpp,1314237585.cpp,1314237375,1314237585,1.0,100.0,1.0,100.0,51.0,50.0,True,True
gigel-si-sosetele,cpp,gigel-si-sosetele_cpp.jplag,1314237375.cpp,1314237600.cpp,1314237375,1314237600,1.0,100.0,1.0,100.0,51.0,50.0,True,True
gigel-si-sosetele,cpp,gigel-si-sosetele_cpp.jplag,1314237375.cpp,1314237625.cpp,1314237375,1314237625,1.0,100.0,1.0,100.0,51.0,50.0,True,True
gigel-si-sosetele,cpp,gigel-si-sosetele_cpp.jplag,1314237375.cpp,1314237636.cpp,1314237375,1314237636,1.0,100.0,1.0,100.0,51.0,50.0,True,True
gigel-si-sosetele,cpp,gigel-si-sosetele_cpp.jplag,1314237375.cpp,1314237656.cpp,1314237375,1314237656,1.0,100.0,1.0,100.0,51.0,50.0,True,True
gigel-si-sosetele,cpp,gigel-si-sosetele_cpp.jplag,1314237383.cpp,1314237674.cpp,1314237383,1314237674,1.0,100.0,1.0,100.0,35.0,34.0,True,True
gigel-si-sosetele,cpp,gigel-si-sosetele_cpp.jplag,1314237397.cpp,1314237416.cpp,1314237397,1314237416,1.0,100.0,1.0,100.0,51.0,50.0,True,True
gigel-si-sosetele,cpp,gigel-si-sosetele_cpp.jplag,1314237397.cpp,1314237423.cpp,1314237397,1314237423,1.0,100.0,1.0,100.0,51.0,50.0,True,True
gigel-si-sosetele,cpp,gigel-si-sosetele_cpp.jplag,1314237397.cpp,1314237446.cpp,1314237397,1314237446,1.0,100.0,1.0,100.0,51.0,50.0,True,True
gigel-si-sosetele,cpp,gigel-si-sosetele_cpp.jplag,1314237397.cpp,1314237463.cpp,1314237397,1314237463,1.0,100.0,1.0,100.0,51.0,50.0,True,True
gigel-si-sosetele,cpp,gigel-si-sosetele_cpp.jplag,1314237397.cpp,1314237470.cpp,1314237397,1314237470,1.0,100.0,1.0,100.0,51.0,50.0,True,True
gigel-si-sosetele,cpp,gigel-si-sosetele_cpp.jplag,1314237397.cpp,1314237534.cpp,1314237397,1314237534,1.0,100.0,1.0,100.0,51.0,50.0,True,True
gigel-si-sosetele,cpp,gigel-si-sosetele_cpp.jplag,1314237397.cpp,1314237555.cpp,1314237397,1314237555,1.0,100.0,1.0,100.0,51.0,50.0,True,True
gigel-si-sosetele,cpp,gigel-si-sosetele_cpp.jplag,1314237397.cpp,1314237574.cpp,1314237397,1314237574,1.0,100.0,1.0,100.0,51.0,50.0,True,True
gigel-si-sosetele,cpp,gigel-si-sosetele_cpp.jplag,1314237397.cpp,1314237585.cpp,1314237397,1314237585,1.0,100.0,1.0,100.0,51.0,50.0,True,True
gigel-si-sosetele,cpp,gigel-si-sosetele_cpp.jplag,1314237397.cpp,1314237600.cpp,1314237397,1314237600,1.0,100.0,1.0,100.0,51.0,50.0,True,True
gigel-si-sosetele,cpp,gigel-si-sosetele_cpp.jplag,1314237397.cpp,1314237625.cpp,1314237397,1314237625,1.0,100.0,1.0,100.0,51.0,50.0,True,True
gigel-si-sosetele,cpp,gigel-si-sosetele_cpp.jplag,1314237397.cpp,1314237636.cpp,1314237397,1314237636,1.0,100.0,1.0,100.0,51.0,50.0,True,True
gigel-si-sosetele,cpp,gigel-si-sosetele_cpp.jplag,1314237397.cpp,1314237656.cpp,1314237397,1314237656,1.0,100.0,1.0,100.0,51.0,50.0,True,True
gigel-si-sosetele,cpp,gigel-si-sosetele_cpp.jplag,1314237416.cpp,1314237423.cpp,1314237416,1314237423,1.0,100.0,1.0,100.0,51.0,50.0,True,True
gigel-si-sosetele,cpp,gigel-si-sosetele_cpp.jplag,1314237416.cpp,1314237446.cpp,1314237416,1314237446,1.0,100.0,1.0,100.0,51.0,50.0,True,True
gigel-si-sosetele,cpp,gigel-si-sosetele_cpp.jplag,1314237416.cpp,1314237463.cpp,1314237416,1314237463,1.0,100.0,1.0,100.0,51.0,50.0,True,True
gigel-si-sosetele,cpp,gigel-si-sosetele_cpp.jplag,1314237416.cpp,1314237470.cpp,1314237416,1314237470,1.0,100.0,1.0,100.0,51.0,50.0,True,True
gigel-si-sosetele,cpp,gigel-si-sosetele_cpp.jplag,1314237416.cpp,1314237534.cpp,1314237416,1314237534,1.0,100.0,1.0,100.0,51.0,50.0,True,True
gigel-si-sosetele,cpp,gigel-si-sosetele_cpp.jplag,1314237416.cpp,1314237555.cpp,1314237416,1314237555,1.0,100.0,1.0,100.0,51.0,50.0,True,True
gigel-si-sosetele,cpp,gigel-si-sosetele_cpp.jplag,1314237416.cpp,1314237574.cpp,1314237416,1314237574,1.0,100.0,1.0,100.0,51.0,50.0,True,True
gigel-si-sosetele,cpp,gigel-si-sosetele_cpp.jplag,1314237416.cpp,1314237585.cpp,1314237416,1314237585,1.0,100.0,1.0,100.0,51.0,50.0,True,True
gigel-si-sosetele,cpp,gigel-si-sosetele_cpp.jplag,1314237416.cpp,1314237600.cpp,1314237416,1314237600,1.0,100.0,1.0,100.0,51.0,50.0,True,True
gigel-si-sosetele,cpp,gigel-si-sosetele_cpp.jplag,1314237416.cpp,1314237625.cpp,1314237416,1314237625,1.0,100.0,1.0,100.0,51.0,50.0,True,True
gigel-si-sosetele,cpp,gigel-si-sosetele_cpp.jplag,1314237416.cpp,1314237636.cpp,1314237416,1314237636,1.0,100.0,1.0,100.0,51.0,50.0,True,True
gigel-si-sosetele,cpp,gigel-si-sosetele_cpp.jplag,1314237416.cpp,1314237656.cpp,1314237416,1314237656,1.0,100.0,1.0,100.0,51.0,50.0,True,True
gigel-si-sosetele,cpp,gigel-si-sosetele_cpp.jplag,1314237422.cpp,1314237497.cpp,1314237422,1314237497,1.0,100.0,1.0,100.0,71.0,70.0,True,True
gigel-si-sosetele,cpp,gigel-si-sosetele_cpp.jplag,1314237423.cpp,1314237446.cpp,1314237423,1314237446,1.0,100.0,1.0,100.0,51.0,50.0,True,True
gigel-si-sosetele,cpp,gigel-si-sosetele_cpp.jplag,1314237423.cpp,1314237463.cpp,1314237423,1314237463,1.0,100.0,1.0,100.0,51.0,50.0,True,True
gigel-si-sosetele,cpp,gigel-si-sosetele_cpp.jplag,1314237423.cpp,1314237470.cpp,1314237423,1314237470,1.0,100.0,1.0,100.0,51.0,50.0,True,True
gigel-si-sosetele,cpp,gigel-si-sosetele_cpp.jplag,1314237423.cpp,1314237534.cpp,1314237423,1314237534,1.0,100.0,1.0,100.0,51.0,50.0,True,True
gigel-si-sosetele,cpp,gigel-si-sosetele_cpp.jplag,1314237423.cpp,1314237555.cpp,1314237423,1314237555,1.0,100.0,1.0,100.0,51.0,50.0,True,True
gigel-si-sosetele,cpp,gigel-si-sosetele_cpp.jplag,1314237423.cpp,1314237574.cpp,1314237423,1314237574,1.0,100.0,1.0,100.0,51.0,50.0,True,True
gigel-si-sosetele,cpp,gigel-si-sosetele_cpp.jplag,1314237423.cpp,1314237585.cpp,1314237423,1314237585,1.0,100.0,1.0,100.0,51.0,50.0,True,True
gigel-si-sosetele,cpp,gigel-si-sosetele_cpp.jplag,1314237423.cpp,1314237600.cpp,1314237423,1314237600,1.0,100.0,1.0,100.0,51.0,50.0,True,True
gigel-si-sosetele,cpp,gigel-si-sosetele_cpp.jplag,1314237423.cpp,1314237625.cpp,1314237423,1314237625,1.0,100.0,1.0,100.0,51.0,50.0,True,True
gigel-si-sosetele,cpp,gigel-si-sosetele_cpp.jplag,1314237423.cpp,1314237636.cpp,1314237423,1314237636,1.0,100.0,1.0,100.0,51.0,50.0,True,True
gigel-si-sosetele,cpp,gigel-si-sosetele_cpp.jplag,1314237423.cpp,1314237656.cpp,1314237423,1314237656,1.0,100.0,1.0,100.0,51.0,50.0,True,True
gigel-si-sosetele,cpp,gigel-si-sosetele_cpp.jplag,1314237446.cpp,1314237463.cpp,1314237446,1314237463,1.0,100.0,1.0,100.0,51.0,50.0,True,True
gigel-si-sosetele,cpp,gigel-si-sosetele_cpp.jplag,1314237446.cpp,1314237470.cpp,1314237446,1314237470,1.0,100.0,1.0,100.0,51.0,50.0,True,True
gigel-si-sosetele,cpp,gigel-si-sosetele_cpp.jplag,1314237446.cpp,1314237534.cpp,1314237446,1314237534,1.0,100.0,1.0,100.0,51.0,50.0,True,True
gigel-si-sosetele,cpp,gigel-si-sosetele_cpp.jplag,1314237446.cpp,1314237555.cpp,1314237446,1314237555,1.0,100.0,1.0,100.0,51.0,50.0,True,True
gigel-si-sosetele,cpp,gigel-si-sosetele_cpp.jplag,1314237446.cpp,1314237574.cpp,1314237446,1314237574,1.0,100.0,1.0,100.0,51.0,50.0,True,True
gigel-si-sosetele,cpp,gigel-si-sosetele_cpp.jplag,1314237446.cpp,1314237585.cpp,1314237446,1314237585,1.0,100.0,1.0,100.0,51.0,50.0,True,True
gigel-si-sosetele,cpp,gigel-si-sosetele_cpp.jplag,1314237446.cpp,1314237600.cpp,1314237446,1314237600,1.0,100.0,1.0,100.0,51.0,50.0,True,True
gigel-si-sosetele,cpp,gigel-si-sosetele_cpp.jplag,1314237446.cpp,1314237625.cpp,1314237446,1314237625,1.0,100.0,1.0,100.0,51.0,50.0,True,True
gigel-si-sosetele,cpp,gigel-si-sosetele_cpp.jplag,1314237446.cpp,1314237636.cpp,1314237446,1314237636,1.0,100.0,1.0,100.0,51.0,50.0,True,True
gigel-si-sosetele,cpp,gigel-si-sosetele_cpp.jplag,1314237446.cpp,1314237656.cpp,1314237446,1314237656,1.0,100.0,1.0,100.0,51.0,50.0,True,True
gigel-si-sosetele,cpp,gigel-si-sosetele_cpp.jplag,1314237463.cpp,1314237470.cpp,1314237463,1314237470,1.0,100.0,1.0,100.0,51.0,50.0,True,True
gigel-si-sosetele,cpp,gigel-si-sosetele_cpp.jplag,1314237463.cpp,1314237534.cpp,1314237463,1314237534,1.0,100.0,1.0,100.0,51.0,50.0,True,True
gigel-si-sosetele,cpp,gigel-si-sosetele_cpp.jplag,1314237463.cpp,1314237555.cpp,1314237463,1314237555,1.0,100.0,1.0,100.0,51.0,50.0,True,True
gigel-si-sosetele,cpp,gigel-si-sosetele_cpp.jplag,1314237463.cpp,1314237574.cpp,1314237463,1314237574,1.0,100.0,1.0,100.0,51.0,50.0,True,True
gigel-si-sosetele,cpp,gigel-si-sosetele_cpp.jplag,1314237463.cpp,1314237585.cpp,1314237463,1314237585,1.0,100.0,1.0,100.0,51.0,50.0,True,True
gigel-si-sosetele,cpp,gigel-si-sosetele_cpp.jplag,1314237463.cpp,1314237600.cpp,1314237463,1314237600,1.0,100.0,1.0,100.0,51.0,50.0,True,True
gigel-si-sosetele,cpp,gigel-si-sosetele_cpp.jplag,1314237463.cpp,1314237625.cpp,1314237463,1314237625,1.0,100.0,1.0,100.0,51.0,50.0,True,True
gigel-si-sosetele,cpp,gigel-si-sosetele_cpp.jplag,1314237463.cpp,1314237636.cpp,1314237463,1314237636,1.0,100.0,1.0,100.0,51.0,50.0,True,True
gigel-si-sosetele,cpp,gigel-si-sosetele_cpp.jplag,1314237463.cpp,1314237656.cpp,1314237463,1314237656,1.0,100.0,1.0,100.0,51.0,50.0,True,True
gigel-si-sosetele,cpp,gigel-si-sosetele_cpp.jplag,1314237470.cpp,1314237534.cpp,1314237470,1314237534,1.0,100.0,1.0,100.0,51.0,50.0,True,True
gigel-si-sosetele,cpp,gigel-si-sosetele_cpp.jplag,1314237470.cpp,1314237555.cpp,1314237470,1314237555,1.0,100.0,1.0,100.0,51.0,50.0,True,True
gigel-si-sosetele,cpp,gigel-si-sosetele_cpp.jplag,1314237470.cpp,1314237574.cpp,1314237470,1314237574,1.0,100.0,1.0,100.0,51.0,50.0,True,True
gigel-si-sosetele,cpp,gigel-si-sosetele_cpp.jplag,1314237470.cpp,1314237585.cpp,1314237470,1314237585,1.0,100.0,1.0,100.0,51.0,50.0,True,True
gigel-si-sosetele,cpp,gigel-si-sosetele_cpp.jplag,1314237470.cpp,1314237600.cpp,1314237470,1314237600,1.0,100.0,1.0,100.0,51.0,50.0,True,True
gigel-si-sosetele,cpp,gigel-si-sosetele_cpp.jplag,1314237470.cpp,1314237625.cpp,1314237470,1314237625,1.0,100.0,1.0,100.0,51.0,50.0,True,True
gigel-si-sosetele,cpp,gigel-si-sosetele_cpp.jplag,1314237470.cpp,1314237636.cpp,1314237470,1314237636,1.0,100.0,1.0,100.0,51.0,50.0,True,True
gigel-si-sosetele,cpp,gigel-si-sosetele_cpp.jplag,1314237470.cpp,1314237656.cpp,1314237470,1314237656,1.0,100.0,1.0,100.0,51.0,50.0,True,True
gigel-si-sosetele,cpp,gigel-si-sosetele_cpp.jplag,1314237534.cpp,1314237555.cpp,1314237534,1314237555,1.0,100.0,1.0,100.0,51.0,50.0,True,True
gigel-si-sosetele,cpp,gigel-si-sosetele_cpp.jplag,1314237534.cpp,1314237574.cpp,1314237534,1314237574,1.0,100.0,1.0,100.0,51.0,50.0,True,True
gigel-si-sosetele,cpp,gigel-si-sosetele_cpp.jplag,1314237534.cpp,1314237585.cpp,1314237534,1314237585,1.0,100.0,1.0,100.0,51.0,50.0,True,True
gigel-si-sosetele,cpp,gigel-si-sosetele_cpp.jplag,1314237534.cpp,1314237600.cpp,1314237534,1314237600,1.0,100.0,1.0,100.0,51.0,50.0,True,True
gigel-si-sosetele,cpp,gigel-si-sosetele_cpp.jplag,1314237534.cpp,1314237625.cpp,1314237534,1314237625,1.0,100.0,1.0,100.0,51.0,50.0,True,True
gigel-si-sosetele,cpp,gigel-si-sosetele_cpp.jplag,1314237534.cpp,1314237636.cpp,1314237534,1314237636,1.0,100.0,1.0,100.0,51.0,50.0,True,True
gigel-si-sosetele,cpp,gigel-si-sosetele_cpp.jplag,1314237534.cpp,1314237656.cpp,1314237534,1314237656,1.0,100.0,1.0,100.0,51.0,50.0,True,True
gigel-si-sosetele,cpp,gigel-si-sosetele_cpp.jplag,1314237555.cpp,1314237574.cpp,1314237555,1314237574,1.0,100.0,1.0,100.0,51.0,50.0,True,True
gigel-si-sosetele,cpp,gigel-si-sosetele_cpp.jplag,1314237555.cpp,1314237585.cpp,1314237555,1314237585,1.0,100.0,1.0,100.0,51.0,50.0,True,True
gigel-si-sosetele,cpp,gigel-si-sosetele_cpp.jplag,1314237555.cpp,1314237600.cpp,1314237555,1314237600,1.0,100.0,1.0,100.0,51.0,50.0,True,True
gigel-si-sosetele,cpp,gigel-si-sosetele_cpp.jplag,1314237555.cpp,1314237625.cpp,1314237555,1314237625,1.0,100.0,1.0,100.0,51.0,50.0,True,True
gigel-si-sosetele,cpp,gigel-si-sosetele_cpp.jplag,1314237555.cpp,1314237636.cpp,1314237555,1314237636,1.0,100.0,1.0,100.0,51.0,50.0,True,True
gigel-si-sosetele,cpp,gigel-si-sosetele_cpp.jplag,1314237555.cpp,1314237656.cpp,1314237555,1314237656,1.0,100.0,1.0,100.0,51.0,50.0,True,True
gigel-si-sosetele,cpp,gigel-si-sosetele_cpp.jplag,1314237574.cpp,1314237585.cpp,1314237574,1314237585,1.0,100.0,1.0,100.0,51.0,50.0,True,True
gigel-si-sosetele,cpp,gigel-si-sosetele_cpp.jplag,1314237574.cpp,1314237600.cpp,1314237574,1314237600,1.0,100.0,1.0,100.0,51.0,50.0,True,True
gigel-si-sosetele,cpp,gigel-si-sosetele_cpp.jplag,1314237574.cpp,1314237625.cpp,1314237574,1314237625,1.0,100.0,1.0,100.0,51.0,50.0,True,True
gigel-si-sosetele,cpp,gigel-si-sosetele_cpp.jplag,1314237574.cpp,1314237636.cpp,1314237574,1314237636,1.0,100.0,1.0,100.0,51.0,50.0,True,True
gigel-si-sosetele,cpp,gigel-si-sosetele_cpp.jplag,1314237574.cpp,1314237656.cpp,1314237574,1314237656,1.0,100.0,1.0,100.0,51.0,50.0,True,True
gigel-si-sosetele,cpp,gigel-si-sosetele_cpp.jplag,1314237585.cpp,1314237600.cpp,1314237585,1314237600,1.0,100.0,1.0,100.0,51.0,50.0,True,True
gigel-si-sosetele,cpp,gigel-si-sosetele_cpp.jplag,1314237585.cpp,1314237625.cpp,1314237585,1314237625,1.0,100.0,1.0,100.0,51.0,50.0,True,True
gigel-si-sosetele,cpp,gigel-si-sosetele_cpp.jplag,1314237585.cpp,1314237636.cpp,1314237585,1314237636,1.0,100.0,1.0,100.0,51.0,50.0,True,True
gigel-si-sosetele,cpp,gigel-si-sosetele_cpp.jplag,1314237585.cpp,1314237656.cpp,1314237585,1314237656,1.0,100.0,1.0,100.0,51.0,50.0,True,True
gigel-si-sosetele,cpp,gigel-si-sosetele_cpp.jplag,1314237600.cpp,1314237625.cpp,1314237600,1314237625,1.0,100.0,1.0,100.0,51.0,50.0,True,True
gigel-si-sosetele,cpp,gigel-si-sosetele_cpp.jplag,1314237600.cpp,1314237636.cpp,1314237600,1314237636,1.0,100.0,1.0,100.0,51.0,50.0,True,True
gigel-si-sosetele,cpp,gigel-si-sosetele_cpp.jplag,1314237600.cpp,1314237656.cpp,1314237600,1314237656,1.0,100.0,1.0,100.0,51.0,50.0,True,True
gigel-si-sosetele,cpp,gigel-si-sosetele_cpp.jplag,1314237625.cpp,1314237636.cpp,1314237625,1314237636,1.0,100.0,1.0,100.0,51.0,50.0,True,True
gigel-si-sosetele,cpp,gigel-si-sosetele_cpp.jplag,1314237625.cpp,1314237656.cpp,1314237625,1314237656,1.0,100.0,1.0,100.0,51.0,50.0,True,True
gigel-si-sosetele,cpp,gigel-si-sosetele_cpp.jplag,1314237636.cpp,1314237656.cpp,1314237636,1314237656,1.0,100.0,1.0,100.0,51.0,50.0,True,True
gigel-si-sosetele,cpp,gigel-si-sosetele_cpp.jplag,1314237693.cpp,1314237713.cpp,1314237693,1314237713,1.0,100.0,1.0,100.0,50.0,49.0,True,True
gigel-si-sosetele,cpp,gigel-si-sosetele_cpp.jplag,1314237693.cpp,1314237773.cpp,1314237693,1314237773,1.0,100.0,1.0,100.0,50.0,49.0,True,True
gigel-si-sosetele,cpp,gigel-si-sosetele_cpp.jplag,1314237713.cpp,1314237773.cpp,1314237713,1314237773,1.0,100.0,1.0,100.0,50.0,49.0,True,True
gigel-si-sosetele,cpp,gigel-si-sosetele_cpp.jplag,1314237750.cpp,1314237782.cpp,1314237750,1314237782,1.0,100.0,1.0,100.0,21.0,20.0,True,True
gigel-si-sosetele,cpp,gigel-si-sosetele_cpp.jplag,1314237791.cpp,1314237820.cpp,1314237791,1314237820,1.0,100.0,1.0,100.0,78.0,77.0,True,True
gigel-si-sosetele,cpp,gigel-si-sosetele_cpp.jplag,1323071463.cpp,1323071955.cpp,1323071463,1323071955,1.0,100.0,1.0,100.0,40.0,39.0,True,True
gigel-si-sosetele,cpp,gigel-si-sosetele_cpp.jplag,1323071463.cpp,1323074695.cpp,1323071463,1323074695,1.0,100.0,1.0,100.0,40.0,39.0,True,True
gigel-si-sosetele,cpp,gigel-si-sosetele_cpp.jplag,1323071955.cpp,1323074695.cpp,1323071955,1323074695,1.0,100.0,1.0,100.0,40.0,39.0,True,True
gigel-si-sosetele,cpp,gigel-si-sosetele_cpp.jplag,1323073911.cpp,1323074055.cpp,1323073911,1323074055,1.0,100.0,1.0,100.0,83.0,82.0,True,True
gigel-si-sosetele,cpp,gigel-si-sosetele_cpp.jplag,1323074295.cpp,1323074412.cpp,1323074295,1323074412,1.0,100.0,1.0,100.0,69.0,68.0,True,True
gigel-si-sosetele,cpp,gigel-si-sosetele_cpp.jplag,1323076015.cpp,1323076188.cpp,1323076015,1323076188,1.0,100.0,1.0,100.0,73.0,72.0,True,True
gigel-si-sosetele,cpp,gigel-si-sosetele_cpp.jplag,1323076015.cpp,1323076245.cpp,1323076015,1323076245,1.0,100.0,1.0,100.0,73.0,72.0,True,True
gigel-si-sosetele,cpp,gigel-si-sosetele_cpp.jplag,1323076188.cpp,1323076245.cpp,1323076188,1323076245,1.0,100.0,1.0,100.0,73.0,72.0,True,True
gigel-si-sosetele,cpp,gigel-si-sosetele_cpp.jplag,1323078576.cpp,1323078759.cpp,1323078576,1323078759,1.0,100.0,1.0,100.0,57.0,56.0,True,True
gigel-si-sosetele,cpp,gigel-si-sosetele_cpp.jplag,1323078576.cpp,1323079467.cpp,1323078576,1323079467,1.0,100.0,1.0,100.0,57.0,56.0,True,True
gigel-si-sosetele,cpp,gigel-si-sosetele_cpp.jplag,1323078759.cpp,1323079467.cpp,1323078759,1323079467,1.0,100.0,1.0,100.0,57.0,56.0,True,True
gigel-si-sosetele,cpp,gigel-si-sosetele_cpp.jplag,1323079456.cpp,1323079492.cpp,1323079456,1323079492,1.0,100.0,1.0,100.0,52.0,51.0,True,True
gigel-si-sosetele,cpp,gigel-si-sosetele_cpp.jplag,1323387618.cpp,1323387637.cpp,1323387618,1323387637,1.0,100.0,1.0,100.0,74.0,73.0,True,True
gigel-si-sosetele,cpp,gigel-si-sosetele_cpp.jplag,1323404622.cpp,1323404630.cpp,1323404622,1323404630,1.0,100.0,1.0,100.0,58.0,57.0,True,True
gigel-si-sosetele,cpp,gigel-si-sosetele_cpp.jplag,1323404695.cpp,1323445876.cpp,1323404695,1323445876,1.0,100.0,1.0,100.0,58.0,57.0,True,True
gigel-si-sosetele,cpp,gigel-si-sosetele_cpp.jplag,1323425291.cpp,1323425476.cpp,1323425291,1323425476,1.0,100.0,1.0,100.0,59.0,58.0,True,True
gigel-si-sosetele,cpp,gigel-si-sosetele_cpp.jplag,1323425542.cpp,1323425620.cpp,1323425542,1323425620,1.0,100.0,1.0,100.0,46.0,45.0,True,True
gigel-si-sosetele,cpp,gigel-si-sosetele_cpp.jplag,1323426173.cpp,1323426197.cpp,1323426173,1323426197,1.0,100.0,1.0,100.0,117.0,116.0,True,True
gigel-si-sosetele,cpp,gigel-si-sosetele_cpp.jplag,1323426173.cpp,1323426267.cpp,1323426173,1323426267,1.0,100.0,1.0,100.0,117.0,116.0,True,True
gigel-si-sosetele,cpp,gigel-si-sosetele_cpp.jplag,1323426197.cpp,1323426267.cpp,1323426197,1323426267,1.0,100.0,1.0,100.0,117.0,116.0,True,True
gigel-si-sosetele,cpp,gigel-si-sosetele_cpp.jplag,1323432402.cpp,1323432408.cpp,1323432402,1323432408,1.0,100.0,1.0,100.0,81.0,80.0,True,True
gigel-si-sosetele,cpp,gigel-si-sosetele_cpp.jplag,1323432458.cpp,1323432489.cpp,1323432458,1323432489,1.0,100.0,1.0,100.0,68.0,67.0,True,True
gigel-si-sosetele,cpp,gigel-si-sosetele_cpp.jplag,1323432719.cpp,1323432742.cpp,1323432719,1323432742,1.0,100.0,1.0,100.0,50.0,49.0,True,True
gigel-si-sosetele,cpp,gigel-si-sosetele_cpp.jplag,1323432719.cpp,1323432774.cpp,1323432719,1323432774,1.0,100.0,1.0,100.0,50.0,49.0,True,True
gigel-si-sosetele,cpp,gigel-si-sosetele_cpp.jplag,1323432719.cpp,1323432824.cpp,1323432719,1323432824,1.0,100.0,1.0,100.0,50.0,49.0,True,True
gigel-si-sosetele,cpp,gigel-si-sosetele_cpp.jplag,1323432742.cpp,1323432774.cpp,1323432742,1323432774,1.0,100.0,1.0,100.0,50.0,49.0,True,True
gigel-si-sosetele,cpp,gigel-si-sosetele_cpp.jplag,1323432742.cpp,1323432824.cpp,1323432742,1323432824,1.0,100.0,1.0,100.0,50.0,49.0,True,True
gigel-si-sosetele,cpp,gigel-si-sosetele_cpp.jplag,1323432768.cpp,1323432892.cpp,1323432768,1323432892,1.0,100.0,1.0,100.0,52.0,51.0,True,True
gigel-si-sosetele,cpp,gigel-si-sosetele_cpp.jplag,1323432768.cpp,1323432896.cpp,1323432768,1323432896,1.0,100.0,1.0,100.0,52.0,51.0,True,True
gigel-si-sosetele,cpp,gigel-si-sosetele_cpp.jplag,1323432774.cpp,1323432824.cpp,1323432774,1323432824,1.0,100.0,1.0,100.0,50.0,49.0,True,True
gigel-si-sosetele,cpp,gigel-si-sosetele_cpp.jplag,1323432892.cpp,1323432896.cpp,1323432892,1323432896,1.0,100.0,1.0,100.0,52.0,51.0,True,True
gigel-si-sosetele,cpp,gigel-si-sosetele_cpp.jplag,1323433002.cpp,1323442426.cpp,1323433002,1323442426,1.0,100.0,1.0,100.0,42.0,41.0,True,True
gigel-si-sosetele,cpp,gigel-si-sosetele_cpp.jplag,1323433002.cpp,1323442435.cpp,1323433002,1323442435,1.0,100.0,1.0,100.0,42.0,41.0,True,True
gigel-si-sosetele,cpp,gigel-si-sosetele_cpp.jplag,1323433002.cpp,1323442703.cpp,1323433002,1323442703,1.0,100.0,1.0,100.0,42.0,41.0,True,True
gigel-si-sosetele,cpp,gigel-si-sosetele_cpp.jplag,1323433002.cpp,1323442848.cpp,1323433002,1323442848,1.0,100.0,1.0,100.0,42.0,41.0,True,True
gigel-si-sosetele,cpp,gigel-si-sosetele_cpp.jplag,1323433002.cpp,1323443115.cpp,1323433002,1323443115,1.0,100.0,1.0,100.0,42.0,41.0,True,True
gigel-si-sosetele,cpp,gigel-si-sosetele_cpp.jplag,1323433002.cpp,1323443126.cpp,1323433002,1323443126,1.0,100.0,1.0,100.0,42.0,41.0,True,True
gigel-si-sosetele,cpp,gigel-si-sosetele_cpp.jplag,1323442426.cpp,1323442435.cpp,1323442426,1323442435,1.0,100.0,1.0,100.0,42.0,41.0,True,True
gigel-si-sosetele,cpp,gigel-si-sosetele_cpp.jplag,1323442426.cpp,1323442703.cpp,1323442426,1323442703,1.0,100.0,1.0,100.0,42.0,41.0,True,True
gigel-si-sosetele,cpp,gigel-si-sosetele_cpp.jplag,1323442426.cpp,1323442848.cpp,1323442426,1323442848,1.0,100.0,1.0,100.0,42.0,41.0,True,True
gigel-si-sosetele,cpp,gigel-si-sosetele_cpp.jplag,1323442426.cpp,1323443115.cpp,1323442426,1323443115,1.0,100.0,1.0,100.0,42.0,41.0,True,True
gigel-si-sosetele,cpp,gigel-si-sosetele_cpp.jplag,1323442426.cpp,1323443126.cpp,1323442426,1323443126,1.0,100.0,1.0,100.0,42.0,41.0,True,True
gigel-si-sosetele,cpp,gigel-si-sosetele_cpp.jplag,1323442435.cpp,1323442703.cpp,1323442435,1323442703,1.0,100.0,1.0,100.0,42.0,41.0,True,True
gigel-si-sosetele,cpp,gigel-si-sosetele_cpp.jplag,1323442435.cpp,1323442848.cpp,1323442435,1323442848,1.0,100.0,1.0,100.0,42.0,41.0,True,True
gigel-si-sosetele,cpp,gigel-si-sosetele_cpp.jplag,1323442435.cpp,1323443115.cpp,1323442435,1323443115,1.0,100.0,1.0,100.0,42.0,41.0,True,True
gigel-si-sosetele,cpp,gigel-si-sosetele_cpp.jplag,1323442435.cpp,1323443126.cpp,1323442435,1323443126,1.0,100.0,1.0,100.0,42.0,41.0,True,True
gigel-si-sosetele,cpp,gigel-si-sosetele_cpp.jplag,1323442703.cpp,1323442848.cpp,1323442703,1323442848,1.0,100.0,1.0,100.0,42.0,41.0,True,True
gigel-si-sosetele,cpp,gigel-si-sosetele_cpp.jplag,1323442703.cpp,1323443115.cpp,1323442703,1323443115,1.0,100.0,1.0,100.0,42.0,41.0,True,True
gigel-si-sosetele,cpp,gigel-si-sosetele_cpp.jplag,1323442703.cpp,1323443126.cpp,1323442703,1323443126,1.0,100.0,1.0,100.0,42.0,41.0,True,True
gigel-si-sosetele,cpp,gigel-si-sosetele_cpp.jplag,1323442848.cpp,1323443115.cpp,1323442848,1323443115,1.0,100.0,1.0,100.0,42.0,41.0,True,True
gigel-si-sosetele,cpp,gigel-si-sosetele_cpp.jplag,1323442848.cpp,1323443126.cpp,1323442848,1323443126,1.0,100.0,1.0,100.0,42.0,41.0,True,True
gigel-si-sosetele,cpp,gigel-si-sosetele_cpp.jplag,1323443115.cpp,1323443126.cpp,1323443115,1323443126,1.0,100.0,1.0,100.0,42.0,41.0,True,True
gigel-si-sosetele,cpp,gigel-si-sosetele_cpp.jplag,1323445293.cpp,1323445311.cpp,1323445293,1323445311,1.0,100.0,1.0,100.0,51.0,50.0,True,True
gigel-si-sosetele,cpp,gigel-si-sosetele_cpp.jplag,1323445293.cpp,1323445337.cpp,1323445293,1323445337,1.0,100.0,1.0,100.0,51.0,50.0,True,True
gigel-si-sosetele,cpp,gigel-si-sosetele_cpp.jplag,1323445293.cpp,1323445365.cpp,1323445293,1323445365,1.0,100.0,1.0,100.0,51.0,50.0,True,True
gigel-si-sosetele,cpp,gigel-si-sosetele_cpp.jplag,1323445311.cpp,1323445337.cpp,1323445311,1323445337,1.0,100.0,1.0,100.0,51.0,50.0,True,True
gigel-si-sosetele,cpp,gigel-si-sosetele_cpp.jplag,1323445311.cpp,1323445365.cpp,1323445311,1323445365,1.0,100.0,1.0,100.0,51.0,50.0,True,True
gigel-si-sosetele,cpp,gigel-si-sosetele_cpp.jplag,1323445337.cpp,1323445365.cpp,1323445337,1323445365,1.0,100.0,1.0,100.0,51.0,50.0,True,True
gigel-si-sosetele,cpp,gigel-si-sosetele_cpp.jplag,1323445461.cpp,1323445516.cpp,1323445461,1323445516,1.0,100.0,1.0,100.0,57.0,56.0,True,True
gigel-si-sosetele,cpp,gigel-si-sosetele_cpp.jplag,1323445954.cpp,1323446447.cpp,1323445954,1323446447,1.0,100.0,1.0,100.0,75.0,74.0,True,True
gigel-si-sosetele,cpp,gigel-si-sosetele_cpp.jplag,1323445954.cpp,1323447184.cpp,1323445954,1323447184,1.0,100.0,1.0,100.0,75.0,74.0,True,True
gigel-si-sosetele,cpp,gigel-si-sosetele_cpp.jplag,1323446057.cpp,1323446120.cpp,1323446057,1323446120,1.0,100.0,1.0,100.0,44.0,43.0,True,True
gigel-si-sosetele,cpp,gigel-si-sosetele_cpp.jplag,1323446447.cpp,1323447184.cpp,1323446447,1323447184,1.0,100.0,1.0,100.0,75.0,74.0,True,True
gigel-si-sosetele,cpp,gigel-si-sosetele_cpp.jplag,1323454555.cpp,1323454579.cpp,1323454555,1323454579,1.0,100.0,1.0,100.0,77.0,76.0,True,True
gigel-si-sosetele,cpp,gigel-si-sosetele_cpp.jplag,1323455597.cpp,1323455607.cpp,1323455597,1323455607,1.0,100.0,1.0,100.0,42.0,41.0,True,True
gigel-si-sosetele,cpp,gigel-si-sosetele_cpp.jplag,1323455614.cpp,1323455629.cpp,1323455614,1323455629,1.0,100.0,1.0,100.0,47.0,46.0,True,True
gigel-si-sosetele,cpp,gigel-si-sosetele_cpp.jplag,1331753790.cpp,1331754276.cpp,1331753790,1331754276,1.0,100.0,1.0,100.0,70.0,69.0,True,True
gigel-si-sosetele,cpp,gigel-si-sosetele_cpp.jplag,1332305438.cpp,1332305719.cpp,1332305438,1332305719,1.0,100.0,1.0,100.0,96.0,95.0,True,True
gigel-si-sosetele,cpp,gigel-si-sosetele_cpp.jplag,1332305438.cpp,1332305841.cpp,1332305438,1332305841,1.0,100.0,1.0,100.0,96.0,95.0,True,True
gigel-si-sosetele,cpp,gigel-si-sosetele_cpp.jplag,1332305719.cpp,1332305841.cpp,1332305719,1332305841,1.0,100.0,1.0,100.0,96.0,95.0,True,True
gigel-si-sosetele,cpp,gigel-si-sosetele_cpp.jplag,1332463492.cpp,1332463504.cpp,1332463492,1332463504,1.0,100.0,1.0,100.0,87.0,86.0,True,True
gigel-si-sosetele,cpp,gigel-si-sosetele_cpp.jplag,1332464030.cpp,1332464046.cpp,1332464030,1332464046,1.0,100.0,1.0,100.0,87.0,86.0,True,True
gigel-si-sosetele,cpp,gigel-si-sosetele_cpp.jplag,1332687031.cpp,1332687364.cpp,1332687031,1332687364,1.0,100.0,1.0,100.0,82.0,81.0,True,True
gigel-si-sosetele,cpp,gigel-si-sosetele_cpp.jplag,1332720191.cpp,1332720196.cpp,1332720191,1332720196,1.0,100.0,1.0,100.0,51.0,50.0,True,True
gigel-si-sosetele,cpp,gigel-si-sosetele_cpp.jplag,1332742505.cpp,1332742565.cpp,1332742505,1332742565,1.0,100.0,1.0,100.0,83.0,82.0,True,True
gigel-si-sosetele,cpp,gigel-si-sosetele_cpp.jplag,1332754138.cpp,1332754182.cpp,1332754138,1332754182,1.0,100.0,1.0,100.0,59.0,58.0,True,True
gigel-si-sosetele,cpp,gigel-si-sosetele_cpp.jplag,1332756993.cpp,1332757083.cpp,1332756993,1332757083,1.0,100.0,1.0,100.0,22.0,21.0,True,True
gigel-si-sosetele,cpp,gigel-si-sosetele_cpp.jplag,1332760380.cpp,1332760394.cpp,1332760380,1332760394,1.0,100.0,1.0,100.0,43.0,42.0,True,True
gigel-si-sosetele,cpp,gigel-si-sosetele_cpp.jplag,1332760380.cpp,1332760482.cpp,1332760380,1332760482,1.0,100.0,1.0,100.0,43.0,42.0,True,True
gigel-si-sosetele,cpp,gigel-si-sosetele_cpp.jplag,1332760394.cpp,1332760482.cpp,1332760394,1332760482,1.0,100.0,1.0,100.0,43.0,42.0,True,True
gigel-si-sosetele,cpp,gigel-si-sosetele_cpp.jplag,1332764703.cpp,1332764709.cpp,1332764703,1332764709,1.0,100.0,1.0,100.0,55.0,54.0,True,True
gigel-si-sosetele,cpp,gigel-si-sosetele_cpp.jplag,1344432119.cpp,1344432139.cpp,1344432119,1344432139,1.0,100.0,1.0,100.0,51.0,50.0,True,True
gigel-si-sosetele,cpp,gigel-si-sosetele_cpp.jplag,1344588479.cpp,1344588560.cpp,1344588479,1344588560,1.0,100.0,1.0,100.0,80.0,79.0,True,True
gigel-si-sosetele,cpp,gigel-si-sosetele_cpp.jplag,1344588819.cpp,1344610353.cpp,1344588819,1344610353,1.0,100.0,1.0,100.0,67.0,66.0,True,True
gigel-si-sosetele,cpp,gigel-si-sosetele_cpp.jplag,1344626070.cpp,1344626398.cpp,1344626070,1344626398,1.0,100.0,1.0,100.0,57.0,56.0,True,True
gigel-si-sosetele,cpp,gigel-si-sosetele_cpp.jplag,1344637576.cpp,1344637589.cpp,1344637576,1344637589,1.0,100.0,1.0,100.0,72.0,71.0,True,True
gigel-si-sosetele,cpp,gigel-si-sosetele_cpp.jplag,1344637576.cpp,1344637646.cpp,1344637576,1344637646,1.0,100.0,1.0,100.0,72.0,71.0,True,True
gigel-si-sosetele,cpp,gigel-si-sosetele_cpp.jplag,1344637589.cpp,1344637646.cpp,1344637589,1344637646,1.0,100.0,1.0,100.0,72.0,71.0,True,True
gigel-si-sosetele,cpp,gigel-si-sosetele_cpp.jplag,1359946327.cpp,1361756395.cpp,1359946327,1361756395,1.0,100.0,1.0,100.0,77.0,76.0,True,True
gigel-si-sosetele,cpp,gigel-si-sosetele_cpp.jplag,1361582042.cpp,1361601083.cpp,1361582042,1361601083,1.0,100.0,1.0,100.0,25.0,24.0,True,True
gigel-si-sosetele,cpp,gigel-si-sosetele_cpp.jplag,1361582042.cpp,1361674642.cpp,1361582042,1361674642,1.0,100.0,1.0,100.0,25.0,24.0,True,True
gigel-si-sosetele,cpp,gigel-si-sosetele_cpp.jplag,1361582042.cpp,1361734461.cpp,1361582042,1361734461,1.0,100.0,1.0,100.0,25.0,24.0,True,True
gigel-si-sosetele,cpp,gigel-si-sosetele_cpp.jplag,1361582042.cpp,1361764067.cpp,1361582042,1361764067,1.0,100.0,1.0,100.0,25.0,24.0,True,True
gigel-si-sosetele,cpp,gigel-si-sosetele_cpp.jplag,1361582042.cpp,1361776441.cpp,1361582042,1361776441,1.0,100.0,1.0,100.0,25.0,24.0,True,True
gigel-si-sosetele,cpp,gigel-si-sosetele_cpp.jplag,1361582042.cpp,1361903381.cpp,1361582042,1361903381,1.0,100.0,1.0,100.0,25.0,24.0,True,True
gigel-si-sosetele,cpp,gigel-si-sosetele_cpp.jplag,1361582042.cpp,1361905953.cpp,1361582042,1361905953,1.0,100.0,1.0,100.0,25.0,24.0,True,True
gigel-si-sosetele,cpp,gigel-si-sosetele_cpp.jplag,1361592884.cpp,1361592965.cpp,1361592884,1361592965,1.0,100.0,1.0,100.0,45.0,44.0,True,True
gigel-si-sosetele,cpp,gigel-si-sosetele_cpp.jplag,1361592884.cpp,1361593026.cpp,1361592884,1361593026,1.0,100.0,1.0,100.0,45.0,44.0,True,True
gigel-si-sosetele,cpp,gigel-si-sosetele_cpp.jplag,1361592965.cpp,1361593026.cpp,1361592965,1361593026,1.0,100.0,1.0,100.0,45.0,44.0,True,True
gigel-si-sosetele,cpp,gigel-si-sosetele_cpp.jplag,1361601083.cpp,1361674642.cpp,1361601083,1361674642,1.0,100.0,1.0,100.0,25.0,24.0,True,True
gigel-si-sosetele,cpp,gigel-si-sosetele_cpp.jplag,1361601083.cpp,1361734461.cpp,1361601083,1361734461,1.0,100.0,1.0,100.0,25.0,24.0,True,True
gigel-si-sosetele,cpp,gigel-si-sosetele_cpp.jplag,1361601083.cpp,1361764067.cpp,1361601083,1361764067,1.0,100.0,1.0,100.0,25.0,24.0,True,True
gigel-si-sosetele,cpp,gigel-si-sosetele_cpp.jplag,1361601083.cpp,1361776441.cpp,1361601083,1361776441,1.0,100.0,1.0,100.0,25.0,24.0,True,True
gigel-si-sosetele,cpp,gigel-si-sosetele_cpp.jplag,1361601083.cpp,1361903381.cpp,1361601083,1361903381,1.0,100.0,1.0,100.0,25.0,24.0,True,True
gigel-si-sosetele,cpp,gigel-si-sosetele_cpp.jplag,1361601083.cpp,1361905953.cpp,1361601083,1361905953,1.0,100.0,1.0,100.0,25.0,24.0,True,True
gigel-si-sosetele,cpp,gigel-si-sosetele_cpp.jplag,1361674642.cpp,1361734461.cpp,1361674642,1361734461,1.0,100.0,1.0,100.0,25.0,24.0,True,True
gigel-si-sosetele,cpp,gigel-si-sosetele_cpp.jplag,1361674642.cpp,1361764067.cpp,1361674642,1361764067,1.0,100.0,1.0,100.0,25.0,24.0,True,True
gigel-si-sosetele,cpp,gigel-si-sosetele_cpp.jplag,1361674642.cpp,1361776441.cpp,1361674642,1361776441,1.0,100.0,1.0,100.0,25.0,24.0,True,True
gigel-si-sosetele,cpp,gigel-si-sosetele_cpp.jplag,1361674642.cpp,1361903381.cpp,1361674642,1361903381,1.0,100.0,1.0,100.0,25.0,24.0,True,True
gigel-si-sosetele,cpp,gigel-si-sosetele_cpp.jplag,1361674642.cpp,1361905953.cpp,1361674642,1361905953,1.0,100.0,1.0,100.0,25.0,24.0,True,True
gigel-si-sosetele,cpp,gigel-si-sosetele_cpp.jplag,1361734461.cpp,1361764067.cpp,1361734461,1361764067,1.0,100.0,1.0,100.0,25.0,24.0,True,True
gigel-si-sosetele,cpp,gigel-si-sosetele_cpp.jplag,1361734461.cpp,1361776441.cpp,1361734461,1361776441,1.0,100.0,1.0,100.0,25.0,24.0,True,True
gigel-si-sosetele,cpp,gigel-si-sosetele_cpp.jplag,1361734461.cpp,1361903381.cpp,1361734461,1361903381,1.0,100.0,1.0,100.0,25.0,24.0,True,True
gigel-si-sosetele,cpp,gigel-si-sosetele_cpp.jplag,1361734461.cpp,1361905953.cpp,1361734461,1361905953,1.0,100.0,1.0,100.0,25.0,24.0,True,True
gigel-si-sosetele,cpp,gigel-si-sosetele_cpp.jplag,1361764067.cpp,1361776441.cpp,1361764067,1361776441,1.0,100.0,1.0,100.0,25.0,24.0,True,True
gigel-si-sosetele,cpp,gigel-si-sosetele_cpp.jplag,1361764067.cpp,1361903381.cpp,1361764067,1361903381,1.0,100.0,1.0,100.0,25.0,24.0,True,True
gigel-si-sosetele,cpp,gigel-si-sosetele_cpp.jplag,1361764067.cpp,1361905953.cpp,1361764067,1361905953,1.0,100.0,1.0,100.0,25.0,24.0,True,True
gigel-si-sosetele,cpp,gigel-si-sosetele_cpp.jplag,1361776441.cpp,1361903381.cpp,1361776441,1361903381,1.0,100.0,1.0,100.0,25.0,24.0,True,True
gigel-si-sosetele,cpp,gigel-si-sosetele_cpp.jplag,1361776441.cpp,1361905953.cpp,1361776441,1361905953,1.0,100.0,1.0,100.0,25.0,24.0,True,True
gigel-si-sosetele,cpp,gigel-si-sosetele_cpp.jplag,1361902902.cpp,1361902947.cpp,1361902902,1361902947,1.0,100.0,1.0,100.0,60.0,59.0,True,True
gigel-si-sosetele,cpp,gigel-si-sosetele_cpp.jplag,1361903381.cpp,1361905953.cpp,1361903381,1361905953,1.0,100.0,1.0,100.0,25.0,24.0,True,True
gigel-si-sosetele,cpp,gigel-si-sosetele_cpp.jplag,1378033975.cpp,1378034093.cpp,1378033975,1378034093,1.0,100.0,1.0,100.0,56.0,55.0,True,True
gigel-si-sosetele,cpp,gigel-si-sosetele_cpp.jplag,1378119320.cpp,1378119359.cpp,1378119320,1378119359,1.0,100.0,1.0,100.0,39.0,38.0,True,True
gigel-si-sosetele,cpp,gigel-si-sosetele_cpp.jplag,1378137577.cpp,1378137803.cpp,1378137577,1378137803,1.0,100.0,1.0,100.0,73.0,72.0,True,True
gigel-si-sosetele,cpp,gigel-si-sosetele_cpp.jplag,1378159617.cpp,1378159672.cpp,1378159617,1378159672,1.0,100.0,1.0,100.0,87.0,86.0,True,True
gigel-si-sosetele,cpp,gigel-si-sosetele_cpp.jplag,1378159654.cpp,1378159678.cpp,1378159654,1378159678,1.0,100.0,1.0,100.0,66.0,65.0,True,True
gigel-si-sosetele,cpp,gigel-si-sosetele_cpp.jplag,1391770795.cpp,1391770822.cpp,1391770795,1391770822,1.0,100.0,1.0,100.0,63.0,62.0,True,True
gigel-si-sosetele,cpp,gigel-si-sosetele_cpp.jplag,1391770860.cpp,1391770949.cpp,1391770860,1391770949,1.0,100.0,1.0,100.0,64.0,63.0,True,True
gigel-si-sosetele,cpp,gigel-si-sosetele_cpp.jplag,1391779648.cpp,1391779651.cpp,1391779648,1391779651,1.0,100.0,1.0,100.0,55.0,54.0,True,True
gigel-si-sosetele,cpp,gigel-si-sosetele_cpp.jplag,1391926624.cpp,1391926859.cpp,1391926624,1391926859,1.0,100.0,1.0,100.0,100.0,99.0,True,True
gigel-si-sosetele,cpp,gigel-si-sosetele_cpp.jplag,1391926624.cpp,1391927136.cpp,1391926624,1391927136,1.0,100.0,1.0,100.0,100.0,99.0,True,True
gigel-si-sosetele,cpp,gigel-si-sosetele_cpp.jplag,1391926859.cpp,1391927136.cpp,1391926859,1391927136,1.0,100.0,1.0,100.0,100.0,99.0,True,True
gigel-si-sosetele,cpp,gigel-si-sosetele_cpp.jplag,1391927314.cpp,1391927371.cpp,1391927314,1391927371,1.0,100.0,1.0,100.0,102.0,101.0,True,True
gigel-si-sosetele,java,gigel-si-sosetele_java.jplag,1314234942.java,1314235248.java,1314234942,1314235248,1.0,100.0,1.0,100.0,94.0,93.0,True,True
gigel-si-sosetele,java,gigel-si-sosetele_java.jplag,1314235019.java,1314235209.java,1314235019,1314235209,1.0,100.0,1.0,100.0,111.0,110.0,True,True
gigel-si-sosetele,java,gigel-si-sosetele_java.jplag,1314235027.java,1314236087.java,1314235027,1314236087,1.0,100.0,1.0,100.0,131.0,130.0,True,True
gigel-si-sosetele,java,gigel-si-sosetele_java.jplag,1314235187.java,1314235767.java,1314235187,1314235767,1.0,100.0,1.0,100.0,173.0,172.0,True,True
gigel-si-sosetele,java,gigel-si-sosetele_java.jplag,1314235445.java,1314236294.java,1314235445,1314236294,1.0,100.0,1.0,100.0,100.0,99.0,True,True
gigel-si-sosetele,java,gigel-si-sosetele_java.jplag,1314235484.java,1314236094.java,1314235484,1314236094,1.0,100.0,1.0,100.0,129.0,128.0,True,True
gigel-si-sosetele,java,gigel-si-sosetele_java.jplag,1314235484.java,1314236121.java,1314235484,1314236121,1.0,100.0,1.0,100.0,129.0,128.0,True,True
gigel-si-sosetele,java,gigel-si-sosetele_java.jplag,1314235484.java,1314236150.java,1314235484,1314236150,1.0,100.0,1.0,100.0,129.0,128.0,True,True
gigel-si-sosetele,java,gigel-si-sosetele_java.jplag,1314235844.java,1314236183.java,1314235844,1314236183,1.0,100.0,1.0,100.0,160.0,159.0,True,True
gigel-si-sosetele,java,gigel-si-sosetele_java.jplag,1314235859.java,1314235920.java,1314235859,1314235920,1.0,100.0,1.0,100.0,127.0,126.0,True,True
gigel-si-sosetele,java,gigel-si-sosetele_java.jplag,1314235875.java,1314236070.java,1314235875,1314236070,1.0,100.0,1.0,100.0,154.0,153.0,True,True
gigel-si-sosetele,java,gigel-si-sosetele_java.jplag,1314235960.java,1314236041.java,1314235960,1314236041,1.0,100.0,1.0,100.0,137.0,136.0,True,True
gigel-si-sosetele,java,gigel-si-sosetele_java.jplag,1314236094.java,1314236121.java,1314236094,1314236121,1.0,100.0,1.0,100.0,129.0,128.0,True,True
gigel-si-sosetele,java,gigel-si-sosetele_java.jplag,1314236094.java,1314236150.java,1314236094,1314236150,1.0,100.0,1.0,100.0,129.0,128.0,True,True
gigel-si-sosetele,java,gigel-si-sosetele_java.jplag,1314236121.java,1314236150.java,1314236121,1314236150,1.0,100.0,1.0,100.0,129.0,128.0,True,True
gigel-si-sosetele,java,gigel-si-sosetele_java.jplag,1314236122.java,1314236587.java,1314236122,1314236587,1.0,100.0,1.0,100.0,128.0,127.0,True,True
gigel-si-sosetele,java,gigel-si-sosetele_java.jplag,1314236193.java,1314236288.java,1314236193,1314236288,1.0,100.0,1.0,100.0,126.0,125.0,True,True
gigel-si-sosetele,java,gigel-si-sosetele_java.jplag,1314236197.java,1314237501.java,1314236197,1314237501,1.0,100.0,1.0,100.0,154.0,153.0,True,True
gigel-si-sosetele,java,gigel-si-sosetele_java.jplag,1314236218.java,1314236253.java,1314236218,1314236253,1.0,100.0,1.0,100.0,106.0,105.0,True,True
gigel-si-sosetele,java,gigel-si-sosetele_java.jplag,1314236271.java,1314236527.java,1314236271,1314236527,1.0,100.0,1.0,100.0,134.0,133.0,True,True
gigel-si-sosetele,java,gigel-si-sosetele_java.jplag,1314236306.java,1314236352.java,1314236306,1314236352,1.0,100.0,1.0,100.0,188.0,187.0,True,True
gigel-si-sosetele,java,gigel-si-sosetele_java.jplag,1314236309.java,1314236631.java,1314236309,1314236631,1.0,100.0,1.0,100.0,122.0,121.0,True,True
gigel-si-sosetele,java,gigel-si-sosetele_java.jplag,1314236313.java,1314236438.java,1314236313,1314236438,1.0,100.0,1.0,100.0,119.0,118.0,True,True
gigel-si-sosetele,java,gigel-si-sosetele_java.jplag,1314236314.java,1314236339.java,1314236314,1314236339,1.0,100.0,1.0,100.0,153.0,152.0,True,True
gigel-si-sosetele,java,gigel-si-sosetele_java.jplag,1314236315.java,1314236505.java,1314236315,1314236505,1.0,100.0,1.0,100.0,143.0,142.0,True,True
gigel-si-sosetele,java,gigel-si-sosetele_java.jplag,1314236385.java,1314236503.java,1314236385,1314236503,1.0,100.0,1.0,100.0,107.0,106.0,True,True
gigel-si-sosetele,java,gigel-si-sosetele_java.jplag,1314236387.java,1314236443.java,1314236387,1314236443,1.0,100.0,1.0,100.0,155.0,154.0,True,True
gigel-si-sosetele,java,gigel-si-sosetele_java.jplag,1314236403.java,1314236418.java,1314236403,1314236418,1.0,100.0,1.0,100.0,122.0,121.0,True,True
gigel-si-sosetele,java,gigel-si-sosetele_java.jplag,1314236487.java,1314236601.java,1314236487,1314236601,1.0,100.0,1.0,100.0,155.0,154.0,True,True
gigel-si-sosetele,java,gigel-si-sosetele_java.jplag,1314236487.java,1314236928.java,1314236487,1314236928,1.0,100.0,1.0,100.0,155.0,154.0,True,True
gigel-si-sosetele,java,gigel-si-sosetele_java.jplag,1314236549.java,1314236618.java,1314236549,1314236618,1.0,100.0,1.0,100.0,166.0,165.0,True,True
gigel-si-sosetele,java,gigel-si-sosetele_java.jplag,1314236600.java,1314236733.java,1314236600,1314236733,1.0,100.0,1.0,100.0,181.0,180.0,True,True
gigel-si-sosetele,java,gigel-si-sosetele_java.jplag,1314236601.java,1314236928.java,1314236601,1314236928,1.0,100.0,1.0,100.0,155.0,154.0,True,True
gigel-si-sosetele,java,gigel-si-sosetele_java.jplag,1314236736.java,1314236774.java,1314236736,1314236774,1.0,100.0,1.0,100.0,115.0,114.0,True,True
gigel-si-sosetele,java,gigel-si-sosetele_java.jplag,1314236794.java,1314236824.java,1314236794,1314236824,1.0,100.0,1.0,100.0,185.0,184.0,True,True
gigel-si-sosetele,java,gigel-si-sosetele_java.jplag,1314236852.java,1314237211.java,1314236852,1314237211,1.0,100.0,1.0,100.0,162.0,161.0,True,True
gigel-si-sosetele,java,gigel-si-sosetele_java.jplag,1314236897.java,1314236982.java,1314236897,1314236982,1.0,100.0,1.0,100.0,120.0,119.0,True,True
gigel-si-sosetele,java,gigel-si-sosetele_java.jplag,1314236899.java,1314236964.java,1314236899,1314236964,1.0,100.0,1.0,100.0,122.0,121.0,True,True
gigel-si-sosetele,java,gigel-si-sosetele_java.jplag,1314236899.java,1314236996.java,1314236899,1314236996,1.0,100.0,1.0,100.0,122.0,121.0,True,True
gigel-si-sosetele,java,gigel-si-sosetele_java.jplag,1314236899.java,1314237474.java,1314236899,1314237474,1.0,100.0,1.0,100.0,122.0,121.0,True,True
gigel-si-sosetele,java,gigel-si-sosetele_java.jplag,1314236964.java,1314236996.java,1314236964,1314236996,1.0,100.0,1.0,100.0,122.0,121.0,True,True
gigel-si-sosetele,java,gigel-si-sosetele_java.jplag,1314236964.java,1314237474.java,1314236964,1314237474,1.0,100.0,1.0,100.0,122.0,121.0,True,True
gigel-si-sosetele,java,gigel-si-sosetele_java.jplag,1314236979.java,1314237195.java,1314236979,1314237195,1.0,100.0,1.0,100.0,137.0,136.0,True,True
gigel-si-sosetele,java,gigel-si-sosetele_java.jplag,1314236979.java,1314237728.java,1314236979,1314237728,1.0,100.0,1.0,100.0,137.0,136.0,True,True
gigel-si-sosetele,java,gigel-si-sosetele_java.jplag,1314236979.java,1314237771.java,1314236979,1314237771,1.0,100.0,1.0,100.0,137.0,136.0,True,True
gigel-si-sosetele,java,gigel-si-sosetele_java.jplag,1314236979.java,1314237855.java,1314236979,1314237855,1.0,100.0,1.0,100.0,137.0,136.0,True,True
gigel-si-sosetele,java,gigel-si-sosetele_java.jplag,1314236980.java,1314237003.java,1314236980,1314237003,1.0,100.0,1.0,100.0,137.0,136.0,True,True
gigel-si-sosetele,java,gigel-si-sosetele_java.jplag,1314236980.java,1314237263.java,1314236980,1314237263,1.0,100.0,1.0,100.0,137.0,136.0,True,True
gigel-si-sosetele,java,gigel-si-sosetele_java.jplag,1314236990.java,1314237070.java,1314236990,1314237070,1.0,100.0,1.0,100.0,96.0,95.0,True,True
gigel-si-sosetele,java,gigel-si-sosetele_java.jplag,1314236990.java,1314237110.java,1314236990,1314237110,1.0,100.0,1.0,100.0,96.0,95.0,True,True
gigel-si-sosetele,java,gigel-si-sosetele_java.jplag,1314236996.java,1314237474.java,1314236996,1314237474,1.0,100.0,1.0,100.0,122.0,121.0,True,True
gigel-si-sosetele,java,gigel-si-sosetele_java.jplag,1314237003.java,1314237263.java,1314237003,1314237263,1.0,100.0,1.0,100.0,137.0,136.0,True,True
gigel-si-sosetele,java,gigel-si-sosetele_java.jplag,1314237004.java,1314237166.java,1314237004,1314237166,1.0,100.0,1.0,100.0,112.0,111.0,True,True
gigel-si-sosetele,java,gigel-si-sosetele_java.jplag,1314237070.java,1314237110.java,1314237070,1314237110,1.0,100.0,1.0,100.0,96.0,95.0,True,True
gigel-si-sosetele,java,gigel-si-sosetele_java.jplag,1314237077.java,1314237447.java,1314237077,1314237447,1.0,100.0,1.0,100.0,211.0,210.0,True,True
gigel-si-sosetele,java,gigel-si-sosetele_java.jplag,1314237146.java,1314237246.java,1314237146,1314237246,1.0,100.0,1.0,100.0,159.0,158.0,True,True
gigel-si-sosetele,java,gigel-si-sosetele_java.jplag,1314237146.java,1314237279.java,1314237146,1314237279,1.0,100.0,1.0,100.0,159.0,158.0,True,True
gigel-si-sosetele,java,gigel-si-sosetele_java.jplag,1314237150.java,1314237187.java,1314237150,1314237187,1.0,100.0,1.0,100.0,116.0,115.0,True,True
gigel-si-sosetele,java,gigel-si-sosetele_java.jplag,1314237150.java,1314237646.java,1314237150,1314237646,1.0,100.0,1.0,100.0,116.0,115.0,True,True
gigel-si-sosetele,java,gigel-si-sosetele_java.jplag,1314237187.java,1314237646.java,1314237187,1314237646,1.0,100.0,1.0,100.0,116.0,115.0,True,True
gigel-si-sosetele,java,gigel-si-sosetele_java.jplag,1314237195.java,1314237728.java,1314237195,1314237728,1.0,100.0,1.0,100.0,137.0,136.0,True,True
gigel-si-sosetele,java,gigel-si-sosetele_java.jplag,1314237195.java,1314237771.java,1314237195,1314237771,1.0,100.0,1.0,100.0,137.0,136.0,True,True
gigel-si-sosetele,java,gigel-si-sosetele_java.jplag,1314237195.java,1314237855.java,1314237195,1314237855,1.0,100.0,1.0,100.0,137.0,136.0,True,True
gigel-si-sosetele,java,gigel-si-sosetele_java.jplag,1314237234.java,1314237260.java,1314237234,1314237260,1.0,100.0,1.0,100.0,125.0,124.0,True,True
gigel-si-sosetele,java,gigel-si-sosetele_java.jplag,1314237240.java,1314237373.java,1314237240,1314237373,1.0,100.0,1.0,100.0,133.0,132.0,True,True
gigel-si-sosetele,java,gigel-si-sosetele_java.jplag,1314237246.java,1314237279.java,1314237246,1314237279,1.0,100.0,1.0,100.0,159.0,158.0,True,True
gigel-si-sosetele,java,gigel-si-sosetele_java.jplag,1314237248.java,1314237364.java,1314237248,1314237364,1.0,100.0,1.0,100.0,155.0,154.0,True,True
gigel-si-sosetele,java,gigel-si-sosetele_java.jplag,1314237277.java,1314237532.java,1314237277,1314237532,1.0,100.0,1.0,100.0,120.0,119.0,True,True
gigel-si-sosetele,java,gigel-si-sosetele_java.jplag,1314237284.java,1314237659.java,1314237284,1314237659,1.0,100.0,1.0,100.0,108.0,107.0,True,True
gigel-si-sosetele,java,gigel-si-sosetele_java.jplag,1314237292.java,1314237326.java,1314237292,1314237326,1.0,100.0,1.0,100.0,161.0,160.0,True,True
gigel-si-sosetele,java,gigel-si-sosetele_java.jplag,1314237294.java,1314237527.java,1314237294,1314237527,1.0,100.0,1.0,100.0,173.0,172.0,True,True
gigel-si-sosetele,java,gigel-si-sosetele_java.jplag,1314237454.java,1314237488.java,1314237454,1314237488,1.0,100.0,1.0,100.0,123.0,122.0,True,True
gigel-si-sosetele,java,gigel-si-sosetele_java.jplag,1314237544.java,1314237570.java,1314237544,1314237570,1.0,100.0,1.0,100.0,107.0,106.0,True,True
gigel-si-sosetele,java,gigel-si-sosetele_java.jplag,1314237545.java,1314237790.java,1314237545,1314237790,1.0,100.0,1.0,100.0,117.0,116.0,True,True
gigel-si-sosetele,java,gigel-si-sosetele_java.jplag,1314237569.java,1314237616.java,1314237569,1314237616,1.0,100.0,1.0,100.0,154.0,153.0,True,True
gigel-si-sosetele,java,gigel-si-sosetele_java.jplag,1314237584.java,1314237807.java,1314237584,1314237807,1.0,100.0,1.0,100.0,112.0,111.0,True,True
gigel-si-sosetele,java,gigel-si-sosetele_java.jplag,1314237609.java,1314237657.java,1314237609,1314237657,1.0,100.0,1.0,100.0,157.0,156.0,True,True
gigel-si-sosetele,java,gigel-si-sosetele_java.jplag,1314237630.java,1314237683.java,1314237630,1314237683,1.0,100.0,1.0,100.0,124.0,123.0,True,True
gigel-si-sosetele,java,gigel-si-sosetele_java.jplag,1314237655.java,1314237742.java,1314237655,1314237742,1.0,100.0,1.0,100.0,121.0,120.0,True,True
gigel-si-sosetele,java,gigel-si-sosetele_java.jplag,1314237675.java,1314237688.java,1314237675,1314237688,1.0,100.0,1.0,100.0,126.0,125.0,True,True
gigel-si-sosetele,java,gigel-si-sosetele_java.jplag,1314237675.java,1314237747.java,1314237675,1314237747,1.0,100.0,1.0,100.0,126.0,125.0,True,True
gigel-si-sosetele,java,gigel-si-sosetele_java.jplag,1314237688.java,1314237747.java,1314237688,1314237747,1.0,100.0,1.0,100.0,126.0,125.0,True,True
gigel-si-sosetele,java,gigel-si-sosetele_java.jplag,1314237699.java,1314237780.java,1314237699,1314237780,1.0,100.0,1.0,100.0,123.0,122.0,True,True
gigel-si-sosetele,java,gigel-si-sosetele_java.jplag,1314237699.java,1314237813.java,1314237699,1314237813,1.0,100.0,1.0,100.0,123.0,122.0,True,True
gigel-si-sosetele,java,gigel-si-sosetele_java.jplag,1314237715.java,1314237815.java,1314237715,1314237815,1.0,100.0,1.0,100.0,166.0,165.0,True,True
gigel-si-sosetele,java,gigel-si-sosetele_java.jplag,1314237726.java,1314237836.java,1314237726,1314237836,1.0,100.0,1.0,100.0,134.0,133.0,True,True
gigel-si-sosetele,java,gigel-si-sosetele_java.jplag,1314237728.java,1314237771.java,1314237728,1314237771,1.0,100.0,1.0,100.0,137.0,136.0,True,True
gigel-si-sosetele,java,gigel-si-sosetele_java.jplag,1314237728.java,1314237855.java,1314237728,1314237855,1.0,100.0,1.0,100.0,137.0,136.0,True,True
gigel-si-sosetele,java,gigel-si-sosetele_java.jplag,1314237771.java,1314237855.java,1314237771,1314237855,1.0,100.0,1.0,100.0,137.0,136.0,True,True
gigel-si-sosetele,java,gigel-si-sosetele_java.jplag,1314237780.java,1314237813.java,1314237780,1314237813,1.0,100.0,1.0,100.0,123.0,122.0,True,True
gigel-si-sosetele,java,gigel-si-sosetele_java.jplag,1314237814.java,1314238139.java,1314237814,1314238139,1.0,100.0,1.0,100.0,128.0,127.0,True,True
gigel-si-sosetele,java,gigel-si-sosetele_java.jplag,1314237814.java,1314238147.java,1314237814,1314238147,1.0,100.0,1.0,100.0,128.0,127.0,True,True
gigel-si-sosetele,java,gigel-si-sosetele_java.jplag,1314238139.java,1314238147.java,1314238139,1314238147,1.0,100.0,1.0,100.0,128.0,127.0,True,True
gigel-si-sosetele,java,gigel-si-sosetele_java.jplag,1323075618.java,1323080111.java,1323075618,1323080111,1.0,100.0,1.0,100.0,137.0,136.0,True,True
gigel-si-sosetele,java,gigel-si-sosetele_java.jplag,1323364313.java,1323364419.java,1323364313,1323364419,1.0,100.0,1.0,100.0,70.0,69.0,True,True
gigel-si-sosetele,java,gigel-si-sosetele_java.jplag,1323367810.java,1323368532.java,1323367810,1323368532,1.0,100.0,1.0,100.0,82.0,81.0,True,True
gigel-si-sosetele,java,gigel-si-sosetele_java.jplag,1323367810.java,1323370083.java,1323367810,1323370083,1.0,100.0,1.0,100.0,82.0,81.0,True,True
gigel-si-sosetele,java,gigel-si-sosetele_java.jplag,1323367810.java,1323370334.java,1323367810,1323370334,1.0,100.0,1.0,100.0,82.0,81.0,True,True
gigel-si-sosetele,java,gigel-si-sosetele_java.jplag,1323368532.java,1323370083.java,1323368532,1323370083,1.0,100.0,1.0,100.0,82.0,81.0,True,True
gigel-si-sosetele,java,gigel-si-sosetele_java.jplag,1323368532.java,1323370334.java,1323368532,1323370334,1.0,100.0,1.0,100.0,82.0,81.0,True,True
gigel-si-sosetele,java,gigel-si-sosetele_java.jplag,1323370083.java,1323370334.java,1323370083,1323370334,1.0,100.0,1.0,100.0,82.0,81.0,True,True
gigel-si-sosetele,java,gigel-si-sosetele_java.jplag,1323372857.java,1323372974.java,1323372857,1323372974,1.0,100.0,1.0,100.0,92.0,91.0,True,True
gigel-si-sosetele,java,gigel-si-sosetele_java.jplag,1323398894.java,1323398992.java,1323398894,1323398992,1.0,100.0,1.0,100.0,133.0,132.0,True,True
gigel-si-sosetele,java,gigel-si-sosetele_java.jplag,1323418536.java,1323418585.java,1323418536,1323418585,1.0,100.0,1.0,100.0,131.0,130.0,True,True
gigel-si-sosetele,java,gigel-si-sosetele_java.jplag,1323421343.java,1323421515.java,1323421343,1323421515,1.0,100.0,1.0,100.0,159.0,158.0,True,True
gigel-si-sosetele,java,gigel-si-sosetele_java.jplag,1323426114.java,1323426260.java,1323426114,1323426260,1.0,100.0,1.0,100.0,111.0,110.0,True,True
gigel-si-sosetele,java,gigel-si-sosetele_java.jplag,1323426114.java,1323426450.java,1323426114,1323426450,1.0,100.0,1.0,100.0,111.0,110.0,True,True
gigel-si-sosetele,java,gigel-si-sosetele_java.jplag,1323426260.java,1323426450.java,1323426260,1323426450,1.0,100.0,1.0,100.0,111.0,110.0,True,True
gigel-si-sosetele,java,gigel-si-sosetele_java.jplag,1323432707.java,1323432814.java,1323432707,1323432814,1.0,100.0,1.0,100.0,117.0,116.0,True,True
gigel-si-sosetele,java,gigel-si-sosetele_java.jplag,1323432707.java,1323432863.java,1323432707,1323432863,1.0,100.0,1.0,100.0,117.0,116.0,True,True
gigel-si-sosetele,java,gigel-si-sosetele_java.jplag,1323432814.java,1323432863.java,1323432814,1323432863,1.0,100.0,1.0,100.0,117.0,116.0,True,True
gigel-si-sosetele,java,gigel-si-sosetele_java.jplag,1323447320.java,1323447420.java,1323447320,1323447420,1.0,100.0,1.0,100.0,134.0,133.0,True,True
gigel-si-sosetele,java,gigel-si-sosetele_java.jplag,1323449282.java,1323449323.java,1323449282,1323449323,1.0,100.0,1.0,100.0,148.0,147.0,True,True
gigel-si-sosetele,java,gigel-si-sosetele_java.jplag,1323450466.java,1323450489.java,1323450466,1323450489,1.0,100.0,1.0,100.0,62.0,61.0,True,True
gigel-si-sosetele,java,gigel-si-sosetele_java.jplag,1323450466.java,1323450645.java,1323450466,1323450645,1.0,100.0,1.0,100.0,62.0,61.0,True,True
gigel-si-sosetele,java,gigel-si-sosetele_java.jplag,1323450489.java,1323450645.java,1323450489,1323450645,1.0,100.0,1.0,100.0,62.0,61.0,True,True
gigel-si-sosetele,java,gigel-si-sosetele_java.jplag,1323450795.java,1323450863.java,1323450795,1323450863,1.0,100.0,1.0,100.0,159.0,158.0,True,True
gigel-si-sosetele,java,gigel-si-sosetele_java.jplag,1323450795.java,1323451322.java,1323450795,1323451322,1.0,100.0,1.0,100.0,159.0,158.0,True,True
gigel-si-sosetele,java,gigel-si-sosetele_java.jplag,1323450863.java,1323451322.java,1323450863,1323451322,1.0,100.0,1.0,100.0,159.0,158.0,True,True
gigel-si-sosetele,java,gigel-si-sosetele_java.jplag,1323451800.java,1323451835.java,1323451800,1323451835,1.0,100.0,1.0,100.0,149.0,148.0,True,True
gigel-si-sosetele,java,gigel-si-sosetele_java.jplag,1332392159.java,1332398740.java,1332392159,1332398740,1.0,100.0,1.0,100.0,108.0,107.0,True,True
gigel-si-sosetele,java,gigel-si-sosetele_java.jplag,1332392159.java,1332398750.java,1332392159,1332398750,1.0,100.0,1.0,100.0,108.0,107.0,True,True
gigel-si-sosetele,java,gigel-si-sosetele_java.jplag,1332398213.java,1332398341.java,1332398213,1332398341,1.0,100.0,1.0,100.0,106.0,105.0,True,True
gigel-si-sosetele,java,gigel-si-sosetele_java.jplag,1332398740.java,1332398750.java,1332398740,1332398750,1.0,100.0,1.0,100.0,108.0,107.0,True,True
gigel-si-sosetele,java,gigel-si-sosetele_java.jplag,1332399243.java,1332400106.java,1332399243,1332400106,1.0,100.0,1.0,100.0,113.0,112.0,True,True
gigel-si-sosetele,java,gigel-si-sosetele_java.jplag,1332551353.java,1332551364.java,1332551353,1332551364,1.0,100.0,1.0,100.0,128.0,127.0,True,True
gigel-si-sosetele,java,gigel-si-sosetele_java.jplag,1332621480.java,1332621488.java,1332621480,1332621488,1.0,100.0,1.0,100.0,117.0,116.0,True,True
gigel-si-sosetele,java,gigel-si-sosetele_java.jplag,1332712226.java,1332712258.java,1332712226,1332712258,1.0,100.0,1.0,100.0,119.0,118.0,True,True
gigel-si-sosetele,java,gigel-si-sosetele_java.jplag,1333805417.java,1333805428.java,1333805417,1333805428,1.0,100.0,1.0,100.0,144.0,143.0,True,True
gigel-si-sosetele,java,gigel-si-sosetele_java.jplag,1344599918.java,1344600007.java,1344599918,1344600007,1.0,100.0,1.0,100.0,140.0,139.0,True,True
gigel-si-sosetele,java,gigel-si-sosetele_java.jplag,1344599918.java,1344613861.java,1344599918,1344613861,1.0,100.0,1.0,100.0,140.0,139.0,True,True
gigel-si-sosetele,java,gigel-si-sosetele_java.jplag,1344600007.java,1344613861.java,1344600007,1344613861,1.0,100.0,1.0,100.0,140.0,139.0,True,True
gigel-si-sosetele,java,gigel-si-sosetele_java.jplag,1344636972.java,1344637038.java,1344636972,1344637038,1.0,100.0,1.0,100.0,91.0,90.0,True,True
gigel-si-sosetele,java,gigel-si-sosetele_java.jplag,1344637138.java,1344637177.java,1344637138,1344637177,1.0,100.0,1.0,100.0,119.0,118.0,True,True
gigel-si-sosetele,java,gigel-si-sosetele_java.jplag,1378121015.java,1378121021.java,1378121015,1378121021,1.0,100.0,1.0,100.0,133.0,132.0,True,True
gigel-si-sosetele,java,gigel-si-sosetele_java.jplag,1378159089.java,1378159110.java,1378159089,1378159110,1.0,100.0,1.0,100.0,66.0,65.0,True,True
gigel-si-sosetele,java,gigel-si-sosetele_java.jplag,1378159089.java,1378159141.java,1378159089,1378159141,1.0,100.0,1.0,100.0,66.0,65.0,True,True
gigel-si-sosetele,java,gigel-si-sosetele_java.jplag,1378159089.java,1378159179.java,1378159089,1378159179,1.0,100.0,1.0,100.0,66.0,65.0,True,True
gigel-si-sosetele,java,gigel-si-sosetele_java.jplag,1378159110.java,1378159141.java,1378159110,1378159141,1.0,100.0,1.0,100.0,66.0,65.0,True,True
gigel-si-sosetele,java,gigel-si-sosetele_java.jplag,1378159110.java,1378159179.java,1378159110,1378159179,1.0,100.0,1.0,100.0,66.0,65.0,True,True
gigel-si-sosetele,java,gigel-si-sosetele_java.jplag,1378159141.java,1378159179.java,1378159141,1378159179,1.0,100.0,1.0,100.0,66.0,65.0,True,True
gigel-si-sosetele,java,gigel-si-sosetele_java.jplag,1378159214.java,1378159258.java,1378159214,1378159258,1.0,100.0,1.0,100.0,126.0,125.0,True,True
gigel-si-sosetele,java,gigel-si-sosetele_java.jplag,1378159214.java,1378159278.java,1378159214,1378159278,1.0,100.0,1.0,100.0,126.0,125.0,True,True
gigel-si-sosetele,java,gigel-si-sosetele_java.jplag,1378159214.java,1378159313.java,1378159214,1378159313,1.0,100.0,1.0,100.0,126.0,125.0,True,True
gigel-si-sosetele,java,gigel-si-sosetele_java.jplag,1378159214.java,1378159340.java,1378159214,1378159340,1.0,100.0,1.0,100.0,126.0,125.0,True,True
gigel-si-sosetele,java,gigel-si-sosetele_java.jplag,1378159258.java,1378159278.java,1378159258,1378159278,1.0,100.0,1.0,100.0,126.0,125.0,True,True
gigel-si-sosetele,java,gigel-si-sosetele_java.jplag,1378159258.java,1378159313.java,1378159258,1378159313,1.0,100.0,1.0,100.0,126.0,125.0,True,True
gigel-si-sosetele,java,gigel-si-sosetele_java.jplag,1378159258.java,1378159340.java,1378159258,1378159340,1.0,100.0,1.0,100.0,126.0,125.0,True,True
gigel-si-sosetele,java,gigel-si-sosetele_java.jplag,1378159278.java,1378159313.java,1378159278,1378159313,1.0,100.0,1.0,100.0,126.0,125.0,True,True
gigel-si-sosetele,java,gigel-si-sosetele_java.jplag,1378159278.java,1378159340.java,1378159278,1378159340,1.0,100.0,1.0,100.0,126.0,125.0,True,True
gigel-si-sosetele,java,gigel-si-sosetele_java.jplag,1378159313.java,1378159340.java,1378159313,1378159340,1.0,100.0,1.0,100.0,126.0,125.0,True,True
gigel-si-sosetele,java,gigel-si-sosetele_java.jplag,1391827899.java,1391827922.java,1391827899,1391827922,1.0,100.0,1.0,100.0,117.0,116.0,True,True
gigel-si-sosetele,java,gigel-si-sosetele_java.jplag,1391935200.java,1391935316.java,1391935200,1391935316,1.0,100.0,1.0,100.0,135.0,134.0,True,True
gigel-si-sosetele,java,gigel-si-sosetele_java.jplag,1391935440.java,1391935455.java,1391935440,1391935455,1.0,100.0,1.0,100.0,131.0,130.0,True,True
gigel-si-sosetele,java,gigel-si-sosetele_java.jplag,1391942747.java,1392017996.java,1391942747,1392017996,1.0,100.0,1.0,100.0,127.0,126.0,True,True
gigel-si-telefonul,cpp,gigel-si-telefonul_cpp.jplag,1314215227.cpp,1314224063.cpp,1314215227,1314224063,1.0,100.0,1.0,100.0,46.0,45.0,True,True
gigel-si-telefonul,cpp,gigel-si-telefonul_cpp.jplag,1314225955.cpp,1314225959.cpp,1314225955,1314225959,1.0,100.0,1.0,100.0,49.0,48.0,True,True
gigel-si-telefonul,cpp,gigel-si-telefonul_cpp.jplag,1314235184.cpp,1344635291.cpp,1314235184,1344635291,1.0,100.0,1.0,100.0,70.0,69.0,True,True
gigel-si-telefonul,cpp,gigel-si-telefonul_cpp.jplag,1314235184.cpp,1408489680.cpp,1314235184,1408489680,1.0,100.0,1.0,100.0,70.0,69.0,True,True
gigel-si-telefonul,cpp,gigel-si-telefonul_cpp.jplag,1314235933.cpp,1314236336.cpp,1314235933,1314236336,1.0,100.0,1.0,100.0,60.0,59.0,True,True
gigel-si-telefonul,cpp,gigel-si-telefonul_cpp.jplag,1314235933.cpp,1314236395.cpp,1314235933,1314236395,1.0,100.0,1.0,100.0,60.0,59.0,True,True
gigel-si-telefonul,cpp,gigel-si-telefonul_cpp.jplag,1314235933.cpp,1314236469.cpp,1314235933,1314236469,1.0,100.0,1.0,100.0,60.0,59.0,True,True
gigel-si-telefonul,cpp,gigel-si-telefonul_cpp.jplag,1314235933.cpp,1314236484.cpp,1314235933,1314236484,1.0,100.0,1.0,100.0,60.0,59.0,True,True
gigel-si-telefonul,cpp,gigel-si-telefonul_cpp.jplag,1314235933.cpp,1314236615.cpp,1314235933,1314236615,1.0,100.0,1.0,100.0,60.0,59.0,True,True
gigel-si-telefonul,cpp,gigel-si-telefonul_cpp.jplag,1314235933.cpp,1314236747.cpp,1314235933,1314236747,1.0,100.0,1.0,100.0,60.0,59.0,True,True
gigel-si-telefonul,cpp,gigel-si-telefonul_cpp.jplag,1314235933.cpp,1314236757.cpp,1314235933,1314236757,1.0,100.0,1.0,100.0,60.0,59.0,True,True
gigel-si-telefonul,cpp,gigel-si-telefonul_cpp.jplag,1314235933.cpp,1314236764.cpp,1314235933,1314236764,1.0,100.0,1.0,100.0,60.0,59.0,True,True
gigel-si-telefonul,cpp,gigel-si-telefonul_cpp.jplag,1314235971.cpp,1314236148.cpp,1314235971,1314236148,1.0,100.0,1.0,100.0,65.0,64.0,True,True
gigel-si-telefonul,cpp,gigel-si-telefonul_cpp.jplag,1314235971.cpp,1314236238.cpp,1314235971,1314236238,1.0,100.0,1.0,100.0,65.0,64.0,True,True
gigel-si-telefonul,cpp,gigel-si-telefonul_cpp.jplag,1314236007.cpp,1314236034.cpp,1314236007,1314236034,1.0,100.0,1.0,100.0,33.0,32.0,True,True
gigel-si-telefonul,cpp,gigel-si-telefonul_cpp.jplag,1314236007.cpp,1314236196.cpp,1314236007,1314236196,1.0,100.0,1.0,100.0,33.0,32.0,True,True
gigel-si-telefonul,cpp,gigel-si-telefonul_cpp.jplag,1314236034.cpp,1314236196.cpp,1314236034,1314236196,1.0,100.0,1.0,100.0,33.0,32.0,True,True
gigel-si-telefonul,cpp,gigel-si-telefonul_cpp.jplag,1314236081.cpp,1314236104.cpp,1314236081,1314236104,1.0,100.0,1.0,100.0,43.0,42.0,True,True
gigel-si-telefonul,cpp,gigel-si-telefonul_cpp.jplag,1314236106.cpp,1344623009.cpp,1314236106,1344623009,1.0,100.0,1.0,100.0,52.0,51.0,True,True
gigel-si-telefonul,cpp,gigel-si-telefonul_cpp.jplag,1314236148.cpp,1314236238.cpp,1314236148,1314236238,1.0,100.0,1.0,100.0,65.0,64.0,True,True
gigel-si-telefonul,cpp,gigel-si-telefonul_cpp.jplag,1314236336.cpp,1314236395.cpp,1314236336,1314236395,1.0,100.0,1.0,100.0,60.0,59.0,True,True
gigel-si-telefonul,cpp,gigel-si-telefonul_cpp.jplag,1314236336.cpp,1314236469.cpp,1314236336,1314236469,1.0,100.0,1.0,100.0,60.0,59.0,True,True
gigel-si-telefonul,cpp,gigel-si-telefonul_cpp.jplag,1314236336.cpp,1314236484.cpp,1314236336,1314236484,1.0,100.0,1.0,100.0,60.0,59.0,True,True
gigel-si-telefonul,cpp,gigel-si-telefonul_cpp.jplag,1314236336.cpp,1314236615.cpp,1314236336,1314236615,1.0,100.0,1.0,100.0,60.0,59.0,True,True
gigel-si-telefonul,cpp,gigel-si-telefonul_cpp.jplag,1314236336.cpp,1314236747.cpp,1314236336,1314236747,1.0,100.0,1.0,100.0,60.0,59.0,True,True
gigel-si-telefonul,cpp,gigel-si-telefonul_cpp.jplag,1314236336.cpp,1314236757.cpp,1314236336,1314236757,1.0,100.0,1.0,100.0,60.0,59.0,True,True
gigel-si-telefonul,cpp,gigel-si-telefonul_cpp.jplag,1314236336.cpp,1314236764.cpp,1314236336,1314236764,1.0,100.0,1.0,100.0,60.0,59.0,True,True
gigel-si-telefonul,cpp,gigel-si-telefonul_cpp.jplag,1314236395.cpp,1314236469.cpp,1314236395,1314236469,1.0,100.0,1.0,100.0,60.0,59.0,True,True
gigel-si-telefonul,cpp,gigel-si-telefonul_cpp.jplag,1314236395.cpp,1314236484.cpp,1314236395,1314236484,1.0,100.0,1.0,100.0,60.0,59.0,True,True
gigel-si-telefonul,cpp,gigel-si-telefonul_cpp.jplag,1314236395.cpp,1314236615.cpp,1314236395,1314236615,1.0,100.0,1.0,100.0,60.0,59.0,True,True
gigel-si-telefonul,cpp,gigel-si-telefonul_cpp.jplag,1314236395.cpp,1314236747.cpp,1314236395,1314236747,1.0,100.0,1.0,100.0,60.0,59.0,True,True
gigel-si-telefonul,cpp,gigel-si-telefonul_cpp.jplag,1314236395.cpp,1314236757.cpp,1314236395,1314236757,1.0,100.0,1.0,100.0,60.0,59.0,True,True
gigel-si-telefonul,cpp,gigel-si-telefonul_cpp.jplag,1314236395.cpp,1314236764.cpp,1314236395,1314236764,1.0,100.0,1.0,100.0,60.0,59.0,True,True
gigel-si-telefonul,cpp,gigel-si-telefonul_cpp.jplag,1314236469.cpp,1314236484.cpp,1314236469,1314236484,1.0,100.0,1.0,100.0,60.0,59.0,True,True
gigel-si-telefonul,cpp,gigel-si-telefonul_cpp.jplag,1314236469.cpp,1314236615.cpp,1314236469,1314236615,1.0,100.0,1.0,100.0,60.0,59.0,True,True
gigel-si-telefonul,cpp,gigel-si-telefonul_cpp.jplag,1314236469.cpp,1314236747.cpp,1314236469,1314236747,1.0,100.0,1.0,100.0,60.0,59.0,True,True
gigel-si-telefonul,cpp,gigel-si-telefonul_cpp.jplag,1314236469.cpp,1314236757.cpp,1314236469,1314236757,1.0,100.0,1.0,100.0,60.0,59.0,True,True
gigel-si-telefonul,cpp,gigel-si-telefonul_cpp.jplag,1314236469.cpp,1314236764.cpp,1314236469,1314236764,1.0,100.0,1.0,100.0,60.0,59.0,True,True
gigel-si-telefonul,cpp,gigel-si-telefonul_cpp.jplag,1314236484.cpp,1314236615.cpp,1314236484,1314236615,1.0,100.0,1.0,100.0,60.0,59.0,True,True
gigel-si-telefonul,cpp,gigel-si-telefonul_cpp.jplag,1314236484.cpp,1314236747.cpp,1314236484,1314236747,1.0,100.0,1.0,100.0,60.0,59.0,True,True
gigel-si-telefonul,cpp,gigel-si-telefonul_cpp.jplag,1314236484.cpp,1314236757.cpp,1314236484,1314236757,1.0,100.0,1.0,100.0,60.0,59.0,True,True
gigel-si-telefonul,cpp,gigel-si-telefonul_cpp.jplag,1314236484.cpp,1314236764.cpp,1314236484,1314236764,1.0,100.0,1.0,100.0,60.0,59.0,True,True
gigel-si-telefonul,cpp,gigel-si-telefonul_cpp.jplag,1314236615.cpp,1314236747.cpp,1314236615,1314236747,1.0,100.0,1.0,100.0,60.0,59.0,True,True
gigel-si-telefonul,cpp,gigel-si-telefonul_cpp.jplag,1314236615.cpp,1314236757.cpp,1314236615,1314236757,1.0,100.0,1.0,100.0,60.0,59.0,True,True
gigel-si-telefonul,cpp,gigel-si-telefonul_cpp.jplag,1314236615.cpp,1314236764.cpp,1314236615,1314236764,1.0,100.0,1.0,100.0,60.0,59.0,True,True
gigel-si-telefonul,cpp,gigel-si-telefonul_cpp.jplag,1314236735.cpp,1314236746.cpp,1314236735,1314236746,1.0,100.0,1.0,100.0,108.0,107.0,True,True
gigel-si-telefonul,cpp,gigel-si-telefonul_cpp.jplag,1314236747.cpp,1314236757.cpp,1314236747,1314236757,1.0,100.0,1.0,100.0,60.0,59.0,True,True
gigel-si-telefonul,cpp,gigel-si-telefonul_cpp.jplag,1314236747.cpp,1314236764.cpp,1314236747,1314236764,1.0,100.0,1.0,100.0,60.0,59.0,True,True
gigel-si-telefonul,cpp,gigel-si-telefonul_cpp.jplag,1314236757.cpp,1314236764.cpp,1314236757,1314236764,1.0,100.0,1.0,100.0,60.0,59.0,True,True
gigel-si-telefonul,cpp,gigel-si-telefonul_cpp.jplag,1314237066.cpp,1314237184.cpp,1314237066,1314237184,1.0,100.0,1.0,100.0,87.0,86.0,True,True
gigel-si-telefonul,cpp,gigel-si-telefonul_cpp.jplag,1314237066.cpp,1314237596.cpp,1314237066,1314237596,1.0,100.0,1.0,100.0,87.0,86.0,True,True
gigel-si-telefonul,cpp,gigel-si-telefonul_cpp.jplag,1314237066.cpp,1314237623.cpp,1314237066,1314237623,1.0,100.0,1.0,100.0,87.0,86.0,True,True
gigel-si-telefonul,cpp,gigel-si-telefonul_cpp.jplag,1314237184.cpp,1314237596.cpp,1314237184,1314237596,1.0,100.0,1.0,100.0,87.0,86.0,True,True
gigel-si-telefonul,cpp,gigel-si-telefonul_cpp.jplag,1314237184.cpp,1314237623.cpp,1314237184,1314237623,1.0,100.0,1.0,100.0,87.0,86.0,True,True
gigel-si-telefonul,cpp,gigel-si-telefonul_cpp.jplag,1314237355.cpp,1314237410.cpp,1314237355,1314237410,1.0,100.0,1.0,100.0,60.0,59.0,True,True
gigel-si-telefonul,cpp,gigel-si-telefonul_cpp.jplag,1314237355.cpp,1314237541.cpp,1314237355,1314237541,1.0,100.0,1.0,100.0,60.0,59.0,True,True
gigel-si-telefonul,cpp,gigel-si-telefonul_cpp.jplag,1314237355.cpp,1314237770.cpp,1314237355,1314237770,1.0,100.0,1.0,100.0,60.0,59.0,True,True
gigel-si-telefonul,cpp,gigel-si-telefonul_cpp.jplag,1314237405.cpp,1314237429.cpp,1314237405,1314237429,1.0,100.0,1.0,100.0,61.0,60.0,True,True
gigel-si-telefonul,cpp,gigel-si-telefonul_cpp.jplag,1314237405.cpp,1314237460.cpp,1314237405,1314237460,1.0,100.0,1.0,100.0,61.0,60.0,True,True
gigel-si-telefonul,cpp,gigel-si-telefonul_cpp.jplag,1314237410.cpp,1314237541.cpp,1314237410,1314237541,1.0,100.0,1.0,100.0,60.0,59.0,True,True
gigel-si-telefonul,cpp,gigel-si-telefonul_cpp.jplag,1314237410.cpp,1314237770.cpp,1314237410,1314237770,1.0,100.0,1.0,100.0,60.0,59.0,True,True
gigel-si-telefonul,cpp,gigel-si-telefonul_cpp.jplag,1314237429.cpp,1314237460.cpp,1314237429,1314237460,1.0,100.0,1.0,100.0,61.0,60.0,True,True
gigel-si-telefonul,cpp,gigel-si-telefonul_cpp.jplag,1314237519.cpp,1314237557.cpp,1314237519,1314237557,1.0,100.0,1.0,100.0,60.0,59.0,True,True
gigel-si-telefonul,cpp,gigel-si-telefonul_cpp.jplag,1314237519.cpp,1314237716.cpp,1314237519,1314237716,1.0,100.0,1.0,100.0,60.0,59.0,True,True
gigel-si-telefonul,cpp,gigel-si-telefonul_cpp.jplag,1314237519.cpp,1314237768.cpp,1314237519,1314237768,1.0,100.0,1.0,100.0,60.0,59.0,True,True
gigel-si-telefonul,cpp,gigel-si-telefonul_cpp.jplag,1314237519.cpp,1314237787.cpp,1314237519,1314237787,1.0,100.0,1.0,100.0,60.0,59.0,True,True
gigel-si-telefonul,cpp,gigel-si-telefonul_cpp.jplag,1314237519.cpp,1314237808.cpp,1314237519,1314237808,1.0,100.0,1.0,100.0,60.0,59.0,True,True
gigel-si-telefonul,cpp,gigel-si-telefonul_cpp.jplag,1314237541.cpp,1314237770.cpp,1314237541,1314237770,1.0,100.0,1.0,100.0,60.0,59.0,True,True
gigel-si-telefonul,cpp,gigel-si-telefonul_cpp.jplag,1314237557.cpp,1314237716.cpp,1314237557,1314237716,1.0,100.0,1.0,100.0,60.0,59.0,True,True
gigel-si-telefonul,cpp,gigel-si-telefonul_cpp.jplag,1314237557.cpp,1314237768.cpp,1314237557,1314237768,1.0,100.0,1.0,100.0,60.0,59.0,True,True
gigel-si-telefonul,cpp,gigel-si-telefonul_cpp.jplag,1314237557.cpp,1314237787.cpp,1314237557,1314237787,1.0,100.0,1.0,100.0,60.0,59.0,True,True
gigel-si-telefonul,cpp,gigel-si-telefonul_cpp.jplag,1314237557.cpp,1314237808.cpp,1314237557,1314237808,1.0,100.0,1.0,100.0,60.0,59.0,True,True
gigel-si-telefonul,cpp,gigel-si-telefonul_cpp.jplag,1314237596.cpp,1314237623.cpp,1314237596,1314237623,1.0,100.0,1.0,100.0,87.0,86.0,True,True
gigel-si-telefonul,cpp,gigel-si-telefonul_cpp.jplag,1314237716.cpp,1314237768.cpp,1314237716,1314237768,1.0,100.0,1.0,100.0,60.0,59.0,True,True
gigel-si-telefonul,cpp,gigel-si-telefonul_cpp.jplag,1314237716.cpp,1314237787.cpp,1314237716,1314237787,1.0,100.0,1.0,100.0,60.0,59.0,True,True
gigel-si-telefonul,cpp,gigel-si-telefonul_cpp.jplag,1314237716.cpp,1314237808.cpp,1314237716,1314237808,1.0,100.0,1.0,100.0,60.0,59.0,True,True
gigel-si-telefonul,cpp,gigel-si-telefonul_cpp.jplag,1314237768.cpp,1314237787.cpp,1314237768,1314237787,1.0,100.0,1.0,100.0,60.0,59.0,True,True
gigel-si-telefonul,cpp,gigel-si-telefonul_cpp.jplag,1314237768.cpp,1314237808.cpp,1314237768,1314237808,1.0,100.0,1.0,100.0,60.0,59.0,True,True
gigel-si-telefonul,cpp,gigel-si-telefonul_cpp.jplag,1314237787.cpp,1314237808.cpp,1314237787,1314237808,1.0,100.0,1.0,100.0,60.0,59.0,True,True
gigel-si-telefonul,cpp,gigel-si-telefonul_cpp.jplag,1323386252.cpp,1323386334.cpp,1323386252,1323386334,1.0,100.0,1.0,100.0,48.0,47.0,True,True
gigel-si-telefonul,cpp,gigel-si-telefonul_cpp.jplag,1323386957.cpp,1323387090.cpp,1323386957,1323387090,1.0,100.0,1.0,100.0,54.0,53.0,True,True
gigel-si-telefonul,cpp,gigel-si-telefonul_cpp.jplag,1323403394.cpp,1323403431.cpp,1323403394,1323403431,1.0,100.0,1.0,100.0,63.0,62.0,True,True
gigel-si-telefonul,cpp,gigel-si-telefonul_cpp.jplag,1323405258.cpp,1323405345.cpp,1323405258,1323405345,1.0,100.0,1.0,100.0,42.0,41.0,True,True
gigel-si-telefonul,cpp,gigel-si-telefonul_cpp.jplag,1323405388.cpp,1323405398.cpp,1323405388,1323405398,1.0,100.0,1.0,100.0,46.0,45.0,True,True
gigel-si-telefonul,cpp,gigel-si-telefonul_cpp.jplag,1323405388.cpp,1323405414.cpp,1323405388,1323405414,1.0,100.0,1.0,100.0,46.0,45.0,True,True
gigel-si-telefonul,cpp,gigel-si-telefonul_cpp.jplag,1323405388.cpp,1323445893.cpp,1323405388,1323445893,1.0,100.0,1.0,100.0,46.0,45.0,True,True
gigel-si-telefonul,cpp,gigel-si-telefonul_cpp.jplag,1323405398.cpp,1323405414.cpp,1323405398,1323405414,1.0,100.0,1.0,100.0,46.0,45.0,True,True
gigel-si-telefonul,cpp,gigel-si-telefonul_cpp.jplag,1323405398.cpp,1323445893.cpp,1323405398,1323445893,1.0,100.0,1.0,100.0,46.0,45.0,True,True
gigel-si-telefonul,cpp,gigel-si-telefonul_cpp.jplag,1323405414.cpp,1323445893.cpp,1323405414,1323445893,1.0,100.0,1.0,100.0,46.0,45.0,True,True
gigel-si-telefonul,cpp,gigel-si-telefonul_cpp.jplag,1323427658.cpp,1323427691.cpp,1323427658,1323427691,1.0,100.0,1.0,100.0,67.0,66.0,True,True
gigel-si-telefonul,cpp,gigel-si-telefonul_cpp.jplag,1323427658.cpp,1323431836.cpp,1323427658,1323431836,1.0,100.0,1.0,100.0,67.0,66.0,True,True
gigel-si-telefonul,cpp,gigel-si-telefonul_cpp.jplag,1323427658.cpp,1323431948.cpp,1323427658,1323431948,1.0,100.0,1.0,100.0,67.0,66.0,True,True
gigel-si-telefonul,cpp,gigel-si-telefonul_cpp.jplag,1323427691.cpp,1323431836.cpp,1323427691,1323431836,1.0,100.0,1.0,100.0,67.0,66.0,True,True
gigel-si-telefonul,cpp,gigel-si-telefonul_cpp.jplag,1323427691.cpp,1323431948.cpp,1323427691,1323431948,1.0,100.0,1.0,100.0,67.0,66.0,True,True
gigel-si-telefonul,cpp,gigel-si-telefonul_cpp.jplag,1323427765.cpp,1323429397.cpp,1323427765,1323429397,1.0,100.0,1.0,100.0,36.0,35.0,True,True
gigel-si-telefonul,cpp,gigel-si-telefonul_cpp.jplag,1323427765.cpp,1323429954.cpp,1323427765,1323429954,1.0,100.0,1.0,100.0,36.0,35.0,True,True
gigel-si-telefonul,cpp,gigel-si-telefonul_cpp.jplag,1323427973.cpp,1323427996.cpp,1323427973,1323427996,1.0,100.0,1.0,100.0,47.0,46.0,True,True
gigel-si-telefonul,cpp,gigel-si-telefonul_cpp.jplag,1323429397.cpp,1323429954.cpp,1323429397,1323429954,1.0,100.0,1.0,100.0,36.0,35.0,True,True
gigel-si-telefonul,cpp,gigel-si-telefonul_cpp.jplag,1323429910.cpp,1323429935.cpp,1323429910,1323429935,1.0,100.0,1.0,100.0,47.0,46.0,True,True
gigel-si-telefonul,cpp,gigel-si-telefonul_cpp.jplag,1323431836.cpp,1323431948.cpp,1323431836,1323431948,1.0,100.0,1.0,100.0,67.0,66.0,True,True
gigel-si-telefonul,cpp,gigel-si-telefonul_cpp.jplag,1323432495.cpp,1323432510.cpp,1323432495,1323432510,1.0,100.0,1.0,100.0,73.0,72.0,True,True
gigel-si-telefonul,cpp,gigel-si-telefonul_cpp.jplag,1323432645.cpp,1323432665.cpp,1323432645,1323432665,1.0,100.0,1.0,100.0,67.0,66.0,True,True
gigel-si-telefonul,cpp,gigel-si-telefonul_cpp.jplag,1323432645.cpp,1323432739.cpp,1323432645,1323432739,1.0,100.0,1.0,100.0,67.0,66.0,True,True
gigel-si-telefonul,cpp,gigel-si-telefonul_cpp.jplag,1323432665.cpp,1323432739.cpp,1323432665,1323432739,1.0,100.0,1.0,100.0,67.0,66.0,True,True
gigel-si-telefonul,cpp,gigel-si-telefonul_cpp.jplag,1323456041.cpp,1323456140.cpp,1323456041,1323456140,1.0,100.0,1.0,100.0,31.0,30.0,True,True
gigel-si-telefonul,cpp,gigel-si-telefonul_cpp.jplag,1331965868.cpp,1331966085.cpp,1331965868,1331966085,1.0,100.0,1.0,100.0,34.0,33.0,True,True
gigel-si-telefonul,cpp,gigel-si-telefonul_cpp.jplag,1332180294.cpp,1332180897.cpp,1332180294,1332180897,1.0,100.0,1.0,100.0,52.0,51.0,True,True
gigel-si-telefonul,cpp,gigel-si-telefonul_cpp.jplag,1332180294.cpp,1332180910.cpp,1332180294,1332180910,1.0,100.0,1.0,100.0,52.0,51.0,True,True
gigel-si-telefonul,cpp,gigel-si-telefonul_cpp.jplag,1332180897.cpp,1332180910.cpp,1332180897,1332180910,1.0,100.0,1.0,100.0,52.0,51.0,True,True
gigel-si-telefonul,cpp,gigel-si-telefonul_cpp.jplag,1332183204.cpp,1332199818.cpp,1332183204,1332199818,1.0,100.0,1.0,100.0,31.0,30.0,True,True
gigel-si-telefonul,cpp,gigel-si-telefonul_cpp.jplag,1332720333.cpp,1332720368.cpp,1332720333,1332720368,1.0,100.0,1.0,100.0,40.0,39.0,True,True
gigel-si-telefonul,cpp,gigel-si-telefonul_cpp.jplag,1332755494.cpp,1332756043.cpp,1332755494,1332756043,1.0,100.0,1.0,100.0,31.0,30.0,True,True
gigel-si-telefonul,cpp,gigel-si-telefonul_cpp.jplag,1332755545.cpp,1332755677.cpp,1332755545,1332755677,1.0,100.0,1.0,100.0,33.0,32.0,True,True
gigel-si-telefonul,cpp,gigel-si-telefonul_cpp.jplag,1332755545.cpp,1332755933.cpp,1332755545,1332755933,1.0,100.0,1.0,100.0,33.0,32.0,True,True
gigel-si-telefonul,cpp,gigel-si-telefonul_cpp.jplag,1332755677.cpp,1332755933.cpp,1332755677,1332755933,1.0,100.0,1.0,100.0,33.0,32.0,True,True
gigel-si-telefonul,cpp,gigel-si-telefonul_cpp.jplag,1332757327.cpp,1332757539.cpp,1332757327,1332757539,1.0,100.0,1.0,100.0,50.0,49.0,True,True
gigel-si-telefonul,cpp,gigel-si-telefonul_cpp.jplag,1332757327.cpp,1332757584.cpp,1332757327,1332757584,1.0,100.0,1.0,100.0,50.0,49.0,True,True
gigel-si-telefonul,cpp,gigel-si-telefonul_cpp.jplag,1332757506.cpp,1332757636.cpp,1332757506,1332757636,1.0,100.0,1.0,100.0,51.0,50.0,True,True
gigel-si-telefonul,cpp,gigel-si-telefonul_cpp.jplag,1332757506.cpp,1332757801.cpp,1332757506,1332757801,1.0,100.0,1.0,100.0,51.0,50.0,True,True
gigel-si-telefonul,cpp,gigel-si-telefonul_cpp.jplag,1332757539.cpp,1332757584.cpp,1332757539,1332757584,1.0,100.0,1.0,100.0,50.0,49.0,True,True
gigel-si-telefonul,cpp,gigel-si-telefonul_cpp.jplag,1332757636.cpp,1332757801.cpp,1332757636,1332757801,1.0,100.0,1.0,100.0,51.0,50.0,True,True
gigel-si-telefonul,cpp,gigel-si-telefonul_cpp.jplag,1332758186.cpp,1332758274.cpp,1332758186,1332758274,1.0,100.0,1.0,100.0,59.0,58.0,True,True
gigel-si-telefonul,cpp,gigel-si-telefonul_cpp.jplag,1332758186.cpp,1332758308.cpp,1332758186,1332758308,1.0,100.0,1.0,100.0,59.0,58.0,True,True
gigel-si-telefonul,cpp,gigel-si-telefonul_cpp.jplag,1332758186.cpp,1332758469.cpp,1332758186,1332758469,1.0,100.0,1.0,100.0,59.0,58.0,True,True
gigel-si-telefonul,cpp,gigel-si-telefonul_cpp.jplag,1332758274.cpp,1332758308.cpp,1332758274,1332758308,1.0,100.0,1.0,100.0,59.0,58.0,True,True
gigel-si-telefonul,cpp,gigel-si-telefonul_cpp.jplag,1332758274.cpp,1332758469.cpp,1332758274,1332758469,1.0,100.0,1.0,100.0,59.0,58.0,True,True
gigel-si-telefonul,cpp,gigel-si-telefonul_cpp.jplag,1332758308.cpp,1332758469.cpp,1332758308,1332758469,1.0,100.0,1.0,100.0,59.0,58.0,True,True
gigel-si-telefonul,cpp,gigel-si-telefonul_cpp.jplag,1342820510.cpp,1342820556.cpp,1342820510,1342820556,1.0,100.0,1.0,100.0,137.0,136.0,True,True
gigel-si-telefonul,cpp,gigel-si-telefonul_cpp.jplag,1342820510.cpp,1342820606.cpp,1342820510,1342820606,1.0,100.0,1.0,100.0,137.0,136.0,True,True
gigel-si-telefonul,cpp,gigel-si-telefonul_cpp.jplag,1342820556.cpp,1342820606.cpp,1342820556,1342820606,1.0,100.0,1.0,100.0,137.0,136.0,True,True
gigel-si-telefonul,cpp,gigel-si-telefonul_cpp.jplag,1344635291.cpp,1408489680.cpp,1344635291,1408489680,1.0,100.0,1.0,100.0,70.0,69.0,True,True
gigel-si-telefonul,cpp,gigel-si-telefonul_cpp.jplag,1359951515.cpp,1361756817.cpp,1359951515,1361756817,1.0,100.0,1.0,100.0,57.0,56.0,True,True
gigel-si-telefonul,cpp,gigel-si-telefonul_cpp.jplag,1359951515.cpp,1361911498.cpp,1359951515,1361911498,1.0,100.0,1.0,100.0,57.0,56.0,True,True
gigel-si-telefonul,cpp,gigel-si-telefonul_cpp.jplag,1361756817.cpp,1361911498.cpp,1361756817,1361911498,1.0,100.0,1.0,100.0,57.0,56.0,True,True
gigel-si-telefonul,cpp,gigel-si-telefonul_cpp.jplag,1378093199.cpp,1378093326.cpp,1378093199,1378093326,1.0,100.0,1.0,100.0,30.0,29.0,True,True
gigel-si-telefonul,cpp,gigel-si-telefonul_cpp.jplag,1378145122.cpp,1378145178.cpp,1378145122,1378145178,1.0,100.0,1.0,100.0,33.0,32.0,True,True
gigel-si-telefonul,cpp,gigel-si-telefonul_cpp.jplag,1378158787.cpp,1378158909.cpp,1378158787,1378158909,1.0,100.0,1.0,100.0,36.0,35.0,True,True
gigel-si-telefonul,cpp,gigel-si-telefonul_cpp.jplag,1378159543.cpp,1378159550.cpp,1378159543,1378159550,1.0,100.0,1.0,100.0,35.0,34.0,True,True
gigel-si-telefonul,cpp,gigel-si-telefonul_cpp.jplag,1391778985.cpp,1391778995.cpp,1391778985,1391778995,1.0,100.0,1.0,100.0,32.0,31.0,True,True
gigel-si-telefonul,cpp,gigel-si-telefonul_cpp.jplag,1391836330.cpp,1391836567.cpp,1391836330,1391836567,1.0,100.0,1.0,100.0,33.0,32.0,True,True
gigel-si-telefonul,cpp,gigel-si-telefonul_cpp.jplag,1391836330.cpp,1391836611.cpp,1391836330,1391836611,1.0,100.0,1.0,100.0,33.0,32.0,True,True
gigel-si-telefonul,cpp,gigel-si-telefonul_cpp.jplag,1391836567.cpp,1391836611.cpp,1391836567,1391836611,1.0,100.0,1.0,100.0,33.0,32.0,True,True
gigel-si-telefonul,cpp,gigel-si-telefonul_cpp.jplag,1391864011.cpp,1391864034.cpp,1391864011,1391864034,1.0,100.0,1.0,100.0,29.0,28.0,True,True
gigel-si-telefonul,cpp,gigel-si-telefonul_cpp.jplag,1391864011.cpp,1391864040.cpp,1391864011,1391864040,1.0,100.0,1.0,100.0,29.0,28.0,True,True
gigel-si-telefonul,cpp,gigel-si-telefonul_cpp.jplag,1391864034.cpp,1391864040.cpp,1391864034,1391864040,1.0,100.0,1.0,100.0,29.0,28.0,True,True
gigel-si-telefonul,cpp,gigel-si-telefonul_cpp.jplag,1391931654.cpp,1391931719.cpp,1391931654,1391931719,1.0,100.0,1.0,100.0,38.0,37.0,True,True
gigel-si-telefonul,cpp,gigel-si-telefonul_cpp.jplag,1408435063.cpp,1408435073.cpp,1408435063,1408435073,1.0,100.0,1.0,100.0,60.0,59.0,True,True
gigel-si-telefonul,cpp,gigel-si-telefonul_cpp.jplag,1408435214.cpp,1408435238.cpp,1408435214,1408435238,1.0,100.0,1.0,100.0,40.0,39.0,True,True
gigel-si-telefonul,cpp,gigel-si-telefonul_cpp.jplag,1408462797.cpp,1408462803.cpp,1408462797,1408462803,1.0,100.0,1.0,100.0,30.0,29.0,True,True
gigel-si-telefonul,cpp,gigel-si-telefonul_cpp.jplag,1408462834.cpp,1408462841.cpp,1408462834,1408462841,1.0,100.0,1.0,100.0,32.0,31.0,True,True
gigel-si-telefonul,cpp,gigel-si-telefonul_cpp.jplag,1408462834.cpp,1408462843.cpp,1408462834,1408462843,1.0,100.0,1.0,100.0,32.0,31.0,True,True
gigel-si-telefonul,cpp,gigel-si-telefonul_cpp.jplag,1408462841.cpp,1408462843.cpp,1408462841,1408462843,1.0,100.0,1.0,100.0,32.0,31.0,True,True
gigel-si-telefonul,cpp,gigel-si-telefonul_cpp.jplag,1408462847.cpp,1408462855.cpp,1408462847,1408462855,1.0,100.0,1.0,100.0,33.0,32.0,True,True
gigel-si-telefonul,cpp,gigel-si-telefonul_cpp.jplag,1408485379.cpp,1408485926.cpp,1408485379,1408485926,1.0,100.0,1.0,100.0,33.0,32.0,True,True
gigel-si-telefonul,cpp,gigel-si-telefonul_cpp.jplag,1408485379.cpp,1408485954.cpp,1408485379,1408485954,1.0,100.0,1.0,100.0,33.0,32.0,True,True
gigel-si-telefonul,cpp,gigel-si-telefonul_cpp.jplag,1408485379.cpp,1408486016.cpp,1408485379,1408486016,1.0,100.0,1.0,100.0,33.0,32.0,True,True
gigel-si-telefonul,cpp,gigel-si-telefonul_cpp.jplag,1408485926.cpp,1408485954.cpp,1408485926,1408485954,1.0,100.0,1.0,100.0,33.0,32.0,True,True
gigel-si-telefonul,cpp,gigel-si-telefonul_cpp.jplag,1408485926.cpp,1408486016.cpp,1408485926,1408486016,1.0,100.0,1.0,100.0,33.0,32.0,True,True
gigel-si-telefonul,cpp,gigel-si-telefonul_cpp.jplag,1408485954.cpp,1408486016.cpp,1408485954,1408486016,1.0,100.0,1.0,100.0,33.0,32.0,True,True
gigel-si-telefonul,cpp,gigel-si-telefonul_cpp.jplag,1408486537.cpp,1408487459.cpp,1408486537,1408487459,1.0,100.0,1.0,100.0,34.0,33.0,True,True
gigel-si-telefonul,cpp,gigel-si-telefonul_cpp.jplag,1408512846.cpp,1408513125.cpp,1408512846,1408513125,1.0,100.0,1.0,100.0,54.0,53.0,True,True
gigel-si-telefonul,cpp,gigel-si-telefonul_cpp.jplag,1408512846.cpp,1408513544.cpp,1408512846,1408513544,1.0,100.0,1.0,100.0,54.0,53.0,True,True
gigel-si-telefonul,cpp,gigel-si-telefonul_cpp.jplag,1408513125.cpp,1408513544.cpp,1408513125,1408513544,1.0,100.0,1.0,100.0,54.0,53.0,True,True
gigel-si-telefonul,cpp,gigel-si-telefonul_cpp.jplag,1408519031.cpp,1408519251.cpp,1408519031,1408519251,1.0,100.0,1.0,100.0,46.0,45.0,True,True
gigel-si-telefonul,cpp,gigel-si-telefonul_cpp.jplag,1408519031.cpp,1408519319.cpp,1408519031,1408519319,1.0,100.0,1.0,100.0,46.0,45.0,True,True
gigel-si-telefonul,cpp,gigel-si-telefonul_cpp.jplag,1408519031.cpp,1408519493.cpp,1408519031,1408519493,1.0,100.0,1.0,100.0,46.0,45.0,True,True
gigel-si-telefonul,cpp,gigel-si-telefonul_cpp.jplag,1408519031.cpp,1408519524.cpp,1408519031,1408519524,1.0,100.0,1.0,100.0,46.0,45.0,True,True
gigel-si-telefonul,cpp,gigel-si-telefonul_cpp.jplag,1408519251.cpp,1408519319.cpp,1408519251,1408519319,1.0,100.0,1.0,100.0,46.0,45.0,True,True
gigel-si-telefonul,cpp,gigel-si-telefonul_cpp.jplag,1408519251.cpp,1408519493.cpp,1408519251,1408519493,1.0,100.0,1.0,100.0,46.0,45.0,True,True
gigel-si-telefonul,cpp,gigel-si-telefonul_cpp.jplag,1408519251.cpp,1408519524.cpp,1408519251,1408519524,1.0,100.0,1.0,100.0,46.0,45.0,True,True
gigel-si-telefonul,cpp,gigel-si-telefonul_cpp.jplag,1408519319.cpp,1408519493.cpp,1408519319,1408519493,1.0,100.0,1.0,100.0,46.0,45.0,True,True
gigel-si-telefonul,cpp,gigel-si-telefonul_cpp.jplag,1408519319.cpp,1408519524.cpp,1408519319,1408519524,1.0,100.0,1.0,100.0,46.0,45.0,True,True
gigel-si-telefonul,cpp,gigel-si-telefonul_cpp.jplag,1408519493.cpp,1408519524.cpp,1408519493,1408519524,1.0,100.0,1.0,100.0,46.0,45.0,True,True
gigel-si-telefonul,cpp,gigel-si-telefonul_cpp.jplag,1408520167.cpp,1408555579.cpp,1408520167,1408555579,1.0,100.0,1.0,100.0,33.0,32.0,True,True
gigel-si-telefonul,cpp,gigel-si-telefonul_cpp.jplag,1408525900.cpp,1408525923.cpp,1408525900,1408525923,1.0,100.0,1.0,100.0,34.0,33.0,True,True
gigel-si-telefonul,cpp,gigel-si-telefonul_cpp.jplag,1408526498.cpp,1408526748.cpp,1408526498,1408526748,1.0,100.0,1.0,100.0,50.0,49.0,True,True
gigel-si-telefonul,cpp,gigel-si-telefonul_cpp.jplag,1408526498.cpp,1408526853.cpp,1408526498,1408526853,1.0,100.0,1.0,100.0,50.0,49.0,True,True
gigel-si-telefonul,cpp,gigel-si-telefonul_cpp.jplag,1408526748.cpp,1408526853.cpp,1408526748,1408526853,1.0,100.0,1.0,100.0,50.0,49.0,True,True
gigel-si-telefonul,cpp,gigel-si-telefonul_cpp.jplag,1408564202.cpp,1408571126.cpp,1408564202,1408571126,1.0,100.0,1.0,100.0,60.0,59.0,True,True
gigel-si-telefonul,cpp,gigel-si-telefonul_cpp.jplag,1408568669.cpp,1408568689.cpp,1408568669,1408568689,1.0,100.0,1.0,100.0,38.0,37.0,True,True
gigel-si-telefonul,cpp,gigel-si-telefonul_cpp.jplag,1408569671.cpp,1408569709.cpp,1408569671,1408569709,1.0,100.0,1.0,100.0,45.0,44.0,True,True
gigel-si-telefonul,cpp,gigel-si-telefonul_cpp.jplag,1408569671.cpp,1408569744.cpp,1408569671,1408569744,1.0,100.0,1.0,100.0,45.0,44.0,True,True
gigel-si-telefonul,cpp,gigel-si-telefonul_cpp.jplag,1408569709.cpp,1408569744.cpp,1408569709,1408569744,1.0,100.0,1.0,100.0,45.0,44.0,True,True
gigel-si-telefonul,cpp,gigel-si-telefonul_cpp.jplag,1408571021.cpp,1408571026.cpp,1408571021,1408571026,1.0,100.0,1.0,100.0,83.0,82.0,True,True
gigel-si-telefonul,java,gigel-si-telefonul_java.jplag,1314236017.java,1314236173.java,1314236017,1314236173,1.0,100.0,1.0,100.0,103.0,102.0,True,True
gigel-si-telefonul,java,gigel-si-telefonul_java.jplag,1314236017.java,1314236206.java,1314236017,1314236206,1.0,100.0,1.0,100.0,103.0,102.0,True,True
gigel-si-telefonul,java,gigel-si-telefonul_java.jplag,1314236017.java,1391740457.java,1314236017,1391740457,1.0,100.0,1.0,100.0,103.0,102.0,True,True
gigel-si-telefonul,java,gigel-si-telefonul_java.jplag,1314236040.java,1314236076.java,1314236040,1314236076,1.0,100.0,1.0,100.0,100.0,99.0,True,True
gigel-si-telefonul,java,gigel-si-telefonul_java.jplag,1314236173.java,1314236206.java,1314236173,1314236206,1.0,100.0,1.0,100.0,103.0,102.0,True,True
gigel-si-telefonul,java,gigel-si-telefonul_java.jplag,1314236173.java,1391740457.java,1314236173,1391740457,1.0,100.0,1.0,100.0,103.0,102.0,True,True
gigel-si-telefonul,java,gigel-si-telefonul_java.jplag,1314236206.java,1391740457.java,1314236206,1391740457,1.0,100.0,1.0,100.0,103.0,102.0,True,True
gigel-si-telefonul,java,gigel-si-telefonul_java.jplag,1314236440.java,1314236793.java,1314236440,1314236793,1.0,100.0,1.0,100.0,124.0,123.0,True,True
gigel-si-telefonul,java,gigel-si-telefonul_java.jplag,1314236785.java,1314236934.java,1314236785,1314236934,1.0,100.0,1.0,100.0,94.0,93.0,True,True
gigel-si-telefonul,java,gigel-si-telefonul_java.jplag,1314236785.java,1314237695.java,1314236785,1314237695,1.0,100.0,1.0,100.0,94.0,93.0,True,True
gigel-si-telefonul,java,gigel-si-telefonul_java.jplag,1314236934.java,1314237695.java,1314236934,1314237695,1.0,100.0,1.0,100.0,94.0,93.0,True,True
gigel-si-telefonul,java,gigel-si-telefonul_java.jplag,1314236992.java,1314237046.java,1314236992,1314237046,1.0,100.0,1.0,100.0,114.0,113.0,True,True
gigel-si-telefonul,java,gigel-si-telefonul_java.jplag,1314237172.java,1314237227.java,1314237172,1314237227,1.0,100.0,1.0,100.0,108.0,107.0,True,True
gigel-si-telefonul,java,gigel-si-telefonul_java.jplag,1314237182.java,1314237319.java,1314237182,1314237319,1.0,100.0,1.0,100.0,112.0,111.0,True,True
gigel-si-telefonul,java,gigel-si-telefonul_java.jplag,1314237203.java,1314237439.java,1314237203,1314237439,1.0,100.0,1.0,100.0,106.0,105.0,True,True
gigel-si-telefonul,java,gigel-si-telefonul_java.jplag,1314237203.java,1314237639.java,1314237203,1314237639,1.0,100.0,1.0,100.0,106.0,105.0,True,True
gigel-si-telefonul,java,gigel-si-telefonul_java.jplag,1314237333.java,1314237481.java,1314237333,1314237481,1.0,100.0,1.0,100.0,107.0,106.0,True,True
gigel-si-telefonul,java,gigel-si-telefonul_java.jplag,1314237439.java,1314237639.java,1314237439,1314237639,1.0,100.0,1.0,100.0,106.0,105.0,True,True
gigel-si-telefonul,java,gigel-si-telefonul_java.jplag,1314237700.java,1314237809.java,1314237700,1314237809,1.0,100.0,1.0,100.0,101.0,100.0,True,True
gigel-si-telefonul,java,gigel-si-telefonul_java.jplag,1323404295.java,1323404577.java,1323404295,1323404577,1.0,100.0,1.0,100.0,95.0,94.0,True,True
gigel-si-telefonul,java,gigel-si-telefonul_java.jplag,1323427412.java,1323427469.java,1323427412,1323427469,1.0,100.0,1.0,100.0,103.0,102.0,True,True
gigel-si-telefonul,java,gigel-si-telefonul_java.jplag,1323427513.java,1323427525.java,1323427513,1323427525,1.0,100.0,1.0,100.0,104.0,103.0,True,True
gigel-si-telefonul,java,gigel-si-telefonul_java.jplag,1323427513.java,1323427555.java,1323427513,1323427555,1.0,100.0,1.0,100.0,104.0,103.0,True,True
gigel-si-telefonul,java,gigel-si-telefonul_java.jplag,1323427513.java,1323427571.java,1323427513,1323427571,1.0,100.0,1.0,100.0,104.0,103.0,True,True
gigel-si-telefonul,java,gigel-si-telefonul_java.jplag,1323427513.java,1323427617.java,1323427513,1323427617,1.0,100.0,1.0,100.0,104.0,103.0,True,True
gigel-si-telefonul,java,gigel-si-telefonul_java.jplag,1323427525.java,1323427555.java,1323427525,1323427555,1.0,100.0,1.0,100.0,104.0,103.0,True,True
gigel-si-telefonul,java,gigel-si-telefonul_java.jplag,1323427525.java,1323427571.java,1323427525,1323427571,1.0,100.0,1.0,100.0,104.0,103.0,True,True
gigel-si-telefonul,java,gigel-si-telefonul_java.jplag,1323427525.java,1323427617.java,1323427525,1323427617,1.0,100.0,1.0,100.0,104.0,103.0,True,True
gigel-si-telefonul,java,gigel-si-telefonul_java.jplag,1323427555.java,1323427571.java,1323427555,1323427571,1.0,100.0,1.0,100.0,104.0,103.0,True,True
gigel-si-telefonul,java,gigel-si-telefonul_java.jplag,1323427555.java,1323427617.java,1323427555,1323427617,1.0,100.0,1.0,100.0,104.0,103.0,True,True
gigel-si-telefonul,java,gigel-si-telefonul_java.jplag,1323427571.java,1323427617.java,1323427571,1323427617,1.0,100.0,1.0,100.0,104.0,103.0,True,True
gigel-si-telefonul,java,gigel-si-telefonul_java.jplag,1323452108.java,1323452822.java,1323452108,1323452822,1.0,100.0,1.0,100.0,131.0,130.0,True,True
gigel-si-telefonul,java,gigel-si-telefonul_java.jplag,1323452108.java,1323453010.java,1323452108,1323453010,1.0,100.0,1.0,100.0,131.0,130.0,True,True
gigel-si-telefonul,java,gigel-si-telefonul_java.jplag,1323452822.java,1323453010.java,1323452822,1323453010,1.0,100.0,1.0,100.0,131.0,130.0,True,True
gigel-si-telefonul,java,gigel-si-telefonul_java.jplag,1323453212.java,1323453254.java,1323453212,1323453254,1.0,100.0,1.0,100.0,105.0,104.0,True,True
gigel-si-telefonul,java,gigel-si-telefonul_java.jplag,1323453212.java,1323453274.java,1323453212,1323453274,1.0,100.0,1.0,100.0,105.0,104.0,True,True
gigel-si-telefonul,java,gigel-si-telefonul_java.jplag,1323453254.java,1323453274.java,1323453254,1323453274,1.0,100.0,1.0,100.0,105.0,104.0,True,True
gigel-si-telefonul,java,gigel-si-telefonul_java.jplag,1331968170.java,1331968204.java,1331968170,1331968204,1.0,100.0,1.0,100.0,105.0,104.0,True,True
gigel-si-telefonul,java,gigel-si-telefonul_java.jplag,1332143427.java,1332143610.java,1332143427,1332143610,1.0,100.0,1.0,100.0,103.0,102.0,True,True
gigel-si-telefonul,java,gigel-si-telefonul_java.jplag,1332143427.java,1332143661.java,1332143427,1332143661,1.0,100.0,1.0,100.0,103.0,102.0,True,True
gigel-si-telefonul,java,gigel-si-telefonul_java.jplag,1332143610.java,1332143661.java,1332143610,1332143661,1.0,100.0,1.0,100.0,103.0,102.0,True,True
gigel-si-telefonul,java,gigel-si-telefonul_java.jplag,1391860494.java,1391860516.java,1391860494,1391860516,1.0,100.0,1.0,100.0,101.0,100.0,True,True
gigel-si-telefonul,java,gigel-si-telefonul_java.jplag,1391996009.java,1391996094.java,1391996009,1391996094,1.0,100.0,1.0,100.0,110.0,109.0,True,True
gigel-si-telefonul,java,gigel-si-telefonul_java.jplag,1391996596.java,1391996670.java,1391996596,1391996670,1.0,100.0,1.0,100.0,114.0,113.0,True,True
gigel-si-telefonul,java,gigel-si-telefonul_java.jplag,1391996596.java,1391996688.java,1391996596,1391996688,1.0,100.0,1.0,100.0,114.0,113.0,True,True
gigel-si-telefonul,java,gigel-si-telefonul_java.jplag,1391996596.java,1391996722.java,1391996596,1391996722,1.0,100.0,1.0,100.0,114.0,113.0,True,True
gigel-si-telefonul,java,gigel-si-telefonul_java.jplag,1391996670.java,1391996688.java,1391996670,1391996688,1.0,100.0,1.0,100.0,114.0,113.0,True,True
gigel-si-telefonul,java,gigel-si-telefonul_java.jplag,1391996670.java,1391996722.java,1391996670,1391996722,1.0,100.0,1.0,100.0,114.0,113.0,True,True
gigel-si-telefonul,java,gigel-si-telefonul_java.jplag,1391996688.java,1391996722.java,1391996688,1391996722,1.0,100.0,1.0,100.0,114.0,113.0,True,True
matei-si-diamantele,cpp,matei-si-diamantele_cpp.jplag,1314234360.cpp,1332764012.cpp,1314234360,1332764012,1.0,100.0,1.0,100.0,25.0,24.0,True,True
matei-si-diamantele,cpp,matei-si-diamantele_cpp.jplag,1314234360.cpp,1344628662.cpp,1314234360,1344628662,1.0,100.0,1.0,100.0,25.0,24.0,True,True
matei-si-diamantele,cpp,matei-si-diamantele_cpp.jplag,1314234632.cpp,1314236281.cpp,1314234632,1314236281,1.0,100.0,1.0,100.0,54.0,53.0,True,True
matei-si-diamantele,cpp,matei-si-diamantele_cpp.jplag,1314234632.cpp,1314236354.cpp,1314234632,1314236354,1.0,100.0,1.0,100.0,54.0,53.0,True,True
matei-si-diamantele,cpp,matei-si-diamantele_cpp.jplag,1314234680.cpp,1314234717.cpp,1314234680,1314234717,1.0,100.0,1.0,100.0,68.0,67.0,True,True
matei-si-diamantele,cpp,matei-si-diamantele_cpp.jplag,1314234735.cpp,1314234751.cpp,1314234735,1314234751,1.0,100.0,1.0,100.0,57.0,56.0,True,True
matei-si-diamantele,cpp,matei-si-diamantele_cpp.jplag,1314234772.cpp,1314234803.cpp,1314234772,1314234803,1.0,100.0,1.0,100.0,58.0,57.0,True,True
matei-si-diamantele,cpp,matei-si-diamantele_cpp.jplag,1314234882.cpp,1314234950.cpp,1314234882,1314234950,1.0,100.0,1.0,100.0,63.0,62.0,True,True
matei-si-diamantele,cpp,matei-si-diamantele_cpp.jplag,1314234886.cpp,1314235322.cpp,1314234886,1314235322,1.0,100.0,1.0,100.0,69.0,68.0,True,True
matei-si-diamantele,cpp,matei-si-diamantele_cpp.jplag,1314234890.cpp,1314234993.cpp,1314234890,1314234993,1.0,100.0,1.0,100.0,51.0,50.0,True,True
matei-si-diamantele,cpp,matei-si-diamantele_cpp.jplag,1314234890.cpp,1314236283.cpp,1314234890,1314236283,1.0,100.0,1.0,100.0,51.0,50.0,True,True
matei-si-diamantele,cpp,matei-si-diamantele_cpp.jplag,1314234901.cpp,1314234927.cpp,1314234901,1314234927,1.0,100.0,1.0,100.0,57.0,56.0,True,True
matei-si-diamantele,cpp,matei-si-diamantele_cpp.jplag,1314234901.cpp,1314234971.cpp,1314234901,1314234971,1.0,100.0,1.0,100.0,57.0,56.0,True,True
matei-si-diamantele,cpp,matei-si-diamantele_cpp.jplag,1314234927.cpp,1314234971.cpp,1314234927,1314234971,1.0,100.0,1.0,100.0,57.0,56.0,True,True
matei-si-diamantele,cpp,matei-si-diamantele_cpp.jplag,1314234993.cpp,1314236283.cpp,1314234993,1314236283,1.0,100.0,1.0,100.0,51.0,50.0,True,True
matei-si-diamantele,cpp,matei-si-diamantele_cpp.jplag,1314235042.cpp,1314235130.cpp,1314235042,1314235130,1.0,100.0,1.0,100.0,56.0,55.0,True,True
matei-si-diamantele,cpp,matei-si-diamantele_cpp.jplag,1314235265.cpp,1314235709.cpp,1314235265,1314235709,1.0,100.0,1.0,100.0,61.0,60.0,True,True
matei-si-diamantele,cpp,matei-si-diamantele_cpp.jplag,1314235265.cpp,1314235761.cpp,1314235265,1314235761,1.0,100.0,1.0,100.0,61.0,60.0,True,True
matei-si-diamantele,cpp,matei-si-diamantele_cpp.jplag,1314235395.cpp,1314235559.cpp,1314235395,1314235559,1.0,100.0,1.0,100.0,43.0,42.0,True,True
matei-si-diamantele,cpp,matei-si-diamantele_cpp.jplag,1314235519.cpp,1314235541.cpp,1314235519,1314235541,1.0,100.0,1.0,100.0,45.0,44.0,True,True
matei-si-diamantele,cpp,matei-si-diamantele_cpp.jplag,1314235519.cpp,1314235588.cpp,1314235519,1314235588,1.0,100.0,1.0,100.0,45.0,44.0,True,True
matei-si-diamantele,cpp,matei-si-diamantele_cpp.jplag,1314235531.cpp,1314235580.cpp,1314235531,1314235580,1.0,100.0,1.0,100.0,131.0,130.0,True,True
matei-si-diamantele,cpp,matei-si-diamantele_cpp.jplag,1314235541.cpp,1314235588.cpp,1314235541,1314235588,1.0,100.0,1.0,100.0,45.0,44.0,True,True
matei-si-diamantele,cpp,matei-si-diamantele_cpp.jplag,1314235605.cpp,1314235774.cpp,1314235605,1314235774,1.0,100.0,1.0,100.0,48.0,47.0,True,True
matei-si-diamantele,cpp,matei-si-diamantele_cpp.jplag,1314235663.cpp,1314235721.cpp,1314235663,1314235721,1.0,100.0,1.0,100.0,129.0,128.0,True,True
matei-si-diamantele,cpp,matei-si-diamantele_cpp.jplag,1314235663.cpp,1314235785.cpp,1314235663,1314235785,1.0,100.0,1.0,100.0,129.0,128.0,True,True
matei-si-diamantele,cpp,matei-si-diamantele_cpp.jplag,1314235667.cpp,1314236493.cpp,1314235667,1314236493,1.0,100.0,1.0,100.0,68.0,67.0,True,True
matei-si-diamantele,cpp,matei-si-diamantele_cpp.jplag,1314235709.cpp,1314235761.cpp,1314235709,1314235761,1.0,100.0,1.0,100.0,61.0,60.0,True,True
matei-si-diamantele,cpp,matei-si-diamantele_cpp.jplag,1314235715.cpp,1314236808.cpp,1314235715,1314236808,1.0,100.0,1.0,100.0,52.0,51.0,True,True
matei-si-diamantele,cpp,matei-si-diamantele_cpp.jplag,1314235721.cpp,1314235785.cpp,1314235721,1314235785,1.0,100.0,1.0,100.0,129.0,128.0,True,True
matei-si-diamantele,cpp,matei-si-diamantele_cpp.jplag,1314236281.cpp,1314236354.cpp,1314236281,1314236354,1.0,100.0,1.0,100.0,54.0,53.0,True,True
matei-si-diamantele,cpp,matei-si-diamantele_cpp.jplag,1314236304.cpp,1314236356.cpp,1314236304,1314236356,1.0,100.0,1.0,100.0,56.0,55.0,True,True
matei-si-diamantele,cpp,matei-si-diamantele_cpp.jplag,1314236529.cpp,1314236577.cpp,1314236529,1314236577,1.0,100.0,1.0,100.0,89.0,88.0,True,True
matei-si-diamantele,cpp,matei-si-diamantele_cpp.jplag,1314236529.cpp,1314236614.cpp,1314236529,1314236614,1.0,100.0,1.0,100.0,89.0,88.0,True,True
matei-si-diamantele,cpp,matei-si-diamantele_cpp.jplag,1314236529.cpp,1314236645.cpp,1314236529,1314236645,1.0,100.0,1.0,100.0,89.0,88.0,True,True
matei-si-diamantele,cpp,matei-si-diamantele_cpp.jplag,1314236529.cpp,1314237401.cpp,1314236529,1314237401,1.0,100.0,1.0,100.0,89.0,88.0,True,True
matei-si-diamantele,cpp,matei-si-diamantele_cpp.jplag,1314236529.cpp,1314237436.cpp,1314236529,1314237436,1.0,100.0,1.0,100.0,89.0,88.0,True,True
matei-si-diamantele,cpp,matei-si-diamantele_cpp.jplag,1314236529.cpp,1314237526.cpp,1314236529,1314237526,1.0,100.0,1.0,100.0,89.0,88.0,True,True
matei-si-diamantele,cpp,matei-si-diamantele_cpp.jplag,1314236577.cpp,1314236614.cpp,1314236577,1314236614,1.0,100.0,1.0,100.0,89.0,88.0,True,True
matei-si-diamantele,cpp,matei-si-diamantele_cpp.jplag,1314236577.cpp,1314236645.cpp,1314236577,1314236645,1.0,100.0,1.0,100.0,89.0,88.0,True,True
matei-si-diamantele,cpp,matei-si-diamantele_cpp.jplag,1314236577.cpp,1314237401.cpp,1314236577,1314237401,1.0,100.0,1.0,100.0,89.0,88.0,True,True
matei-si-diamantele,cpp,matei-si-diamantele_cpp.jplag,1314236577.cpp,1314237436.cpp,1314236577,1314237436,1.0,100.0,1.0,100.0,89.0,88.0,True,True
matei-si-diamantele,cpp,matei-si-diamantele_cpp.jplag,1314236577.cpp,1314237526.cpp,1314236577,1314237526,1.0,100.0,1.0,100.0,89.0,88.0,True,True
matei-si-diamantele,cpp,matei-si-diamantele_cpp.jplag,1314236614.cpp,1314236645.cpp,1314236614,1314236645,1.0,100.0,1.0,100.0,89.0,88.0,True,True
matei-si-diamantele,cpp,matei-si-diamantele_cpp.jplag,1314236614.cpp,1314237401.cpp,1314236614,1314237401,1.0,100.0,1.0,100.0,89.0,88.0,True,True
matei-si-diamantele,cpp,matei-si-diamantele_cpp.jplag,1314236614.cpp,1314237436.cpp,1314236614,1314237436,1.0,100.0,1.0,100.0,89.0,88.0,True,True
matei-si-diamantele,cpp,matei-si-diamantele_cpp.jplag,1314236614.cpp,1314237526.cpp,1314236614,1314237526,1.0,100.0,1.0,100.0,89.0,88.0,True,True
matei-si-diamantele,cpp,matei-si-diamantele_cpp.jplag,1314236645.cpp,1314237401.cpp,1314236645,1314237401,1.0,100.0,1.0,100.0,89.0,88.0,True,True
matei-si-diamantele,cpp,matei-si-diamantele_cpp.jplag,1314236645.cpp,1314237436.cpp,1314236645,1314237436,1.0,100.0,1.0,100.0,89.0,88.0,True,True
matei-si-diamantele,cpp,matei-si-diamantele_cpp.jplag,1314236645.cpp,1314237526.cpp,1314236645,1314237526,1.0,100.0,1.0,100.0,89.0,88.0,True,True
matei-si-diamantele,cpp,matei-si-diamantele_cpp.jplag,1314236884.cpp,1314237766.cpp,1314236884,1314237766,1.0,100.0,1.0,100.0,93.0,92.0,True,True
matei-si-diamantele,cpp,matei-si-diamantele_cpp.jplag,1314237040.cpp,1314237055.cpp,1314237040,1314237055,1.0,100.0,1.0,100.0,91.0,90.0,True,True
matei-si-diamantele,cpp,matei-si-diamantele_cpp.jplag,1314237040.cpp,1314237076.cpp,1314237040,1314237076,1.0,100.0,1.0,100.0,91.0,90.0,True,True
matei-si-diamantele,cpp,matei-si-diamantele_cpp.jplag,1314237040.cpp,1314237099.cpp,1314237040,1314237099,1.0,100.0,1.0,100.0,91.0,90.0,True,True
matei-si-diamantele,cpp,matei-si-diamantele_cpp.jplag,1314237040.cpp,1314237115.cpp,1314237040,1314237115,1.0,100.0,1.0,100.0,91.0,90.0,True,True
matei-si-diamantele,cpp,matei-si-diamantele_cpp.jplag,1314237040.cpp,1314237205.cpp,1314237040,1314237205,1.0,100.0,1.0,100.0,91.0,90.0,True,True
matei-si-diamantele,cpp,matei-si-diamantele_cpp.jplag,1314237040.cpp,1314237219.cpp,1314237040,1314237219,1.0,100.0,1.0,100.0,91.0,90.0,True,True
matei-si-diamantele,cpp,matei-si-diamantele_cpp.jplag,1314237040.cpp,1314237289.cpp,1314237040,1314237289,1.0,100.0,1.0,100.0,91.0,90.0,True,True
matei-si-diamantele,cpp,matei-si-diamantele_cpp.jplag,1314237055.cpp,1314237076.cpp,1314237055,1314237076,1.0,100.0,1.0,100.0,91.0,90.0,True,True
matei-si-diamantele,cpp,matei-si-diamantele_cpp.jplag,1314237055.cpp,1314237099.cpp,1314237055,1314237099,1.0,100.0,1.0,100.0,91.0,90.0,True,True
matei-si-diamantele,cpp,matei-si-diamantele_cpp.jplag,1314237055.cpp,1314237115.cpp,1314237055,1314237115,1.0,100.0,1.0,100.0,91.0,90.0,True,True
matei-si-diamantele,cpp,matei-si-diamantele_cpp.jplag,1314237055.cpp,1314237205.cpp,1314237055,1314237205,1.0,100.0,1.0,100.0,91.0,90.0,True,True
matei-si-diamantele,cpp,matei-si-diamantele_cpp.jplag,1314237055.cpp,1314237219.cpp,1314237055,1314237219,1.0,100.0,1.0,100.0,91.0,90.0,True,True
matei-si-diamantele,cpp,matei-si-diamantele_cpp.jplag,1314237055.cpp,1314237289.cpp,1314237055,1314237289,1.0,100.0,1.0,100.0,91.0,90.0,True,True
matei-si-diamantele,cpp,matei-si-diamantele_cpp.jplag,1314237076.cpp,1314237099.cpp,1314237076,1314237099,1.0,100.0,1.0,100.0,91.0,90.0,True,True
matei-si-diamantele,cpp,matei-si-diamantele_cpp.jplag,1314237076.cpp,1314237115.cpp,1314237076,1314237115,1.0,100.0,1.0,100.0,91.0,90.0,True,True
matei-si-diamantele,cpp,matei-si-diamantele_cpp.jplag,1314237076.cpp,1314237205.cpp,1314237076,1314237205,1.0,100.0,1.0,100.0,91.0,90.0,True,True
matei-si-diamantele,cpp,matei-si-diamantele_cpp.jplag,1314237076.cpp,1314237219.cpp,1314237076,1314237219,1.0,100.0,1.0,100.0,91.0,90.0,True,True
matei-si-diamantele,cpp,matei-si-diamantele_cpp.jplag,1314237076.cpp,1314237289.cpp,1314237076,1314237289,1.0,100.0,1.0,100.0,91.0,90.0,True,True
matei-si-diamantele,cpp,matei-si-diamantele_cpp.jplag,1314237099.cpp,1314237115.cpp,1314237099,1314237115,1.0,100.0,1.0,100.0,91.0,90.0,True,True
matei-si-diamantele,cpp,matei-si-diamantele_cpp.jplag,1314237099.cpp,1314237205.cpp,1314237099,1314237205,1.0,100.0,1.0,100.0,91.0,90.0,True,True
matei-si-diamantele,cpp,matei-si-diamantele_cpp.jplag,1314237099.cpp,1314237219.cpp,1314237099,1314237219,1.0,100.0,1.0,100.0,91.0,90.0,True,True
matei-si-diamantele,cpp,matei-si-diamantele_cpp.jplag,1314237099.cpp,1314237289.cpp,1314237099,1314237289,1.0,100.0,1.0,100.0,91.0,90.0,True,True
matei-si-diamantele,cpp,matei-si-diamantele_cpp.jplag,1314237115.cpp,1314237205.cpp,1314237115,1314237205,1.0,100.0,1.0,100.0,91.0,90.0,True,True
matei-si-diamantele,cpp,matei-si-diamantele_cpp.jplag,1314237115.cpp,1314237219.cpp,1314237115,1314237219,1.0,100.0,1.0,100.0,91.0,90.0,True,True
matei-si-diamantele,cpp,matei-si-diamantele_cpp.jplag,1314237115.cpp,1314237289.cpp,1314237115,1314237289,1.0,100.0,1.0,100.0,91.0,90.0,True,True
matei-si-diamantele,cpp,matei-si-diamantele_cpp.jplag,1314237205.cpp,1314237219.cpp,1314237205,1314237219,1.0,100.0,1.0,100.0,91.0,90.0,True,True
matei-si-diamantele,cpp,matei-si-diamantele_cpp.jplag,1314237205.cpp,1314237289.cpp,1314237205,1314237289,1.0,100.0,1.0,100.0,91.0,90.0,True,True
matei-si-diamantele,cpp,matei-si-diamantele_cpp.jplag,1314237219.cpp,1314237289.cpp,1314237219,1314237289,1.0,100.0,1.0,100.0,91.0,90.0,True,True
matei-si-diamantele,cpp,matei-si-diamantele_cpp.jplag,1314237280.cpp,1314237631.cpp,1314237280,1314237631,1.0,100.0,1.0,100.0,80.0,79.0,True,True
matei-si-diamantele,cpp,matei-si-diamantele_cpp.jplag,1314237335.cpp,1314237594.cpp,1314237335,1314237594,1.0,100.0,1.0,100.0,67.0,66.0,True,True
matei-si-diamantele,cpp,matei-si-diamantele_cpp.jplag,1314237335.cpp,1314237759.cpp,1314237335,1314237759,1.0,100.0,1.0,100.0,67.0,66.0,True,True
matei-si-diamantele,cpp,matei-si-diamantele_cpp.jplag,1314237401.cpp,1314237436.cpp,1314237401,1314237436,1.0,100.0,1.0,100.0,89.0,88.0,True,True
matei-si-diamantele,cpp,matei-si-diamantele_cpp.jplag,1314237401.cpp,1314237526.cpp,1314237401,1314237526,1.0,100.0,1.0,100.0,89.0,88.0,True,True
matei-si-diamantele,cpp,matei-si-diamantele_cpp.jplag,1314237427.cpp,1314237451.cpp,1314237427,1314237451,1.0,100.0,1.0,100.0,80.0,79.0,True,True
matei-si-diamantele,cpp,matei-si-diamantele_cpp.jplag,1314237427.cpp,1314237538.cpp,1314237427,1314237538,1.0,100.0,1.0,100.0,80.0,79.0,True,True
matei-si-diamantele,cpp,matei-si-diamantele_cpp.jplag,1314237436.cpp,1314237526.cpp,1314237436,1314237526,1.0,100.0,1.0,100.0,89.0,88.0,True,True
matei-si-diamantele,cpp,matei-si-diamantele_cpp.jplag,1314237451.cpp,1314237538.cpp,1314237451,1314237538,1.0,100.0,1.0,100.0,80.0,79.0,True,True
matei-si-diamantele,cpp,matei-si-diamantele_cpp.jplag,1314237507.cpp,1314237516.cpp,1314237507,1314237516,1.0,100.0,1.0,100.0,60.0,59.0,True,True
matei-si-diamantele,cpp,matei-si-diamantele_cpp.jplag,1314237594.cpp,1314237759.cpp,1314237594,1314237759,1.0,100.0,1.0,100.0,67.0,66.0,True,True
matei-si-diamantele,cpp,matei-si-diamantele_cpp.jplag,1314237664.cpp,1314237687.cpp,1314237664,1314237687,1.0,100.0,1.0,100.0,84.0,83.0,True,True
matei-si-diamantele,cpp,matei-si-diamantele_cpp.jplag,1314237664.cpp,1314237701.cpp,1314237664,1314237701,1.0,100.0,1.0,100.0,84.0,83.0,True,True
matei-si-diamantele,cpp,matei-si-diamantele_cpp.jplag,1314237687.cpp,1314237701.cpp,1314237687,1314237701,1.0,100.0,1.0,100.0,84.0,83.0,True,True
matei-si-diamantele,cpp,matei-si-diamantele_cpp.jplag,1314237710.cpp,1314237785.cpp,1314237710,1314237785,1.0,100.0,1.0,100.0,65.0,64.0,True,True
matei-si-diamantele,cpp,matei-si-diamantele_cpp.jplag,1314238008.cpp,1314238011.cpp,1314238008,1314238011,1.0,100.0,1.0,100.0,32.0,31.0,True,True
matei-si-diamantele,cpp,matei-si-diamantele_cpp.jplag,1323070546.cpp,1323070598.cpp,1323070546,1323070598,1.0,100.0,1.0,100.0,73.0,72.0,True,True
matei-si-diamantele,cpp,matei-si-diamantele_cpp.jplag,1323376847.cpp,1323376948.cpp,1323376847,1323376948,1.0,100.0,1.0,100.0,72.0,71.0,True,True
matei-si-diamantele,cpp,matei-si-diamantele_cpp.jplag,1323376847.cpp,1323377021.cpp,1323376847,1323377021,1.0,100.0,1.0,100.0,72.0,71.0,True,True
matei-si-diamantele,cpp,matei-si-diamantele_cpp.jplag,1323376948.cpp,1323377021.cpp,1323376948,1323377021,1.0,100.0,1.0,100.0,72.0,71.0,True,True
matei-si-diamantele,cpp,matei-si-diamantele_cpp.jplag,1323389180.cpp,1323389192.cpp,1323389180,1323389192,1.0,100.0,1.0,100.0,70.0,69.0,True,True
matei-si-diamantele,cpp,matei-si-diamantele_cpp.jplag,1323404104.cpp,1323404111.cpp,1323404104,1323404111,1.0,100.0,1.0,100.0,36.0,35.0,True,True
matei-si-diamantele,cpp,matei-si-diamantele_cpp.jplag,1323404127.cpp,1323445852.cpp,1323404127,1323445852,1.0,100.0,1.0,100.0,37.0,36.0,True,True
matei-si-diamantele,cpp,matei-si-diamantele_cpp.jplag,1323405516.cpp,1323405532.cpp,1323405516,1323405532,1.0,100.0,1.0,100.0,81.0,80.0,True,True
matei-si-diamantele,cpp,matei-si-diamantele_cpp.jplag,1323405696.cpp,1323405756.cpp,1323405696,1323405756,1.0,100.0,1.0,100.0,94.0,93.0,True,True
matei-si-diamantele,cpp,matei-si-diamantele_cpp.jplag,1323405696.cpp,1323405761.cpp,1323405696,1323405761,1.0,100.0,1.0,100.0,94.0,93.0,True,True
matei-si-diamantele,cpp,matei-si-diamantele_cpp.jplag,1323405756.cpp,1323405761.cpp,1323405756,1323405761,1.0,100.0,1.0,100.0,94.0,93.0,True,True
matei-si-diamantele,cpp,matei-si-diamantele_cpp.jplag,1323405769.cpp,1323405774.cpp,1323405769,1323405774,1.0,100.0,1.0,100.0,97.0,96.0,True,True
matei-si-diamantele,cpp,matei-si-diamantele_cpp.jplag,1323416560.cpp,1323416576.cpp,1323416560,1323416576,1.0,100.0,1.0,100.0,38.0,37.0,True,True
matei-si-diamantele,cpp,matei-si-diamantele_cpp.jplag,1323423070.cpp,1323423196.cpp,1323423070,1323423196,1.0,100.0,1.0,100.0,100.0,99.0,True,True
matei-si-diamantele,cpp,matei-si-diamantele_cpp.jplag,1323424047.cpp,1323424374.cpp,1323424047,1323424374,1.0,100.0,1.0,100.0,71.0,70.0,True,True
matei-si-diamantele,cpp,matei-si-diamantele_cpp.jplag,1323426687.cpp,1323428875.cpp,1323426687,1323428875,1.0,100.0,1.0,100.0,78.0,77.0,True,True
matei-si-diamantele,cpp,matei-si-diamantele_cpp.jplag,1323447535.cpp,1323447679.cpp,1323447535,1323447679,1.0,100.0,1.0,100.0,94.0,93.0,True,True
matei-si-diamantele,cpp,matei-si-diamantele_cpp.jplag,1323448212.cpp,1323448279.cpp,1323448212,1323448279,1.0,100.0,1.0,100.0,98.0,97.0,True,True
matei-si-diamantele,cpp,matei-si-diamantele_cpp.jplag,1323448212.cpp,1323448895.cpp,1323448212,1323448895,1.0,100.0,1.0,100.0,98.0,97.0,True,True
matei-si-diamantele,cpp,matei-si-diamantele_cpp.jplag,1323448279.cpp,1323448895.cpp,1323448279,1323448895,1.0,100.0,1.0,100.0,98.0,97.0,True,True
matei-si-diamantele,cpp,matei-si-diamantele_cpp.jplag,1323450110.cpp,1323450132.cpp,1323450110,1323450132,1.0,100.0,1.0,100.0,107.0,106.0,True,True
matei-si-diamantele,cpp,matei-si-diamantele_cpp.jplag,1323450110.cpp,1323450151.cpp,1323450110,1323450151,1.0,100.0,1.0,100.0,107.0,106.0,True,True
matei-si-diamantele,cpp,matei-si-diamantele_cpp.jplag,1323450132.cpp,1323450151.cpp,1323450132,1323450151,1.0,100.0,1.0,100.0,107.0,106.0,True,True
matei-si-diamantele,cpp,matei-si-diamantele_cpp.jplag,1332753509.cpp,1332753538.cpp,1332753509,1332753538,1.0,100.0,1.0,100.0,46.0,45.0,True,True
matei-si-diamantele,cpp,matei-si-diamantele_cpp.jplag,1332753509.cpp,1332753583.cpp,1332753509,1332753583,1.0,100.0,1.0,100.0,46.0,45.0,True,True
matei-si-diamantele,cpp,matei-si-diamantele_cpp.jplag,1332753509.cpp,1332753606.cpp,1332753509,1332753606,1.0,100.0,1.0,100.0,46.0,45.0,True,True
matei-si-diamantele,cpp,matei-si-diamantele_cpp.jplag,1332753538.cpp,1332753583.cpp,1332753538,1332753583,1.0,100.0,1.0,100.0,46.0,45.0,True,True
matei-si-diamantele,cpp,matei-si-diamantele_cpp.jplag,1332753538.cpp,1332753606.cpp,1332753538,1332753606,1.0,100.0,1.0,100.0,46.0,45.0,True,True
matei-si-diamantele,cpp,matei-si-diamantele_cpp.jplag,1332753583.cpp,1332753606.cpp,1332753583,1332753606,1.0,100.0,1.0,100.0,46.0,45.0,True,True
matei-si-diamantele,cpp,matei-si-diamantele_cpp.jplag,1332755147.cpp,1332755169.cpp,1332755147,1332755169,1.0,100.0,1.0,100.0,31.0,30.0,True,True
matei-si-diamantele,cpp,matei-si-diamantele_cpp.jplag,1332757017.cpp,1332757079.cpp,1332757017,1332757079,1.0,100.0,1.0,100.0,45.0,44.0,True,True
matei-si-diamantele,cpp,matei-si-diamantele_cpp.jplag,1332764012.cpp,1344628662.cpp,1332764012,1344628662,1.0,100.0,1.0,100.0,25.0,24.0,True,True
matei-si-diamantele,cpp,matei-si-diamantele_cpp.jplag,1333796493.cpp,1333796587.cpp,1333796493,1333796587,1.0,100.0,1.0,100.0,76.0,75.0,True,True
matei-si-diamantele,cpp,matei-si-diamantele_cpp.jplag,1333796493.cpp,1333796657.cpp,1333796493,1333796657,1.0,100.0,1.0,100.0,76.0,75.0,True,True
matei-si-diamantele,cpp,matei-si-diamantele_cpp.jplag,1333796493.cpp,1333796684.cpp,1333796493,1333796684,1.0,100.0,1.0,100.0,76.0,75.0,True,True
matei-si-diamantele,cpp,matei-si-diamantele_cpp.jplag,1333796587.cpp,1333796657.cpp,1333796587,1333796657,1.0,100.0,1.0,100.0,76.0,75.0,True,True
matei-si-diamantele,cpp,matei-si-diamantele_cpp.jplag,1333796587.cpp,1333796684.cpp,1333796587,1333796684,1.0,100.0,1.0,100.0,76.0,75.0,True,True
matei-si-diamantele,cpp,matei-si-diamantele_cpp.jplag,1333796657.cpp,1333796684.cpp,1333796657,1333796684,1.0,100.0,1.0,100.0,76.0,75.0,True,True
matei-si-diamantele,cpp,matei-si-diamantele_cpp.jplag,1333804206.cpp,1391825752.cpp,1333804206,1391825752,1.0,100.0,1.0,100.0,37.0,36.0,True,True
matei-si-diamantele,cpp,matei-si-diamantele_cpp.jplag,1333804206.cpp,1391905393.cpp,1333804206,1391905393,1.0,100.0,1.0,100.0,37.0,36.0,True,True
matei-si-diamantele,cpp,matei-si-diamantele_cpp.jplag,1333804206.cpp,1392000917.cpp,1333804206,1392000917,1.0,100.0,1.0,100.0,37.0,36.0,True,True
matei-si-diamantele,cpp,matei-si-diamantele_cpp.jplag,1344373500.cpp,1344373550.cpp,1344373500,1344373550,1.0,100.0,1.0,100.0,54.0,53.0,True,True
matei-si-diamantele,cpp,matei-si-diamantele_cpp.jplag,1344373500.cpp,1344373579.cpp,1344373500,1344373579,1.0,100.0,1.0,100.0,54.0,53.0,True,True
matei-si-diamantele,cpp,matei-si-diamantele_cpp.jplag,1344373550.cpp,1344373579.cpp,1344373550,1344373579,1.0,100.0,1.0,100.0,54.0,53.0,True,True
matei-si-diamantele,cpp,matei-si-diamantele_cpp.jplag,1344568192.cpp,1344568201.cpp,1344568192,1344568201,1.0,100.0,1.0,100.0,87.0,86.0,True,True
matei-si-diamantele,cpp,matei-si-diamantele_cpp.jplag,1344603567.cpp,1344626355.cpp,1344603567,1344626355,1.0,100.0,1.0,100.0,25.0,24.0,True,True
matei-si-diamantele,cpp,matei-si-diamantele_cpp.jplag,1344667416.cpp,1344667444.cpp,1344667416,1344667444,1.0,100.0,1.0,100.0,85.0,84.0,True,True
matei-si-diamantele,cpp,matei-si-diamantele_cpp.jplag,1344697577.cpp,1344697701.cpp,1344697577,1344697701,1.0,100.0,1.0,100.0,106.0,105.0,True,True
matei-si-diamantele,cpp,matei-si-diamantele_cpp.jplag,1344697577.cpp,1344697704.cpp,1344697577,1344697704,1.0,100.0,1.0,100.0,106.0,105.0,True,True
matei-si-diamantele,cpp,matei-si-diamantele_cpp.jplag,1344697701.cpp,1344697704.cpp,1344697701,1344697704,1.0,100.0,1.0,100.0,106.0,105.0,True,True
matei-si-diamantele,cpp,matei-si-diamantele_cpp.jplag,1361359794.cpp,1361580037.cpp,1361359794,1361580037,1.0,100.0,1.0,100.0,34.0,33.0,True,True
matei-si-diamantele,cpp,matei-si-diamantele_cpp.jplag,1361359794.cpp,1361652769.cpp,1361359794,1361652769,1.0,100.0,1.0,100.0,34.0,33.0,True,True
matei-si-diamantele,cpp,matei-si-diamantele_cpp.jplag,1361359794.cpp,1361703636.cpp,1361359794,1361703636,1.0,100.0,1.0,100.0,34.0,33.0,True,True
matei-si-diamantele,cpp,matei-si-diamantele_cpp.jplag,1361359794.cpp,1361733211.cpp,1361359794,1361733211,1.0,100.0,1.0,100.0,34.0,33.0,True,True
matei-si-diamantele,cpp,matei-si-diamantele_cpp.jplag,1361359794.cpp,1361737162.cpp,1361359794,1361737162,1.0,100.0,1.0,100.0,34.0,33.0,True,True
matei-si-diamantele,cpp,matei-si-diamantele_cpp.jplag,1361359794.cpp,1361869243.cpp,1361359794,1361869243,1.0,100.0,1.0,100.0,34.0,33.0,True,True
matei-si-diamantele,cpp,matei-si-diamantele_cpp.jplag,1361359794.cpp,1361892615.cpp,1361359794,1361892615,1.0,100.0,1.0,100.0,34.0,33.0,True,True
matei-si-diamantele,cpp,matei-si-diamantele_cpp.jplag,1361359794.cpp,1361899304.cpp,1361359794,1361899304,1.0,100.0,1.0,100.0,34.0,33.0,True,True
matei-si-diamantele,cpp,matei-si-diamantele_cpp.jplag,1361359794.cpp,1361903314.cpp,1361359794,1361903314,1.0,100.0,1.0,100.0,34.0,33.0,True,True
matei-si-diamantele,cpp,matei-si-diamantele_cpp.jplag,1361359794.cpp,1361903704.cpp,1361359794,1361903704,1.0,100.0,1.0,100.0,34.0,33.0,True,True
matei-si-diamantele,cpp,matei-si-diamantele_cpp.jplag,1361580037.cpp,1361652769.cpp,1361580037,1361652769,1.0,100.0,1.0,100.0,34.0,33.0,True,True
matei-si-diamantele,cpp,matei-si-diamantele_cpp.jplag,1361580037.cpp,1361703636.cpp,1361580037,1361703636,1.0,100.0,1.0,100.0,34.0,33.0,True,True
matei-si-diamantele,cpp,matei-si-diamantele_cpp.jplag,1361580037.cpp,1361733211.cpp,1361580037,1361733211,1.0,100.0,1.0,100.0,34.0,33.0,True,True
matei-si-diamantele,cpp,matei-si-diamantele_cpp.jplag,1361580037.cpp,1361737162.cpp,1361580037,1361737162,1.0,100.0,1.0,100.0,34.0,33.0,True,True
matei-si-diamantele,cpp,matei-si-diamantele_cpp.jplag,1361580037.cpp,1361869243.cpp,1361580037,1361869243,1.0,100.0,1.0,100.0,34.0,33.0,True,True
matei-si-diamantele,cpp,matei-si-diamantele_cpp.jplag,1361580037.cpp,1361892615.cpp,1361580037,1361892615,1.0,100.0,1.0,100.0,34.0,33.0,True,True
matei-si-diamantele,cpp,matei-si-diamantele_cpp.jplag,1361580037.cpp,1361899304.cpp,1361580037,1361899304,1.0,100.0,1.0,100.0,34.0,33.0,True,True
matei-si-diamantele,cpp,matei-si-diamantele_cpp.jplag,1361580037.cpp,1361903314.cpp,1361580037,1361903314,1.0,100.0,1.0,100.0,34.0,33.0,True,True
matei-si-diamantele,cpp,matei-si-diamantele_cpp.jplag,1361580037.cpp,1361903704.cpp,1361580037,1361903704,1.0,100.0,1.0,100.0,34.0,33.0,True,True
matei-si-diamantele,cpp,matei-si-diamantele_cpp.jplag,1361652769.cpp,1361703636.cpp,1361652769,1361703636,1.0,100.0,1.0,100.0,34.0,33.0,True,True
matei-si-diamantele,cpp,matei-si-diamantele_cpp.jplag,1361652769.cpp,1361733211.cpp,1361652769,1361733211,1.0,100.0,1.0,100.0,34.0,33.0,True,True
matei-si-diamantele,cpp,matei-si-diamantele_cpp.jplag,1361652769.cpp,1361737162.cpp,1361652769,1361737162,1.0,100.0,1.0,100.0,34.0,33.0,True,True
matei-si-diamantele,cpp,matei-si-diamantele_cpp.jplag,1361652769.cpp,1361869243.cpp,1361652769,1361869243,1.0,100.0,1.0,100.0,34.0,33.0,True,True
matei-si-diamantele,cpp,matei-si-diamantele_cpp.jplag,1361652769.cpp,1361892615.cpp,1361652769,1361892615,1.0,100.0,1.0,100.0,34.0,33.0,True,True
matei-si-diamantele,cpp,matei-si-diamantele_cpp.jplag,1361652769.cpp,1361899304.cpp,1361652769,1361899304,1.0,100.0,1.0,100.0,34.0,33.0,True,True
matei-si-diamantele,cpp,matei-si-diamantele_cpp.jplag,1361652769.cpp,1361903314.cpp,1361652769,1361903314,1.0,100.0,1.0,100.0,34.0,33.0,True,True
matei-si-diamantele,cpp,matei-si-diamantele_cpp.jplag,1361652769.cpp,1361903704.cpp,1361652769,1361903704,1.0,100.0,1.0,100.0,34.0,33.0,True,True
matei-si-diamantele,cpp,matei-si-diamantele_cpp.jplag,1361703636.cpp,1361733211.cpp,1361703636,1361733211,1.0,100.0,1.0,100.0,34.0,33.0,True,True
matei-si-diamantele,cpp,matei-si-diamantele_cpp.jplag,1361703636.cpp,1361737162.cpp,1361703636,1361737162,1.0,100.0,1.0,100.0,34.0,33.0,True,True
matei-si-diamantele,cpp,matei-si-diamantele_cpp.jplag,1361703636.cpp,1361869243.cpp,1361703636,1361869243,1.0,100.0,1.0,100.0,34.0,33.0,True,True
matei-si-diamantele,cpp,matei-si-diamantele_cpp.jplag,1361703636.cpp,1361892615.cpp,1361703636,1361892615,1.0,100.0,1.0,100.0,34.0,33.0,True,True
matei-si-diamantele,cpp,matei-si-diamantele_cpp.jplag,1361703636.cpp,1361899304.cpp,1361703636,1361899304,1.0,100.0,1.0,100.0,34.0,33.0,True,True
matei-si-diamantele,cpp,matei-si-diamantele_cpp.jplag,1361703636.cpp,1361903314.cpp,1361703636,1361903314,1.0,100.0,1.0,100.0,34.0,33.0,True,True
matei-si-diamantele,cpp,matei-si-diamantele_cpp.jplag,1361703636.cpp,1361903704.cpp,1361703636,1361903704,1.0,100.0,1.0,100.0,34.0,33.0,True,True
matei-si-diamantele,cpp,matei-si-diamantele_cpp.jplag,1361733211.cpp,1361737162.cpp,1361733211,1361737162,1.0,100.0,1.0,100.0,34.0,33.0,True,True
matei-si-diamantele,cpp,matei-si-diamantele_cpp.jplag,1361733211.cpp,1361869243.cpp,1361733211,1361869243,1.0,100.0,1.0,100.0,34.0,33.0,True,True
matei-si-diamantele,cpp,matei-si-diamantele_cpp.jplag,1361733211.cpp,1361892615.cpp,1361733211,1361892615,1.0,100.0,1.0,100.0,34.0,33.0,True,True
matei-si-diamantele,cpp,matei-si-diamantele_cpp.jplag,1361733211.cpp,1361899304.cpp,1361733211,1361899304,1.0,100.0,1.0,100.0,34.0,33.0,True,True
matei-si-diamantele,cpp,matei-si-diamantele_cpp.jplag,1361733211.cpp,1361903314.cpp,1361733211,1361903314,1.0,100.0,1.0,100.0,34.0,33.0,True,True
matei-si-diamantele,cpp,matei-si-diamantele_cpp.jplag,1361733211.cpp,1361903704.cpp,1361733211,1361903704,1.0,100.0,1.0,100.0,34.0,33.0,True,True
matei-si-diamantele,cpp,matei-si-diamantele_cpp.jplag,1361737162.cpp,1361869243.cpp,1361737162,1361869243,1.0,100.0,1.0,100.0,34.0,33.0,True,True
matei-si-diamantele,cpp,matei-si-diamantele_cpp.jplag,1361737162.cpp,1361892615.cpp,1361737162,1361892615,1.0,100.0,1.0,100.0,34.0,33.0,True,True
matei-si-diamantele,cpp,matei-si-diamantele_cpp.jplag,1361737162.cpp,1361899304.cpp,1361737162,1361899304,1.0,100.0,1.0,100.0,34.0,33.0,True,True
matei-si-diamantele,cpp,matei-si-diamantele_cpp.jplag,1361737162.cpp,1361903314.cpp,1361737162,1361903314,1.0,100.0,1.0,100.0,34.0,33.0,True,True
matei-si-diamantele,cpp,matei-si-diamantele_cpp.jplag,1361737162.cpp,1361903704.cpp,1361737162,1361903704,1.0,100.0,1.0,100.0,34.0,33.0,True,True
matei-si-diamantele,cpp,matei-si-diamantele_cpp.jplag,1361752702.cpp,1361766635.cpp,1361752702,1361766635,1.0,100.0,1.0,100.0,60.0,59.0,True,True
matei-si-diamantele,cpp,matei-si-diamantele_cpp.jplag,1361807199.cpp,1361807918.cpp,1361807199,1361807918,1.0,100.0,1.0,100.0,44.0,43.0,True,True
matei-si-diamantele,cpp,matei-si-diamantele_cpp.jplag,1361869243.cpp,1361892615.cpp,1361869243,1361892615,1.0,100.0,1.0,100.0,34.0,33.0,True,True
matei-si-diamantele,cpp,matei-si-diamantele_cpp.jplag,1361869243.cpp,1361899304.cpp,1361869243,1361899304,1.0,100.0,1.0,100.0,34.0,33.0,True,True
matei-si-diamantele,cpp,matei-si-diamantele_cpp.jplag,1361869243.cpp,1361903314.cpp,1361869243,1361903314,1.0,100.0,1.0,100.0,34.0,33.0,True,True
matei-si-diamantele,cpp,matei-si-diamantele_cpp.jplag,1361869243.cpp,1361903704.cpp,1361869243,1361903704,1.0,100.0,1.0,100.0,34.0,33.0,True,True
matei-si-diamantele,cpp,matei-si-diamantele_cpp.jplag,1361892615.cpp,1361899304.cpp,1361892615,1361899304,1.0,100.0,1.0,100.0,34.0,33.0,True,True
matei-si-diamantele,cpp,matei-si-diamantele_cpp.jplag,1361892615.cpp,1361903314.cpp,1361892615,1361903314,1.0,100.0,1.0,100.0,34.0,33.0,True,True
matei-si-diamantele,cpp,matei-si-diamantele_cpp.jplag,1361892615.cpp,1361903704.cpp,1361892615,1361903704,1.0,100.0,1.0,100.0,34.0,33.0,True,True
matei-si-diamantele,cpp,matei-si-diamantele_cpp.jplag,1361899304.cpp,1361903314.cpp,1361899304,1361903314,1.0,100.0,1.0,100.0,34.0,33.0,True,True
matei-si-diamantele,cpp,matei-si-diamantele_cpp.jplag,1361899304.cpp,1361903704.cpp,1361899304,1361903704,1.0,100.0,1.0,100.0,34.0,33.0,True,True
matei-si-diamantele,cpp,matei-si-diamantele_cpp.jplag,1361903314.cpp,1361903704.cpp,1361903314,1361903704,1.0,100.0,1.0,100.0,34.0,33.0,True,True
matei-si-diamantele,cpp,matei-si-diamantele_cpp.jplag,1378078710.cpp,1378078722.cpp,1378078710,1378078722,1.0,100.0,1.0,100.0,96.0,95.0,True,True
matei-si-diamantele,cpp,matei-si-diamantele_cpp.jplag,1378120312.cpp,1378120328.cpp,1378120312,1378120328,1.0,100.0,1.0,100.0,37.0,36.0,True,True
matei-si-diamantele,cpp,matei-si-diamantele_cpp.jplag,1378120312.cpp,1378120335.cpp,1378120312,1378120335,1.0,100.0,1.0,100.0,37.0,36.0,True,True
matei-si-diamantele,cpp,matei-si-diamantele_cpp.jplag,1378120328.cpp,1378120335.cpp,1378120328,1378120335,1.0,100.0,1.0,100.0,37.0,36.0,True,True
matei-si-diamantele,cpp,matei-si-diamantele_cpp.jplag,1378153091.cpp,1378153284.cpp,1378153091,1378153284,1.0,100.0,1.0,100.0,40.0,39.0,True,True
matei-si-diamantele,cpp,matei-si-diamantele_cpp.jplag,1378153091.cpp,1378153358.cpp,1378153091,1378153358,1.0,100.0,1.0,100.0,40.0,39.0,True,True
matei-si-diamantele,cpp,matei-si-diamantele_cpp.jplag,1378153284.cpp,1378153358.cpp,1378153284,1378153358,1.0,100.0,1.0,100.0,40.0,39.0,True,True
matei-si-diamantele,cpp,matei-si-diamantele_cpp.jplag,1378156639.cpp,1378156696.cpp,1378156639,1378156696,1.0,100.0,1.0,100.0,30.0,29.0,True,True
matei-si-diamantele,cpp,matei-si-diamantele_cpp.jplag,1378159190.cpp,1378159204.cpp,1378159190,1378159204,1.0,100.0,1.0,100.0,46.0,45.0,True,True
matei-si-diamantele,cpp,matei-si-diamantele_cpp.jplag,1378159378.cpp,1378159392.cpp,1378159378,1378159392,1.0,100.0,1.0,100.0,57.0,56.0,True,True
matei-si-diamantele,cpp,matei-si-diamantele_cpp.jplag,1391825514.cpp,1391825589.cpp,1391825514,1391825589,1.0,100.0,1.0,100.0,48.0,47.0,True,True
matei-si-diamantele,cpp,matei-si-diamantele_cpp.jplag,1391825752.cpp,1391905393.cpp,1391825752,1391905393,1.0,100.0,1.0,100.0,37.0,36.0,True,True
matei-si-diamantele,cpp,matei-si-diamantele_cpp.jplag,1391825752.cpp,1392000917.cpp,1391825752,1392000917,1.0,100.0,1.0,100.0,37.0,36.0,True,True
matei-si-diamantele,cpp,matei-si-diamantele_cpp.jplag,1391905393.cpp,1392000917.cpp,1391905393,1392000917,1.0,100.0,1.0,100.0,37.0,36.0,True,True
matei-si-diamantele,cpp,matei-si-diamantele_cpp.jplag,1391986473.cpp,1391986526.cpp,1391986473,1391986526,1.0,100.0,1.0,100.0,41.0,40.0,True,True
matei-si-diamantele,java,matei-si-diamantele_java.jplag,1314234433.java,1323454400.java,1314234433,1323454400,1.0,100.0,1.0,100.0,106.0,105.0,True,True
matei-si-diamantele,java,matei-si-diamantele_java.jplag,1314234542.java,1314234704.java,1314234542,1314234704,1.0,100.0,1.0,100.0,122.0,121.0,True,True
matei-si-diamantele,java,matei-si-diamantele_java.jplag,1314234548.java,1391817271.java,1314234548,1391817271,1.0,100.0,1.0,100.0,101.0,100.0,True,True
matei-si-diamantele,java,matei-si-diamantele_java.jplag,1314234559.java,1314234588.java,1314234559,1314234588,1.0,100.0,1.0,100.0,122.0,121.0,True,True
matei-si-diamantele,java,matei-si-diamantele_java.jplag,1314234605.java,1314234652.java,1314234605,1314234652,1.0,100.0,1.0,100.0,141.0,140.0,True,True
matei-si-diamantele,java,matei-si-diamantele_java.jplag,1314234628.java,1314234934.java,1314234628,1314234934,1.0,100.0,1.0,100.0,136.0,135.0,True,True
matei-si-diamantele,java,matei-si-diamantele_java.jplag,1314234759.java,1314234839.java,1314234759,1314234839,1.0,100.0,1.0,100.0,121.0,120.0,True,True
matei-si-diamantele,java,matei-si-diamantele_java.jplag,1314234797.java,1314235113.java,1314234797,1314235113,1.0,100.0,1.0,100.0,157.0,156.0,True,True
matei-si-diamantele,java,matei-si-diamantele_java.jplag,1314234819.java,1314235428.java,1314234819,1314235428,1.0,100.0,1.0,100.0,122.0,121.0,True,True
matei-si-diamantele,java,matei-si-diamantele_java.jplag,1314234819.java,1314236343.java,1314234819,1314236343,1.0,100.0,1.0,100.0,122.0,121.0,True,True
matei-si-diamantele,java,matei-si-diamantele_java.jplag,1314234969.java,1314235023.java,1314234969,1314235023,1.0,100.0,1.0,100.0,166.0,165.0,True,True
matei-si-diamantele,java,matei-si-diamantele_java.jplag,1314234969.java,1314236913.java,1314234969,1314236913,1.0,100.0,1.0,100.0,166.0,165.0,True,True
matei-si-diamantele,java,matei-si-diamantele_java.jplag,1314235004.java,1314235137.java,1314235004,1314235137,1.0,100.0,1.0,100.0,159.0,158.0,True,True
matei-si-diamantele,java,matei-si-diamantele_java.jplag,1314235004.java,1314235200.java,1314235004,1314235200,1.0,100.0,1.0,100.0,159.0,158.0,True,True
matei-si-diamantele,java,matei-si-diamantele_java.jplag,1314235004.java,1314235251.java,1314235004,1314235251,1.0,100.0,1.0,100.0,159.0,158.0,True,True
matei-si-diamantele,java,matei-si-diamantele_java.jplag,1314235004.java,1314235529.java,1314235004,1314235529,1.0,100.0,1.0,100.0,159.0,158.0,True,True
matei-si-diamantele,java,matei-si-diamantele_java.jplag,1314235023.java,1314236913.java,1314235023,1314236913,1.0,100.0,1.0,100.0,166.0,165.0,True,True
matei-si-diamantele,java,matei-si-diamantele_java.jplag,1314235088.java,1314235207.java,1314235088,1314235207,1.0,100.0,1.0,100.0,129.0,128.0,True,True
matei-si-diamantele,java,matei-si-diamantele_java.jplag,1314235088.java,1314236673.java,1314235088,1314236673,1.0,100.0,1.0,100.0,129.0,128.0,True,True
matei-si-diamantele,java,matei-si-diamantele_java.jplag,1314235137.java,1314235200.java,1314235137,1314235200,1.0,100.0,1.0,100.0,159.0,158.0,True,True
matei-si-diamantele,java,matei-si-diamantele_java.jplag,1314235137.java,1314235251.java,1314235137,1314235251,1.0,100.0,1.0,100.0,159.0,158.0,True,True
matei-si-diamantele,java,matei-si-diamantele_java.jplag,1314235137.java,1314235529.java,1314235137,1314235529,1.0,100.0,1.0,100.0,159.0,158.0,True,True
matei-si-diamantele,java,matei-si-diamantele_java.jplag,1314235196.java,1314235313.java,1314235196,1314235313,1.0,100.0,1.0,100.0,139.0,138.0,True,True
matei-si-diamantele,java,matei-si-diamantele_java.jplag,1314235200.java,1314235251.java,1314235200,1314235251,1.0,100.0,1.0,100.0,159.0,158.0,True,True
matei-si-diamantele,java,matei-si-diamantele_java.jplag,1314235200.java,1314235529.java,1314235200,1314235529,1.0,100.0,1.0,100.0,159.0,158.0,True,True
matei-si-diamantele,java,matei-si-diamantele_java.jplag,1314235207.java,1314236673.java,1314235207,1314236673,1.0,100.0,1.0,100.0,129.0,128.0,True,True
matei-si-diamantele,java,matei-si-diamantele_java.jplag,1314235226.java,1314235287.java,1314235226,1314235287,1.0,100.0,1.0,100.0,129.0,128.0,True,True
matei-si-diamantele,java,matei-si-diamantele_java.jplag,1314235226.java,1314235385.java,1314235226,1314235385,1.0,100.0,1.0,100.0,129.0,128.0,True,True
matei-si-diamantele,java,matei-si-diamantele_java.jplag,1314235226.java,1314235427.java,1314235226,1314235427,1.0,100.0,1.0,100.0,129.0,128.0,True,True
matei-si-diamantele,java,matei-si-diamantele_java.jplag,1314235247.java,1314236167.java,1314235247,1314236167,1.0,100.0,1.0,100.0,151.0,150.0,True,True
matei-si-diamantele,java,matei-si-diamantele_java.jplag,1314235251.java,1314235529.java,1314235251,1314235529,1.0,100.0,1.0,100.0,159.0,158.0,True,True
matei-si-diamantele,java,matei-si-diamantele_java.jplag,1314235268.java,1314235326.java,1314235268,1314235326,1.0,100.0,1.0,100.0,162.0,161.0,True,True
matei-si-diamantele,java,matei-si-diamantele_java.jplag,1314235287.java,1314235385.java,1314235287,1314235385,1.0,100.0,1.0,100.0,129.0,128.0,True,True
matei-si-diamantele,java,matei-si-diamantele_java.jplag,1314235287.java,1314235427.java,1314235287,1314235427,1.0,100.0,1.0,100.0,129.0,128.0,True,True
matei-si-diamantele,java,matei-si-diamantele_java.jplag,1314235385.java,1314235427.java,1314235385,1314235427,1.0,100.0,1.0,100.0,129.0,128.0,True,True
matei-si-diamantele,java,matei-si-diamantele_java.jplag,1314235422.java,1314235577.java,1314235422,1314235577,1.0,100.0,1.0,100.0,155.0,154.0,True,True
matei-si-diamantele,java,matei-si-diamantele_java.jplag,1314235428.java,1314236343.java,1314235428,1314236343,1.0,100.0,1.0,100.0,122.0,121.0,True,True
matei-si-diamantele,java,matei-si-diamantele_java.jplag,1314235708.java,1314235839.java,1314235708,1314235839,1.0,100.0,1.0,100.0,120.0,119.0,True,True
matei-si-diamantele,java,matei-si-diamantele_java.jplag,1314235708.java,1314236346.java,1314235708,1314236346,1.0,100.0,1.0,100.0,120.0,119.0,True,True
matei-si-diamantele,java,matei-si-diamantele_java.jplag,1314235708.java,1314236476.java,1314235708,1314236476,1.0,100.0,1.0,100.0,120.0,119.0,True,True
matei-si-diamantele,java,matei-si-diamantele_java.jplag,1314235839.java,1314236346.java,1314235839,1314236346,1.0,100.0,1.0,100.0,120.0,119.0,True,True
matei-si-diamantele,java,matei-si-diamantele_java.jplag,1314235839.java,1314236476.java,1314235839,1314236476,1.0,100.0,1.0,100.0,120.0,119.0,True,True
matei-si-diamantele,java,matei-si-diamantele_java.jplag,1314236045.java,1314236114.java,1314236045,1314236114,1.0,100.0,1.0,100.0,166.0,165.0,True,True
matei-si-diamantele,java,matei-si-diamantele_java.jplag,1314236045.java,1314236127.java,1314236045,1314236127,1.0,100.0,1.0,100.0,166.0,165.0,True,True
matei-si-diamantele,java,matei-si-diamantele_java.jplag,1314236045.java,1314236968.java,1314236045,1314236968,1.0,100.0,1.0,100.0,166.0,165.0,True,True
matei-si-diamantele,java,matei-si-diamantele_java.jplag,1314236114.java,1314236127.java,1314236114,1314236127,1.0,100.0,1.0,100.0,166.0,165.0,True,True
matei-si-diamantele,java,matei-si-diamantele_java.jplag,1314236114.java,1314236968.java,1314236114,1314236968,1.0,100.0,1.0,100.0,166.0,165.0,True,True
matei-si-diamantele,java,matei-si-diamantele_java.jplag,1314236118.java,1314236134.java,1314236118,1314236134,1.0,100.0,1.0,100.0,110.0,109.0,True,True
matei-si-diamantele,java,matei-si-diamantele_java.jplag,1314236127.java,1314236968.java,1314236127,1314236968,1.0,100.0,1.0,100.0,166.0,165.0,True,True
matei-si-diamantele,java,matei-si-diamantele_java.jplag,1314236346.java,1314236476.java,1314236346,1314236476,1.0,100.0,1.0,100.0,120.0,119.0,True,True
matei-si-diamantele,java,matei-si-diamantele_java.jplag,1314236555.java,1314236790.java,1314236555,1314236790,1.0,100.0,1.0,100.0,123.0,122.0,True,True
matei-si-diamantele,java,matei-si-diamantele_java.jplag,1314236555.java,1314237755.java,1314236555,1314237755,1.0,100.0,1.0,100.0,123.0,122.0,True,True
matei-si-diamantele,java,matei-si-diamantele_java.jplag,1314236780.java,1314236921.java,1314236780,1314236921,1.0,100.0,1.0,100.0,123.0,122.0,True,True
matei-si-diamantele,java,matei-si-diamantele_java.jplag,1314236790.java,1314237755.java,1314236790,1314237755,1.0,100.0,1.0,100.0,123.0,122.0,True,True
matei-si-diamantele,java,matei-si-diamantele_java.jplag,1314236951.java,1314236988.java,1314236951,1314236988,1.0,100.0,1.0,100.0,179.0,178.0,True,True
matei-si-diamantele,java,matei-si-diamantele_java.jplag,1314237030.java,1314237222.java,1314237030,1314237222,1.0,100.0,1.0,100.0,131.0,130.0,True,True
matei-si-diamantele,java,matei-si-diamantele_java.jplag,1314237213.java,1323367653.java,1314237213,1323367653,1.0,100.0,1.0,100.0,102.0,101.0,True,True
matei-si-diamantele,java,matei-si-diamantele_java.jplag,1314237283.java,1314237453.java,1314237283,1314237453,1.0,100.0,1.0,100.0,122.0,121.0,True,True
matei-si-diamantele,java,matei-si-diamantele_java.jplag,1314237283.java,1314237483.java,1314237283,1314237483,1.0,100.0,1.0,100.0,122.0,121.0,True,True
matei-si-diamantele,java,matei-si-diamantele_java.jplag,1314237409.java,1314237486.java,1314237409,1314237486,1.0,100.0,1.0,100.0,135.0,134.0,True,True
matei-si-diamantele,java,matei-si-diamantele_java.jplag,1314237409.java,1314237582.java,1314237409,1314237582,1.0,100.0,1.0,100.0,135.0,134.0,True,True
matei-si-diamantele,java,matei-si-diamantele_java.jplag,1314237409.java,1314237619.java,1314237409,1314237619,1.0,100.0,1.0,100.0,135.0,134.0,True,True
matei-si-diamantele,java,matei-si-diamantele_java.jplag,1314237453.java,1314237483.java,1314237453,1314237483,1.0,100.0,1.0,100.0,122.0,121.0,True,True
matei-si-diamantele,java,matei-si-diamantele_java.jplag,1314237486.java,1314237582.java,1314237486,1314237582,1.0,100.0,1.0,100.0,135.0,134.0,True,True
matei-si-diamantele,java,matei-si-diamantele_java.jplag,1314237486.java,1314237619.java,1314237486,1314237619,1.0,100.0,1.0,100.0,135.0,134.0,True,True
matei-si-diamantele,java,matei-si-diamantele_java.jplag,1314237582.java,1314237619.java,1314237582,1314237619,1.0,100.0,1.0,100.0,135.0,134.0,True,True
matei-si-diamantele,java,matei-si-diamantele_java.jplag,1323404065.java,1323404098.java,1323404065,1323404098,1.0,100.0,1.0,100.0,162.0,161.0,True,True
matei-si-diamantele,java,matei-si-diamantele_java.jplag,1323404065.java,1323404117.java,1323404065,1323404117,1.0,100.0,1.0,100.0,162.0,161.0,True,True
matei-si-diamantele,java,matei-si-diamantele_java.jplag,1323404098.java,1323404117.java,1323404098,1323404117,1.0,100.0,1.0,100.0,162.0,161.0,True,True
matei-si-diamantele,java,matei-si-diamantele_java.jplag,1323404825.java,1323404864.java,1323404825,1323404864,1.0,100.0,1.0,100.0,163.0,162.0,True,True
matei-si-diamantele,java,matei-si-diamantele_java.jplag,1323404910.java,1323404960.java,1323404910,1323404960,1.0,100.0,1.0,100.0,168.0,167.0,True,True
matei-si-diamantele,java,matei-si-diamantele_java.jplag,1323404910.java,1323404969.java,1323404910,1323404969,1.0,100.0,1.0,100.0,168.0,167.0,True,True
matei-si-diamantele,java,matei-si-diamantele_java.jplag,1323404910.java,1323404984.java,1323404910,1323404984,1.0,100.0,1.0,100.0,168.0,167.0,True,True
matei-si-diamantele,java,matei-si-diamantele_java.jplag,1323404910.java,1323405095.java,1323404910,1323405095,1.0,100.0,1.0,100.0,168.0,167.0,True,True
matei-si-diamantele,java,matei-si-diamantele_java.jplag,1323404960.java,1323404969.java,1323404960,1323404969,1.0,100.0,1.0,100.0,168.0,167.0,True,True
matei-si-diamantele,java,matei-si-diamantele_java.jplag,1323404960.java,1323404984.java,1323404960,1323404984,1.0,100.0,1.0,100.0,168.0,167.0,True,True
matei-si-diamantele,java,matei-si-diamantele_java.jplag,1323404960.java,1323405095.java,1323404960,1323405095,1.0,100.0,1.0,100.0,168.0,167.0,True,True
matei-si-diamantele,java,matei-si-diamantele_java.jplag,1323404969.java,1323404984.java,1323404969,1323404984,1.0,100.0,1.0,100.0,168.0,167.0,True,True
matei-si-diamantele,java,matei-si-diamantele_java.jplag,1323404969.java,1323405095.java,1323404969,1323405095,1.0,100.0,1.0,100.0,168.0,167.0,True,True
matei-si-diamantele,java,matei-si-diamantele_java.jplag,1323404984.java,1323405095.java,1323404984,1323405095,1.0,100.0,1.0,100.0,168.0,167.0,True,True
matei-si-diamantele,java,matei-si-diamantele_java.jplag,1323418578.java,1323418708.java,1323418578,1323418708,1.0,100.0,1.0,100.0,158.0,157.0,True,True
matei-si-diamantele,java,matei-si-diamantele_java.jplag,1323421354.java,1323421631.java,1323421354,1323421631,1.0,100.0,1.0,100.0,166.0,165.0,True,True
matei-si-diamantele,java,matei-si-diamantele_java.jplag,1323422341.java,1323424771.java,1323422341,1323424771,1.0,100.0,1.0,100.0,167.0,166.0,True,True
matei-si-diamantele,java,matei-si-diamantele_java.jplag,1323422341.java,1323441579.java,1323422341,1323441579,1.0,100.0,1.0,100.0,167.0,166.0,True,True
matei-si-diamantele,java,matei-si-diamantele_java.jplag,1323424771.java,1323441579.java,1323424771,1323441579,1.0,100.0,1.0,100.0,167.0,166.0,True,True
matei-si-diamantele,java,matei-si-diamantele_java.jplag,1323450102.java,1323450140.java,1323450102,1323450140,1.0,100.0,1.0,100.0,180.0,179.0,True,True
matei-si-diamantele,java,matei-si-diamantele_java.jplag,1323451903.java,1323452016.java,1323451903,1323452016,1.0,100.0,1.0,100.0,178.0,177.0,True,True
matei-si-diamantele,java,matei-si-diamantele_java.jplag,1323451903.java,1323452118.java,1323451903,1323452118,1.0,100.0,1.0,100.0,178.0,177.0,True,True
matei-si-diamantele,java,matei-si-diamantele_java.jplag,1323452016.java,1323452118.java,1323452016,1323452118,1.0,100.0,1.0,100.0,178.0,177.0,True,True
matei-si-diamantele,java,matei-si-diamantele_java.jplag,1323452268.java,1323452434.java,1323452268,1323452434,1.0,100.0,1.0,100.0,182.0,181.0,True,True
matei-si-diamantele,java,matei-si-diamantele_java.jplag,1332549435.java,1392016149.java,1332549435,1392016149,1.0,100.0,1.0,100.0,104.0,103.0,True,True
matei-si-diamantele,java,matei-si-diamantele_java.jplag,1332615936.java,1332616033.java,1332615936,1332616033,1.0,100.0,1.0,100.0,103.0,102.0,True,True
matei-si-diamantele,java,matei-si-diamantele_java.jplag,1332615936.java,1361701961.java,1332615936,1361701961,1.0,100.0,1.0,100.0,103.0,102.0,True,True
matei-si-diamantele,java,matei-si-diamantele_java.jplag,1332616033.java,1361701961.java,1332616033,1361701961,1.0,100.0,1.0,100.0,103.0,102.0,True,True
matei-si-diamantele,java,matei-si-diamantele_java.jplag,1332661224.java,1332711180.java,1332661224,1332711180,1.0,100.0,1.0,100.0,122.0,121.0,True,True
matei-si-diamantele,java,matei-si-diamantele_java.jplag,1332673192.java,1332673197.java,1332673192,1332673197,1.0,100.0,1.0,100.0,136.0,135.0,True,True
matei-si-diamantele,java,matei-si-diamantele_java.jplag,1332673234.java,1332673244.java,1332673234,1332673244,1.0,100.0,1.0,100.0,148.0,147.0,True,True
matei-si-diamantele,java,matei-si-diamantele_java.jplag,1332673234.java,1332673256.java,1332673234,1332673256,1.0,100.0,1.0,100.0,148.0,147.0,True,True
matei-si-diamantele,java,matei-si-diamantele_java.jplag,1332673244.java,1332673256.java,1332673244,1332673256,1.0,100.0,1.0,100.0,148.0,147.0,True,True
matei-si-diamantele,java,matei-si-diamantele_java.jplag,1332711394.java,1332711589.java,1332711394,1332711589,1.0,100.0,1.0,100.0,129.0,128.0,True,True
matei-si-diamantele,java,matei-si-diamantele_java.jplag,1333804032.java,1333804052.java,1333804032,1333804052,1.0,100.0,1.0,100.0,152.0,151.0,True,True
matei-si-diamantele,java,matei-si-diamantele_java.jplag,1378112521.java,1378112672.java,1378112521,1378112672,1.0,100.0,1.0,100.0,129.0,128.0,True,True
matei-si-diamantele,java,matei-si-diamantele_java.jplag,1378121757.java,1378121858.java,1378121757,1378121858,1.0,100.0,1.0,100.0,123.0,122.0,True,True
matei-si-diamantele,java,matei-si-diamantele_java.jplag,1391856779.java,1391856810.java,1391856779,1391856810,1.0,100.0,1.0,100.0,145.0,144.0,True,True
matei-si-diamantele,java,matei-si-diamantele_java.jplag,1391856787.java,1391856823.java,1391856787,1391856823,1.0,100.0,1.0,100.0,145.0,144.0,True,True
matei-si-diamantele,java,matei-si-diamantele_java.jplag,1391907417.java,1391995049.java,1391907417,1391995049,1.0,100.0,1.0,100.0,94.0,93.0,True,True
matei-si-diamantele,java,matei-si-diamantele_java.jplag,1391933713.java,1391934043.java,1391933713,1391934043,1.0,100.0,1.0,100.0,109.0,108.0,True,True
matei-si-diamantele,java,matei-si-diamantele_java.jplag,1391933920.java,1391933979.java,1391933920,1391933979,1.0,100.0,1.0,100.0,118.0,117.0,True,True
matei-si-diamantele,java,matei-si-diamantele_java.jplag,1391933920.java,1391934010.java,1391933920,1391934010,1.0,100.0,1.0,100.0,118.0,117.0,True,True
matei-si-diamantele,java,matei-si-diamantele_java.jplag,1391933979.java,1391934010.java,1391933979,1391934010,1.0,100.0,1.0,100.0,118.0,117.0,True,True
organizare-mafiota,cpp,organizare-mafiota_cpp.jplag,1314158843.cpp,1314158851.cpp,1314158843,1314158851,1.0,100.0,1.0,100.0,78.0,77.0,True,True
organizare-mafiota,cpp,organizare-mafiota_cpp.jplag,1314158843.cpp,1314158859.cpp,1314158843,1314158859,1.0,100.0,1.0,100.0,78.0,77.0,True,True
organizare-mafiota,cpp,organizare-mafiota_cpp.jplag,1314158843.cpp,1314222947.cpp,1314158843,1314222947,1.0,100.0,1.0,100.0,78.0,77.0,True,True
organizare-mafiota,cpp,organizare-mafiota_cpp.jplag,1314158851.cpp,1314158859.cpp,1314158851,1314158859,1.0,100.0,1.0,100.0,78.0,77.0,True,True
organizare-mafiota,cpp,organizare-mafiota_cpp.jplag,1314158851.cpp,1314222947.cpp,1314158851,1314222947,1.0,100.0,1.0,100.0,78.0,77.0,True,True
organizare-mafiota,cpp,organizare-mafiota_cpp.jplag,1314158859.cpp,1314222947.cpp,1314158859,1314222947,1.0,100.0,1.0,100.0,78.0,77.0,True,True
organizare-mafiota,cpp,organizare-mafiota_cpp.jplag,1314158862.cpp,1314222951.cpp,1314158862,1314222951,1.0,100.0,1.0,100.0,67.0,66.0,True,True
organizare-mafiota,cpp,organizare-mafiota_cpp.jplag,1314235802.cpp,1344635351.cpp,1314235802,1344635351,1.0,100.0,1.0,100.0,58.0,57.0,True,True
organizare-mafiota,cpp,organizare-mafiota_cpp.jplag,1314236163.cpp,1314236843.cpp,1314236163,1314236843,1.0,100.0,1.0,100.0,50.0,49.0,True,True
organizare-mafiota,cpp,organizare-mafiota_cpp.jplag,1314236683.cpp,1314236704.cpp,1314236683,1314236704,1.0,100.0,1.0,100.0,133.0,132.0,True,True
organizare-mafiota,cpp,organizare-mafiota_cpp.jplag,1314236788.cpp,1314236836.cpp,1314236788,1314236836,1.0,100.0,1.0,100.0,114.0,113.0,True,True
organizare-mafiota,cpp,organizare-mafiota_cpp.jplag,1314236829.cpp,1314237200.cpp,1314236829,1314237200,1.0,100.0,1.0,100.0,60.0,59.0,True,True
organizare-mafiota,cpp,organizare-mafiota_cpp.jplag,1314236901.cpp,1314236920.cpp,1314236901,1314236920,1.0,100.0,1.0,100.0,122.0,121.0,True,True
organizare-mafiota,cpp,organizare-mafiota_cpp.jplag,1314236901.cpp,1314237388.cpp,1314236901,1314237388,1.0,100.0,1.0,100.0,122.0,121.0,True,True
organizare-mafiota,cpp,organizare-mafiota_cpp.jplag,1314236920.cpp,1314237388.cpp,1314236920,1314237388,1.0,100.0,1.0,100.0,122.0,121.0,True,True
organizare-mafiota,cpp,organizare-mafiota_cpp.jplag,1314237178.cpp,1314237186.cpp,1314237178,1314237186,1.0,100.0,1.0,100.0,65.0,64.0,True,True
organizare-mafiota,cpp,organizare-mafiota_cpp.jplag,1314237178.cpp,1314237217.cpp,1314237178,1314237217,1.0,100.0,1.0,100.0,65.0,64.0,True,True
organizare-mafiota,cpp,organizare-mafiota_cpp.jplag,1314237186.cpp,1314237217.cpp,1314237186,1314237217,1.0,100.0,1.0,100.0,65.0,64.0,True,True
organizare-mafiota,cpp,organizare-mafiota_cpp.jplag,1314237264.cpp,1314237297.cpp,1314237264,1314237297,1.0,100.0,1.0,100.0,63.0,62.0,True,True
organizare-mafiota,cpp,organizare-mafiota_cpp.jplag,1323078705.cpp,1323079197.cpp,1323078705,1323079197,1.0,100.0,1.0,100.0,70.0,69.0,True,True
organizare-mafiota,cpp,organizare-mafiota_cpp.jplag,1323078705.cpp,1323079984.cpp,1323078705,1323079984,1.0,100.0,1.0,100.0,70.0,69.0,True,True
organizare-mafiota,cpp,organizare-mafiota_cpp.jplag,1323079197.cpp,1323079984.cpp,1323079197,1323079984,1.0,100.0,1.0,100.0,70.0,69.0,True,True
organizare-mafiota,cpp,organizare-mafiota_cpp.jplag,1323079843.cpp,1323079906.cpp,1323079843,1323079906,1.0,100.0,1.0,100.0,74.0,73.0,True,True
organizare-mafiota,cpp,organizare-mafiota_cpp.jplag,1323079843.cpp,1323079964.cpp,1323079843,1323079964,1.0,100.0,1.0,100.0,74.0,73.0,True,True
organizare-mafiota,cpp,organizare-mafiota_cpp.jplag,1323079906.cpp,1323079964.cpp,1323079906,1323079964,1.0,100.0,1.0,100.0,74.0,73.0,True,True
organizare-mafiota,cpp,organizare-mafiota_cpp.jplag,1323398709.cpp,1323398884.cpp,1323398709,1323398884,1.0,100.0,1.0,100.0,147.0,146.0,True,True
organizare-mafiota,cpp,organizare-mafiota_cpp.jplag,1333773505.cpp,1333773550.cpp,1333773505,1333773550,1.0,100.0,1.0,100.0,81.0,80.0,True,True
organizare-mafiota,java,organizare-mafiota_java.jplag,1314168969.java,1314222956.java,1314168969,1314222956,1.0,100.0,1.0,100.0,170.0,169.0,True,True
organizare-mafiota,java,organizare-mafiota_java.jplag,1314184304.java,1314222962.java,1314184304,1314222962,1.0,100.0,1.0,100.0,148.0,147.0,True,True
organizare-mafiota,java,organizare-mafiota_java.jplag,1314236741.java,1391740445.java,1314236741,1391740445,1.0,100.0,1.0,100.0,135.0,134.0,True,True
organizare-mafiota,java,organizare-mafiota_java.jplag,1314236741.java,1391831565.java,1314236741,1391831565,1.0,100.0,1.0,100.0,135.0,134.0,True,True
organizare-mafiota,java,organizare-mafiota_java.jplag,1391740445.java,1391831565.java,1391740445,1391831565,1.0,100.0,1.0,100.0,135.0,134.0,True,True
