submission_id,file,language,score,model_prediction,final_algorithm,decision_source,probability,second_algorithm,second_probability,margin,p_BFS_DISTANCE_ARRAY,p_BFS_LEVEL_ORDER_TIMER,p_BFS_EXPLICIT_TIME_IN_QUEUE,p_DIJKSTRA_UNIT_WEIGHT,p_DFS_DEPTH_TRAVERSAL,p_FLOYD_WARSHALL,p_UNKNOWN
1314189216,gigel-si-raspandirea-vestilor/submissions/1314189216.cpp,cpp,50.0,BFS_DISTANCE_ARRAY,BFS_DISTANCE_ARRAY,probability_model,0.99609375,BFS_LEVEL_ORDER_TIMER,0.0016937255859375,0.9944000244140625,0.99609375,0.0016937255859375,0.00102996826171875,0.0006256103515625,0.0006256103515625,0.00019073486328125,8.440017700195312e-05
1314213226,gigel-si-raspandirea-vestilor/submissions/1314213226.cpp,cpp,50.0,BFS_DISTANCE_ARRAY,BFS_DISTANCE_ARRAY,manual_gold,0.98828125,BFS_LEVEL_ORDER_TIMER,0.004058837890625,0.984222412109375,0.98828125,0.004058837890625,0.002777099609375,0.0010223388671875,0.00115966796875,0.00054931640625,0.0004825592041015625
1314213290,gigel-si-raspandirea-vestilor/submissions/1314213290.java,java,50.0,BFS_DISTANCE_ARRAY,BFS_DISTANCE_ARRAY,probability_model,0.9921875,BFS_LEVEL_ORDER_TIMER,0.0031585693359375,0.9890289306640625,0.9921875,0.0031585693359375,0.002777099609375,0.00115966796875,0.00109100341796875,0.000453948974609375,0.0002288818359375
1314225831,gigel-si-raspandirea-vestilor/submissions/1314225831.cpp,cpp,50.0,BFS_DISTANCE_ARRAY,BFS_DISTANCE_ARRAY,probability_model,0.98828125,BFS_EXPLICIT_TIME_IN_QUEUE,0.007537841796875,0.980743408203125,0.98828125,0.0019073486328125,0.007537841796875,0.00148773193359375,0.00115966796875,0.00022792816162109375,0.0002918243408203125
1314234438,gigel-si-raspandirea-vestilor/submissions/1314234438.java,java,50.0,BFS_DISTANCE_ARRAY,BFS_DISTANCE_ARRAY,probability_model,0.9453125,BFS_LEVEL_ORDER_TIMER,0.01531982421875,0.92999267578125,0.9453125,0.01531982421875,0.01531982421875,0.004974365234375,0.005615234375,0.00194549560546875,0.010498046875
1314234443,gigel-si-raspandirea-vestilor/submissions/1314234443.java,java,2.5,DIJKSTRA_UNIT_WEIGHT,UNKNOWN,uncertain_unknown,0.41796875,UNKNOWN,0.41796875,0.0,0.023681640625,0.01434326171875,0.064453125,0.41796875,0.044189453125,0.0162353515625,0.41796875
1314234446,gigel-si-raspandirea-vestilor/submissions/1314234446.cpp,cpp,50.0,BFS_DISTANCE_ARRAY,BFS_DISTANCE_ARRAY,probability_model,0.99609375,BFS_LEVEL_ORDER_TIMER,0.00090789794921875,0.9951858520507812,0.99609375,0.00090789794921875,0.0006256103515625,0.00040435791015625,0.000457763671875,0.00020313262939453125,0.000179290771484375
1314234463,gigel-si-raspandirea-vestilor/submissions/1314234463.java,java,37.5,BFS_DISTANCE_ARRAY,BFS_DISTANCE_ARRAY,probability_model,0.96875,BFS_LEVEL_ORDER_TIMER,0.00946044921875,0.95928955078125,0.96875,0.00946044921875,0.00946044921875,0.0023956298828125,0.00738525390625,0.001129150390625,0.002716064453125
1314234476,gigel-si-raspandirea-vestilor/submissions/1314234476.cpp,cpp,50.0,BFS_DISTANCE_ARRAY,BFS_DISTANCE_ARRAY,probability_model,0.99609375,BFS_LEVEL_ORDER_TIMER,0.001495361328125,0.994598388671875,0.99609375,0.001495361328125,0.00131988525390625,0.00080108642578125,0.00102996826171875,0.0002765655517578125,0.0001678466796875
1314234492,gigel-si-raspandirea-vestilor/submissions/1314234492.java,java,25.0,BFS_DISTANCE_ARRAY,BFS_DISTANCE_ARRAY,probability_model,0.984375,BFS_EXPLICIT_TIME_IN_QUEUE,0.006622314453125,0.977752685546875,0.984375,0.005157470703125,0.006622314453125,0.00244140625,0.00189971923828125,0.00037384033203125,0.0001659393310546875
1314234493,gigel-si-raspandirea-vestilor/submissions/1314234493.java,java,50.0,BFS_DISTANCE_ARRAY,BFS_DISTANCE_ARRAY,probability_model,0.984375,BFS_LEVEL_ORDER_TIMER,0.005157470703125,0.979217529296875,0.984375,0.005157470703125,0.0040283203125,0.00130462646484375,0.0040283203125,0.000579833984375,0.00079345703125
1314234514,gigel-si-raspandirea-vestilor/submissions/1314234514.cpp,cpp,50.0,BFS_EXPLICIT_TIME_IN_QUEUE,BFS_EXPLICIT_TIME_IN_QUEUE,probability_model,0.89453125,DIJKSTRA_UNIT_WEIGHT,0.05712890625,0.83740234375,0.039306640625,0.00469970703125,0.89453125,0.05712890625,0.00162506103515625,0.00092315673828125,0.0011138916015625
1314234517,gigel-si-raspandirea-vestilor/submissions/1314234517.cpp,cpp,50.0,BFS_DISTANCE_ARRAY,BFS_DISTANCE_ARRAY,probability_model,0.953125,UNKNOWN,0.011962890625,0.941162109375,0.953125,0.00933837890625,0.00933837890625,0.0050048828125,0.00823974609375,0.0038909912109375,0.011962890625
1314234521,gigel-si-raspandirea-vestilor/submissions/1314234521.java,java,50.0,BFS_DISTANCE_ARRAY,BFS_EXPLICIT_TIME_IN_QUEUE,manual_gold,0.6171875,BFS_EXPLICIT_TIME_IN_QUEUE,0.2578125,0.359375,0.6171875,0.0306396484375,0.2578125,0.057373046875,0.0145263671875,0.0030364990234375,0.0211181640625
1314234524,gigel-si-raspandirea-vestilor/submissions/1314234524.java,java,42.5,BFS_DISTANCE_ARRAY,BFS_DISTANCE_ARRAY,probability_model,0.96875,BFS_LEVEL_ORDER_TIMER,0.00946044921875,0.95928955078125,0.96875,0.00946044921875,0.00836181640625,0.0034942626953125,0.00738525390625,0.0017547607421875,0.0023956298828125
1314234531,gigel-si-raspandirea-vestilor/submissions/1314234531.cpp,cpp,50.0,BFS_DISTANCE_ARRAY,BFS_DISTANCE_ARRAY,probability_model,0.98046875,BFS_EXPLICIT_TIME_IN_QUEUE,0.00848388671875,0.97198486328125,0.98046875,0.0040283203125,0.00848388671875,0.00244140625,0.00130462646484375,0.00051116943359375,0.00115203857421875
1314234532,gigel-si-raspandirea-vestilor/submissions/1314234532.java,java,42.5,BFS_DISTANCE_ARRAY,BFS_DISTANCE_ARRAY,probability_model,0.9765625,BFS_LEVEL_ORDER_TIMER,0.01080322265625,0.96575927734375,0.9765625,0.01080322265625,0.0074462890625,0.00213623046875,0.0027313232421875,0.001007080078125,0.000736236572265625
1314234553,gigel-si-raspandirea-vestilor/submissions/1314234553.java,java,50.0,BFS_DISTANCE_ARRAY,BFS_DISTANCE_ARRAY,probability_model,0.98828125,BFS_LEVEL_ORDER_TIMER,0.002777099609375,0.985504150390625,0.98828125,0.002777099609375,0.0024566650390625,0.00148773193359375,0.002166748046875,0.00084686279296875,0.00115966796875
1314234555,gigel-si-raspandirea-vestilor/submissions/1314234555.java,java,50.0,BFS_DISTANCE_ARRAY,BFS_DISTANCE_ARRAY,probability_model,0.95703125,BFS_LEVEL_ORDER_TIMER,0.013671875,0.943359375,0.95703125,0.013671875,0.0106201171875,0.004425048828125,0.00830078125,0.002227783203125,0.003448486328125
1314234572,gigel-si-raspandirea-vestilor/submissions/1314234572.java,java,50.0,BFS_DISTANCE_ARRAY,BFS_DISTANCE_ARRAY,probability_model,0.99609375,BFS_LEVEL_ORDER_TIMER,0.001495361328125,0.994598388671875,0.99609375,0.001495361328125,0.0012359619140625,0.00080108642578125,0.0012359619140625,0.000484466552734375,0.0004024505615234375
1314234582,gigel-si-raspandirea-vestilor/submissions/1314234582.java,java,50.0,BFS_DISTANCE_ARRAY,BFS_DISTANCE_ARRAY,probability_model,0.984375,BFS_LEVEL_ORDER_TIMER,0.005859375,0.978515625,0.984375,0.005859375,0.005157470703125,0.001678466796875,0.0021514892578125,0.000579833984375,0.00048065185546875
1314234585,gigel-si-raspandirea-vestilor/submissions/1314234585.java,java,50.0,BFS_DISTANCE_ARRAY,BFS_DISTANCE_ARRAY,probability_model,0.8515625,UNKNOWN,0.1015625,0.75,0.8515625,0.00946044921875,0.0137939453125,0.00836181640625,0.0107421875,0.00421142578125,0.1015625
1314234597,gigel-si-raspandirea-vestilor/submissions/1314234597.java,java,10.0,BFS_DISTANCE_ARRAY,BFS_DISTANCE_ARRAY,probability_model,0.96875,BFS_EXPLICIT_TIME_IN_QUEUE,0.00836181640625,0.96038818359375,0.96875,0.005767822265625,0.00836181640625,0.003082275390625,0.005096435546875,0.00164794921875,0.00738525390625
1314234600,gigel-si-raspandirea-vestilor/submissions/1314234600.java,java,50.0,BFS_DISTANCE_ARRAY,BFS_DISTANCE_ARRAY,probability_model,0.984375,BFS_LEVEL_ORDER_TIMER,0.003143310546875,0.981231689453125,0.984375,0.003143310546875,0.002777099609375,0.0021514892578125,0.003143310546875,0.001312255859375,0.001312255859375
1314234604,gigel-si-raspandirea-vestilor/submissions/1314234604.cpp,cpp,50.0,BFS_DISTANCE_ARRAY,BFS_DISTANCE_ARRAY,probability_model,0.984375,BFS_LEVEL_ORDER_TIMER,0.0040283203125,0.9803466796875,0.984375,0.0040283203125,0.0040283203125,0.00189971923828125,0.00244140625,0.00095367431640625,0.0027618408203125
1314234610,gigel-si-raspandirea-vestilor/submissions/1314234610.java,java,50.0,BFS_DISTANCE_ARRAY,BFS_DISTANCE_ARRAY,probability_model,0.90625,UNKNOWN,0.039794921875,0.866455078125,0.90625,0.01007080078125,0.0166015625,0.006927490234375,0.012939453125,0.005401611328125,0.039794921875
1314234671,gigel-si-raspandirea-vestilor/submissions/1314234671.java,java,50.0,BFS_DISTANCE_ARRAY,BFS_DISTANCE_ARRAY,probability_model,0.984375,BFS_LEVEL_ORDER_TIMER,0.005157470703125,0.979217529296875,0.984375,0.005157470703125,0.00457763671875,0.00244140625,0.00189971923828125,0.0003528594970703125,0.00010728836059570312
1314234684,gigel-si-raspandirea-vestilor/submissions/1314234684.java,java,7.5,UNKNOWN,UNKNOWN,uncertain_unknown,0.75390625,DFS_DEPTH_TRAVERSAL,0.130859375,0.623046875,0.06201171875,0.01220703125,0.01220703125,0.009521484375,0.130859375,0.0177001953125,0.75390625
1314234687,gigel-si-raspandirea-vestilor/submissions/1314234687.java,java,50.0,BFS_DISTANCE_ARRAY,BFS_DISTANCE_ARRAY,probability_model,0.96484375,BFS_LEVEL_ORDER_TIMER,0.01068115234375,0.95416259765625,0.96484375,0.01068115234375,0.00836181640625,0.0030670166015625,0.007354736328125,0.0015411376953125,0.0057373046875
1314234692,gigel-si-raspandirea-vestilor/submissions/1314234692.java,java,2.5,BFS_DISTANCE_ARRAY,BFS_DISTANCE_ARRAY,probability_model,0.92578125,BFS_EXPLICIT_TIME_IN_QUEUE,0.0191650390625,0.9066162109375,0.92578125,0.00909423828125,0.0191650390625,0.00909423828125,0.01495361328125,0.0037841796875,0.0191650390625
1314234697,gigel-si-raspandirea-vestilor/submissions/1314234697.java,java,10.0,BFS_DISTANCE_ARRAY,BFS_DISTANCE_ARRAY,probability_model,0.98046875,BFS_LEVEL_ORDER_TIMER,0.005157470703125,0.975311279296875,0.98046875,0.005157470703125,0.003997802734375,0.0021514892578125,0.0035400390625,0.00115203857421875,0.0021514892578125
1314234702,gigel-si-raspandirea-vestilor/submissions/1314234702.java,java,50.0,BFS_DISTANCE_ARRAY,BFS_DISTANCE_ARRAY,probability_model,0.98828125,BFS_LEVEL_ORDER_TIMER,0.0031585693359375,0.9851226806640625,0.98828125,0.0031585693359375,0.0024566650390625,0.0012359619140625,0.00168609619140625,0.000583648681640625,0.0007476806640625
1314234712,gigel-si-raspandirea-vestilor/submissions/1314234712.java,java,50.0,BFS_DISTANCE_ARRAY,BFS_DISTANCE_ARRAY,probability_model,0.98046875,BFS_LEVEL_ORDER_TIMER,0.006591796875,0.973876953125,0.98046875,0.006591796875,0.005828857421875,0.00274658203125,0.003997802734375,0.00107574462890625,0.001220703125
1314234718,gigel-si-raspandirea-vestilor/submissions/1314234718.java,java,50.0,BFS_DISTANCE_ARRAY,BFS_DISTANCE_ARRAY,probability_model,0.984375,BFS_LEVEL_ORDER_TIMER,0.006622314453125,0.977752685546875,0.984375,0.006622314453125,0.0031280517578125,0.00130462646484375,0.0027618408203125,0.00101470947265625,0.00189971923828125
1314234729,gigel-si-raspandirea-vestilor/submissions/1314234729.cpp,cpp,50.0,BFS_LEVEL_ORDER_TIMER,BFS_LEVEL_ORDER_TIMER,probability_model,0.7578125,BFS_DISTANCE_ARRAY,0.216796875,0.541015625,0.216796875,0.7578125,0.0157470703125,0.00372314453125,0.003509521484375,0.002410888671875,0.00165557861328125
1314234746,gigel-si-raspandirea-vestilor/submissions/1314234746.cpp,cpp,2.5,UNKNOWN,UNKNOWN,uncertain_unknown,0.82421875,DFS_DEPTH_TRAVERSAL,0.11181640625,0.71240234375,0.0361328125,0.00628662109375,0.00433349609375,0.004913330078125,0.11181640625,0.01177978515625,0.82421875
1314234758,gigel-si-raspandirea-vestilor/submissions/1314234758.java,java,50.0,BFS_DISTANCE_ARRAY,BFS_DISTANCE_ARRAY,probability_model,0.97265625,BFS_LEVEL_ORDER_TIMER,0.01080322265625,0.96185302734375,0.97265625,0.01080322265625,0.009521484375,0.002410888671875,0.00396728515625,0.000885009765625,0.00128936767578125
1314234763,gigel-si-raspandirea-vestilor/submissions/1314234763.java,java,50.0,BFS_DISTANCE_ARRAY,BFS_DISTANCE_ARRAY,probability_model,0.9921875,BFS_LEVEL_ORDER_TIMER,0.00191497802734375,0.9902725219726562,0.9921875,0.00191497802734375,0.001495361328125,0.00109100341796875,0.00115966796875,0.000621795654296875,0.00066375732421875
1314234773,gigel-si-raspandirea-vestilor/submissions/1314234773.java,java,2.5,UNKNOWN,UNKNOWN,uncertain_unknown,0.703125,DFS_DEPTH_TRAVERSAL,0.228515625,0.474609375,0.02734375,0.00689697265625,0.006103515625,0.00689697265625,0.228515625,0.018798828125,0.703125
1314234788,gigel-si-raspandirea-vestilor/submissions/1314234788.java,java,50.0,BFS_DISTANCE_ARRAY,BFS_DISTANCE_ARRAY,probability_model,0.9375,BFS_EXPLICIT_TIME_IN_QUEUE,0.036376953125,0.901123046875,0.9375,0.0091552734375,0.036376953125,0.00714111328125,0.00714111328125,0.00124359130859375,0.0029754638671875
1314234792,gigel-si-raspandirea-vestilor/submissions/1314234792.cpp,cpp,50.0,BFS_DISTANCE_ARRAY,BFS_DISTANCE_ARRAY,probability_model,0.98046875,BFS_EXPLICIT_TIME_IN_QUEUE,0.005828857421875,0.974639892578125,0.98046875,0.005157470703125,0.005828857421875,0.00189208984375,0.00311279296875,0.000949859619140625,0.00311279296875
1314234800,gigel-si-raspandirea-vestilor/submissions/1314234800.cpp,cpp,50.0,BFS_DISTANCE_ARRAY,BFS_DISTANCE_ARRAY,probability_model,0.9765625,BFS_LEVEL_ORDER_TIMER,0.01080322265625,0.96575927734375,0.9765625,0.01080322265625,0.0074462890625,0.00213623046875,0.0027313232421875,0.000736236572265625,0.0011444091796875
1314234801,gigel-si-raspandirea-vestilor/submissions/1314234801.cpp,cpp,10.0,BFS_DISTANCE_ARRAY,BFS_DISTANCE_ARRAY,probability_model,0.96875,BFS_EXPLICIT_TIME_IN_QUEUE,0.01385498046875,0.95489501953125,0.96875,0.00653076171875,0.01385498046875,0.004486083984375,0.0027313232421875,0.000732421875,0.00165557861328125
1314234816,gigel-si-raspandirea-vestilor/submissions/1314234816.java,java,50.0,BFS_DISTANCE_ARRAY,BFS_DISTANCE_ARRAY,probability_model,0.97265625,BFS_EXPLICIT_TIME_IN_QUEUE,0.0084228515625,0.9642333984375,0.97265625,0.00579833984375,0.0084228515625,0.00396728515625,0.0045166015625,0.001556396484375,0.0030975341796875
1314234818,gigel-si-raspandirea-vestilor/submissions/1314234818.java,java,50.0,BFS_DISTANCE_ARRAY,BFS_DISTANCE_ARRAY,probability_model,0.9765625,BFS_EXPLICIT_TIME_IN_QUEUE,0.0084228515625,0.9681396484375,0.9765625,0.0074462890625,0.0084228515625,0.0024261474609375,0.00274658203125,0.00074005126953125,0.00146484375
1314234820,gigel-si-raspandirea-vestilor/submissions/1314234820.java,java,50.0,BFS_DISTANCE_ARRAY,BFS_DISTANCE_ARRAY,probability_model,0.78515625,UNKNOWN,0.13671875,0.6484375,0.78515625,0.014404296875,0.02685546875,0.0126953125,0.014404296875,0.00872802734375,0.13671875
1314234833,gigel-si-raspandirea-vestilor/submissions/1314234833.cpp,cpp,7.5,BFS_DISTANCE_ARRAY,BFS_DISTANCE_ARRAY,probability_model,0.9921875,BFS_LEVEL_ORDER_TIMER,0.002166748046875,0.990020751953125,0.9921875,0.002166748046875,0.00191497802734375,0.00115966796875,0.00148773193359375,0.00054931640625,0.000850677490234375
1314234861,gigel-si-raspandirea-vestilor/submissions/1314234861.java,java,7.5,BFS_DISTANCE_ARRAY,UNKNOWN,uncertain_unknown,0.6640625,UNKNOWN,0.244140625,0.419921875,0.6640625,0.00836181640625,0.0291748046875,0.01214599609375,0.037353515625,0.006500244140625,0.244140625
1314234895,gigel-si-raspandirea-vestilor/submissions/1314234895.java,java,5.0,UNKNOWN,UNKNOWN,uncertain_unknown,0.640625,DFS_DEPTH_TRAVERSAL,0.2080078125,0.4326171875,0.07666015625,0.01507568359375,0.019287109375,0.0133056640625,0.2080078125,0.028076171875,0.640625
1314234899,gigel-si-raspandirea-vestilor/submissions/1314234899.cpp,cpp,50.0,BFS_DISTANCE_ARRAY,BFS_DISTANCE_ARRAY,probability_model,0.98828125,BFS_EXPLICIT_TIME_IN_QUEUE,0.002777099609375,0.985504150390625,0.98828125,0.00191497802734375,0.002777099609375,0.00139617919921875,0.00148773193359375,0.000621795654296875,0.0015869140625
1314234908,gigel-si-raspandirea-vestilor/submissions/1314234908.cpp,cpp,50.0,BFS_DISTANCE_ARRAY,BFS_DISTANCE_ARRAY,probability_model,0.96875,BFS_EXPLICIT_TIME_IN_QUEUE,0.015625,0.953125,0.96875,0.007415771484375,0.015625,0.0034942626953125,0.00186920166015625,0.000732421875,0.000885009765625
1314234919,gigel-si-raspandirea-vestilor/submissions/1314234919.cpp,cpp,10.0,BFS_DISTANCE_ARRAY,BFS_DISTANCE_ARRAY,probability_model,0.921875,UNKNOWN,0.031494140625,0.890380859375,0.921875,0.009033203125,0.016845703125,0.00799560546875,0.00799560546875,0.0037689208984375,0.031494140625
1314234935,gigel-si-raspandirea-vestilor/submissions/1314234935.java,java,2.5,UNKNOWN,UNKNOWN,uncertain_unknown,0.74609375,DFS_DEPTH_TRAVERSAL,0.2138671875,0.5322265625,0.0106201171875,0.004425048828125,0.0036773681640625,0.005706787109375,0.2138671875,0.0155029296875,0.74609375
1314234956,gigel-si-raspandirea-vestilor/submissions/1314234956.java,java,15.0,BFS_DISTANCE_ARRAY,BFS_DISTANCE_ARRAY,probability_model,0.98046875,BFS_LEVEL_ORDER_TIMER,0.005828857421875,0.974639892578125,0.98046875,0.005828857421875,0.004547119140625,0.00311279296875,0.003997802734375,0.0012969970703125,0.00167083740234375
1314234962,gigel-si-raspandirea-vestilor/submissions/1314234962.cpp,cpp,50.0,BFS_EXPLICIT_TIME_IN_QUEUE,BFS_EXPLICIT_TIME_IN_QUEUE,probability_model,0.78125,BFS_DISTANCE_ARRAY,0.10595703125,0.67529296875,0.10595703125,0.00677490234375,0.78125,0.09326171875,0.003204345703125,0.002655029296875,0.005279541015625
1314234967,gigel-si-raspandirea-vestilor/submissions/1314234967.cpp,cpp,50.0,BFS_DISTANCE_ARRAY,BFS_DISTANCE_ARRAY,probability_model,0.9921875,BFS_LEVEL_ORDER_TIMER,0.0016937255859375,0.9904937744140625,0.9921875,0.0016937255859375,0.001495361328125,0.00102996826171875,0.00102996826171875,0.000377655029296875,0.000583648681640625
1314234970,gigel-si-raspandirea-vestilor/submissions/1314234970.java,java,50.0,BFS_DISTANCE_ARRAY,BFS_DISTANCE_ARRAY,probability_model,0.98828125,BFS_LEVEL_ORDER_TIMER,0.003143310546875,0.985137939453125,0.98828125,0.003143310546875,0.003143310546875,0.0019073486328125,0.00148773193359375,0.000583648681640625,0.0003757476806640625
1314234994,gigel-si-raspandirea-vestilor/submissions/1314234994.java,java,32.5,BFS_DISTANCE_ARRAY,BFS_DISTANCE_ARRAY,probability_model,0.82421875,UNKNOWN,0.11181640625,0.71240234375,0.82421875,0.01177978515625,0.02490234375,0.008056640625,0.0133056640625,0.00555419921875,0.11181640625
1314234999,gigel-si-raspandirea-vestilor/submissions/1314234999.java,java,50.0,BFS_LEVEL_ORDER_TIMER,BFS_LEVEL_ORDER_TIMER,probability_model,0.609375,BFS_DISTANCE_ARRAY,0.326171875,0.283203125,0.326171875,0.609375,0.0341796875,0.00634765625,0.018310546875,0.0031890869140625,0.00494384765625
1314235001,gigel-si-raspandirea-vestilor/submissions/1314235001.java,java,2.5,BFS_DISTANCE_ARRAY,BFS_DISTANCE_ARRAY,probability_model,0.96484375,UNKNOWN,0.0107421875,0.9541015625,0.96484375,0.00506591796875,0.007354736328125,0.003936767578125,0.006500244140625,0.00164031982421875,0.0107421875
1314235032,gigel-si-raspandirea-vestilor/submissions/1314235032.java,java,2.5,DIJKSTRA_UNIT_WEIGHT,UNKNOWN,uncertain_unknown,0.49609375,UNKNOWN,0.33984375,0.15625,0.01495361328125,0.01025390625,0.0859375,0.49609375,0.035888671875,0.0169677734375,0.33984375
1314235041,gigel-si-raspandirea-vestilor/submissions/1314235041.java,java,42.5,BFS_DISTANCE_ARRAY,BFS_DISTANCE_ARRAY,probability_model,0.98828125,BFS_LEVEL_ORDER_TIMER,0.003570556640625,0.984710693359375,0.98828125,0.003570556640625,0.0024566650390625,0.00115966796875,0.00168609619140625,0.000514984130859375,0.0007476806640625
1314235043,gigel-si-raspandirea-vestilor/submissions/1314235043.java,java,50.0,BFS_DISTANCE_ARRAY,BFS_DISTANCE_ARRAY,probability_model,0.9140625,BFS_EXPLICIT_TIME_IN_QUEUE,0.027587890625,0.886474609375,0.9140625,0.01153564453125,0.027587890625,0.0130615234375,0.01153564453125,0.004241943359375,0.0167236328125
1314235045,gigel-si-raspandirea-vestilor/submissions/1314235045.cpp,cpp,42.5,BFS_DISTANCE_ARRAY,BFS_DISTANCE_ARRAY,probability_model,0.98046875,BFS_EXPLICIT_TIME_IN_QUEUE,0.00848388671875,0.97198486328125,0.98046875,0.004547119140625,0.00848388671875,0.00213623046875,0.00311279296875,0.00089263916015625,0.00189208984375
1314235050,gigel-si-raspandirea-vestilor/submissions/1314235050.cpp,cpp,2.5,UNKNOWN,UNKNOWN,uncertain_unknown,0.97265625,BFS_DISTANCE_ARRAY,0.0084228515625,0.9642333984375,0.0084228515625,0.0019989013671875,0.0019989013671875,0.002410888671875,0.0084228515625,0.0030975341796875,0.97265625
1314235063,gigel-si-raspandirea-vestilor/submissions/1314235063.cpp,cpp,42.5,BFS_DISTANCE_ARRAY,BFS_DISTANCE_ARRAY,probability_model,0.9921875,BFS_LEVEL_ORDER_TIMER,0.001495361328125,0.990692138671875,0.9921875,0.001495361328125,0.00115966796875,0.000751495361328125,0.001495361328125,0.000583648681640625,0.000850677490234375
1314235064,gigel-si-raspandirea-vestilor/submissions/1314235064.java,java,50.0,BFS_DISTANCE_ARRAY,BFS_DISTANCE_ARRAY,probability_model,0.95703125,BFS_EXPLICIT_TIME_IN_QUEUE,0.02880859375,0.92822265625,0.95703125,0.0050048828125,0.02880859375,0.006439208984375,0.0030364990234375,0.000637054443359375,0.00049591064453125
1314235074,gigel-si-raspandirea-vestilor/submissions/1314235074.java,java,42.5,BFS_DISTANCE_ARRAY,BFS_DISTANCE_ARRAY,probability_model,0.9921875,BFS_LEVEL_ORDER_TIMER,0.002166748046875,0.990020751953125,0.9921875,0.002166748046875,0.00191497802734375,0.00109100341796875,0.00115966796875,0.000484466552734375,0.000514984130859375
1314235085,gigel-si-raspandirea-vestilor/submissions/1314235085.java,java,50.0,BFS_DISTANCE_ARRAY,BFS_DISTANCE_ARRAY,probability_model,0.95703125,DFS_DEPTH_TRAVERSAL,0.0120849609375,0.9449462890625,0.95703125,0.00830078125,0.0106201171875,0.004425048828125,0.0120849609375,0.0020904541015625,0.00390625
1314235102,gigel-si-raspandirea-vestilor/submissions/1314235102.cpp,cpp,10.0,BFS_DISTANCE_ARRAY,BFS_DISTANCE_ARRAY,probability_model,0.87890625,UNKNOWN,0.072265625,0.806640625,0.87890625,0.00860595703125,0.0125732421875,0.00860595703125,0.0111083984375,0.00592041015625,0.072265625
1314235114,gigel-si-raspandirea-vestilor/submissions/1314235114.java,java,32.5,BFS_DISTANCE_ARRAY,BFS_DISTANCE_ARRAY,probability_model,0.9765625,BFS_LEVEL_ORDER_TIMER,0.005828857421875,0.970733642578125,0.9765625,0.005828857421875,0.005828857421875,0.00274658203125,0.005126953125,0.000652313232421875,0.0016632080078125
1314235141,gigel-si-raspandirea-vestilor/submissions/1314235141.java,java,20.0,BFS_DISTANCE_ARRAY,BFS_DISTANCE_ARRAY,probability_model,0.54296875,DFS_DEPTH_TRAVERSAL,0.2255859375,0.3173828125,0.54296875,0.06494140625,0.04443359375,0.0185546875,0.2255859375,0.02099609375,0.0830078125
1314235152,gigel-si-raspandirea-vestilor/submissions/1314235152.java,java,42.5,BFS_DISTANCE_ARRAY,BFS_DISTANCE_ARRAY,probability_model,0.98828125,BFS_EXPLICIT_TIME_IN_QUEUE,0.00518798828125,0.98309326171875,0.98828125,0.003143310546875,0.00518798828125,0.0019073486328125,0.00179290771484375,0.00061798095703125,0.00079345703125
1314235163,gigel-si-raspandirea-vestilor/submissions/1314235163.java,java,50.0,BFS_EXPLICIT_TIME_IN_QUEUE,BFS_EXPLICIT_TIME_IN_QUEUE,probability_model,0.69921875,BFS_DISTANCE_ARRAY,0.1376953125,0.5615234375,0.1376953125,0.0211181640625,0.69921875,0.12109375,0.01129150390625,0.00469970703125,0.00604248046875
1314235180,gigel-si-raspandirea-vestilor/submissions/1314235180.cpp,cpp,5.0,BFS_DISTANCE_ARRAY,BFS_DISTANCE_ARRAY,probability_model,0.9609375,BFS_EXPLICIT_TIME_IN_QUEUE,0.01068115234375,0.95025634765625,0.9609375,0.00830078125,0.01068115234375,0.00445556640625,0.00732421875,0.0027008056640625,0.0064697265625
1314235191,gigel-si-raspandirea-vestilor/submissions/1314235191.java,java,50.0,BFS_DISTANCE_ARRAY,BFS_DISTANCE_ARRAY,probability_model,0.97265625,BFS_EXPLICIT_TIME_IN_QUEUE,0.01220703125,0.96044921875,0.97265625,0.007415771484375,0.01220703125,0.0030975341796875,0.00396728515625,0.00099945068359375,0.00145721435546875
1314235204,gigel-si-raspandirea-vestilor/submissions/1314235204.cpp,cpp,15.0,BFS_DISTANCE_ARRAY,BFS_DISTANCE_ARRAY,probability_model,0.73828125,BFS_LEVEL_ORDER_TIMER,0.099609375,0.638671875,0.73828125,0.099609375,0.087890625,0.0196533203125,0.0252685546875,0.007232666015625,0.022216796875
1314235221,gigel-si-raspandirea-vestilor/submissions/1314235221.java,java,42.5,BFS_DISTANCE_ARRAY,BFS_DISTANCE_ARRAY,probability_model,0.984375,BFS_EXPLICIT_TIME_IN_QUEUE,0.004547119140625,0.979827880859375,0.984375,0.0035552978515625,0.004547119140625,0.0027618408203125,0.0027618408203125,0.000743865966796875,0.000743865966796875
1314235231,gigel-si-raspandirea-vestilor/submissions/1314235231.java,java,50.0,BFS_DISTANCE_ARRAY,BFS_DISTANCE_ARRAY,probability_model,0.9296875,UNKNOWN,0.03173828125,0.89794921875,0.9296875,0.008056640625,0.01324462890625,0.005523681640625,0.008056640625,0.002960205078125,0.03173828125
1314235232,gigel-si-raspandirea-vestilor/submissions/1314235232.java,java,50.0,BFS_DISTANCE_ARRAY,BFS_DISTANCE_ARRAY,probability_model,0.9921875,BFS_LEVEL_ORDER_TIMER,0.003570556640625,0.988616943359375,0.9921875,0.003570556640625,0.0024566650390625,0.001312255859375,0.00148773193359375,0.00031280517578125,0.000453948974609375
1314235242,gigel-si-raspandirea-vestilor/submissions/1314235242.java,java,7.5,UNKNOWN,UNKNOWN,uncertain_unknown,0.98046875,BFS_DISTANCE_ARRAY,0.00848388671875,0.97198486328125,0.00848388671875,0.00167083740234375,0.00147247314453125,0.00201416015625,0.0035400390625,0.00201416015625,0.98046875
1314235254,gigel-si-raspandirea-vestilor/submissions/1314235254.java,java,50.0,BFS_DISTANCE_ARRAY,BFS_DISTANCE_ARRAY,probability_model,0.98828125,BFS_LEVEL_ORDER_TIMER,0.00457763671875,0.98370361328125,0.98828125,0.00457763671875,0.003143310546875,0.00148773193359375,0.002166748046875,0.000400543212890625,0.0002422332763671875
1314235257,gigel-si-raspandirea-vestilor/submissions/1314235257.cpp,cpp,50.0,BFS_DISTANCE_ARRAY,BFS_DISTANCE_ARRAY,probability_model,0.90234375,UNKNOWN,0.044921875,0.857421875,0.90234375,0.00885009765625,0.0166015625,0.00885009765625,0.0113525390625,0.00537109375,0.044921875
1314235258,gigel-si-raspandirea-vestilor/submissions/1314235258.cpp,cpp,22.5,BFS_DISTANCE_ARRAY,BFS_DISTANCE_ARRAY,probability_model,0.9921875,BFS_LEVEL_ORDER_TIMER,0.0031585693359375,0.9890289306640625,0.9921875,0.0031585693359375,0.002777099609375,0.0009613037109375,0.00115966796875,0.00042724609375,0.000354766845703125
1314235259,gigel-si-raspandirea-vestilor/submissions/1314235259.cpp,cpp,42.5,BFS_DISTANCE_ARRAY,BFS_DISTANCE_ARRAY,probability_model,0.98828125,BFS_EXPLICIT_TIME_IN_QUEUE,0.0031585693359375,0.9851226806640625,0.98828125,0.002166748046875,0.0031585693359375,0.001312255859375,0.00148773193359375,0.00054931640625,0.0012359619140625
1314235262,gigel-si-raspandirea-vestilor/submissions/1314235262.java,java,50.0,BFS_DISTANCE_ARRAY,BFS_DISTANCE_ARRAY,probability_model,0.494140625,BFS_LEVEL_ORDER_TIMER,0.181640625,0.3125,0.494140625,0.181640625,0.16015625,0.0245361328125,0.06689453125,0.014892578125,0.058837890625
1314235263,gigel-si-raspandirea-vestilor/submissions/1314235263.cpp,cpp,50.0,BFS_DISTANCE_ARRAY,BFS_DISTANCE_ARRAY,probability_model,0.98828125,BFS_EXPLICIT_TIME_IN_QUEUE,0.0024566650390625,0.9858245849609375,0.98828125,0.002166748046875,0.0024566650390625,0.0012359619140625,0.0019073486328125,0.000797271728515625,0.002166748046875
1314235277,gigel-si-raspandirea-vestilor/submissions/1314235277.cpp,cpp,42.5,BFS_DISTANCE_ARRAY,BFS_DISTANCE_ARRAY,probability_model,0.9921875,BFS_LEVEL_ORDER_TIMER,0.0031585693359375,0.9890289306640625,0.9921875,0.0031585693359375,0.0024566650390625,0.000904083251953125,0.00115966796875,0.000484466552734375,0.00031280517578125
1314235286,gigel-si-raspandirea-vestilor/submissions/1314235286.cpp,cpp,50.0,BFS_DISTANCE_ARRAY,BFS_DISTANCE_ARRAY,probability_model,0.59375,BFS_LEVEL_ORDER_TIMER,0.28125,0.3125,0.59375,0.28125,0.043212890625,0.01092529296875,0.026123046875,0.0096435546875,0.03369140625
1314235298,gigel-si-raspandirea-vestilor/submissions/1314235298.cpp,cpp,50.0,BFS_DISTANCE_ARRAY,BFS_DISTANCE_ARRAY,probability_model,0.9921875,BFS_LEVEL_ORDER_TIMER,0.002166748046875,0.990020751953125,0.9921875,0.002166748046875,0.00168609619140625,0.000850677490234375,0.00168609619140625,0.000583648681640625,0.001312255859375
1314235299,gigel-si-raspandirea-vestilor/submissions/1314235299.java,java,2.5,DIJKSTRA_UNIT_WEIGHT,UNKNOWN,uncertain_unknown,0.4375,UNKNOWN,0.30078125,0.13671875,0.046142578125,0.0191650390625,0.125,0.4375,0.05908203125,0.01318359375,0.30078125
1314235303,gigel-si-raspandirea-vestilor/submissions/1314235303.cpp,cpp,50.0,BFS_DISTANCE_ARRAY,BFS_DISTANCE_ARRAY,probability_model,0.9921875,BFS_LEVEL_ORDER_TIMER,0.003570556640625,0.988616943359375,0.9921875,0.003570556640625,0.0024566650390625,0.0009613037109375,0.001312255859375,0.000514984130859375,0.000293731689453125
1314235305,gigel-si-raspandirea-vestilor/submissions/1314235305.java,java,32.5,BFS_DISTANCE_ARRAY,BFS_DISTANCE_ARRAY,probability_model,0.953125,UNKNOWN,0.019775390625,0.933349609375,0.953125,0.00567626953125,0.00823974609375,0.004425048828125,0.00823974609375,0.0013427734375,0.019775390625
1314235309,gigel-si-raspandirea-vestilor/submissions/1314235309.cpp,cpp,50.0,BFS_DISTANCE_ARRAY,BFS_DISTANCE_ARRAY,probability_model,0.97265625,DFS_DEPTH_TRAVERSAL,0.007415771484375,0.965240478515625,0.97265625,0.00396728515625,0.0045166015625,0.0021209716796875,0.007415771484375,0.0018768310546875,0.007415771484375
1314235312,gigel-si-raspandirea-vestilor/submissions/1314235312.java,java,50.0,BFS_DISTANCE_ARRAY,BFS_DISTANCE_ARRAY,probability_model,0.98828125,BFS_EXPLICIT_TIME_IN_QUEUE,0.0040283203125,0.9842529296875,0.98828125,0.003143310546875,0.0040283203125,0.002166748046875,0.00244140625,0.000579833984375,0.000545501708984375
1314235316,gigel-si-raspandirea-vestilor/submissions/1314235316.cpp,cpp,50.0,BFS_DISTANCE_ARRAY,BFS_DISTANCE_ARRAY,probability_model,0.98828125,BFS_EXPLICIT_TIME_IN_QUEUE,0.002777099609375,0.985504150390625,0.98828125,0.0024566650390625,0.002777099609375,0.0012359619140625,0.00139617919921875,0.000621795654296875,0.00168609619140625
1314235324,gigel-si-raspandirea-vestilor/submissions/1314235324.java,java,2.5,BFS_DISTANCE_ARRAY,BFS_DISTANCE_ARRAY,probability_model,0.984375,BFS_EXPLICIT_TIME_IN_QUEUE,0.0040283203125,0.9803466796875,0.984375,0.0027618408203125,0.0040283203125,0.0021514892578125,0.0031280517578125,0.0015716552734375,0.0035400390625
1314235334,gigel-si-raspandirea-vestilor/submissions/1314235334.cpp,cpp,50.0,BFS_DISTANCE_ARRAY,BFS_DISTANCE_ARRAY,probability_model,0.984375,BFS_EXPLICIT_TIME_IN_QUEUE,0.0040283203125,0.9803466796875,0.984375,0.0031280517578125,0.0040283203125,0.0014801025390625,0.0021514892578125,0.0010833740234375,0.0035552978515625
1314235339,gigel-si-raspandirea-vestilor/submissions/1314235339.java,java,42.5,BFS_DISTANCE_ARRAY,BFS_DISTANCE_ARRAY,probability_model,0.99609375,BFS_LEVEL_ORDER_TIMER,0.001495361328125,0.994598388671875,0.99609375,0.001495361328125,0.00131988525390625,0.000621795654296875,0.00116729736328125,0.0004024505615234375,0.000484466552734375
1314235349,gigel-si-raspandirea-vestilor/submissions/1314235349.cpp,cpp,2.5,BFS_DISTANCE_ARRAY,BFS_DISTANCE_ARRAY,probability_model,0.6796875,BFS_LEVEL_ORDER_TIMER,0.171875,0.5078125,0.6796875,0.171875,0.07177734375,0.0181884765625,0.033935546875,0.008544921875,0.01416015625
1314235356,gigel-si-raspandirea-vestilor/submissions/1314235356.cpp,cpp,2.5,DFS_DEPTH_TRAVERSAL,DFS_DEPTH_TRAVERSAL,probability_model,0.8984375,BFS_EXPLICIT_TIME_IN_QUEUE,0.0272216796875,0.8712158203125,0.0113525390625,0.006866455078125,0.0272216796875,0.0164794921875,0.8984375,0.0113525390625,0.0272216796875
1314235363,gigel-si-raspandirea-vestilor/submissions/1314235363.java,java,50.0,BFS_DISTANCE_ARRAY,BFS_DISTANCE_ARRAY,probability_model,0.98046875,BFS_EXPLICIT_TIME_IN_QUEUE,0.005157470703125,0.975311279296875,0.98046875,0.004547119140625,0.005157470703125,0.00311279296875,0.003997802734375,0.001220703125,0.00189208984375
1314235376,gigel-si-raspandirea-vestilor/submissions/1314235376.cpp,cpp,50.0,BFS_DISTANCE_ARRAY,BFS_DISTANCE_ARRAY,probability_model,0.9921875,BFS_LEVEL_ORDER_TIMER,0.0024566650390625,0.9897308349609375,0.9921875,0.0024566650390625,0.0024566650390625,0.00115966796875,0.00115966796875,0.000484466552734375,0.00054931640625
1314235384,gigel-si-raspandirea-vestilor/submissions/1314235384.java,java,50.0,BFS_DISTANCE_ARRAY,BFS_DISTANCE_ARRAY,probability_model,0.9609375,UNKNOWN,0.013671875,0.947265625,0.9609375,0.0064697265625,0.00830078125,0.0034637451171875,0.0064697265625,0.002105712890625,0.013671875
1314235388,gigel-si-raspandirea-vestilor/submissions/1314235388.java,java,20.0,BFS_DISTANCE_ARRAY,BFS_DISTANCE_ARRAY,probability_model,0.8125,DFS_DEPTH_TRAVERSAL,0.0859375,0.7265625,0.8125,0.052001953125,0.0245361328125,0.00799560546875,0.0859375,0.0062255859375,0.009033203125
1314235408,gigel-si-raspandirea-vestilor/submissions/1314235408.cpp,cpp,15.0,BFS_DISTANCE_ARRAY,BFS_DISTANCE_ARRAY,probability_model,0.703125,BFS_LEVEL_ORDER_TIMER,0.1220703125,0.5810546875,0.703125,0.1220703125,0.0947265625,0.0186767578125,0.0308837890625,0.007781982421875,0.0240478515625
1314235416,gigel-si-raspandirea-vestilor/submissions/1314235416.java,java,42.5,BFS_DISTANCE_ARRAY,BFS_DISTANCE_ARRAY,probability_model,0.98828125,BFS_EXPLICIT_TIME_IN_QUEUE,0.0031585693359375,0.9851226806640625,0.98828125,0.002777099609375,0.0031585693359375,0.0010223388671875,0.00191497802734375,0.000453948974609375,0.000583648681640625
1314235444,gigel-si-raspandirea-vestilor/submissions/1314235444.java,java,2.5,UNKNOWN,UNKNOWN,uncertain_unknown,0.984375,BFS_DISTANCE_ARRAY,0.005859375,0.978515625,0.005859375,0.000843048095703125,0.000743865966796875,0.00115203857421875,0.0035552978515625,0.0017852783203125,0.984375
1314235448,gigel-si-raspandirea-vestilor/submissions/1314235448.cpp,cpp,50.0,BFS_DISTANCE_ARRAY,BFS_DISTANCE_ARRAY,probability_model,0.9921875,BFS_LEVEL_ORDER_TIMER,0.002166748046875,0.990020751953125,0.9921875,0.002166748046875,0.0016937255859375,0.00109100341796875,0.00115966796875,0.000621795654296875,0.000751495361328125
1314235452,gigel-si-raspandirea-vestilor/submissions/1314235452.cpp,cpp,17.5,BFS_EXPLICIT_TIME_IN_QUEUE,BFS_EXPLICIT_TIME_IN_QUEUE,probability_model,0.9140625,DIJKSTRA_UNIT_WEIGHT,0.045654296875,0.868408203125,0.03125,0.0032958984375,0.9140625,0.045654296875,0.00177001953125,0.000652313232421875,0.001373291015625
1314235460,gigel-si-raspandirea-vestilor/submissions/1314235460.java,java,22.5,BFS_DISTANCE_ARRAY,BFS_DISTANCE_ARRAY,probability_model,0.97265625,BFS_EXPLICIT_TIME_IN_QUEUE,0.009521484375,0.963134765625,0.97265625,0.006561279296875,0.009521484375,0.00396728515625,0.0030975341796875,0.00121307373046875,0.0018768310546875
1314235472,gigel-si-raspandirea-vestilor/submissions/1314235472.cpp,cpp,50.0,BFS_DISTANCE_ARRAY,BFS_DISTANCE_ARRAY,probability_model,0.9921875,BFS_LEVEL_ORDER_TIMER,0.002166748046875,0.990020751953125,0.9921875,0.002166748046875,0.002166748046875,0.00115966796875,0.00115966796875,0.00054931640625,0.000751495361328125
1314235474,gigel-si-raspandirea-vestilor/submissions/1314235474.java,java,2.5,BFS_DISTANCE_ARRAY,BFS_DISTANCE_ARRAY,probability_model,0.76953125,UNKNOWN,0.1337890625,0.6357421875,0.76953125,0.01409912109375,0.038330078125,0.010986328125,0.0263671875,0.005889892578125,0.1337890625
1314235475,gigel-si-raspandirea-vestilor/submissions/1314235475.cpp,cpp,2.5,DFS_DEPTH_TRAVERSAL,DFS_DEPTH_TRAVERSAL,probability_model,0.8203125,UNKNOWN,0.059326171875,0.760986328125,0.0361328125,0.01031494140625,0.0361328125,0.019287109375,0.8203125,0.019287109375,0.059326171875
1314235491,gigel-si-raspandirea-vestilor/submissions/1314235491.cpp,cpp,50.0,DIJKSTRA_UNIT_WEIGHT,DIJKSTRA_UNIT_WEIGHT,probability_model,0.640625,BFS_EXPLICIT_TIME_IN_QUEUE,0.162109375,0.478515625,0.04638671875,0.01708984375,0.162109375,0.640625,0.04638671875,0.0103759765625,0.07666015625
1314235513,gigel-si-raspandirea-vestilor/submissions/1314235513.java,java,50.0,BFS_DISTANCE_ARRAY,BFS_DISTANCE_ARRAY,probability_model,0.9921875,BFS_LEVEL_ORDER_TIMER,0.002777099609375,0.989410400390625,0.9921875,0.002777099609375,0.002777099609375,0.0010223388671875,0.00191497802734375,0.000453948974609375,0.000583648681640625
1314235515,gigel-si-raspandirea-vestilor/submissions/1314235515.java,java,22.5,BFS_DISTANCE_ARRAY,BFS_DISTANCE_ARRAY,probability_model,0.796875,DFS_DEPTH_TRAVERSAL,0.09521484375,0.70166015625,0.796875,0.0576171875,0.0272216796875,0.00885009765625,0.09521484375,0.00689697265625,0.0078125
1314235550,gigel-si-raspandirea-vestilor/submissions/1314235550.java,java,32.5,BFS_DISTANCE_ARRAY,BFS_DISTANCE_ARRAY,probability_model,0.90625,BFS_EXPLICIT_TIME_IN_QUEUE,0.031005859375,0.875244140625,0.90625,0.0146484375,0.031005859375,0.006927490234375,0.012939453125,0.0015411376953125,0.02734375
1314235574,gigel-si-raspandirea-vestilor/submissions/1314235574.java,java,22.5,BFS_DISTANCE_ARRAY,BFS_DISTANCE_ARRAY,probability_model,0.8125,DFS_DEPTH_TRAVERSAL,0.07568359375,0.73681640625,0.8125,0.058837890625,0.031494140625,0.009033203125,0.07568359375,0.00482177734375,0.0079345703125
1314235595,gigel-si-raspandirea-vestilor/submissions/1314235595.cpp,cpp,42.5,BFS_DISTANCE_ARRAY,BFS_DISTANCE_ARRAY,probability_model,0.98046875,BFS_LEVEL_ORDER_TIMER,0.005828857421875,0.974639892578125,0.98046875,0.005828857421875,0.005157470703125,0.0024261474609375,0.0031280517578125,0.00101470947265625,0.00189208984375
1314235604,gigel-si-raspandirea-vestilor/submissions/1314235604.cpp,cpp,50.0,BFS_EXPLICIT_TIME_IN_QUEUE,BFS_EXPLICIT_TIME_IN_QUEUE,probability_model,0.58984375,BFS_DISTANCE_ARRAY,0.359375,0.23046875,0.359375,0.013916015625,0.58984375,0.033447265625,0.00138092041015625,0.000446319580078125,0.000537872314453125
1314235608,gigel-si-raspandirea-vestilor/submissions/1314235608.cpp,cpp,50.0,BFS_DISTANCE_ARRAY,BFS_DISTANCE_ARRAY,probability_model,0.9921875,BFS_LEVEL_ORDER_TIMER,0.00191497802734375,0.9902725219726562,0.9921875,0.00191497802734375,0.00191497802734375,0.000904083251953125,0.00168609619140625,0.00054931640625,0.00115966796875
1314235627,gigel-si-raspandirea-vestilor/submissions/1314235627.cpp,cpp,50.0,BFS_DISTANCE_ARRAY,BFS_EXPLICIT_TIME_IN_QUEUE,manual_gold,0.50390625,BFS_EXPLICIT_TIME_IN_QUEUE,0.4453125,0.05859375,0.50390625,0.0081787109375,0.4453125,0.03662109375,0.002197265625,0.000591278076171875,0.001251220703125
1314235633,gigel-si-raspandirea-vestilor/submissions/1314235633.c,c,25.0,BFS_DISTANCE_ARRAY,BFS_DISTANCE_ARRAY,probability_model,0.6171875,BFS_EXPLICIT_TIME_IN_QUEUE,0.15625,0.4609375,0.6171875,0.034912109375,0.15625,0.034912109375,0.03955078125,0.0087890625,0.107421875
1314235642,gigel-si-raspandirea-vestilor/submissions/1314235642.java,java,22.5,BFS_DISTANCE_ARRAY,BFS_DISTANCE_ARRAY,probability_model,0.75,DFS_DEPTH_TRAVERSAL,0.06982421875,0.68017578125,0.75,0.0615234375,0.042236328125,0.01214599609375,0.06982421875,0.00946044921875,0.054443359375
1314235656,gigel-si-raspandirea-vestilor/submissions/1314235656.cpp,cpp,50.0,BFS_DISTANCE_ARRAY,BFS_DISTANCE_ARRAY,probability_model,0.9609375,DFS_DEPTH_TRAVERSAL,0.01068115234375,0.95025634765625,0.9609375,0.00732421875,0.0093994140625,0.00445556640625,0.01068115234375,0.00164031982421875,0.005706787109375
1314235665,gigel-si-raspandirea-vestilor/submissions/1314235665.java,java,2.5,DFS_DEPTH_TRAVERSAL,UNKNOWN,uncertain_unknown,0.6796875,UNKNOWN,0.25,0.4296875,0.01251220703125,0.006683349609375,0.01104736328125,0.01416015625,0.6796875,0.0233154296875,0.25
1314235671,gigel-si-raspandirea-vestilor/submissions/1314235671.c,c,25.0,BFS_DISTANCE_ARRAY,BFS_DISTANCE_ARRAY,probability_model,0.6015625,BFS_EXPLICIT_TIME_IN_QUEUE,0.134765625,0.466796875,0.6015625,0.072265625,0.134765625,0.030029296875,0.05615234375,0.01104736328125,0.0927734375
1314235683,gigel-si-raspandirea-vestilor/submissions/1314235683.cpp,cpp,2.5,BFS_DISTANCE_ARRAY,UNKNOWN,uncertain_unknown,0.4921875,UNKNOWN,0.263671875,0.228515625,0.4921875,0.0216064453125,0.10986328125,0.04052734375,0.058837890625,0.01312255859375,0.263671875
1314235705,gigel-si-raspandirea-vestilor/submissions/1314235705.java,java,50.0,BFS_DISTANCE_ARRAY,BFS_DISTANCE_ARRAY,probability_model,0.6015625,BFS_EXPLICIT_TIME_IN_QUEUE,0.322265625,0.279296875,0.6015625,0.01416015625,0.322265625,0.055908203125,0.0031585693359375,0.001312255859375,0.00191497802734375
1314235726,gigel-si-raspandirea-vestilor/submissions/1314235726.c,c,25.0,BFS_DISTANCE_ARRAY,BFS_DISTANCE_ARRAY,probability_model,0.87109375,DFS_DEPTH_TRAVERSAL,0.038330078125,0.832763671875,0.87109375,0.01806640625,0.023193359375,0.00970458984375,0.038330078125,0.005859375,0.03369140625
1314235764,gigel-si-raspandirea-vestilor/submissions/1314235764.java,java,7.5,UNKNOWN,UNKNOWN,uncertain_unknown,0.98828125,BFS_DISTANCE_ARRAY,0.00457763671875,0.98370361328125,0.00457763671875,0.00084686279296875,0.000797271728515625,0.00109100341796875,0.002166748046875,0.00109100341796875,0.98828125
1314235783,gigel-si-raspandirea-vestilor/submissions/1314235783.cpp,cpp,5.0,BFS_DISTANCE_ARRAY,BFS_DISTANCE_ARRAY,probability_model,0.421875,BFS_LEVEL_ORDER_TIMER,0.2890625,0.1328125,0.421875,0.2890625,0.05029296875,0.016357421875,0.0126953125,0.01055908203125,0.19921875
1314235820,gigel-si-raspandirea-vestilor/submissions/1314235820.java,java,22.5,BFS_DISTANCE_ARRAY,BFS_DISTANCE_ARRAY,probability_model,0.9921875,BFS_EXPLICIT_TIME_IN_QUEUE,0.002777099609375,0.989410400390625,0.9921875,0.002166748046875,0.002777099609375,0.001312255859375,0.00115966796875,0.000453948974609375,0.00109100341796875
1314235832,gigel-si-raspandirea-vestilor/submissions/1314235832.cpp,cpp,7.5,UNKNOWN,UNKNOWN,uncertain_unknown,0.396484375,BFS_DISTANCE_ARRAY,0.30859375,0.087890625,0.30859375,0.04736328125,0.060791015625,0.0286865234375,0.12890625,0.0286865234375,0.396484375
1314235846,gigel-si-raspandirea-vestilor/submissions/1314235846.java,java,2.5,UNKNOWN,UNKNOWN,uncertain_unknown,0.64453125,BFS_DISTANCE_ARRAY,0.1845703125,0.4599609375,0.1845703125,0.0250244140625,0.036376953125,0.01953125,0.0771484375,0.0118408203125,0.64453125
1314235847,gigel-si-raspandirea-vestilor/submissions/1314235847.java,java,2.5,DFS_DEPTH_TRAVERSAL,DFS_DEPTH_TRAVERSAL,probability_model,0.8515625,UNKNOWN,0.130859375,0.720703125,0.001983642578125,0.0014495849609375,0.00128173828125,0.004486083984375,0.8515625,0.00738525390625,0.130859375
1314235857,gigel-si-raspandirea-vestilor/submissions/1314235857.cpp,cpp,15.0,UNKNOWN,UNKNOWN,uncertain_unknown,0.443359375,DFS_DEPTH_TRAVERSAL,0.2099609375,0.2333984375,0.1845703125,0.036376953125,0.06005859375,0.0283203125,0.2099609375,0.036376953125,0.443359375
1314235860,gigel-si-raspandirea-vestilor/submissions/1314235860.cpp,cpp,2.5,BFS_DISTANCE_ARRAY,UNKNOWN,uncertain_unknown,0.333984375,BFS_LEVEL_ORDER_TIMER,0.333984375,0.0,0.333984375,0.333984375,0.07421875,0.018798828125,0.0213623046875,0.0166015625,0.2021484375
1314235873,gigel-si-raspandirea-vestilor/submissions/1314235873.cpp,cpp,50.0,BFS_DISTANCE_ARRAY,BFS_DISTANCE_ARRAY,probability_model,0.94140625,UNKNOWN,0.025146484375,0.916259765625,0.94140625,0.00634765625,0.0081787109375,0.0030059814453125,0.01190185546875,0.002197265625,0.025146484375
1314235877,gigel-si-raspandirea-vestilor/submissions/1314235877.java,java,32.5,DIJKSTRA_UNIT_WEIGHT,DIJKSTRA_UNIT_WEIGHT,probability_model,0.7421875,BFS_EXPLICIT_TIME_IN_QUEUE,0.0693359375,0.6728515625,0.02880859375,0.01544189453125,0.0693359375,0.7421875,0.06103515625,0.01361083984375,0.0693359375
1314235879,gigel-si-raspandirea-vestilor/submissions/1314235879.java,java,50.0,BFS_DISTANCE_ARRAY,BFS_DISTANCE_ARRAY,manual_gold,0.96484375,BFS_EXPLICIT_TIME_IN_QUEUE,0.01214599609375,0.95269775390625,0.96484375,0.00946044921875,0.01214599609375,0.00506591796875,0.00506591796875,0.00119781494140625,0.003936767578125
1314235884,gigel-si-raspandirea-vestilor/submissions/1314235884.cpp,cpp,50.0,BFS_DISTANCE_ARRAY,BFS_DISTANCE_ARRAY,probability_model,0.9921875,BFS_LEVEL_ORDER_TIMER,0.0027923583984375,0.9893951416015625,0.9921875,0.0027923583984375,0.00191497802734375,0.000904083251953125,0.00148773193359375,0.000484466552734375,0.000797271728515625
1314235898,gigel-si-raspandirea-vestilor/submissions/1314235898.cpp,cpp,50.0,BFS_LEVEL_ORDER_TIMER,BFS_LEVEL_ORDER_TIMER,probability_model,0.78515625,BFS_DISTANCE_ARRAY,0.13671875,0.6484375,0.13671875,0.78515625,0.02685546875,0.005279541015625,0.01434326171875,0.00872802734375,0.023681640625
1314235900,gigel-si-raspandirea-vestilor/submissions/1314235900.java,java,5.0,DFS_DEPTH_TRAVERSAL,UNKNOWN,uncertain_unknown,0.67578125,UNKNOWN,0.2490234375,0.4267578125,0.01092529296875,0.008544921875,0.0140380859375,0.01806640625,0.67578125,0.023193359375,0.2490234375
1314235909,gigel-si-raspandirea-vestilor/submissions/1314235909.cpp,cpp,2.5,UNKNOWN,UNKNOWN,uncertain_unknown,0.859375,DFS_DEPTH_TRAVERSAL,0.07958984375,0.77978515625,0.0294189453125,0.006561279296875,0.007415771484375,0.006561279296875,0.07958984375,0.01226806640625,0.859375
1314235923,gigel-si-raspandirea-vestilor/submissions/1314235923.java,java,5.0,UNKNOWN,UNKNOWN,uncertain_unknown,0.4375,DFS_DEPTH_TRAVERSAL,0.30078125,0.13671875,0.1611328125,0.0191650390625,0.024658203125,0.021728515625,0.30078125,0.035888671875,0.4375
1314235924,gigel-si-raspandirea-vestilor/submissions/1314235924.java,java,50.0,BFS_DISTANCE_ARRAY,BFS_DISTANCE_ARRAY,probability_model,0.9921875,BFS_LEVEL_ORDER_TIMER,0.00191497802734375,0.9902725219726562,0.9921875,0.00191497802734375,0.0016937255859375,0.0010223388671875,0.00131988525390625,0.000751495361328125,0.000751495361328125
1314235932,gigel-si-raspandirea-vestilor/submissions/1314235932.java,java,22.5,BFS_DISTANCE_ARRAY,BFS_DISTANCE_ARRAY,probability_model,0.63671875,DFS_DEPTH_TRAVERSAL,0.125,0.51171875,0.63671875,0.07568359375,0.05908203125,0.01495361328125,0.125,0.01318359375,0.07568359375
1314235944,gigel-si-raspandirea-vestilor/submissions/1314235944.java,java,50.0,BFS_DISTANCE_ARRAY,BFS_DISTANCE_ARRAY,probability_model,0.9609375,BFS_LEVEL_ORDER_TIMER,0.0093994140625,0.9515380859375,0.9609375,0.0093994140625,0.0093994140625,0.0034637451171875,0.00445556640625,0.0022430419921875,0.0093994140625
1314235945,gigel-si-raspandirea-vestilor/submissions/1314235945.java,java,50.0,BFS_DISTANCE_ARRAY,BFS_DISTANCE_ARRAY,probability_model,0.984375,BFS_LEVEL_ORDER_TIMER,0.00518798828125,0.97918701171875,0.984375,0.00518798828125,0.0035552978515625,0.001678466796875,0.0021514892578125,0.0006561279296875,0.0009002685546875
1314235955,gigel-si-raspandirea-vestilor/submissions/1314235955.java,java,50.0,BFS_DISTANCE_ARRAY,BFS_DISTANCE_ARRAY,probability_model,0.98828125,BFS_EXPLICIT_TIME_IN_QUEUE,0.004058837890625,0.984222412109375,0.98828125,0.003570556640625,0.004058837890625,0.000904083251953125,0.0010223388671875,0.0003757476806640625,0.0004253387451171875
1314235958,gigel-si-raspandirea-vestilor/submissions/1314235958.cpp,cpp,2.5,BFS_DISTANCE_ARRAY,BFS_DISTANCE_ARRAY,probability_model,0.80859375,BFS_EXPLICIT_TIME_IN_QUEUE,0.08544921875,0.72314453125,0.80859375,0.01153564453125,0.08544921875,0.0167236328125,0.0277099609375,0.00482177734375,0.045654296875
1314235965,gigel-si-raspandirea-vestilor/submissions/1314235965.cpp,cpp,5.0,BFS_DISTANCE_ARRAY,UNKNOWN,uncertain_unknown,0.455078125,BFS_LEVEL_ORDER_TIMER,0.21484375,0.240234375,0.455078125,0.21484375,0.0615234375,0.017578125,0.0225830078125,0.01373291015625,0.21484375
1314235968,gigel-si-raspandirea-vestilor/submissions/1314235968.java,java,50.0,DIJKSTRA_UNIT_WEIGHT,DIJKSTRA_UNIT_WEIGHT,manual_gold,0.78515625,BFS_EXPLICIT_TIME_IN_QUEUE,0.0732421875,0.7119140625,0.02685546875,0.014404296875,0.0732421875,0.78515625,0.05029296875,0.01123046875,0.0390625
1314235972,gigel-si-raspandirea-vestilor/submissions/1314235972.java,java,50.0,BFS_DISTANCE_ARRAY,BFS_DISTANCE_ARRAY,probability_model,0.9921875,BFS_LEVEL_ORDER_TIMER,0.0031585693359375,0.9890289306640625,0.9921875,0.0031585693359375,0.0024566650390625,0.0009613037109375,0.0012359619140625,0.000484466552734375,0.000331878662109375
1314235976,gigel-si-raspandirea-vestilor/submissions/1314235976.java,java,50.0,BFS_DISTANCE_ARRAY,BFS_DISTANCE_ARRAY,probability_model,0.9609375,BFS_EXPLICIT_TIME_IN_QUEUE,0.01556396484375,0.94537353515625,0.9609375,0.00946044921875,0.01556396484375,0.003936767578125,0.0057373046875,0.00106048583984375,0.001861572265625
1314235979,gigel-si-raspandirea-vestilor/submissions/1314235979.cpp,cpp,50.0,BFS_DISTANCE_ARRAY,BFS_DISTANCE_ARRAY,probability_model,0.98046875,BFS_EXPLICIT_TIME_IN_QUEUE,0.0096435546875,0.9708251953125,0.98046875,0.0027618408203125,0.0096435546875,0.0021514892578125,0.00189208984375,0.000423431396484375,0.00130462646484375
1314235992,gigel-si-raspandirea-vestilor/submissions/1314235992.java,java,25.0,BFS_DISTANCE_ARRAY,BFS_DISTANCE_ARRAY,probability_model,0.76171875,BFS_LEVEL_ORDER_TIMER,0.0908203125,0.6708984375,0.76171875,0.0908203125,0.04296875,0.01226806640625,0.048583984375,0.006591796875,0.037841796875
1314235996,gigel-si-raspandirea-vestilor/submissions/1314235996.java,java,50.0,BFS_DISTANCE_ARRAY,BFS_DISTANCE_ARRAY,probability_model,0.953125,BFS_EXPLICIT_TIME_IN_QUEUE,0.0224609375,0.9306640625,0.953125,0.00933837890625,0.0224609375,0.00567626953125,0.004425048828125,0.00081634521484375,0.0030364990234375
1314236026,gigel-si-raspandirea-vestilor/submissions/1314236026.java,java,2.5,UNKNOWN,UNKNOWN,uncertain_unknown,0.765625,DFS_DEPTH_TRAVERSAL,0.103515625,0.662109375,0.0625,0.015869140625,0.0179443359375,0.015869140625,0.103515625,0.0203857421875,0.765625
1314236051,gigel-si-raspandirea-vestilor/submissions/1314236051.java,java,50.0,BFS_DISTANCE_ARRAY,BFS_DISTANCE_ARRAY,probability_model,0.9453125,BFS_EXPLICIT_TIME_IN_QUEUE,0.0196533203125,0.9256591796875,0.9453125,0.017333984375,0.0196533203125,0.004974365234375,0.005645751953125,0.00133514404296875,0.003875732421875
1314236058,gigel-si-raspandirea-vestilor/submissions/1314236058.cpp,cpp,50.0,BFS_LEVEL_ORDER_TIMER,BFS_LEVEL_ORDER_TIMER,probability_model,0.78125,BFS_DISTANCE_ARRAY,0.1748046875,0.6064453125,0.1748046875,0.78125,0.0184326171875,0.004364013671875,0.01116943359375,0.004638671875,0.005279541015625
1314236096,gigel-si-raspandirea-vestilor/submissions/1314236096.cpp,cpp,50.0,BFS_EXPLICIT_TIME_IN_QUEUE,BFS_EXPLICIT_TIME_IN_QUEUE,probability_model,0.8515625,DIJKSTRA_UNIT_WEIGHT,0.0615234375,0.7900390625,0.054443359375,0.00506591796875,0.8515625,0.0615234375,0.003936767578125,0.002105712890625,0.022705078125
1314236164,gigel-si-raspandirea-vestilor/submissions/1314236164.java,java,2.5,UNKNOWN,UNKNOWN,uncertain_unknown,0.45703125,BFS_DISTANCE_ARRAY,0.35546875,0.1015625,0.35546875,0.033203125,0.03759765625,0.0201416015625,0.07958984375,0.015625,0.45703125
1314236166,gigel-si-raspandirea-vestilor/submissions/1314236166.java,java,50.0,BFS_DISTANCE_ARRAY,BFS_DISTANCE_ARRAY,probability_model,0.859375,UNKNOWN,0.0703125,0.7890625,0.859375,0.0157470703125,0.0201416015625,0.01080322265625,0.017822265625,0.006561279296875,0.0703125
1314236195,gigel-si-raspandirea-vestilor/submissions/1314236195.cpp,cpp,50.0,BFS_DISTANCE_ARRAY,BFS_LEVEL_ORDER_TIMER,manual_gold,0.455078125,BFS_LEVEL_ORDER_TIMER,0.40234375,0.052734375,0.455078125,0.40234375,0.054443359375,0.01068115234375,0.025634765625,0.01068115234375,0.042236328125
1314236269,gigel-si-raspandirea-vestilor/submissions/1314236269.java,java,2.5,BFS_DISTANCE_ARRAY,BFS_DISTANCE_ARRAY,probability_model,0.98046875,BFS_LEVEL_ORDER_TIMER,0.005828857421875,0.974639892578125,0.98046875,0.005828857421875,0.005126953125,0.00213623046875,0.003997802734375,0.00107574462890625,0.00213623046875
1314236270,gigel-si-raspandirea-vestilor/submissions/1314236270.cpp,cpp,50.0,BFS_DISTANCE_ARRAY,BFS_DISTANCE_ARRAY,probability_model,0.984375,BFS_EXPLICIT_TIME_IN_QUEUE,0.004547119140625,0.979827880859375,0.984375,0.0035552978515625,0.004547119140625,0.00130462646484375,0.0027618408203125,0.000698089599609375,0.0021514892578125
1314236285,gigel-si-raspandirea-vestilor/submissions/1314236285.java,java,20.0,BFS_DISTANCE_ARRAY,BFS_DISTANCE_ARRAY,probability_model,0.98828125,BFS_EXPLICIT_TIME_IN_QUEUE,0.0040283203125,0.9842529296875,0.98828125,0.0035552978515625,0.0040283203125,0.0021514892578125,0.00244140625,0.00051116943359375,0.000701904296875
1314236291,gigel-si-raspandirea-vestilor/submissions/1314236291.java,java,2.5,BFS_DISTANCE_ARRAY,BFS_DISTANCE_ARRAY,probability_model,0.953125,UNKNOWN,0.015380859375,0.937744140625,0.953125,0.00439453125,0.00726318359375,0.0038909912109375,0.0135498046875,0.0034332275390625,0.015380859375
1314236312,gigel-si-raspandirea-vestilor/submissions/1314236312.cpp,cpp,50.0,BFS_DISTANCE_ARRAY,BFS_DISTANCE_ARRAY,probability_model,0.9453125,UNKNOWN,0.03662109375,0.90869140625,0.9453125,0.00341796875,0.005615234375,0.002655029296875,0.00341796875,0.002197265625,0.03662109375
1314236322,gigel-si-raspandirea-vestilor/submissions/1314236322.java,java,5.0,UNKNOWN,UNKNOWN,uncertain_unknown,0.279296875,DFS_DEPTH_TRAVERSAL,0.2177734375,0.0615234375,0.0703125,0.042724609375,0.19140625,0.1689453125,0.2177734375,0.0294189453125,0.279296875
1314236348,gigel-si-raspandirea-vestilor/submissions/1314236348.java,java,27.5,BFS_DISTANCE_ARRAY,BFS_DISTANCE_ARRAY,probability_model,0.984375,BFS_LEVEL_ORDER_TIMER,0.006622314453125,0.977752685546875,0.984375,0.006622314453125,0.0031280517578125,0.0014801025390625,0.0027618408203125,0.000579833984375,0.0006561279296875
1314236365,gigel-si-raspandirea-vestilor/submissions/1314236365.cpp,cpp,50.0,BFS_DISTANCE_ARRAY,BFS_DISTANCE_ARRAY,probability_model,0.9921875,BFS_EXPLICIT_TIME_IN_QUEUE,0.002777099609375,0.989410400390625,0.9921875,0.0024566650390625,0.002777099609375,0.0015869140625,0.00115966796875,0.000659942626953125,0.000797271728515625
1314236367,gigel-si-raspandirea-vestilor/submissions/1314236367.java,java,10.0,DIJKSTRA_UNIT_WEIGHT,DIJKSTRA_UNIT_WEIGHT,probability_model,0.76953125,BFS_EXPLICIT_TIME_IN_QUEUE,0.1044921875,0.6650390625,0.01416015625,0.008544921875,0.1044921875,0.76953125,0.04931640625,0.008544921875,0.04345703125
1314236374,gigel-si-raspandirea-vestilor/submissions/1314236374.java,java,50.0,BFS_EXPLICIT_TIME_IN_QUEUE,BFS_EXPLICIT_TIME_IN_QUEUE,probability_model,0.78125,BFS_DISTANCE_ARRAY,0.1357421875,0.6455078125,0.1357421875,0.01263427734375,0.78125,0.06396484375,0.004638671875,0.00103759765625,0.00193023681640625
1314236378,gigel-si-raspandirea-vestilor/submissions/1314236378.cpp,cpp,50.0,BFS_EXPLICIT_TIME_IN_QUEUE,BFS_EXPLICIT_TIME_IN_QUEUE,probability_model,0.640625,BFS_DISTANCE_ARRAY,0.267578125,0.373046875,0.267578125,0.0103759765625,0.640625,0.06787109375,0.0031585693359375,0.00159454345703125,0.00714111328125
1314236412,gigel-si-raspandirea-vestilor/submissions/1314236412.java,java,5.0,BFS_DISTANCE_ARRAY,BFS_DISTANCE_ARRAY,probability_model,0.859375,UNKNOWN,0.048583984375,0.810791015625,0.859375,0.033447265625,0.020263671875,0.00958251953125,0.02294921875,0.005126953125,0.048583984375
1314236425,gigel-si-raspandirea-vestilor/submissions/1314236425.java,java,10.0,DIJKSTRA_UNIT_WEIGHT,DIJKSTRA_UNIT_WEIGHT,probability_model,0.7109375,BFS_EXPLICIT_TIME_IN_QUEUE,0.1396484375,0.5712890625,0.0167236328125,0.0101318359375,0.1396484375,0.7109375,0.058349609375,0.0069580078125,0.058349609375
1314236434,gigel-si-raspandirea-vestilor/submissions/1314236434.java,java,20.0,BFS_DISTANCE_ARRAY,BFS_DISTANCE_ARRAY,probability_model,0.9453125,UNKNOWN,0.0196533203125,0.9256591796875,0.9453125,0.006378173828125,0.01348876953125,0.006378173828125,0.005615234375,0.002197265625,0.0196533203125
1314236436,gigel-si-raspandirea-vestilor/submissions/1314236436.c,c,2.5,UNKNOWN,UNKNOWN,uncertain_unknown,0.3359375,BFS_DISTANCE_ARRAY,0.26171875,0.07421875,0.26171875,0.051513671875,0.06591796875,0.035400390625,0.2041015625,0.04541015625,0.3359375
1314236441,gigel-si-raspandirea-vestilor/submissions/1314236441.java,java,27.5,BFS_DISTANCE_ARRAY,BFS_DISTANCE_ARRAY,probability_model,0.80859375,UNKNOWN,0.140625,0.66796875,0.80859375,0.0079345703125,0.01019287109375,0.0079345703125,0.01904296875,0.00482177734375,0.140625
1314236442,gigel-si-raspandirea-vestilor/submissions/1314236442.java,java,5.0,DFS_DEPTH_TRAVERSAL,DFS_DEPTH_TRAVERSAL,probability_model,0.9375,UNKNOWN,0.031982421875,0.905517578125,0.007171630859375,0.0028076171875,0.0021820068359375,0.006317138671875,0.9375,0.01177978515625,0.031982421875
1314236445,gigel-si-raspandirea-vestilor/submissions/1314236445.java,java,50.0,BFS_DISTANCE_ARRAY,BFS_DISTANCE_ARRAY,probability_model,0.984375,BFS_LEVEL_ORDER_TIMER,0.005157470703125,0.979217529296875,0.984375,0.005157470703125,0.0035552978515625,0.0014801025390625,0.0031280517578125,0.000843048095703125,0.001678466796875
1314236456,gigel-si-raspandirea-vestilor/submissions/1314236456.java,java,35.0,BFS_EXPLICIT_TIME_IN_QUEUE,BFS_EXPLICIT_TIME_IN_QUEUE,probability_model,0.447265625,DIJKSTRA_UNIT_WEIGHT,0.306640625,0.140625,0.01190185546875,0.01190185546875,0.447265625,0.306640625,0.028564453125,0.0081787109375,0.1865234375
1314236462,gigel-si-raspandirea-vestilor/submissions/1314236462.java,java,7.5,BFS_DISTANCE_ARRAY,BFS_DISTANCE_ARRAY,probability_model,0.984375,BFS_EXPLICIT_TIME_IN_QUEUE,0.004547119140625,0.979827880859375,0.984375,0.0040283203125,0.004547119140625,0.0021514892578125,0.00244140625,0.00079345703125,0.00122833251953125
1314236477,gigel-si-raspandirea-vestilor/submissions/1314236477.java,java,50.0,BFS_DISTANCE_ARRAY,BFS_DISTANCE_ARRAY,probability_model,0.96875,BFS_EXPLICIT_TIME_IN_QUEUE,0.0107421875,0.9580078125,0.96875,0.00836181640625,0.0107421875,0.003082275390625,0.0057373046875,0.00164794921875,0.0034942626953125
1314236479,gigel-si-raspandirea-vestilor/submissions/1314236479.java,java,27.5,BFS_DISTANCE_ARRAY,BFS_DISTANCE_ARRAY,probability_model,0.98828125,BFS_EXPLICIT_TIME_IN_QUEUE,0.00457763671875,0.98370361328125,0.98828125,0.003143310546875,0.00457763671875,0.0019073486328125,0.0021514892578125,0.000743865966796875,0.0010833740234375
1314236492,gigel-si-raspandirea-vestilor/submissions/1314236492.java,java,42.5,BFS_DISTANCE_ARRAY,BFS_DISTANCE_ARRAY,probability_model,0.97265625,BFS_EXPLICIT_TIME_IN_QUEUE,0.0084228515625,0.9642333984375,0.97265625,0.005096435546875,0.0084228515625,0.003509521484375,0.004486083984375,0.0018768310546875,0.005096435546875
1314236499,gigel-si-raspandirea-vestilor/submissions/1314236499.java,java,50.0,BFS_DISTANCE_ARRAY,BFS_DISTANCE_ARRAY,probability_model,0.9921875,BFS_LEVEL_ORDER_TIMER,0.0024566650390625,0.9897308349609375,0.9921875,0.0024566650390625,0.00148773193359375,0.00140380859375,0.00168609619140625,0.000621795654296875,0.000514984130859375
1314236508,gigel-si-raspandirea-vestilor/submissions/1314236508.java,java,5.0,UNKNOWN,UNKNOWN,uncertain_unknown,0.498046875,DIJKSTRA_UNIT_WEIGHT,0.2080078125,0.2900390625,0.0595703125,0.028076171875,0.09814453125,0.2080078125,0.08642578125,0.0218505859375,0.498046875
1314236510,gigel-si-raspandirea-vestilor/submissions/1314236510.c,c,32.5,BFS_DISTANCE_ARRAY,BFS_DISTANCE_ARRAY,probability_model,0.53515625,DFS_DEPTH_TRAVERSAL,0.1357421875,0.3994140625,0.53515625,0.08203125,0.09326171875,0.0341796875,0.1357421875,0.026611328125,0.09326171875
1314236513,gigel-si-raspandirea-vestilor/submissions/1314236513.java,java,50.0,BFS_DISTANCE_ARRAY,BFS_DISTANCE_ARRAY,probability_model,0.984375,BFS_LEVEL_ORDER_TIMER,0.004547119140625,0.979827880859375,0.984375,0.004547119140625,0.0040283203125,0.0021514892578125,0.0040283203125,0.000896453857421875,0.00167083740234375
1314236525,gigel-si-raspandirea-vestilor/submissions/1314236525.java,java,27.5,BFS_DISTANCE_ARRAY,BFS_DISTANCE_ARRAY,probability_model,0.9921875,BFS_LEVEL_ORDER_TIMER,0.002777099609375,0.989410400390625,0.9921875,0.002777099609375,0.00191497802734375,0.00109100341796875,0.00191497802734375,0.000659942626953125,0.000659942626953125
1314236531,gigel-si-raspandirea-vestilor/submissions/1314236531.cpp,cpp,50.0,BFS_DISTANCE_ARRAY,BFS_DISTANCE_ARRAY,probability_model,0.97265625,BFS_EXPLICIT_TIME_IN_QUEUE,0.0084228515625,0.9642333984375,0.97265625,0.0045166015625,0.0084228515625,0.0030975341796875,0.0045166015625,0.00128936767578125,0.005096435546875
1314236535,gigel-si-raspandirea-vestilor/submissions/1314236535.java,java,5.0,UNKNOWN,UNKNOWN,uncertain_unknown,0.34765625,BFS_DISTANCE_ARRAY,0.26953125,0.078125,0.26953125,0.0284423828125,0.0284423828125,0.01953125,0.26953125,0.03662109375,0.34765625
1314236543,gigel-si-raspandirea-vestilor/submissions/1314236543.cpp,cpp,50.0,DIJKSTRA_UNIT_WEIGHT,DIJKSTRA_UNIT_WEIGHT,probability_model,0.65234375,UNKNOWN,0.1279296875,0.5244140625,0.047119140625,0.0196533203125,0.08837890625,0.65234375,0.047119140625,0.017333984375,0.1279296875
1314236554,gigel-si-raspandirea-vestilor/submissions/1314236554.java,java,2.5,UNKNOWN,UNKNOWN,uncertain_unknown,0.91015625,DFS_DEPTH_TRAVERSAL,0.05126953125,0.85888671875,0.0189208984375,0.00372314453125,0.00421142578125,0.00421142578125,0.05126953125,0.00787353515625,0.91015625
1314236584,gigel-si-raspandirea-vestilor/submissions/1314236584.java,java,50.0,BFS_DISTANCE_ARRAY,BFS_DISTANCE_ARRAY,probability_model,0.98828125,BFS_LEVEL_ORDER_TIMER,0.003570556640625,0.984710693359375,0.98828125,0.003570556640625,0.003570556640625,0.00139617919921875,0.00168609619140625,0.000400543212890625,0.0003528594970703125
1314236586,gigel-si-raspandirea-vestilor/submissions/1314236586.java,java,50.0,BFS_DISTANCE_ARRAY,BFS_DISTANCE_ARRAY,probability_model,0.98828125,BFS_EXPLICIT_TIME_IN_QUEUE,0.0035552978515625,0.9847259521484375,0.98828125,0.003143310546875,0.0035552978515625,0.00148773193359375,0.002166748046875,0.00061798095703125,0.001312255859375
1314236610,gigel-si-raspandirea-vestilor/submissions/1314236610.java,java,27.5,BFS_DISTANCE_ARRAY,UNKNOWN,uncertain_unknown,0.65625,UNKNOWN,0.2734375,0.3828125,0.65625,0.01361083984375,0.01361083984375,0.01202392578125,0.0224609375,0.007293701171875,0.2734375
1314236627,gigel-si-raspandirea-vestilor/submissions/1314236627.cpp,cpp,50.0,BFS_DISTANCE_ARRAY,BFS_DISTANCE_ARRAY,probability_model,0.9375,BFS_EXPLICIT_TIME_IN_QUEUE,0.0172119140625,0.9202880859375,0.9375,0.01513671875,0.0172119140625,0.006317138671875,0.0172119140625,0.0021820068359375,0.00433349609375
1314236640,gigel-si-raspandirea-vestilor/submissions/1314236640.java,java,27.5,BFS_DISTANCE_ARRAY,BFS_DISTANCE_ARRAY,probability_model,0.9765625,BFS_EXPLICIT_TIME_IN_QUEUE,0.0084228515625,0.9681396484375,0.9765625,0.005126953125,0.0084228515625,0.00311279296875,0.00311279296875,0.0011444091796875,0.00274658203125
1314236682,gigel-si-raspandirea-vestilor/submissions/1314236682.java,java,50.0,BFS_DISTANCE_ARRAY,BFS_DISTANCE_ARRAY,probability_model,0.99609375,BFS_LEVEL_ORDER_TIMER,0.001495361328125,0.994598388671875,0.99609375,0.001495361328125,0.00080108642578125,0.000621795654296875,0.00131988525390625,0.0004863739013671875,0.0004863739013671875
1314236708,gigel-si-raspandirea-vestilor/submissions/1314236708.java,java,7.5,BFS_DISTANCE_ARRAY,BFS_DISTANCE_ARRAY,probability_model,0.57421875,BFS_LEVEL_ORDER_TIMER,0.2392578125,0.3349609375,0.57421875,0.2392578125,0.11328125,0.0196533203125,0.0252685546875,0.005645751953125,0.022216796875
1314236734,gigel-si-raspandirea-vestilor/submissions/1314236734.java,java,42.5,BFS_DISTANCE_ARRAY,BFS_DISTANCE_ARRAY,probability_model,0.83984375,UNKNOWN,0.11376953125,0.72607421875,0.83984375,0.00933837890625,0.011962890625,0.00823974609375,0.011962890625,0.005645751953125,0.11376953125
1314236782,gigel-si-raspandirea-vestilor/submissions/1314236782.java,java,27.5,BFS_DISTANCE_ARRAY,BFS_DISTANCE_ARRAY,probability_model,0.9609375,BFS_LEVEL_ORDER_TIMER,0.01373291015625,0.94720458984375,0.9609375,0.01373291015625,0.01373291015625,0.0034637451171875,0.00445556640625,0.00119781494140625,0.00164031982421875
1314236833,gigel-si-raspandirea-vestilor/submissions/1314236833.cpp,cpp,10.0,BFS_DISTANCE_ARRAY,BFS_DISTANCE_ARRAY,probability_model,0.67578125,BFS_LEVEL_ORDER_TIMER,0.2490234375,0.4267578125,0.67578125,0.2490234375,0.038330078125,0.005859375,0.01806640625,0.0029449462890625,0.008544921875
1314236875,gigel-si-raspandirea-vestilor/submissions/1314236875.cpp,cpp,2.5,UNKNOWN,UNKNOWN,uncertain_unknown,0.984375,DFS_DEPTH_TRAVERSAL,0.005859375,0.978515625,0.004547119140625,0.00130462646484375,0.00130462646484375,0.00189971923828125,0.005859375,0.0021514892578125,0.984375
1314236888,gigel-si-raspandirea-vestilor/submissions/1314236888.cpp,cpp,50.0,BFS_EXPLICIT_TIME_IN_QUEUE,BFS_EXPLICIT_TIME_IN_QUEUE,probability_model,0.8671875,DIJKSTRA_UNIT_WEIGHT,0.0712890625,0.7958984375,0.048828125,0.005859375,0.8671875,0.0712890625,0.0027618408203125,0.0014801025390625,0.002288818359375
1314236900,gigel-si-raspandirea-vestilor/submissions/1314236900.java,java,2.5,UNKNOWN,UNKNOWN,uncertain_unknown,0.84765625,DIJKSTRA_UNIT_WEIGHT,0.08935546875,0.75830078125,0.00830078125,0.0064697265625,0.01556396484375,0.08935546875,0.01556396484375,0.01556396484375,0.84765625
1314236905,gigel-si-raspandirea-vestilor/submissions/1314236905.java,java,2.5,DIJKSTRA_UNIT_WEIGHT,UNKNOWN,uncertain_unknown,0.58984375,UNKNOWN,0.2451171875,0.3447265625,0.0201416015625,0.01385498046875,0.07958984375,0.58984375,0.03759765625,0.01385498046875,0.2451171875
1314236937,gigel-si-raspandirea-vestilor/submissions/1314236937.java,java,50.0,DIJKSTRA_UNIT_WEIGHT,DIJKSTRA_UNIT_WEIGHT,probability_model,0.7109375,UNKNOWN,0.10888671875,0.60205078125,0.0242919921875,0.011474609375,0.08447265625,0.7109375,0.05126953125,0.0101318359375,0.10888671875
1314236939,gigel-si-raspandirea-vestilor/submissions/1314236939.cpp,cpp,50.0,BFS_DISTANCE_ARRAY,BFS_DISTANCE_ARRAY,probability_model,0.59765625,BFS_EXPLICIT_TIME_IN_QUEUE,0.283203125,0.314453125,0.59765625,0.0205078125,0.283203125,0.0556640625,0.012451171875,0.002960205078125,0.0263671875
1314236957,gigel-si-raspandirea-vestilor/submissions/1314236957.java,java,25.0,DIJKSTRA_UNIT_WEIGHT,DIJKSTRA_UNIT_WEIGHT,probability_model,0.8359375,UNKNOWN,0.060302734375,0.775634765625,0.0081787109375,0.0072021484375,0.047119140625,0.8359375,0.03662109375,0.006378173828125,0.060302734375
1314236976,gigel-si-raspandirea-vestilor/submissions/1314236976.java,java,25.0,DIJKSTRA_UNIT_WEIGHT,DIJKSTRA_UNIT_WEIGHT,probability_model,0.828125,UNKNOWN,0.0771484375,0.7509765625,0.007171630859375,0.006317138671875,0.046630859375,0.828125,0.0283203125,0.006317138671875,0.0771484375
1314236984,gigel-si-raspandirea-vestilor/submissions/1314236984.java,java,5.0,BFS_DISTANCE_ARRAY,BFS_DISTANCE_ARRAY,probability_model,0.64453125,BFS_EXPLICIT_TIME_IN_QUEUE,0.14453125,0.5,0.64453125,0.068359375,0.14453125,0.036376953125,0.052978515625,0.01043701171875,0.041259765625
1314236987,gigel-si-raspandirea-vestilor/submissions/1314236987.cpp,cpp,50.0,BFS_DISTANCE_ARRAY,BFS_DISTANCE_ARRAY,probability_model,0.58984375,BFS_LEVEL_ORDER_TIMER,0.216796875,0.373046875,0.58984375,0.216796875,0.07958984375,0.0201416015625,0.04248046875,0.015625,0.03759765625
1314237002,gigel-si-raspandirea-vestilor/submissions/1314237002.java,java,42.5,BFS_DISTANCE_ARRAY,BFS_DISTANCE_ARRAY,probability_model,0.97265625,BFS_LEVEL_ORDER_TIMER,0.01080322265625,0.96185302734375,0.97265625,0.01080322265625,0.0074462890625,0.002410888671875,0.00396728515625,0.000946044921875,0.000782012939453125
1314237025,gigel-si-raspandirea-vestilor/submissions/1314237025.java,java,2.5,BFS_DISTANCE_ARRAY,BFS_DISTANCE_ARRAY,probability_model,0.984375,BFS_LEVEL_ORDER_TIMER,0.004547119140625,0.979827880859375,0.984375,0.004547119140625,0.004547119140625,0.00115203857421875,0.0040283203125,0.00037384033203125,0.000423431396484375
1314237026,gigel-si-raspandirea-vestilor/submissions/1314237026.java,java,42.5,BFS_DISTANCE_ARRAY,BFS_DISTANCE_ARRAY,probability_model,0.66796875,BFS_LEVEL_ORDER_TIMER,0.19140625,0.4765625,0.66796875,0.19140625,0.07958984375,0.01385498046875,0.02587890625,0.005096435546875,0.017822265625
1314237032,gigel-si-raspandirea-vestilor/submissions/1314237032.java,java,2.5,UNKNOWN,UNKNOWN,uncertain_unknown,0.734375,DFS_DEPTH_TRAVERSAL,0.1279296875,0.6064453125,0.068359375,0.0152587890625,0.017333984375,0.0152587890625,0.1279296875,0.0196533203125,0.734375
1314237057,gigel-si-raspandirea-vestilor/submissions/1314237057.cpp,cpp,2.5,UNKNOWN,UNKNOWN,uncertain_unknown,0.96875,BFS_DISTANCE_ARRAY,0.01214599609375,0.95660400390625,0.01214599609375,0.00225830078125,0.0021209716796875,0.0023956298828125,0.0107421875,0.003082275390625,0.96875
1314237059,gigel-si-raspandirea-vestilor/submissions/1314237059.java,java,2.5,UNKNOWN,UNKNOWN,uncertain_unknown,0.8203125,DFS_DEPTH_TRAVERSAL,0.08642578125,0.73388671875,0.046142578125,0.01031494140625,0.01031494140625,0.01171875,0.08642578125,0.0150146484375,0.8203125
1314237086,gigel-si-raspandirea-vestilor/submissions/1314237086.java,java,15.0,DFS_DEPTH_TRAVERSAL,UNKNOWN,uncertain_unknown,0.703125,UNKNOWN,0.2275390625,0.4755859375,0.0164794921875,0.007781982421875,0.010009765625,0.0128173828125,0.703125,0.0240478515625,0.2275390625
1314237106,gigel-si-raspandirea-vestilor/submissions/1314237106.java,java,25.0,DIJKSTRA_UNIT_WEIGHT,DIJKSTRA_UNIT_WEIGHT,probability_model,0.83984375,BFS_EXPLICIT_TIME_IN_QUEUE,0.060791015625,0.779052734375,0.01055908203125,0.00823974609375,0.060791015625,0.83984375,0.032470703125,0.00640869140625,0.041748046875
1314237134,gigel-si-raspandirea-vestilor/submissions/1314237134.java,java,42.5,BFS_DISTANCE_ARRAY,BFS_DISTANCE_ARRAY,probability_model,0.796875,UNKNOWN,0.138671875,0.658203125,0.796875,0.01007080078125,0.018798828125,0.0113525390625,0.0166015625,0.00689697265625,0.138671875
1314237137,gigel-si-raspandirea-vestilor/submissions/1314237137.cpp,cpp,2.5,DFS_DEPTH_TRAVERSAL,DFS_DEPTH_TRAVERSAL,probability_model,0.8828125,UNKNOWN,0.09326171875,0.78955078125,0.0052490234375,0.0020599365234375,0.0016021728515625,0.004638671875,0.8828125,0.0086669921875,0.09326171875
1314237157,gigel-si-raspandirea-vestilor/submissions/1314237157.cpp,cpp,50.0,BFS_DISTANCE_ARRAY,BFS_DISTANCE_ARRAY,probability_model,0.9921875,BFS_EXPLICIT_TIME_IN_QUEUE,0.0027923583984375,0.9893951416015625,0.9921875,0.002166748046875,0.0027923583984375,0.00148773193359375,0.00115966796875,0.00042724609375,0.000377655029296875
1314237163,gigel-si-raspandirea-vestilor/submissions/1314237163.java,java,2.5,UNKNOWN,UNKNOWN,uncertain_unknown,0.8125,DFS_DEPTH_TRAVERSAL,0.09716796875,0.71533203125,0.04052734375,0.01025390625,0.0115966796875,0.0115966796875,0.09716796875,0.014892578125,0.8125
1314237179,gigel-si-raspandirea-vestilor/submissions/1314237179.cpp,cpp,2.5,UNKNOWN,UNKNOWN,uncertain_unknown,0.984375,BFS_DISTANCE_ARRAY,0.005157470703125,0.979217529296875,0.005157470703125,0.0013885498046875,0.00122833251953125,0.001678466796875,0.005157470703125,0.0021514892578125,0.984375
1314237212,gigel-si-raspandirea-vestilor/submissions/1314237212.java,java,2.5,DIJKSTRA_UNIT_WEIGHT,UNKNOWN,uncertain_unknown,0.66015625,UNKNOWN,0.2431640625,0.4169921875,0.005035400390625,0.005035400390625,0.05419921875,0.66015625,0.0225830078125,0.01068115234375,0.2431640625
1314237229,gigel-si-raspandirea-vestilor/submissions/1314237229.java,java,50.0,BFS_DISTANCE_ARRAY,BFS_DISTANCE_ARRAY,probability_model,0.83984375,UNKNOWN,0.0888671875,0.7509765625,0.83984375,0.01055908203125,0.025390625,0.01055908203125,0.019775390625,0.0038909912109375,0.0888671875
1314237230,gigel-si-raspandirea-vestilor/submissions/1314237230.cpp,cpp,50.0,BFS_DISTANCE_ARRAY,BFS_DISTANCE_ARRAY,probability_model,0.95703125,BFS_EXPLICIT_TIME_IN_QUEUE,0.0255126953125,0.9315185546875,0.95703125,0.006439208984375,0.0255126953125,0.006439208984375,0.004425048828125,0.00067901611328125,0.0005645751953125
1314237236,gigel-si-raspandirea-vestilor/submissions/1314237236.java,java,2.5,UNKNOWN,UNKNOWN,uncertain_unknown,0.90234375,DFS_DEPTH_TRAVERSAL,0.051025390625,0.851318359375,0.0240478515625,0.00537109375,0.004730224609375,0.004730224609375,0.051025390625,0.00689697265625,0.90234375
1314237254,gigel-si-raspandirea-vestilor/submissions/1314237254.java,java,2.5,UNKNOWN,UNKNOWN,uncertain_unknown,0.95703125,BFS_DISTANCE_ARRAY,0.0174560546875,0.9395751953125,0.0174560546875,0.002685546875,0.002685546875,0.002685546875,0.01544189453125,0.003448486328125,0.95703125
1314237278,gigel-si-raspandirea-vestilor/submissions/1314237278.c,c,17.5,BFS_DISTANCE_ARRAY,BFS_DISTANCE_ARRAY,probability_model,0.55859375,BFS_EXPLICIT_TIME_IN_QUEUE,0.205078125,0.353515625,0.55859375,0.0216064453125,0.205078125,0.03564453125,0.031494140625,0.0079345703125,0.140625
1314237287,gigel-si-raspandirea-vestilor/submissions/1314237287.java,java,50.0,BFS_DISTANCE_ARRAY,BFS_DISTANCE_ARRAY,probability_model,0.96875,BFS_EXPLICIT_TIME_IN_QUEUE,0.01385498046875,0.95489501953125,0.96875,0.007415771484375,0.01385498046875,0.003082275390625,0.0034942626953125,0.000732421875,0.000732421875
1314237290,gigel-si-raspandirea-vestilor/submissions/1314237290.java,java,5.0,BFS_DISTANCE_ARRAY,UNKNOWN,uncertain_unknown,0.53515625,UNKNOWN,0.32421875,0.2109375,0.53515625,0.01422119140625,0.020751953125,0.0125732421875,0.08203125,0.0125732421875,0.32421875
1314237315,gigel-si-raspandirea-vestilor/submissions/1314237315.cpp,cpp,2.5,UNKNOWN,UNKNOWN,uncertain_unknown,0.98828125,BFS_DISTANCE_ARRAY,0.003143310546875,0.985137939453125,0.003143310546875,0.00084686279296875,0.000797271728515625,0.00115966796875,0.002777099609375,0.00148773193359375,0.98828125
1314237336,gigel-si-raspandirea-vestilor/submissions/1314237336.java,java,50.0,BFS_DISTANCE_ARRAY,BFS_DISTANCE_ARRAY,probability_model,0.8359375,UNKNOWN,0.11279296875,0.72314453125,0.8359375,0.0081787109375,0.0196533203125,0.010498046875,0.010498046875,0.004119873046875,0.11279296875
1314237345,gigel-si-raspandirea-vestilor/submissions/1314237345.java,java,45.0,BFS_DISTANCE_ARRAY,BFS_DISTANCE_ARRAY,probability_model,0.93359375,BFS_EXPLICIT_TIME_IN_QUEUE,0.0361328125,0.8974609375,0.93359375,0.0133056640625,0.0361328125,0.007110595703125,0.007110595703125,0.0012359619140625,0.00262451171875
1314237378,gigel-si-raspandirea-vestilor/submissions/1314237378.c,c,25.0,BFS_DISTANCE_ARRAY,BFS_DISTANCE_ARRAY,probability_model,0.921875,BFS_EXPLICIT_TIME_IN_QUEUE,0.02783203125,0.89404296875,0.921875,0.01904296875,0.02783203125,0.00701904296875,0.01312255859375,0.00274658203125,0.01019287109375
1314237386,gigel-si-raspandirea-vestilor/submissions/1314237386.java,java,7.5,UNKNOWN,UNKNOWN,uncertain_unknown,0.9921875,BFS_DISTANCE_ARRAY,0.003570556640625,0.988616943359375,0.003570556640625,0.0007476806640625,0.000659942626953125,0.00109100341796875,0.002166748046875,0.0012359619140625,0.9921875
1314237393,gigel-si-raspandirea-vestilor/submissions/1314237393.java,java,50.0,BFS_DISTANCE_ARRAY,BFS_DISTANCE_ARRAY,probability_model,0.66796875,UNKNOWN,0.09033203125,0.57763671875,0.66796875,0.042724609375,0.07958984375,0.02587890625,0.07958984375,0.01385498046875,0.09033203125
1314237425,gigel-si-raspandirea-vestilor/submissions/1314237425.cpp,cpp,2.5,UNKNOWN,UNKNOWN,uncertain_unknown,0.83984375,DFS_DEPTH_TRAVERSAL,0.08837890625,0.75146484375,0.0286865234375,0.00823974609375,0.01055908203125,0.00933837890625,0.08837890625,0.015380859375,0.83984375
1314237494,gigel-si-raspandirea-vestilor/submissions/1314237494.cpp,cpp,37.5,BFS_DISTANCE_ARRAY,BFS_DISTANCE_ARRAY,probability_model,0.98046875,BFS_EXPLICIT_TIME_IN_QUEUE,0.006622314453125,0.973846435546875,0.98046875,0.0027618408203125,0.006622314453125,0.0021514892578125,0.0035400390625,0.00115203857421875,0.0027618408203125
1314237500,gigel-si-raspandirea-vestilor/submissions/1314237500.java,java,2.5,UNKNOWN,UNKNOWN,uncertain_unknown,0.79296875,DFS_DEPTH_TRAVERSAL,0.1767578125,0.6162109375,0.00604248046875,0.003448486328125,0.002685546875,0.004730224609375,0.1767578125,0.0128173828125,0.79296875
1314237537,gigel-si-raspandirea-vestilor/submissions/1314237537.java,java,50.0,DIJKSTRA_UNIT_WEIGHT,DIJKSTRA_UNIT_WEIGHT,probability_model,0.76953125,BFS_EXPLICIT_TIME_IN_QUEUE,0.11767578125,0.65185546875,0.007537841796875,0.00518798828125,0.11767578125,0.76953125,0.02978515625,0.008544921875,0.06298828125
1314237563,gigel-si-raspandirea-vestilor/submissions/1314237563.c,c,25.0,BFS_DISTANCE_ARRAY,BFS_DISTANCE_ARRAY,probability_model,0.9140625,BFS_EXPLICIT_TIME_IN_QUEUE,0.0400390625,0.8740234375,0.9140625,0.0147705078125,0.0400390625,0.006988525390625,0.0147705078125,0.0019989013671875,0.00787353515625
1314237573,gigel-si-raspandirea-vestilor/submissions/1314237573.cpp,cpp,2.5,BFS_DISTANCE_ARRAY,UNKNOWN,uncertain_unknown,0.578125,UNKNOWN,0.2734375,0.3046875,0.578125,0.047607421875,0.037109375,0.01202392578125,0.0419921875,0.00933837890625,0.2734375
1314237613,gigel-si-raspandirea-vestilor/submissions/1314237613.c,c,25.0,BFS_DISTANCE_ARRAY,BFS_DISTANCE_ARRAY,probability_model,0.921875,BFS_EXPLICIT_TIME_IN_QUEUE,0.03564453125,0.88623046875,0.921875,0.016845703125,0.03564453125,0.006195068359375,0.01312255859375,0.0015716552734375,0.005462646484375
1314237626,gigel-si-raspandirea-vestilor/submissions/1314237626.cpp,cpp,10.0,BFS_DISTANCE_ARRAY,UNKNOWN,uncertain_unknown,0.56640625,UNKNOWN,0.2080078125,0.3583984375,0.56640625,0.031982421875,0.142578125,0.02490234375,0.0194091796875,0.007110595703125,0.2080078125
1314237648,gigel-si-raspandirea-vestilor/submissions/1314237648.java,java,50.0,BFS_DISTANCE_ARRAY,BFS_DISTANCE_ARRAY,probability_model,0.9921875,BFS_LEVEL_ORDER_TIMER,0.0024566650390625,0.9897308349609375,0.9921875,0.0024566650390625,0.001800537109375,0.00115966796875,0.0009613037109375,0.000583648681640625,0.000751495361328125
1314237654,gigel-si-raspandirea-vestilor/submissions/1314237654.cpp,cpp,10.0,BFS_DISTANCE_ARRAY,UNKNOWN,uncertain_unknown,0.5390625,UNKNOWN,0.2255859375,0.3134765625,0.5390625,0.030517578125,0.1552734375,0.0269775390625,0.014404296875,0.007232666015625,0.2255859375
1314237660,gigel-si-raspandirea-vestilor/submissions/1314237660.cpp,cpp,42.5,BFS_DISTANCE_ARRAY,BFS_DISTANCE_ARRAY,probability_model,0.9921875,BFS_EXPLICIT_TIME_IN_QUEUE,0.0024566650390625,0.9897308349609375,0.9921875,0.002166748046875,0.0024566650390625,0.00115966796875,0.00168609619140625,0.000621795654296875,0.001312255859375
1314237697,gigel-si-raspandirea-vestilor/submissions/1314237697.cpp,cpp,42.5,BFS_DISTANCE_ARRAY,BFS_DISTANCE_ARRAY,probability_model,0.9921875,BFS_EXPLICIT_TIME_IN_QUEUE,0.004058837890625,0.988128662109375,0.9921875,0.00191497802734375,0.004058837890625,0.001312255859375,0.0009613037109375,0.000400543212890625,0.000797271728515625
1314237733,gigel-si-raspandirea-vestilor/submissions/1314237733.cpp,cpp,7.5,BFS_DISTANCE_ARRAY,BFS_DISTANCE_ARRAY,probability_model,0.72265625,UNKNOWN,0.1826171875,0.5400390625,0.72265625,0.01031494140625,0.03173828125,0.0150146484375,0.0279541015625,0.01031494140625,0.1826171875
1314237749,gigel-si-raspandirea-vestilor/submissions/1314237749.cpp,cpp,2.5,UNKNOWN,UNKNOWN,uncertain_unknown,0.98828125,BFS_DISTANCE_ARRAY,0.0035552978515625,0.9847259521484375,0.0035552978515625,0.00115966796875,0.0010833740234375,0.00139617919921875,0.0035552978515625,0.00168609619140625,0.98828125
1314237763,gigel-si-raspandirea-vestilor/submissions/1314237763.cpp,cpp,10.0,BFS_DISTANCE_ARRAY,BFS_DISTANCE_ARRAY,probability_model,0.68359375,UNKNOWN,0.134765625,0.548828125,0.68359375,0.03857421875,0.10498046875,0.01611328125,0.01611328125,0.004913330078125,0.134765625
1314237779,gigel-si-raspandirea-vestilor/submissions/1314237779.java,java,2.5,UNKNOWN,UNKNOWN,uncertain_unknown,0.9296875,DIJKSTRA_UNIT_WEIGHT,0.03173828125,0.89794921875,0.0037994384765625,0.0037994384765625,0.00909423828125,0.03173828125,0.01171875,0.01031494140625,0.9296875
1314237792,gigel-si-raspandirea-vestilor/submissions/1314237792.java,java,47.5,DIJKSTRA_UNIT_WEIGHT,DIJKSTRA_UNIT_WEIGHT,probability_model,0.75390625,BFS_EXPLICIT_TIME_IN_QUEUE,0.115234375,0.638671875,0.00946044921875,0.00836181640625,0.115234375,0.75390625,0.04248046875,0.00946044921875,0.061767578125
1314237793,gigel-si-raspandirea-vestilor/submissions/1314237793.cpp,cpp,10.0,BFS_DISTANCE_ARRAY,UNKNOWN,uncertain_unknown,0.40625,UNKNOWN,0.359375,0.046875,0.40625,0.042724609375,0.1162109375,0.0260009765625,0.037841796875,0.01226806640625,0.359375
1314237799,gigel-si-raspandirea-vestilor/submissions/1314237799.cpp,cpp,2.5,UNKNOWN,UNKNOWN,uncertain_unknown,0.9765625,DFS_DEPTH_TRAVERSAL,0.007476806640625,0.969085693359375,0.005828857421875,0.0016632080078125,0.0016632080078125,0.00201416015625,0.007476806640625,0.00311279296875,0.9765625
1314237823,gigel-si-raspandirea-vestilor/submissions/1314237823.java,java,2.5,UNKNOWN,UNKNOWN,uncertain_unknown,0.98046875,BFS_DISTANCE_ARRAY,0.007476806640625,0.972991943359375,0.007476806640625,0.00167083740234375,0.00147247314453125,0.00189208984375,0.006591796875,0.00167083740234375,0.98046875
1314237840,gigel-si-raspandirea-vestilor/submissions/1314237840.java,java,50.0,BFS_DISTANCE_ARRAY,BFS_DISTANCE_ARRAY,probability_model,0.9921875,BFS_LEVEL_ORDER_TIMER,0.002166748046875,0.990020751953125,0.9921875,0.002166748046875,0.0016937255859375,0.00131988525390625,0.001495361328125,0.00054931640625,0.000484466552734375
1314238913,gigel-si-raspandirea-vestilor/submissions/1314238913.java,java,50.0,BFS_DISTANCE_ARRAY,BFS_DISTANCE_ARRAY,manual_gold,0.98046875,UNKNOWN,0.006622314453125,0.973846435546875,0.98046875,0.00189208984375,0.0031280517578125,0.00115203857421875,0.004547119140625,0.00095367431640625,0.006622314453125
1314255019,gigel-si-raspandirea-vestilor/submissions/1314255019.java,java,2.5,BFS_DISTANCE_ARRAY,BFS_DISTANCE_ARRAY,probability_model,0.9140625,UNKNOWN,0.045654296875,0.868408203125,0.9140625,0.00897216796875,0.0079345703125,0.0037384033203125,0.0147705078125,0.0037384033203125,0.045654296875
1322777673,gigel-si-raspandirea-vestilor/submissions/1322777673.cpp,cpp,2.5,UNKNOWN,UNKNOWN,uncertain_unknown,0.859375,BFS_DISTANCE_ARRAY,0.062255859375,0.797119140625,0.062255859375,0.009521484375,0.01226806640625,0.01385498046875,0.033203125,0.01080322265625,0.859375
1322778548,gigel-si-raspandirea-vestilor/submissions/1322778548.cpp,cpp,2.5,UNKNOWN,UNKNOWN,uncertain_unknown,0.7109375,DFS_DEPTH_TRAVERSAL,0.158203125,0.552734375,0.051513671875,0.01470947265625,0.021484375,0.0167236328125,0.158203125,0.0274658203125,0.7109375
1322780144,gigel-si-raspandirea-vestilor/submissions/1322780144.cpp,cpp,50.0,BFS_DISTANCE_ARRAY,BFS_DISTANCE_ARRAY,probability_model,0.984375,BFS_LEVEL_ORDER_TIMER,0.005859375,0.978515625,0.984375,0.005859375,0.005157470703125,0.001678466796875,0.00189971923828125,0.00061798095703125,0.00061798095703125
1323069970,gigel-si-raspandirea-vestilor/submissions/1323069970.cpp,cpp,50.0,BFS_DISTANCE_ARRAY,BFS_DISTANCE_ARRAY,probability_model,0.984375,BFS_LEVEL_ORDER_TIMER,0.005157470703125,0.979217529296875,0.984375,0.005157470703125,0.004547119140625,0.0021514892578125,0.0031280517578125,0.000896453857421875,0.0014801025390625
1323070091,gigel-si-raspandirea-vestilor/submissions/1323070091.cpp,cpp,50.0,BFS_DISTANCE_ARRAY,BFS_DISTANCE_ARRAY,probability_model,0.9921875,BFS_EXPLICIT_TIME_IN_QUEUE,0.0027923583984375,0.9893951416015625,0.9921875,0.0016937255859375,0.0027923583984375,0.0010223388671875,0.000705718994140625,0.000354766845703125,0.000797271728515625
1323070196,gigel-si-raspandirea-vestilor/submissions/1323070196.cpp,cpp,50.0,BFS_DISTANCE_ARRAY,BFS_DISTANCE_ARRAY,probability_model,0.9921875,DFS_DEPTH_TRAVERSAL,0.002166748046875,0.990020751953125,0.9921875,0.00168609619140625,0.00191497802734375,0.00115966796875,0.002166748046875,0.000797271728515625,0.00168609619140625
1323070433,gigel-si-raspandirea-vestilor/submissions/1323070433.cpp,cpp,50.0,BFS_DISTANCE_ARRAY,BFS_DISTANCE_ARRAY,probability_model,0.90625,UNKNOWN,0.045166015625,0.861083984375,0.90625,0.012939453125,0.0166015625,0.00787353515625,0.006103515625,0.00421142578125,0.045166015625
1323070691,gigel-si-raspandirea-vestilor/submissions/1323070691.cpp,cpp,50.0,BFS_DISTANCE_ARRAY,BFS_DISTANCE_ARRAY,probability_model,0.92578125,UNKNOWN,0.035888671875,0.889892578125,0.92578125,0.00799560546875,0.01324462890625,0.005523681640625,0.00799560546875,0.002777099609375,0.035888671875
1323071406,gigel-si-raspandirea-vestilor/submissions/1323071406.cpp,cpp,50.0,BFS_DISTANCE_ARRAY,BFS_DISTANCE_ARRAY,probability_model,0.9765625,UNKNOWN,0.00848388671875,0.96807861328125,0.9765625,0.00274658203125,0.003997802734375,0.00188446044921875,0.0035247802734375,0.0012969970703125,0.00848388671875
1323071613,gigel-si-raspandirea-vestilor/submissions/1323071613.java,java,50.0,BFS_LEVEL_ORDER_TIMER,BFS_LEVEL_ORDER_TIMER,probability_model,0.609375,BFS_DISTANCE_ARRAY,0.326171875,0.283203125,0.326171875,0.609375,0.0302734375,0.007659912109375,0.01263427734375,0.005279541015625,0.0086669921875
1323071814,gigel-si-raspandirea-vestilor/submissions/1323071814.cpp,cpp,50.0,BFS_DISTANCE_ARRAY,BFS_DISTANCE_ARRAY,probability_model,0.9921875,BFS_LEVEL_ORDER_TIMER,0.00191497802734375,0.9902725219726562,0.9921875,0.00191497802734375,0.0016937255859375,0.00131988525390625,0.00131988525390625,0.000583648681640625,0.000850677490234375
1323072209,gigel-si-raspandirea-vestilor/submissions/1323072209.cpp,cpp,50.0,BFS_DISTANCE_ARRAY,BFS_DISTANCE_ARRAY,manual_gold,0.70703125,UNKNOWN,0.2294921875,0.4775390625,0.70703125,0.011474609375,0.01007080078125,0.006927490234375,0.0274658203125,0.006134033203125,0.2294921875
1323072525,gigel-si-raspandirea-vestilor/submissions/1323072525.cpp,cpp,50.0,BFS_DISTANCE_ARRAY,BFS_DISTANCE_ARRAY,probability_model,0.98828125,BFS_EXPLICIT_TIME_IN_QUEUE,0.002777099609375,0.985504150390625,0.98828125,0.0024566650390625,0.002777099609375,0.00168609619140625,0.002166748046875,0.0009613037109375,0.00157928466796875
1323076254,gigel-si-raspandirea-vestilor/submissions/1323076254.cpp,cpp,50.0,BFS_DISTANCE_ARRAY,BFS_DISTANCE_ARRAY,probability_model,0.98046875,BFS_EXPLICIT_TIME_IN_QUEUE,0.004547119140625,0.975921630859375,0.98046875,0.003997802734375,0.004547119140625,0.00177764892578125,0.0031280517578125,0.000896453857421875,0.003997802734375
1323089769,gigel-si-raspandirea-vestilor/submissions/1323089769.cpp,cpp,17.5,FLOYD_WARSHALL,FLOYD_WARSHALL,probability_model,0.859375,UNKNOWN,0.1318359375,0.7275390625,0.001556396484375,0.000942230224609375,0.002410888671875,0.0030975341796875,0.0021209716796875,0.859375,0.1318359375
1323090456,gigel-si-raspandirea-vestilor/submissions/1323090456.cpp,cpp,17.5,FLOYD_WARSHALL,FLOYD_WARSHALL,probability_model,0.91015625,UNKNOWN,0.08447265625,0.82568359375,0.00136566162109375,0.000606536865234375,0.001129150390625,0.001983642578125,0.00154876708984375,0.91015625,0.08447265625
1323318859,gigel-si-raspandirea-vestilor/submissions/1323318859.java,java,50.0,BFS_DISTANCE_ARRAY,BFS_DISTANCE_ARRAY,probability_model,0.96875,DFS_DEPTH_TRAVERSAL,0.01080322265625,0.95794677734375,0.96875,0.00653076171875,0.00653076171875,0.003082275390625,0.01080322265625,0.00113677978515625,0.00186920166015625
1323337411,gigel-si-raspandirea-vestilor/submissions/1323337411.cpp,cpp,22.5,BFS_DISTANCE_ARRAY,BFS_DISTANCE_ARRAY,probability_model,0.9765625,BFS_EXPLICIT_TIME_IN_QUEUE,0.006561279296875,0.970001220703125,0.9765625,0.003997802734375,0.006561279296875,0.00188446044921875,0.00579833984375,0.00188446044921875,0.005126953125
1323341310,gigel-si-raspandirea-vestilor/submissions/1323341310.cpp,cpp,32.5,DIJKSTRA_UNIT_WEIGHT,DIJKSTRA_UNIT_WEIGHT,probability_model,0.90625,BFS_EXPLICIT_TIME_IN_QUEUE,0.039794921875,0.866455078125,0.006103515625,0.005401611328125,0.039794921875,0.90625,0.012939453125,0.0037078857421875,0.024169921875
1323341340,gigel-si-raspandirea-vestilor/submissions/1323341340.cpp,cpp,50.0,DIJKSTRA_UNIT_WEIGHT,DIJKSTRA_UNIT_WEIGHT,probability_model,0.90625,BFS_EXPLICIT_TIME_IN_QUEUE,0.039794921875,0.866455078125,0.00537109375,0.0047607421875,0.039794921875,0.90625,0.012939453125,0.004180908203125,0.02734375
1323362228,gigel-si-raspandirea-vestilor/submissions/1323362228.java,java,42.5,BFS_DISTANCE_ARRAY,BFS_DISTANCE_ARRAY,probability_model,0.98046875,BFS_LEVEL_ORDER_TIMER,0.007476806640625,0.972991943359375,0.98046875,0.007476806640625,0.005126953125,0.00274658203125,0.0035247802734375,0.00101470947265625,0.001220703125
1323362255,gigel-si-raspandirea-vestilor/submissions/1323362255.java,java,50.0,BFS_DISTANCE_ARRAY,BFS_DISTANCE_ARRAY,probability_model,0.9765625,BFS_LEVEL_ORDER_TIMER,0.00958251953125,0.96697998046875,0.9765625,0.00958251953125,0.005126953125,0.00311279296875,0.0035247802734375,0.0011444091796875,0.00156402587890625
1323367417,gigel-si-raspandirea-vestilor/submissions/1323367417.java,java,50.0,BFS_DISTANCE_ARRAY,BFS_DISTANCE_ARRAY,probability_model,0.95703125,BFS_EXPLICIT_TIME_IN_QUEUE,0.0155029296875,0.9415283203125,0.95703125,0.0120849609375,0.0155029296875,0.00390625,0.0064697265625,0.0013580322265625,0.00185394287109375
1323368348,gigel-si-raspandirea-vestilor/submissions/1323368348.java,java,50.0,BFS_DISTANCE_ARRAY,BFS_DISTANCE_ARRAY,probability_model,0.984375,BFS_LEVEL_ORDER_TIMER,0.005157470703125,0.979217529296875,0.984375,0.005157470703125,0.0040283203125,0.001678466796875,0.0035552978515625,0.000545501708984375,0.0004520416259765625
1323374345,gigel-si-raspandirea-vestilor/submissions/1323374345.cpp,cpp,50.0,BFS_DISTANCE_ARRAY,BFS_DISTANCE_ARRAY,probability_model,0.98828125,BFS_EXPLICIT_TIME_IN_QUEUE,0.003570556640625,0.984710693359375,0.98828125,0.002166748046875,0.003570556640625,0.001312255859375,0.00148773193359375,0.000583648681640625,0.001312255859375
1323383937,gigel-si-raspandirea-vestilor/submissions/1323383937.cpp,cpp,50.0,BFS_DISTANCE_ARRAY,BFS_DISTANCE_ARRAY,probability_model,0.984375,BFS_EXPLICIT_TIME_IN_QUEUE,0.0040283203125,0.9803466796875,0.984375,0.0035552978515625,0.0040283203125,0.0021514892578125,0.00189971923828125,0.00079345703125,0.00244140625
1323387300,gigel-si-raspandirea-vestilor/submissions/1323387300.cpp,cpp,50.0,BFS_DISTANCE_ARRAY,BFS_DISTANCE_ARRAY,probability_model,0.98046875,BFS_LEVEL_ORDER_TIMER,0.007476806640625,0.972991943359375,0.98046875,0.007476806640625,0.007476806640625,0.0024261474609375,0.00167083740234375,0.000652313232421875,0.000949859619140625
1323394547,gigel-si-raspandirea-vestilor/submissions/1323394547.cpp,cpp,50.0,BFS_DISTANCE_ARRAY,BFS_DISTANCE_ARRAY,probability_model,0.9921875,BFS_EXPLICIT_TIME_IN_QUEUE,0.0024566650390625,0.9897308349609375,0.9921875,0.00191497802734375,0.0024566650390625,0.00109100341796875,0.00191497802734375,0.000583648681640625,0.000514984130859375
1323404453,gigel-si-raspandirea-vestilor/submissions/1323404453.cpp,cpp,50.0,BFS_DISTANCE_ARRAY,BFS_DISTANCE_ARRAY,probability_model,0.9765625,BFS_EXPLICIT_TIME_IN_QUEUE,0.00848388671875,0.96807861328125,0.9765625,0.0045166015625,0.00848388671875,0.00311279296875,0.00274658203125,0.000949859619140625,0.00189208984375
1323404639,gigel-si-raspandirea-vestilor/submissions/1323404639.cpp,cpp,50.0,BFS_DISTANCE_ARRAY,BFS_DISTANCE_ARRAY,probability_model,0.9921875,BFS_EXPLICIT_TIME_IN_QUEUE,0.0024566650390625,0.9897308349609375,0.9921875,0.00191497802734375,0.0024566650390625,0.0012359619140625,0.001312255859375,0.000621795654296875,0.00109100341796875
1323414183,gigel-si-raspandirea-vestilor/submissions/1323414183.java,java,50.0,BFS_DISTANCE_ARRAY,BFS_DISTANCE_ARRAY,probability_model,0.9921875,BFS_LEVEL_ORDER_TIMER,0.002166748046875,0.990020751953125,0.9921875,0.002166748046875,0.0016937255859375,0.0012359619140625,0.00140380859375,0.00054931640625,0.000514984130859375
1323416039,gigel-si-raspandirea-vestilor/submissions/1323416039.java,java,50.0,BFS_DISTANCE_ARRAY,BFS_DISTANCE_ARRAY,probability_model,0.98046875,BFS_LEVEL_ORDER_TIMER,0.005828857421875,0.974639892578125,0.98046875,0.005828857421875,0.005126953125,0.00189208984375,0.0035247802734375,0.00107574462890625,0.0035247802734375
1323417365,gigel-si-raspandirea-vestilor/submissions/1323417365.cpp,cpp,50.0,BFS_DISTANCE_ARRAY,BFS_DISTANCE_ARRAY,probability_model,0.984375,BFS_LEVEL_ORDER_TIMER,0.005157470703125,0.979217529296875,0.984375,0.005157470703125,0.005157470703125,0.0021514892578125,0.0021514892578125,0.000843048095703125,0.00167083740234375
1323417597,gigel-si-raspandirea-vestilor/submissions/1323417597.cpp,cpp,7.5,BFS_DISTANCE_ARRAY,BFS_DISTANCE_ARRAY,probability_model,0.921875,UNKNOWN,0.0458984375,0.8759765625,0.921875,0.0054931640625,0.007049560546875,0.004852294921875,0.01025390625,0.003326416015625,0.0458984375
1323417646,gigel-si-raspandirea-vestilor/submissions/1323417646.cpp,cpp,5.0,BFS_DISTANCE_ARRAY,BFS_DISTANCE_ARRAY,probability_model,0.91015625,UNKNOWN,0.05126953125,0.85888671875,0.91015625,0.006134033203125,0.00787353515625,0.006134033203125,0.01300048828125,0.005401611328125,0.05126953125
1323417725,gigel-si-raspandirea-vestilor/submissions/1323417725.cpp,cpp,42.5,BFS_DISTANCE_ARRAY,BFS_DISTANCE_ARRAY,probability_model,0.9765625,BFS_EXPLICIT_TIME_IN_QUEUE,0.005828857421875,0.970733642578125,0.9765625,0.0045166015625,0.005828857421875,0.00213623046875,0.003997802734375,0.0011444091796875,0.003997802734375
1323417757,gigel-si-raspandirea-vestilor/submissions/1323417757.cpp,cpp,42.5,BFS_DISTANCE_ARRAY,BFS_DISTANCE_ARRAY,probability_model,0.98046875,BFS_EXPLICIT_TIME_IN_QUEUE,0.005157470703125,0.975311279296875,0.98046875,0.0035400390625,0.005157470703125,0.0021514892578125,0.003997802734375,0.001220703125,0.0035400390625
1323417873,gigel-si-raspandirea-vestilor/submissions/1323417873.cpp,cpp,42.5,BFS_DISTANCE_ARRAY,BFS_DISTANCE_ARRAY,probability_model,0.96484375,UNKNOWN,0.01214599609375,0.95269775390625,0.96484375,0.00506591796875,0.007354736328125,0.0030670166015625,0.0057373046875,0.001861572265625,0.01214599609375
1323418038,gigel-si-raspandirea-vestilor/submissions/1323418038.cpp,cpp,50.0,BFS_DISTANCE_ARRAY,BFS_DISTANCE_ARRAY,probability_model,0.95703125,UNKNOWN,0.01544189453125,0.94158935546875,0.95703125,0.0050048828125,0.007293701171875,0.00390625,0.0093994140625,0.002685546875,0.01544189453125
1323418248,gigel-si-raspandirea-vestilor/submissions/1323418248.java,java,50.0,BFS_EXPLICIT_TIME_IN_QUEUE,BFS_EXPLICIT_TIME_IN_QUEUE,probability_model,0.86328125,DIJKSTRA_UNIT_WEIGHT,0.10302734375,0.76025390625,0.015869140625,0.004547119140625,0.86328125,0.10302734375,0.005828857421875,0.0022735595703125,0.004547119140625
1323418517,gigel-si-raspandirea-vestilor/submissions/1323418517.cpp,cpp,50.0,BFS_DISTANCE_ARRAY,BFS_DISTANCE_ARRAY,probability_model,0.98046875,BFS_EXPLICIT_TIME_IN_QUEUE,0.005828857421875,0.974639892578125,0.98046875,0.003997802734375,0.005828857421875,0.0021514892578125,0.0031280517578125,0.00095367431640625,0.0021514892578125
1323422729,gigel-si-raspandirea-vestilor/submissions/1323422729.java,java,50.0,BFS_DISTANCE_ARRAY,BFS_DISTANCE_ARRAY,probability_model,0.91796875,BFS_EXPLICIT_TIME_IN_QUEUE,0.052001953125,0.865966796875,0.91796875,0.01019287109375,0.052001953125,0.0115966796875,0.00482177734375,0.001220703125,0.000652313232421875
1323423564,gigel-si-raspandirea-vestilor/submissions/1323423564.cpp,cpp,50.0,BFS_DISTANCE_ARRAY,BFS_DISTANCE_ARRAY,probability_model,0.98828125,BFS_LEVEL_ORDER_TIMER,0.0031585693359375,0.9851226806640625,0.98828125,0.0031585693359375,0.002777099609375,0.001312255859375,0.001312255859375,0.000453948974609375,0.000904083251953125
1323425914,gigel-si-raspandirea-vestilor/submissions/1323425914.java,java,50.0,BFS_DISTANCE_ARRAY,BFS_DISTANCE_ARRAY,probability_model,0.984375,BFS_EXPLICIT_TIME_IN_QUEUE,0.004547119140625,0.979827880859375,0.984375,0.0040283203125,0.004547119140625,0.0021514892578125,0.0031280517578125,0.000896453857421875,0.00115203857421875
1323426552,gigel-si-raspandirea-vestilor/submissions/1323426552.java,java,50.0,BFS_DISTANCE_ARRAY,BFS_DISTANCE_ARRAY,probability_model,0.9921875,BFS_EXPLICIT_TIME_IN_QUEUE,0.002777099609375,0.989410400390625,0.9921875,0.00191497802734375,0.002777099609375,0.001312255859375,0.002166748046875,0.00054931640625,0.000701904296875
1323426984,gigel-si-raspandirea-vestilor/submissions/1323426984.cpp,cpp,50.0,BFS_DISTANCE_ARRAY,BFS_DISTANCE_ARRAY,probability_model,0.99609375,BFS_EXPLICIT_TIME_IN_QUEUE,0.0016937255859375,0.9944000244140625,0.99609375,0.001495361328125,0.0016937255859375,0.00080108642578125,0.000518798828125,0.000244140625,0.0002155303955078125
1323431388,gigel-si-raspandirea-vestilor/submissions/1323431388.java,java,37.5,BFS_LEVEL_ORDER_TIMER,BFS_LEVEL_ORDER_TIMER,probability_model,0.51171875,BFS_DISTANCE_ARRAY,0.3515625,0.16015625,0.3515625,0.51171875,0.07861328125,0.01202392578125,0.0198974609375,0.00830078125,0.017578125
1323431398,gigel-si-raspandirea-vestilor/submissions/1323431398.java,java,42.5,BFS_LEVEL_ORDER_TIMER,BFS_LEVEL_ORDER_TIMER,probability_model,0.5703125,BFS_DISTANCE_ARRAY,0.26953125,0.30078125,0.26953125,0.5703125,0.060302734375,0.013427734375,0.0284423828125,0.01519775390625,0.04150390625
1323432019,gigel-si-raspandirea-vestilor/submissions/1323432019.cpp,cpp,50.0,BFS_DISTANCE_ARRAY,BFS_DISTANCE_ARRAY,probability_model,0.95703125,UNKNOWN,0.01544189453125,0.94158935546875,0.95703125,0.004425048828125,0.00933837890625,0.0050048828125,0.007293701171875,0.0030364990234375,0.01544189453125
1323432143,gigel-si-raspandirea-vestilor/submissions/1323432143.java,java,5.0,BFS_DISTANCE_ARRAY,BFS_DISTANCE_ARRAY,probability_model,0.984375,BFS_LEVEL_ORDER_TIMER,0.005828857421875,0.978546142578125,0.984375,0.005828857421875,0.005157470703125,0.00244140625,0.0027618408203125,0.000743865966796875,0.000614166259765625
1323432225,gigel-si-raspandirea-vestilor/submissions/1323432225.java,java,50.0,BFS_DISTANCE_ARRAY,BFS_DISTANCE_ARRAY,probability_model,0.98828125,BFS_LEVEL_ORDER_TIMER,0.003570556640625,0.984710693359375,0.98828125,0.003570556640625,0.003570556640625,0.00148773193359375,0.00168609619140625,0.000583648681640625,0.0003528594970703125
1323432881,gigel-si-raspandirea-vestilor/submissions/1323432881.java,java,5.0,DFS_DEPTH_TRAVERSAL,UNKNOWN,uncertain_unknown,0.65234375,UNKNOWN,0.30859375,0.34375,0.011962890625,0.004119873046875,0.003021240234375,0.00726318359375,0.65234375,0.011962890625,0.30859375
1323433091,gigel-si-raspandirea-vestilor/submissions/1323433091.cpp,cpp,2.5,UNKNOWN,UNKNOWN,uncertain_unknown,0.9140625,BFS_DISTANCE_ARRAY,0.04541015625,0.86865234375,0.04541015625,0.004791259765625,0.00543212890625,0.004791259765625,0.021484375,0.0037384033203125,0.9140625
1323433112,gigel-si-raspandirea-vestilor/submissions/1323433112.java,java,50.0,BFS_DISTANCE_ARRAY,BFS_DISTANCE_ARRAY,probability_model,0.98046875,BFS_EXPLICIT_TIME_IN_QUEUE,0.007476806640625,0.972991943359375,0.98046875,0.005828857421875,0.007476806640625,0.00274658203125,0.0024261474609375,0.000949859619140625,0.00138092041015625
1323433120,gigel-si-raspandirea-vestilor/submissions/1323433120.java,java,50.0,BFS_DISTANCE_ARRAY,BFS_DISTANCE_ARRAY,probability_model,0.98046875,BFS_EXPLICIT_TIME_IN_QUEUE,0.007476806640625,0.972991943359375,0.98046875,0.005828857421875,0.007476806640625,0.00274658203125,0.0024261474609375,0.000949859619140625,0.00138092041015625
1323437200,gigel-si-raspandirea-vestilor/submissions/1323437200.cpp,cpp,50.0,BFS_DISTANCE_ARRAY,BFS_DISTANCE_ARRAY,probability_model,0.53515625,BFS_LEVEL_ORDER_TIMER,0.369140625,0.166015625,0.53515625,0.369140625,0.050048828125,0.0086669921875,0.0162353515625,0.006744384765625,0.01263427734375
1323442606,gigel-si-raspandirea-vestilor/submissions/1323442606.java,java,50.0,BFS_DISTANCE_ARRAY,BFS_DISTANCE_ARRAY,probability_model,0.98828125,BFS_LEVEL_ORDER_TIMER,0.003570556640625,0.984710693359375,0.98828125,0.003570556640625,0.003570556640625,0.00148773193359375,0.00168609619140625,0.000583648681640625,0.0003528594970703125
1323442922,gigel-si-raspandirea-vestilor/submissions/1323442922.cpp,cpp,50.0,BFS_DISTANCE_ARRAY,BFS_DISTANCE_ARRAY,probability_model,0.98828125,BFS_LEVEL_ORDER_TIMER,0.002777099609375,0.985504150390625,0.98828125,0.002777099609375,0.0024566650390625,0.00109100341796875,0.00168609619140625,0.000659942626953125,0.0012359619140625
1323445078,gigel-si-raspandirea-vestilor/submissions/1323445078.cpp,cpp,42.5,BFS_DISTANCE_ARRAY,BFS_DISTANCE_ARRAY,probability_model,0.96875,BFS_EXPLICIT_TIME_IN_QUEUE,0.00738525390625,0.96136474609375,0.96875,0.00653076171875,0.00738525390625,0.003082275390625,0.005767822265625,0.00186920166015625,0.00738525390625
1323445140,gigel-si-raspandirea-vestilor/submissions/1323445140.cpp,cpp,50.0,BFS_DISTANCE_ARRAY,BFS_DISTANCE_ARRAY,probability_model,0.9609375,BFS_EXPLICIT_TIME_IN_QUEUE,0.0093994140625,0.9515380859375,0.9609375,0.00830078125,0.0093994140625,0.003936767578125,0.0064697265625,0.00238037109375,0.00830078125
1323445868,gigel-si-raspandirea-vestilor/submissions/1323445868.cpp,cpp,50.0,BFS_DISTANCE_ARRAY,BFS_DISTANCE_ARRAY,probability_model,0.9765625,BFS_EXPLICIT_TIME_IN_QUEUE,0.00848388671875,0.96807861328125,0.9765625,0.0045166015625,0.00848388671875,0.00311279296875,0.00274658203125,0.000949859619140625,0.00189208984375
1323446379,gigel-si-raspandirea-vestilor/submissions/1323446379.java,java,50.0,BFS_DISTANCE_ARRAY,BFS_DISTANCE_ARRAY,probability_model,0.984375,BFS_EXPLICIT_TIME_IN_QUEUE,0.0040283203125,0.9803466796875,0.984375,0.0031280517578125,0.0040283203125,0.00244140625,0.0031280517578125,0.00122833251953125,0.0035400390625
1323447575,gigel-si-raspandirea-vestilor/submissions/1323447575.cpp,cpp,50.0,BFS_DISTANCE_ARRAY,BFS_DISTANCE_ARRAY,probability_model,0.8125,UNKNOWN,0.10986328125,0.70263671875,0.8125,0.0115966796875,0.031494140625,0.0115966796875,0.01904296875,0.005462646484375,0.10986328125
1323448181,gigel-si-raspandirea-vestilor/submissions/1323448181.cpp,cpp,50.0,BFS_DISTANCE_ARRAY,BFS_DISTANCE_ARRAY,probability_model,0.98828125,UNKNOWN,0.002777099609375,0.985504150390625,0.98828125,0.0024566650390625,0.0019073486328125,0.001312255859375,0.002166748046875,0.0009002685546875,0.002777099609375
1323450084,gigel-si-raspandirea-vestilor/submissions/1323450084.cpp,cpp,50.0,BFS_DISTANCE_ARRAY,BFS_DISTANCE_ARRAY,probability_model,0.9921875,BFS_LEVEL_ORDER_TIMER,0.0024566650390625,0.9897308349609375,0.9921875,0.0024566650390625,0.00131988525390625,0.000850677490234375,0.001495361328125,0.000621795654296875,0.000583648681640625
1323450088,gigel-si-raspandirea-vestilor/submissions/1323450088.java,java,50.0,BFS_DISTANCE_ARRAY,BFS_DISTANCE_ARRAY,probability_model,0.96484375,BFS_EXPLICIT_TIME_IN_QUEUE,0.01214599609375,0.95269775390625,0.96484375,0.00946044921875,0.01214599609375,0.002716064453125,0.0057373046875,0.001129150390625,0.00445556640625
1323450249,gigel-si-raspandirea-vestilor/submissions/1323450249.cpp,cpp,50.0,BFS_DISTANCE_ARRAY,BFS_DISTANCE_ARRAY,probability_model,0.98828125,BFS_LEVEL_ORDER_TIMER,0.002777099609375,0.985504150390625,0.98828125,0.002777099609375,0.002166748046875,0.00139617919921875,0.002777099609375,0.000957489013671875,0.002777099609375
1323450433,gigel-si-raspandirea-vestilor/submissions/1323450433.cpp,cpp,50.0,BFS_DISTANCE_ARRAY,BFS_DISTANCE_ARRAY,probability_model,0.66796875,BFS_EXPLICIT_TIME_IN_QUEUE,0.27734375,0.390625,0.66796875,0.009521484375,0.27734375,0.04248046875,0.00225830078125,0.0007781982421875,0.000942230224609375
1323451361,gigel-si-raspandirea-vestilor/submissions/1323451361.java,java,50.0,BFS_DISTANCE_ARRAY,BFS_DISTANCE_ARRAY,probability_model,0.97265625,BFS_LEVEL_ORDER_TIMER,0.007415771484375,0.965240478515625,0.97265625,0.007415771484375,0.007415771484375,0.002410888671875,0.007415771484375,0.000885009765625,0.0030975341796875
1323451435,gigel-si-raspandirea-vestilor/submissions/1323451435.java,java,50.0,BFS_DISTANCE_ARRAY,BFS_DISTANCE_ARRAY,probability_model,0.9140625,UNKNOWN,0.0400390625,0.8740234375,0.9140625,0.0101318359375,0.0147705078125,0.00543212890625,0.011474609375,0.004241943359375,0.0400390625
1323452051,gigel-si-raspandirea-vestilor/submissions/1323452051.cpp,cpp,50.0,BFS_DISTANCE_ARRAY,BFS_DISTANCE_ARRAY,probability_model,0.984375,UNKNOWN,0.005157470703125,0.979217529296875,0.984375,0.00244140625,0.0040283203125,0.001678466796875,0.00189971923828125,0.0014801025390625,0.005157470703125
1323452201,gigel-si-raspandirea-vestilor/submissions/1323452201.java,java,2.5,UNKNOWN,UNKNOWN,uncertain_unknown,0.74609375,DFS_DEPTH_TRAVERSAL,0.10107421875,0.64501953125,0.0888671875,0.0155029296875,0.0198974609375,0.013671875,0.10107421875,0.0155029296875,0.74609375
1323453070,gigel-si-raspandirea-vestilor/submissions/1323453070.java,java,15.0,BFS_DISTANCE_ARRAY,BFS_DISTANCE_ARRAY,probability_model,0.98828125,BFS_LEVEL_ORDER_TIMER,0.0035552978515625,0.9847259521484375,0.98828125,0.0035552978515625,0.00244140625,0.001312255859375,0.002166748046875,0.00084686279296875,0.0019073486328125
1323453195,gigel-si-raspandirea-vestilor/submissions/1323453195.java,java,50.0,BFS_DISTANCE_ARRAY,BFS_DISTANCE_ARRAY,probability_model,0.98828125,BFS_LEVEL_ORDER_TIMER,0.003570556640625,0.984710693359375,0.98828125,0.003570556640625,0.003570556640625,0.00148773193359375,0.00168609619140625,0.000583648681640625,0.0003528594970703125
1323453426,gigel-si-raspandirea-vestilor/submissions/1323453426.cpp,cpp,50.0,BFS_DISTANCE_ARRAY,BFS_DISTANCE_ARRAY,probability_model,0.98828125,BFS_LEVEL_ORDER_TIMER,0.0035552978515625,0.9847259521484375,0.98828125,0.0035552978515625,0.002777099609375,0.00122833251953125,0.002166748046875,0.00079345703125,0.00244140625
1323453787,gigel-si-raspandirea-vestilor/submissions/1323453787.java,java,50.0,BFS_DISTANCE_ARRAY,BFS_DISTANCE_ARRAY,probability_model,0.7734375,UNKNOWN,0.1728515625,0.6005859375,0.7734375,0.00860595703125,0.01251220703125,0.007598876953125,0.0181884765625,0.00592041015625,0.1728515625
1323454068,gigel-si-raspandirea-vestilor/submissions/1323454068.java,java,50.0,BFS_DISTANCE_ARRAY,BFS_DISTANCE_ARRAY,probability_model,0.98828125,BFS_LEVEL_ORDER_TIMER,0.0040283203125,0.9842529296875,0.98828125,0.0040283203125,0.0024566650390625,0.00139617919921875,0.002166748046875,0.00084686279296875,0.00061798095703125
1323454416,gigel-si-raspandirea-vestilor/submissions/1323454416.cpp,cpp,50.0,BFS_DISTANCE_ARRAY,BFS_DISTANCE_ARRAY,probability_model,0.9921875,BFS_LEVEL_ORDER_TIMER,0.0031585693359375,0.9890289306640625,0.9921875,0.0031585693359375,0.00168609619140625,0.00109100341796875,0.001312255859375,0.000484466552734375,0.0007476806640625
1323455060,gigel-si-raspandirea-vestilor/submissions/1323455060.cpp,cpp,7.5,BFS_DISTANCE_ARRAY,BFS_DISTANCE_ARRAY,probability_model,0.91796875,BFS_EXPLICIT_TIME_IN_QUEUE,0.05859375,0.859375,0.91796875,0.0079345703125,0.05859375,0.00897216796875,0.0029296875,0.00069427490234375,0.0025787353515625
1323455199,gigel-si-raspandirea-vestilor/submissions/1323455199.cpp,cpp,50.0,BFS_DISTANCE_ARRAY,BFS_DISTANCE_ARRAY,probability_model,0.61328125,BFS_EXPLICIT_TIME_IN_QUEUE,0.291015625,0.322265625,0.61328125,0.0087890625,0.291015625,0.04443359375,0.00469970703125,0.0023651123046875,0.03466796875
1323455295,gigel-si-raspandirea-vestilor/submissions/1323455295.cpp,cpp,10.0,BFS_DISTANCE_ARRAY,BFS_DISTANCE_ARRAY,probability_model,0.98828125,BFS_LEVEL_ORDER_TIMER,0.0035552978515625,0.9847259521484375,0.98828125,0.0035552978515625,0.0035552978515625,0.001678466796875,0.001678466796875,0.0007476806640625,0.0021514892578125
1323455306,gigel-si-raspandirea-vestilor/submissions/1323455306.cpp,cpp,50.0,BFS_DISTANCE_ARRAY,BFS_DISTANCE_ARRAY,probability_model,0.9921875,BFS_LEVEL_ORDER_TIMER,0.002777099609375,0.989410400390625,0.9921875,0.002777099609375,0.0024566650390625,0.001312255859375,0.0010223388671875,0.000453948974609375,0.000797271728515625
1323455308,gigel-si-raspandirea-vestilor/submissions/1323455308.cpp,cpp,5.0,BFS_DISTANCE_ARRAY,BFS_DISTANCE_ARRAY,probability_model,0.6875,UNKNOWN,0.11962890625,0.56787109375,0.6875,0.07275390625,0.06396484375,0.020751953125,0.0235595703125,0.0111083984375,0.11962890625
1323455468,gigel-si-raspandirea-vestilor/submissions/1323455468.java,java,50.0,BFS_DISTANCE_ARRAY,BFS_DISTANCE_ARRAY,probability_model,0.98046875,BFS_LEVEL_ORDER_TIMER,0.005157470703125,0.975311279296875,0.98046875,0.005157470703125,0.003997802734375,0.00177764892578125,0.003997802734375,0.00107574462890625,0.0035400390625
1323455725,gigel-si-raspandirea-vestilor/submissions/1323455725.cpp,cpp,50.0,BFS_DISTANCE_ARRAY,BFS_DISTANCE_ARRAY,probability_model,0.9921875,BFS_LEVEL_ORDER_TIMER,0.0024566650390625,0.9897308349609375,0.9921875,0.0024566650390625,0.002166748046875,0.00115966796875,0.00115966796875,0.0003337860107421875,0.0004558563232421875
1323455786,gigel-si-raspandirea-vestilor/submissions/1323455786.cpp,cpp,15.0,BFS_LEVEL_ORDER_TIMER,BFS_LEVEL_ORDER_TIMER,probability_model,0.66015625,BFS_DISTANCE_ARRAY,0.2431640625,0.4169921875,0.2431640625,0.66015625,0.0478515625,0.0064697265625,0.0155029296875,0.00732421875,0.0198974609375
1323455796,gigel-si-raspandirea-vestilor/submissions/1323455796.cpp,cpp,17.5,BFS_LEVEL_ORDER_TIMER,BFS_LEVEL_ORDER_TIMER,probability_model,0.76953125,BFS_DISTANCE_ARRAY,0.1513671875,0.6181640625,0.1513671875,0.76953125,0.038330078125,0.005889892578125,0.01409912109375,0.00665283203125,0.01409912109375
1323456054,gigel-si-raspandirea-vestilor/submissions/1323456054.cpp,cpp,2.5,DFS_DEPTH_TRAVERSAL,DFS_DEPTH_TRAVERSAL,probability_model,0.8359375,UNKNOWN,0.12890625,0.70703125,0.0036468505859375,0.00250244140625,0.004119873046875,0.00640869140625,0.8359375,0.017333984375,0.12890625
1323456095,gigel-si-raspandirea-vestilor/submissions/1323456095.java,java,5.0,DFS_DEPTH_TRAVERSAL,DFS_DEPTH_TRAVERSAL,probability_model,0.96875,UNKNOWN,0.01080322265625,0.95794677734375,0.00225830078125,0.00186920166015625,0.0021209716796875,0.004486083984375,0.96875,0.0084228515625,0.01080322265625
1323456423,gigel-si-raspandirea-vestilor/submissions/1323456423.java,java,37.5,BFS_DISTANCE_ARRAY,BFS_DISTANCE_ARRAY,probability_model,0.953125,UNKNOWN,0.015380859375,0.937744140625,0.953125,0.007293701171875,0.00823974609375,0.0050048828125,0.007293701171875,0.0034332275390625,0.015380859375
1323456481,gigel-si-raspandirea-vestilor/submissions/1323456481.java,java,42.5,BFS_DISTANCE_ARRAY,BFS_DISTANCE_ARRAY,probability_model,0.984375,BFS_LEVEL_ORDER_TIMER,0.004547119140625,0.979827880859375,0.984375,0.004547119140625,0.004547119140625,0.0021514892578125,0.0027618408203125,0.000843048095703125,0.00189971923828125
1323456486,gigel-si-raspandirea-vestilor/submissions/1323456486.java,java,50.0,BFS_DISTANCE_ARRAY,BFS_DISTANCE_ARRAY,probability_model,0.98046875,BFS_LEVEL_ORDER_TIMER,0.006591796875,0.973876953125,0.98046875,0.006591796875,0.005126953125,0.0024261474609375,0.0035400390625,0.000949859619140625,0.00189208984375
1323456754,gigel-si-raspandirea-vestilor/submissions/1323456754.java,java,5.0,BFS_DISTANCE_ARRAY,BFS_DISTANCE_ARRAY,probability_model,0.73828125,UNKNOWN,0.1650390625,0.5732421875,0.73828125,0.0196533203125,0.0252685546875,0.01055908203125,0.032470703125,0.00726318359375,0.1650390625
1323456875,gigel-si-raspandirea-vestilor/submissions/1323456875.java,java,25.0,BFS_DISTANCE_ARRAY,BFS_DISTANCE_ARRAY,probability_model,0.765625,UNKNOWN,0.1708984375,0.5947265625,0.765625,0.0123291015625,0.0203857421875,0.00848388671875,0.0203857421875,0.0042724609375,0.1708984375
1324804050,gigel-si-raspandirea-vestilor/submissions/1324804050.cpp,cpp,50.0,BFS_DISTANCE_ARRAY,BFS_DISTANCE_ARRAY,probability_model,0.98828125,BFS_LEVEL_ORDER_TIMER,0.00457763671875,0.98370361328125,0.98828125,0.00457763671875,0.002166748046875,0.00109100341796875,0.00148773193359375,0.000545501708984375,0.000545501708984375
1331752921,gigel-si-raspandirea-vestilor/submissions/1331752921.cpp,cpp,50.0,BFS_DISTANCE_ARRAY,BFS_DISTANCE_ARRAY,probability_model,0.98828125,BFS_LEVEL_ORDER_TIMER,0.00457763671875,0.98370361328125,0.98828125,0.00457763671875,0.003143310546875,0.0014801025390625,0.001678466796875,0.00079345703125,0.0014801025390625
1331969836,gigel-si-raspandirea-vestilor/submissions/1331969836.cpp,cpp,22.5,BFS_DISTANCE_ARRAY,BFS_DISTANCE_ARRAY,probability_model,0.95703125,BFS_EXPLICIT_TIME_IN_QUEUE,0.0106201171875,0.9464111328125,0.95703125,0.00830078125,0.0106201171875,0.00390625,0.00830078125,0.0020904541015625,0.00830078125
1331969905,gigel-si-raspandirea-vestilor/submissions/1331969905.cpp,cpp,25.0,BFS_DISTANCE_ARRAY,BFS_DISTANCE_ARRAY,probability_model,0.9453125,BFS_EXPLICIT_TIME_IN_QUEUE,0.025146484375,0.920166015625,0.9453125,0.00927734375,0.025146484375,0.005615234375,0.010498046875,0.0020599365234375,0.0034027099609375
1331970060,gigel-si-raspandirea-vestilor/submissions/1331970060.cpp,cpp,25.0,BFS_DISTANCE_ARRAY,BFS_DISTANCE_ARRAY,probability_model,0.95703125,BFS_EXPLICIT_TIME_IN_QUEUE,0.017578125,0.939453125,0.95703125,0.006439208984375,0.017578125,0.004425048828125,0.007293701171875,0.0020904541015625,0.00567626953125
1331970254,gigel-si-raspandirea-vestilor/submissions/1331970254.cpp,cpp,50.0,BFS_DISTANCE_ARRAY,BFS_DISTANCE_ARRAY,probability_model,0.8984375,UNKNOWN,0.03955078125,0.85888671875,0.8984375,0.007781982421875,0.0211181640625,0.00885009765625,0.0186767578125,0.004180908203125,0.03955078125
1332202152,gigel-si-raspandirea-vestilor/submissions/1332202152.java,java,2.5,UNKNOWN,UNKNOWN,uncertain_unknown,0.96484375,DFS_DEPTH_TRAVERSAL,0.015625,0.94921875,0.00738525390625,0.002105712890625,0.0023956298828125,0.002716064453125,0.015625,0.00445556640625,0.96484375
1332268689,gigel-si-raspandirea-vestilor/submissions/1332268689.cpp,cpp,50.0,BFS_DISTANCE_ARRAY,BFS_DISTANCE_ARRAY,probability_model,0.953125,BFS_EXPLICIT_TIME_IN_QUEUE,0.025390625,0.927734375,0.953125,0.006439208984375,0.025390625,0.004425048828125,0.0050048828125,0.000926971435546875,0.004425048828125
1332423496,gigel-si-raspandirea-vestilor/submissions/1332423496.cpp,cpp,5.0,UNKNOWN,UNKNOWN,uncertain_unknown,0.953125,BFS_DISTANCE_ARRAY,0.01544189453125,0.93768310546875,0.01544189453125,0.003448486328125,0.003448486328125,0.00390625,0.01544189453125,0.00390625,0.953125
1332613995,gigel-si-raspandirea-vestilor/submissions/1332613995.cpp,cpp,50.0,BFS_EXPLICIT_TIME_IN_QUEUE,BFS_EXPLICIT_TIME_IN_QUEUE,probability_model,0.92578125,BFS_DISTANCE_ARRAY,0.035888671875,0.889892578125,0.035888671875,0.0029449462890625,0.92578125,0.03173828125,0.001312255859375,0.000545501708984375,0.00079345703125
1332671101,gigel-si-raspandirea-vestilor/submissions/1332671101.cpp,cpp,2.5,UNKNOWN,UNKNOWN,uncertain_unknown,0.98046875,BFS_DISTANCE_ARRAY,0.006622314453125,0.973846435546875,0.006622314453125,0.00101470947265625,0.00115203857421875,0.00147247314453125,0.005828857421875,0.0021514892578125,0.98046875
1332671446,gigel-si-raspandirea-vestilor/submissions/1332671446.cpp,cpp,5.0,UNKNOWN,UNKNOWN,uncertain_unknown,0.90625,DFS_DEPTH_TRAVERSAL,0.039794921875,0.866455078125,0.024169921875,0.005401611328125,0.006103515625,0.005401611328125,0.039794921875,0.01141357421875,0.90625
1332755913,gigel-si-raspandirea-vestilor/submissions/1332755913.cpp,cpp,10.0,BFS_DISTANCE_ARRAY,BFS_DISTANCE_ARRAY,probability_model,0.98828125,BFS_EXPLICIT_TIME_IN_QUEUE,0.003143310546875,0.985137939453125,0.98828125,0.002777099609375,0.003143310546875,0.001678466796875,0.003143310546875,0.0009002685546875,0.0019073486328125
1332755958,gigel-si-raspandirea-vestilor/submissions/1332755958.cpp,cpp,50.0,BFS_DISTANCE_ARRAY,BFS_DISTANCE_ARRAY,probability_model,0.9921875,BFS_LEVEL_ORDER_TIMER,0.002166748046875,0.990020751953125,0.9921875,0.002166748046875,0.001495361328125,0.000904083251953125,0.002166748046875,0.000484466552734375,0.0002765655517578125
1332904455,gigel-si-raspandirea-vestilor/submissions/1332904455.cpp,cpp,25.0,BFS_DISTANCE_ARRAY,BFS_DISTANCE_ARRAY,probability_model,0.94140625,BFS_EXPLICIT_TIME_IN_QUEUE,0.022216796875,0.919189453125,0.94140625,0.00494384765625,0.022216796875,0.005615234375,0.00927734375,0.001251220703125,0.013427734375
1332904536,gigel-si-raspandirea-vestilor/submissions/1332904536.cpp,cpp,25.0,BFS_DISTANCE_ARRAY,BFS_DISTANCE_ARRAY,probability_model,0.9296875,BFS_EXPLICIT_TIME_IN_QUEUE,0.028076171875,0.901611328125,0.9296875,0.008056640625,0.028076171875,0.006256103515625,0.01324462890625,0.00139617919921875,0.01324462890625
1333683189,gigel-si-raspandirea-vestilor/submissions/1333683189.cpp,cpp,2.5,BFS_DISTANCE_ARRAY,BFS_DISTANCE_ARRAY,probability_model,0.97265625,UNKNOWN,0.01080322265625,0.96185302734375,0.97265625,0.003509521484375,0.005767822265625,0.002410888671875,0.00396728515625,0.00121307373046875,0.01080322265625
1333683577,gigel-si-raspandirea-vestilor/submissions/1333683577.cpp,cpp,42.5,BFS_DISTANCE_ARRAY,BFS_DISTANCE_ARRAY,probability_model,0.984375,BFS_EXPLICIT_TIME_IN_QUEUE,0.005828857421875,0.978546142578125,0.984375,0.0035400390625,0.005828857421875,0.00189971923828125,0.0031280517578125,0.000843048095703125,0.0021514892578125
1333683754,gigel-si-raspandirea-vestilor/submissions/1333683754.cpp,cpp,40.0,BFS_DISTANCE_ARRAY,BFS_DISTANCE_ARRAY,probability_model,0.98828125,BFS_LEVEL_ORDER_TIMER,0.0035552978515625,0.9847259521484375,0.98828125,0.0035552978515625,0.00244140625,0.00115203857421875,0.003143310546875,0.000701904296875,0.0019073486328125
1333683868,gigel-si-raspandirea-vestilor/submissions/1333683868.cpp,cpp,37.5,BFS_DISTANCE_ARRAY,BFS_DISTANCE_ARRAY,probability_model,0.984375,BFS_LEVEL_ORDER_TIMER,0.004547119140625,0.979827880859375,0.984375,0.004547119140625,0.0031280517578125,0.0021514892578125,0.004547119140625,0.0010833740234375,0.00167083740234375
1333683895,gigel-si-raspandirea-vestilor/submissions/1333683895.cpp,cpp,42.5,BFS_DISTANCE_ARRAY,BFS_DISTANCE_ARRAY,probability_model,0.984375,BFS_EXPLICIT_TIME_IN_QUEUE,0.005157470703125,0.979217529296875,0.984375,0.0035400390625,0.005157470703125,0.0021514892578125,0.0035400390625,0.00095367431640625,0.0021514892578125
1333752100,gigel-si-raspandirea-vestilor/submissions/1333752100.java,java,50.0,BFS_DISTANCE_ARRAY,BFS_DISTANCE_ARRAY,probability_model,0.984375,BFS_EXPLICIT_TIME_IN_QUEUE,0.004547119140625,0.979827880859375,0.984375,0.0040283203125,0.004547119140625,0.00244140625,0.0040283203125,0.00095367431640625,0.000698089599609375
1333775234,gigel-si-raspandirea-vestilor/submissions/1333775234.java,java,50.0,BFS_DISTANCE_ARRAY,BFS_DISTANCE_ARRAY,probability_model,0.98828125,BFS_LEVEL_ORDER_TIMER,0.00518798828125,0.98309326171875,0.98828125,0.00518798828125,0.002777099609375,0.001678466796875,0.002777099609375,0.00061798095703125,0.000331878662109375
1333776306,gigel-si-raspandirea-vestilor/submissions/1333776306.cpp,cpp,7.5,DIJKSTRA_UNIT_WEIGHT,UNKNOWN,uncertain_unknown,0.55078125,UNKNOWN,0.376953125,0.173828125,0.00537109375,0.00537109375,0.024169921875,0.55078125,0.02734375,0.01141357421875,0.376953125
1333777162,gigel-si-raspandirea-vestilor/submissions/1333777162.cpp,cpp,50.0,BFS_EXPLICIT_TIME_IN_QUEUE,BFS_EXPLICIT_TIME_IN_QUEUE,probability_model,0.83984375,DIJKSTRA_UNIT_WEIGHT,0.078125,0.76171875,0.06884765625,0.00439453125,0.83984375,0.078125,0.0025177001953125,0.0017242431640625,0.00469970703125
1333777278,gigel-si-raspandirea-vestilor/submissions/1333777278.cpp,cpp,10.0,BFS_EXPLICIT_TIME_IN_QUEUE,BFS_EXPLICIT_TIME_IN_QUEUE,probability_model,0.75,DIJKSTRA_UNIT_WEIGHT,0.1669921875,0.5830078125,0.032958984375,0.003692626953125,0.75,0.1669921875,0.00445556640625,0.005706787109375,0.037353515625
1333777290,gigel-si-raspandirea-vestilor/submissions/1333777290.cpp,cpp,45.0,BFS_EXPLICIT_TIME_IN_QUEUE,BFS_EXPLICIT_TIME_IN_QUEUE,probability_model,0.79296875,DIJKSTRA_UNIT_WEIGHT,0.107421875,0.685546875,0.05078125,0.0034637451171875,0.79296875,0.107421875,0.004425048828125,0.004425048828125,0.034912109375
1333777335,gigel-si-raspandirea-vestilor/submissions/1333777335.cpp,cpp,50.0,BFS_EXPLICIT_TIME_IN_QUEUE,BFS_EXPLICIT_TIME_IN_QUEUE,probability_model,0.91015625,DIJKSTRA_UNIT_WEIGHT,0.04541015625,0.86474609375,0.035400390625,0.003082275390625,0.91015625,0.04541015625,0.0023956298828125,0.001983642578125,0.00164794921875
1333777520,gigel-si-raspandirea-vestilor/submissions/1333777520.cpp,cpp,25.0,BFS_DISTANCE_ARRAY,BFS_DISTANCE_ARRAY,probability_model,0.98828125,BFS_EXPLICIT_TIME_IN_QUEUE,0.0040283203125,0.9842529296875,0.98828125,0.002166748046875,0.0040283203125,0.00115966796875,0.003143310546875,0.000701904296875,0.00148773193359375
1333777537,gigel-si-raspandirea-vestilor/submissions/1333777537.cpp,cpp,25.0,BFS_DISTANCE_ARRAY,BFS_DISTANCE_ARRAY,probability_model,0.984375,DFS_DEPTH_TRAVERSAL,0.004547119140625,0.979827880859375,0.984375,0.0031280517578125,0.0040283203125,0.0014801025390625,0.004547119140625,0.000698089599609375,0.0014801025390625
1333787788,gigel-si-raspandirea-vestilor/submissions/1333787788.java,java,50.0,BFS_LEVEL_ORDER_TIMER,BFS_LEVEL_ORDER_TIMER,probability_model,0.86328125,BFS_DISTANCE_ARRAY,0.08056640625,0.78271484375,0.08056640625,0.86328125,0.0203857421875,0.004547119140625,0.015869140625,0.005828857421875,0.00848388671875
1333789453,gigel-si-raspandirea-vestilor/submissions/1333789453.java,java,2.5,BFS_DISTANCE_ARRAY,BFS_DISTANCE_ARRAY,probability_model,0.97265625,DFS_DEPTH_TRAVERSAL,0.006561279296875,0.966094970703125,0.97265625,0.004486083984375,0.005767822265625,0.003509521484375,0.006561279296875,0.0021209716796875,0.005767822265625
1333789514,gigel-si-raspandirea-vestilor/submissions/1333789514.java,java,2.5,BFS_DISTANCE_ARRAY,BFS_DISTANCE_ARRAY,probability_model,0.953125,DFS_DEPTH_TRAVERSAL,0.019775390625,0.933349609375,0.953125,0.0050048828125,0.00567626953125,0.0030364990234375,0.019775390625,0.0020904541015625,0.011962890625
1333789616,gigel-si-raspandirea-vestilor/submissions/1333789616.java,java,50.0,BFS_DISTANCE_ARRAY,BFS_DISTANCE_ARRAY,probability_model,0.9765625,DFS_DEPTH_TRAVERSAL,0.0084228515625,0.9681396484375,0.9765625,0.0045166015625,0.003997802734375,0.00213623046875,0.0084228515625,0.00138092041015625,0.00274658203125
1333794473,gigel-si-raspandirea-vestilor/submissions/1333794473.java,java,50.0,BFS_DISTANCE_ARRAY,BFS_DISTANCE_ARRAY,probability_model,0.98828125,BFS_LEVEL_ORDER_TIMER,0.003143310546875,0.985137939453125,0.98828125,0.003143310546875,0.002777099609375,0.0019073486328125,0.002166748046875,0.000583648681640625,0.000797271728515625
1333796934,gigel-si-raspandirea-vestilor/submissions/1333796934.cpp,cpp,50.0,BFS_DISTANCE_ARRAY,BFS_DISTANCE_ARRAY,probability_model,0.9921875,BFS_EXPLICIT_TIME_IN_QUEUE,0.002166748046875,0.990020751953125,0.9921875,0.0015869140625,0.002166748046875,0.00115966796875,0.00131988525390625,0.00042724609375,0.000583648681640625
1333796952,gigel-si-raspandirea-vestilor/submissions/1333796952.cpp,cpp,50.0,BFS_DISTANCE_ARRAY,BFS_DISTANCE_ARRAY,probability_model,0.9921875,BFS_LEVEL_ORDER_TIMER,0.002166748046875,0.990020751953125,0.9921875,0.002166748046875,0.0016937255859375,0.00115966796875,0.0012359619140625,0.00054931640625,0.000583648681640625
1333797004,gigel-si-raspandirea-vestilor/submissions/1333797004.java,java,50.0,BFS_DISTANCE_ARRAY,BFS_DISTANCE_ARRAY,probability_model,0.95703125,BFS_EXPLICIT_TIME_IN_QUEUE,0.01361083984375,0.94342041015625,0.95703125,0.01202392578125,0.01361083984375,0.004425048828125,0.004425048828125,0.0018463134765625,0.00823974609375
1333801716,gigel-si-raspandirea-vestilor/submissions/1333801716.java,java,5.0,BFS_DISTANCE_ARRAY,BFS_DISTANCE_ARRAY,probability_model,0.9765625,UNKNOWN,0.00958251953125,0.96697998046875,0.9765625,0.0035247802734375,0.00311279296875,0.0019989013671875,0.0045166015625,0.00138092041015625,0.00958251953125
1333803362,gigel-si-raspandirea-vestilor/submissions/1333803362.java,java,42.5,BFS_DISTANCE_ARRAY,BFS_DISTANCE_ARRAY,probability_model,0.98046875,BFS_EXPLICIT_TIME_IN_QUEUE,0.005828857421875,0.974639892578125,0.98046875,0.004547119140625,0.005828857421875,0.0024261474609375,0.0031280517578125,0.00101470947265625,0.00177764892578125
1333803477,gigel-si-raspandirea-vestilor/submissions/1333803477.java,java,50.0,BFS_DISTANCE_ARRAY,BFS_DISTANCE_ARRAY,probability_model,0.984375,BFS_LEVEL_ORDER_TIMER,0.00457763671875,0.97979736328125,0.984375,0.00457763671875,0.003143310546875,0.001678466796875,0.00189971923828125,0.0010223388671875,0.00189971923828125
1333803492,gigel-si-raspandirea-vestilor/submissions/1333803492.java,java,42.5,BFS_DISTANCE_ARRAY,BFS_DISTANCE_ARRAY,probability_model,0.93359375,BFS_LEVEL_ORDER_TIMER,0.01507568359375,0.91851806640625,0.93359375,0.01507568359375,0.01177978515625,0.00628662109375,0.0133056640625,0.00433349609375,0.01507568359375
1333803852,gigel-si-raspandirea-vestilor/submissions/1333803852.cpp,cpp,50.0,BFS_DISTANCE_ARRAY,BFS_DISTANCE_ARRAY,probability_model,0.984375,BFS_LEVEL_ORDER_TIMER,0.005157470703125,0.979217529296875,0.984375,0.005157470703125,0.0035552978515625,0.001678466796875,0.00244140625,0.000896453857421875,0.0014801025390625
1333804263,gigel-si-raspandirea-vestilor/submissions/1333804263.java,java,50.0,BFS_DISTANCE_ARRAY,BFS_DISTANCE_ARRAY,probability_model,0.98828125,BFS_LEVEL_ORDER_TIMER,0.0040283203125,0.9842529296875,0.98828125,0.0040283203125,0.002166748046875,0.001312255859375,0.002166748046875,0.000659942626953125,0.00084686279296875
1333804292,gigel-si-raspandirea-vestilor/submissions/1333804292.cpp,cpp,50.0,BFS_DISTANCE_ARRAY,BFS_DISTANCE_ARRAY,probability_model,0.60546875,BFS_EXPLICIT_TIME_IN_QUEUE,0.32421875,0.28125,0.60546875,0.0125732421875,0.32421875,0.0439453125,0.004608154296875,0.00124359130859375,0.00860595703125
1333804310,gigel-si-raspandirea-vestilor/submissions/1333804310.cpp,cpp,50.0,BFS_DISTANCE_ARRAY,BFS_DISTANCE_ARRAY,probability_model,0.60546875,BFS_EXPLICIT_TIME_IN_QUEUE,0.32421875,0.28125,0.60546875,0.0125732421875,0.32421875,0.0439453125,0.004608154296875,0.00124359130859375,0.00860595703125
1333804317,gigel-si-raspandirea-vestilor/submissions/1333804317.cpp,cpp,50.0,BFS_EXPLICIT_TIME_IN_QUEUE,BFS_EXPLICIT_TIME_IN_QUEUE,probability_model,0.71484375,BFS_DISTANCE_ARRAY,0.2041015625,0.5107421875,0.2041015625,0.01019287109375,0.71484375,0.06640625,0.0030975341796875,0.001007080078125,0.00213623046875
1333804439,gigel-si-raspandirea-vestilor/submissions/1333804439.cpp,cpp,42.5,BFS_DISTANCE_ARRAY,BFS_DISTANCE_ARRAY,probability_model,0.98828125,BFS_EXPLICIT_TIME_IN_QUEUE,0.003570556640625,0.984710693359375,0.98828125,0.003143310546875,0.003570556640625,0.0010223388671875,0.0019073486328125,0.000701904296875,0.00084686279296875
1333804455,gigel-si-raspandirea-vestilor/submissions/1333804455.cpp,cpp,42.5,BFS_DISTANCE_ARRAY,BFS_DISTANCE_ARRAY,probability_model,0.98828125,BFS_EXPLICIT_TIME_IN_QUEUE,0.002777099609375,0.985504150390625,0.98828125,0.002166748046875,0.002777099609375,0.00115966796875,0.00168609619140625,0.000701904296875,0.00168609619140625
1333804466,gigel-si-raspandirea-vestilor/submissions/1333804466.cpp,cpp,50.0,BFS_DISTANCE_ARRAY,BFS_DISTANCE_ARRAY,probability_model,0.98828125,BFS_EXPLICIT_TIME_IN_QUEUE,0.003143310546875,0.985137939453125,0.98828125,0.0024566650390625,0.003143310546875,0.001312255859375,0.0019073486328125,0.0007476806640625,0.0019073486328125
1333804513,gigel-si-raspandirea-vestilor/submissions/1333804513.cpp,cpp,25.0,BFS_DISTANCE_ARRAY,BFS_DISTANCE_ARRAY,probability_model,0.984375,BFS_EXPLICIT_TIME_IN_QUEUE,0.005859375,0.978515625,0.984375,0.0027618408203125,0.005859375,0.001678466796875,0.005157470703125,0.000423431396484375,0.00045013427734375
1333804612,gigel-si-raspandirea-vestilor/submissions/1333804612.cpp,cpp,25.0,BFS_DISTANCE_ARRAY,BFS_DISTANCE_ARRAY,probability_model,0.98828125,BFS_EXPLICIT_TIME_IN_QUEUE,0.0040283203125,0.9842529296875,0.98828125,0.00244140625,0.0040283203125,0.00115203857421875,0.002777099609375,0.000579833984375,0.0019073486328125
1333804621,gigel-si-raspandirea-vestilor/submissions/1333804621.cpp,cpp,50.0,BFS_DISTANCE_ARRAY,BFS_DISTANCE_ARRAY,probability_model,0.98828125,BFS_EXPLICIT_TIME_IN_QUEUE,0.0040283203125,0.9842529296875,0.98828125,0.00244140625,0.0040283203125,0.00115203857421875,0.0035552978515625,0.00061798095703125,0.00115203857421875
1333804666,gigel-si-raspandirea-vestilor/submissions/1333804666.cpp,cpp,50.0,BFS_DISTANCE_ARRAY,BFS_DISTANCE_ARRAY,probability_model,0.9921875,BFS_LEVEL_ORDER_TIMER,0.001495361328125,0.990692138671875,0.9921875,0.001495361328125,0.001495361328125,0.00080108642578125,0.00080108642578125,0.00042724609375,0.00090789794921875
1333804839,gigel-si-raspandirea-vestilor/submissions/1333804839.cpp,cpp,50.0,BFS_LEVEL_ORDER_TIMER,BFS_LEVEL_ORDER_TIMER,probability_model,0.9609375,BFS_DISTANCE_ARRAY,0.0120849609375,0.9488525390625,0.0120849609375,0.9609375,0.0120849609375,0.002105712890625,0.0064697265625,0.003936767578125,0.00174713134765625
1333804913,gigel-si-raspandirea-vestilor/submissions/1333804913.cpp,cpp,15.0,BFS_DISTANCE_ARRAY,BFS_DISTANCE_ARRAY,probability_model,0.90234375,UNKNOWN,0.02734375,0.875,0.90234375,0.0166015625,0.021240234375,0.010009765625,0.0166015625,0.004730224609375,0.02734375
1333805007,gigel-si-raspandirea-vestilor/submissions/1333805007.cpp,cpp,50.0,BFS_DISTANCE_ARRAY,BFS_DISTANCE_ARRAY,probability_model,0.95703125,BFS_EXPLICIT_TIME_IN_QUEUE,0.0155029296875,0.9415283203125,0.95703125,0.013671875,0.0155029296875,0.0030517578125,0.005035400390625,0.00127410888671875,0.0030517578125
1333805208,gigel-si-raspandirea-vestilor/submissions/1333805208.java,java,15.0,BFS_DISTANCE_ARRAY,BFS_DISTANCE_ARRAY,probability_model,0.98828125,BFS_LEVEL_ORDER_TIMER,0.0035552978515625,0.9847259521484375,0.98828125,0.0035552978515625,0.00244140625,0.00157928466796875,0.002777099609375,0.0009002685546875,0.0010833740234375
1333805220,gigel-si-raspandirea-vestilor/submissions/1333805220.java,java,7.5,BFS_DISTANCE_ARRAY,BFS_DISTANCE_ARRAY,probability_model,0.98046875,BFS_EXPLICIT_TIME_IN_QUEUE,0.004547119140625,0.975921630859375,0.98046875,0.0035400390625,0.004547119140625,0.0024261474609375,0.003997802734375,0.00130462646484375,0.0031280517578125
1333805462,gigel-si-raspandirea-vestilor/submissions/1333805462.cpp,cpp,50.0,BFS_DISTANCE_ARRAY,BFS_DISTANCE_ARRAY,probability_model,0.9765625,BFS_LEVEL_ORDER_TIMER,0.006591796875,0.969970703125,0.9765625,0.006591796875,0.00579833984375,0.0024261474609375,0.0045166015625,0.0016632080078125,0.00274658203125
1333805692,gigel-si-raspandirea-vestilor/submissions/1333805692.cpp,cpp,10.0,DIJKSTRA_UNIT_WEIGHT,DIJKSTRA_UNIT_WEIGHT,probability_model,0.5078125,UNKNOWN,0.1455078125,0.3623046875,0.12890625,0.0286865234375,0.11328125,0.5078125,0.060791015625,0.01531982421875,0.1455078125
1333805723,gigel-si-raspandirea-vestilor/submissions/1333805723.cpp,cpp,10.0,DIJKSTRA_UNIT_WEIGHT,DIJKSTRA_UNIT_WEIGHT,probability_model,0.7109375,UNKNOWN,0.158203125,0.552734375,0.0274658203125,0.011474609375,0.06591796875,0.7109375,0.0189208984375,0.0089111328125,0.158203125
1342819300,gigel-si-raspandirea-vestilor/submissions/1342819300.cpp,cpp,50.0,BFS_DISTANCE_ARRAY,BFS_DISTANCE_ARRAY,probability_model,0.98046875,BFS_EXPLICIT_TIME_IN_QUEUE,0.0040283203125,0.9764404296875,0.98046875,0.0035400390625,0.0040283203125,0.0021514892578125,0.0027618408203125,0.0013885498046875,0.0040283203125
1342819313,gigel-si-raspandirea-vestilor/submissions/1342819313.cpp,cpp,50.0,BFS_DISTANCE_ARRAY,BFS_DISTANCE_ARRAY,probability_model,0.984375,BFS_EXPLICIT_TIME_IN_QUEUE,0.0040283203125,0.9803466796875,0.984375,0.0031280517578125,0.0040283203125,0.0021514892578125,0.00244140625,0.00122833251953125,0.0031280517578125
1344343750,gigel-si-raspandirea-vestilor/submissions/1344343750.cpp,cpp,50.0,BFS_DISTANCE_ARRAY,BFS_DISTANCE_ARRAY,probability_model,0.96875,BFS_LEVEL_ORDER_TIMER,0.0107421875,0.9580078125,0.96875,0.0107421875,0.00836181640625,0.00396728515625,0.0057373046875,0.00164794921875,0.0023956298828125
1344486117,gigel-si-raspandirea-vestilor/submissions/1344486117.java,java,50.0,BFS_DISTANCE_ARRAY,BFS_DISTANCE_ARRAY,probability_model,0.56640625,BFS_LEVEL_ORDER_TIMER,0.388671875,0.177734375,0.56640625,0.388671875,0.0281982421875,0.005218505859375,0.007110595703125,0.0027923583984375,0.0031585693359375
1344527744,gigel-si-raspandirea-vestilor/submissions/1344527744.cpp,cpp,50.0,BFS_DISTANCE_ARRAY,BFS_DISTANCE_ARRAY,probability_model,0.98828125,BFS_EXPLICIT_TIME_IN_QUEUE,0.0040283203125,0.9842529296875,0.98828125,0.003143310546875,0.0040283203125,0.002166748046875,0.00168609619140625,0.000545501708984375,0.00079345703125
1344568506,gigel-si-raspandirea-vestilor/submissions/1344568506.cpp,cpp,50.0,BFS_DISTANCE_ARRAY,BFS_DISTANCE_ARRAY,probability_model,0.98828125,BFS_EXPLICIT_TIME_IN_QUEUE,0.00457763671875,0.98370361328125,0.98828125,0.002777099609375,0.00457763671875,0.00168609619140625,0.00168609619140625,0.000453948974609375,0.00061798095703125
1344584870,gigel-si-raspandirea-vestilor/submissions/1344584870.java,java,50.0,BFS_DISTANCE_ARRAY,BFS_DISTANCE_ARRAY,probability_model,0.9921875,BFS_LEVEL_ORDER_TIMER,0.0031585693359375,0.9890289306640625,0.9921875,0.0031585693359375,0.002166748046875,0.00148773193359375,0.00191497802734375,0.000583648681640625,0.0003757476806640625
1344584893,gigel-si-raspandirea-vestilor/submissions/1344584893.cpp,cpp,50.0,BFS_DISTANCE_ARRAY,BFS_DISTANCE_ARRAY,probability_model,0.96484375,BFS_EXPLICIT_TIME_IN_QUEUE,0.00946044921875,0.95538330078125,0.96484375,0.0057373046875,0.00946044921875,0.003936767578125,0.004486083984375,0.0017547607421875,0.00836181640625
1344591257,gigel-si-raspandirea-vestilor/submissions/1344591257.cpp,cpp,2.5,UNKNOWN,UNKNOWN,uncertain_unknown,0.97265625,BFS_DISTANCE_ARRAY,0.01080322265625,0.96185302734375,0.01080322265625,0.0018768310546875,0.0018768310546875,0.0021209716796875,0.009521484375,0.0027313232421875,0.97265625
1344595736,gigel-si-raspandirea-vestilor/submissions/1344595736.cpp,cpp,50.0,BFS_DISTANCE_ARRAY,BFS_DISTANCE_ARRAY,probability_model,0.98046875,BFS_LEVEL_ORDER_TIMER,0.005828857421875,0.974639892578125,0.98046875,0.005828857421875,0.005126953125,0.0024261474609375,0.003997802734375,0.001220703125,0.00274658203125
1344600466,gigel-si-raspandirea-vestilor/submissions/1344600466.c,c,2.5,UNKNOWN,UNKNOWN,uncertain_unknown,0.95703125,BFS_DISTANCE_ARRAY,0.0155029296875,0.9415283203125,0.0155029296875,0.0030517578125,0.0030517578125,0.002685546875,0.013671875,0.00390625,0.95703125
1344603675,gigel-si-raspandirea-vestilor/submissions/1344603675.java,java,50.0,BFS_DISTANCE_ARRAY,BFS_DISTANCE_ARRAY,probability_model,0.9453125,BFS_EXPLICIT_TIME_IN_QUEUE,0.0322265625,0.9130859375,0.9453125,0.0081787109375,0.0322265625,0.0081787109375,0.004364013671875,0.0009765625,0.00133514404296875
1344603922,gigel-si-raspandirea-vestilor/submissions/1344603922.cpp,cpp,22.5,BFS_DISTANCE_ARRAY,BFS_DISTANCE_ARRAY,probability_model,0.95703125,UNKNOWN,0.01202392578125,0.94500732421875,0.95703125,0.006439208984375,0.0106201171875,0.004425048828125,0.006439208984375,0.0030517578125,0.01202392578125
1344603930,gigel-si-raspandirea-vestilor/submissions/1344603930.cpp,cpp,42.5,BFS_DISTANCE_ARRAY,BFS_DISTANCE_ARRAY,probability_model,0.9375,UNKNOWN,0.0194091796875,0.9180908203125,0.9375,0.006317138671875,0.01513671875,0.006317138671875,0.01336669921875,0.0038299560546875,0.0194091796875
1344603958,gigel-si-raspandirea-vestilor/submissions/1344603958.cpp,cpp,42.5,BFS_DISTANCE_ARRAY,BFS_DISTANCE_ARRAY,probability_model,0.96875,BFS_EXPLICIT_TIME_IN_QUEUE,0.009521484375,0.959228515625,0.96875,0.004486083984375,0.009521484375,0.0034942626953125,0.00653076171875,0.00128936767578125,0.005096435546875
1344604039,gigel-si-raspandirea-vestilor/submissions/1344604039.cpp,cpp,42.5,BFS_DISTANCE_ARRAY,BFS_DISTANCE_ARRAY,probability_model,0.9765625,BFS_EXPLICIT_TIME_IN_QUEUE,0.0074462890625,0.9691162109375,0.9765625,0.0045166015625,0.0074462890625,0.00213623046875,0.0045166015625,0.0012969970703125,0.005126953125
1344604055,gigel-si-raspandirea-vestilor/submissions/1344604055.cpp,cpp,50.0,BFS_DISTANCE_ARRAY,BFS_DISTANCE_ARRAY,probability_model,0.99609375,BFS_LEVEL_ORDER_TIMER,0.00090789794921875,0.9951858520507812,0.99609375,0.00090789794921875,0.0006256103515625,0.00040435791015625,0.000457763671875,0.00020313262939453125,0.000179290771484375
1344617850,gigel-si-raspandirea-vestilor/submissions/1344617850.cpp,cpp,50.0,BFS_DISTANCE_ARRAY,BFS_DISTANCE_ARRAY,probability_model,0.98828125,BFS_EXPLICIT_TIME_IN_QUEUE,0.0040283203125,0.9842529296875,0.98828125,0.0021514892578125,0.0040283203125,0.00244140625,0.001678466796875,0.000659942626953125,0.0021514892578125
1344623105,gigel-si-raspandirea-vestilor/submissions/1344623105.cpp,cpp,42.5,BFS_DISTANCE_ARRAY,BFS_DISTANCE_ARRAY,probability_model,0.98046875,UNKNOWN,0.006591796875,0.973876953125,0.98046875,0.0024261474609375,0.003997802734375,0.0012969970703125,0.004547119140625,0.0011444091796875,0.006591796875
1344623170,gigel-si-raspandirea-vestilor/submissions/1344623170.cpp,cpp,50.0,BFS_DISTANCE_ARRAY,BFS_DISTANCE_ARRAY,probability_model,0.96875,UNKNOWN,0.01220703125,0.95654296875,0.96875,0.0034942626953125,0.005767822265625,0.00186920166015625,0.00653076171875,0.00136566162109375,0.01220703125
1344623677,gigel-si-raspandirea-vestilor/submissions/1344623677.cpp,cpp,50.0,BFS_DISTANCE_ARRAY,BFS_DISTANCE_ARRAY,probability_model,0.98828125,BFS_LEVEL_ORDER_TIMER,0.002777099609375,0.985504150390625,0.98828125,0.002777099609375,0.002777099609375,0.0015869140625,0.0015869140625,0.000701904296875,0.00115966796875
1344623782,gigel-si-raspandirea-vestilor/submissions/1344623782.cpp,cpp,50.0,BFS_DISTANCE_ARRAY,BFS_DISTANCE_ARRAY,probability_model,0.98828125,BFS_EXPLICIT_TIME_IN_QUEUE,0.0031585693359375,0.9851226806640625,0.98828125,0.0024566650390625,0.0031585693359375,0.001312255859375,0.00191497802734375,0.00054931640625,0.00054931640625
1344624800,gigel-si-raspandirea-vestilor/submissions/1344624800.java,java,50.0,BFS_DISTANCE_ARRAY,BFS_DISTANCE_ARRAY,probability_model,0.97265625,BFS_EXPLICIT_TIME_IN_QUEUE,0.009521484375,0.963134765625,0.97265625,0.00579833984375,0.009521484375,0.0030975341796875,0.00396728515625,0.0011444091796875,0.00213623046875
1344625008,gigel-si-raspandirea-vestilor/submissions/1344625008.java,java,50.0,BFS_DISTANCE_ARRAY,BFS_DISTANCE_ARRAY,probability_model,0.8984375,UNKNOWN,0.03955078125,0.85888671875,0.8984375,0.0113525390625,0.0272216796875,0.00885009765625,0.010009765625,0.003448486328125,0.03955078125
1344626151,gigel-si-raspandirea-vestilor/submissions/1344626151.cpp,cpp,50.0,BFS_DISTANCE_ARRAY,BFS_DISTANCE_ARRAY,probability_model,0.94921875,BFS_EXPLICIT_TIME_IN_QUEUE,0.0286865234375,0.9205322265625,0.94921875,0.00726318359375,0.0286865234375,0.005645751953125,0.0038909912109375,0.00092315673828125,0.003021240234375
1344629074,gigel-si-raspandirea-vestilor/submissions/1344629074.cpp,cpp,2.5,UNKNOWN,UNKNOWN,uncertain_unknown,0.6484375,DFS_DEPTH_TRAVERSAL,0.23828125,0.41015625,0.05322265625,0.00921630859375,0.013427734375,0.0152587890625,0.23828125,0.022216796875,0.6484375
1344629136,gigel-si-raspandirea-vestilor/submissions/1344629136.cpp,cpp,2.5,UNKNOWN,UNKNOWN,uncertain_unknown,0.9453125,DFS_DEPTH_TRAVERSAL,0.022216796875,0.923095703125,0.0152587890625,0.003631591796875,0.0038604736328125,0.004638671875,0.022216796875,0.00634765625,0.9453125
1344630550,gigel-si-raspandirea-vestilor/submissions/1344630550.cpp,cpp,50.0,BFS_DISTANCE_ARRAY,BFS_DISTANCE_ARRAY,probability_model,0.99609375,BFS_LEVEL_ORDER_TIMER,0.00090789794921875,0.9951858520507812,0.99609375,0.00090789794921875,0.0006256103515625,0.00040435791015625,0.000457763671875,0.00020313262939453125,0.000179290771484375
1344631704,gigel-si-raspandirea-vestilor/submissions/1344631704.cpp,cpp,50.0,BFS_DISTANCE_ARRAY,BFS_DISTANCE_ARRAY,probability_model,0.84375,BFS_LEVEL_ORDER_TIMER,0.146484375,0.697265625,0.84375,0.146484375,0.0050048828125,0.0030364990234375,0.00173187255859375,0.00098419189453125,0.0003204345703125
1344634306,gigel-si-raspandirea-vestilor/submissions/1344634306.cpp,cpp,50.0,BFS_EXPLICIT_TIME_IN_QUEUE,BFS_EXPLICIT_TIME_IN_QUEUE,probability_model,0.8828125,DIJKSTRA_UNIT_WEIGHT,0.072265625,0.810546875,0.0235595703125,0.0052490234375,0.8828125,0.072265625,0.005950927734375,0.0021820068359375,0.00762939453125
1344636088,gigel-si-raspandirea-vestilor/submissions/1344636088.cpp,cpp,50.0,BFS_DISTANCE_ARRAY,BFS_DISTANCE_ARRAY,probability_model,0.9609375,UNKNOWN,0.017578125,0.943359375,0.9609375,0.005035400390625,0.00830078125,0.00238037109375,0.003936767578125,0.00164031982421875,0.017578125
1344636729,gigel-si-raspandirea-vestilor/submissions/1344636729.cpp,cpp,2.5,UNKNOWN,UNKNOWN,uncertain_unknown,0.9765625,DIJKSTRA_UNIT_WEIGHT,0.017822265625,0.958740234375,0.0027313232421875,0.000507354736328125,0.000446319580078125,0.017822265625,0.00188446044921875,0.00188446044921875,0.9765625
1344636952,gigel-si-raspandirea-vestilor/submissions/1344636952.cpp,cpp,2.5,UNKNOWN,UNKNOWN,uncertain_unknown,0.8671875,DFS_DEPTH_TRAVERSAL,0.1171875,0.75,0.0031280517578125,0.00167083740234375,0.0015716552734375,0.0031280517578125,0.1171875,0.007476806640625,0.8671875
1344637470,gigel-si-raspandirea-vestilor/submissions/1344637470.java,java,7.5,BFS_DISTANCE_ARRAY,BFS_DISTANCE_ARRAY,probability_model,0.93359375,UNKNOWN,0.02197265625,0.91162109375,0.93359375,0.008056640625,0.0133056640625,0.00628662109375,0.01507568359375,0.00335693359375,0.02197265625
1344637595,gigel-si-raspandirea-vestilor/submissions/1344637595.cpp,cpp,50.0,BFS_DISTANCE_ARRAY,BFS_DISTANCE_ARRAY,probability_model,0.9921875,BFS_LEVEL_ORDER_TIMER,0.002777099609375,0.989410400390625,0.9921875,0.002777099609375,0.002166748046875,0.001312255859375,0.00168609619140625,0.000514984130859375,0.00084686279296875
1344637800,gigel-si-raspandirea-vestilor/submissions/1344637800.cpp,cpp,20.0,BFS_DISTANCE_ARRAY,BFS_DISTANCE_ARRAY,probability_model,0.9765625,DFS_DEPTH_TRAVERSAL,0.00579833984375,0.97076416015625,0.9765625,0.005126953125,0.005126953125,0.00188446044921875,0.00579833984375,0.00121307373046875,0.0045166015625
1344637809,gigel-si-raspandirea-vestilor/submissions/1344637809.cpp,cpp,20.0,BFS_DISTANCE_ARRAY,BFS_DISTANCE_ARRAY,probability_model,0.9609375,UNKNOWN,0.0120849609375,0.9488525390625,0.9609375,0.0064697265625,0.00732421875,0.00238037109375,0.0093994140625,0.002105712890625,0.0120849609375
1344637985,gigel-si-raspandirea-vestilor/submissions/1344637985.cpp,cpp,42.5,BFS_DISTANCE_ARRAY,BFS_DISTANCE_ARRAY,probability_model,0.8984375,UNKNOWN,0.057373046875,0.841064453125,0.8984375,0.007781982421875,0.0128173828125,0.00604248046875,0.0128173828125,0.004150390625,0.057373046875
1344637996,gigel-si-raspandirea-vestilor/submissions/1344637996.cpp,cpp,50.0,BFS_DISTANCE_ARRAY,BFS_DISTANCE_ARRAY,probability_model,0.97265625,BFS_LEVEL_ORDER_TIMER,0.006561279296875,0.966094970703125,0.97265625,0.006561279296875,0.006561279296875,0.0027313232421875,0.005096435546875,0.00146484375,0.0045166015625
1344638143,gigel-si-raspandirea-vestilor/submissions/1344638143.java,java,50.0,BFS_EXPLICIT_TIME_IN_QUEUE,BFS_EXPLICIT_TIME_IN_QUEUE,probability_model,0.734375,BFS_DISTANCE_ARRAY,0.1123046875,0.6220703125,0.1123046875,0.00921630859375,0.734375,0.09912109375,0.00494384765625,0.004364013671875,0.03662109375
1344638145,gigel-si-raspandirea-vestilor/submissions/1344638145.cpp,cpp,40.0,BFS_DISTANCE_ARRAY,BFS_DISTANCE_ARRAY,probability_model,0.98828125,BFS_EXPLICIT_TIME_IN_QUEUE,0.003143310546875,0.985137939453125,0.98828125,0.002777099609375,0.003143310546875,0.001312255859375,0.00244140625,0.000843048095703125,0.003143310546875
1344638167,gigel-si-raspandirea-vestilor/submissions/1344638167.cpp,cpp,45.0,BFS_DISTANCE_ARRAY,BFS_DISTANCE_ARRAY,probability_model,0.984375,BFS_EXPLICIT_TIME_IN_QUEUE,0.004547119140625,0.979827880859375,0.984375,0.00244140625,0.004547119140625,0.0014801025390625,0.0027618408203125,0.00095367431640625,0.0035552978515625
1344638178,gigel-si-raspandirea-vestilor/submissions/1344638178.cpp,cpp,50.0,BFS_DISTANCE_ARRAY,BFS_DISTANCE_ARRAY,probability_model,0.99609375,BFS_LEVEL_ORDER_TIMER,0.00090789794921875,0.9951858520507812,0.99609375,0.00090789794921875,0.0006256103515625,0.00040435791015625,0.000457763671875,0.00020313262939453125,0.000179290771484375
1344697760,gigel-si-raspandirea-vestilor/submissions/1344697760.cpp,cpp,50.0,BFS_DISTANCE_ARRAY,BFS_DISTANCE_ARRAY,probability_model,0.9765625,BFS_EXPLICIT_TIME_IN_QUEUE,0.0074462890625,0.9691162109375,0.9765625,0.00579833984375,0.0074462890625,0.00213623046875,0.0074462890625,0.00107574462890625,0.000946044921875
1344729495,gigel-si-raspandirea-vestilor/submissions/1344729495.cpp,cpp,10.0,BFS_DISTANCE_ARRAY,BFS_DISTANCE_ARRAY,probability_model,0.98046875,UNKNOWN,0.005126953125,0.975341796875,0.98046875,0.00311279296875,0.003997802734375,0.00274658203125,0.0035400390625,0.00189208984375,0.005126953125
1344729501,gigel-si-raspandirea-vestilor/submissions/1344729501.cpp,cpp,50.0,BFS_DISTANCE_ARRAY,BFS_DISTANCE_ARRAY,probability_model,0.98828125,BFS_LEVEL_ORDER_TIMER,0.0024566650390625,0.9858245849609375,0.98828125,0.0024566650390625,0.0024566650390625,0.0019073486328125,0.002166748046875,0.00109100341796875,0.00148773193359375
1361660446,gigel-si-raspandirea-vestilor/submissions/1361660446.cpp,cpp,50.0,BFS_DISTANCE_ARRAY,BFS_DISTANCE_ARRAY,probability_model,0.9609375,BFS_LEVEL_ORDER_TIMER,0.025634765625,0.935302734375,0.9609375,0.025634765625,0.00445556640625,0.0027008056640625,0.005035400390625,0.00144195556640625,0.000640869140625
1361661275,gigel-si-raspandirea-vestilor/submissions/1361661275.java,java,50.0,BFS_DISTANCE_ARRAY,BFS_DISTANCE_ARRAY,probability_model,0.76953125,BFS_EXPLICIT_TIME_IN_QUEUE,0.1513671875,0.6181640625,0.76953125,0.0205078125,0.1513671875,0.0299072265625,0.007568359375,0.002960205078125,0.0159912109375
1361673873,gigel-si-raspandirea-vestilor/submissions/1361673873.cpp,cpp,50.0,BFS_DISTANCE_ARRAY,BFS_DISTANCE_ARRAY,probability_model,0.99609375,BFS_EXPLICIT_TIME_IN_QUEUE,0.0016937255859375,0.9944000244140625,0.99609375,0.001495361328125,0.0016937255859375,0.000751495361328125,0.00116729736328125,0.0003337860107421875,0.000354766845703125
1361753034,gigel-si-raspandirea-vestilor/submissions/1361753034.cpp,cpp,50.0,BFS_DISTANCE_ARRAY,BFS_DISTANCE_ARRAY,probability_model,0.98828125,BFS_EXPLICIT_TIME_IN_QUEUE,0.0040283203125,0.9842529296875,0.98828125,0.003143310546875,0.0040283203125,0.002166748046875,0.001312255859375,0.000453948974609375,0.000545501708984375
1361857084,gigel-si-raspandirea-vestilor/submissions/1361857084.java,java,50.0,BFS_DISTANCE_ARRAY,BFS_DISTANCE_ARRAY,probability_model,0.98828125,BFS_EXPLICIT_TIME_IN_QUEUE,0.0035552978515625,0.9847259521484375,0.98828125,0.003143310546875,0.0035552978515625,0.0019073486328125,0.003143310546875,0.00084686279296875,0.00084686279296875
1361869923,gigel-si-raspandirea-vestilor/submissions/1361869923.cpp,cpp,50.0,BFS_LEVEL_ORDER_TIMER,BFS_LEVEL_ORDER_TIMER,probability_model,0.7109375,BFS_DISTANCE_ARRAY,0.26171875,0.44921875,0.26171875,0.7109375,0.0189208984375,0.002899169921875,0.004791259765625,0.00121307373046875,0.000392913818359375
1361870119,gigel-si-raspandirea-vestilor/submissions/1361870119.cpp,cpp,50.0,BFS_DISTANCE_ARRAY,BFS_DISTANCE_ARRAY,probability_model,0.9765625,BFS_EXPLICIT_TIME_IN_QUEUE,0.013916015625,0.962646484375,0.9765625,0.0045166015625,0.013916015625,0.00311279296875,0.00138092041015625,0.0004482269287109375,0.0003719329833984375
1361901748,gigel-si-raspandirea-vestilor/submissions/1361901748.cpp,cpp,50.0,BFS_DISTANCE_ARRAY,BFS_DISTANCE_ARRAY,probability_model,0.96484375,BFS_EXPLICIT_TIME_IN_QUEUE,0.01214599609375,0.95269775390625,0.96484375,0.0057373046875,0.01214599609375,0.00506591796875,0.0057373046875,0.00174713134765625,0.0057373046875
1361903185,gigel-si-raspandirea-vestilor/submissions/1361903185.cpp,cpp,50.0,BFS_DISTANCE_ARRAY,BFS_DISTANCE_ARRAY,probability_model,0.5546875,BFS_EXPLICIT_TIME_IN_QUEUE,0.380859375,0.173828125,0.5546875,0.01153564453125,0.380859375,0.04541015625,0.0027313232421875,0.001007080078125,0.003509521484375
1361904305,gigel-si-raspandirea-vestilor/submissions/1361904305.cpp,cpp,50.0,BFS_DISTANCE_ARRAY,BFS_DISTANCE_ARRAY,probability_model,0.98828125,BFS_EXPLICIT_TIME_IN_QUEUE,0.0035552978515625,0.9847259521484375,0.98828125,0.00244140625,0.0035552978515625,0.001312255859375,0.001678466796875,0.00084686279296875,0.002777099609375
1361905058,gigel-si-raspandirea-vestilor/submissions/1361905058.cpp,cpp,50.0,BFS_DISTANCE_ARRAY,BFS_DISTANCE_ARRAY,probability_model,0.98828125,BFS_EXPLICIT_TIME_IN_QUEUE,0.003570556640625,0.984710693359375,0.98828125,0.003143310546875,0.003570556640625,0.001312255859375,0.00115966796875,0.0004825592041015625,0.000621795654296875
1361905703,gigel-si-raspandirea-vestilor/submissions/1361905703.cpp,cpp,50.0,BFS_DISTANCE_ARRAY,BFS_DISTANCE_ARRAY,probability_model,0.98046875,BFS_EXPLICIT_TIME_IN_QUEUE,0.00848388671875,0.97198486328125,0.98046875,0.0040283203125,0.00848388671875,0.00244140625,0.00130462646484375,0.00051116943359375,0.00115203857421875
1361914865,gigel-si-raspandirea-vestilor/submissions/1361914865.java,java,2.5,DFS_DEPTH_TRAVERSAL,DFS_DEPTH_TRAVERSAL,probability_model,0.9140625,UNKNOWN,0.04541015625,0.86865234375,0.006134033203125,0.00396728515625,0.006134033203125,0.00897216796875,0.9140625,0.0167236328125,0.04541015625
1361917885,gigel-si-raspandirea-vestilor/submissions/1361917885.cpp,cpp,2.5,DFS_DEPTH_TRAVERSAL,DFS_DEPTH_TRAVERSAL,probability_model,0.96875,UNKNOWN,0.01220703125,0.95654296875,0.00506591796875,0.00186920166015625,0.00164794921875,0.004486083984375,0.96875,0.00653076171875,0.01220703125
1361920573,gigel-si-raspandirea-vestilor/submissions/1361920573.cpp,cpp,10.0,BFS_DISTANCE_ARRAY,BFS_DISTANCE_ARRAY,probability_model,0.98828125,BFS_EXPLICIT_TIME_IN_QUEUE,0.0040283203125,0.9842529296875,0.98828125,0.003143310546875,0.0040283203125,0.00168609619140625,0.00148773193359375,0.000659942626953125,0.0010223388671875
1361921258,gigel-si-raspandirea-vestilor/submissions/1361921258.cpp,cpp,10.0,BFS_DISTANCE_ARRAY,BFS_DISTANCE_ARRAY,probability_model,0.9296875,UNKNOWN,0.01708984375,0.91259765625,0.9296875,0.0150146484375,0.01324462890625,0.0048828125,0.0150146484375,0.004302978515625,0.01708984375
1370606931,gigel-si-raspandirea-vestilor/submissions/1370606931.cpp,cpp,50.0,BFS_DISTANCE_ARRAY,BFS_DISTANCE_ARRAY,probability_model,0.984375,BFS_LEVEL_ORDER_TIMER,0.005859375,0.978515625,0.984375,0.005859375,0.0031280517578125,0.0021514892578125,0.00244140625,0.000896453857421875,0.000743865966796875
1377338341,gigel-si-raspandirea-vestilor/submissions/1377338341.cpp,cpp,17.5,BFS_DISTANCE_ARRAY,BFS_DISTANCE_ARRAY,probability_model,0.97265625,BFS_EXPLICIT_TIME_IN_QUEUE,0.01220703125,0.96044921875,0.97265625,0.009521484375,0.01220703125,0.0034942626953125,0.0021209716796875,0.00083160400390625,0.00099945068359375
1377338511,gigel-si-raspandirea-vestilor/submissions/1377338511.cpp,cpp,50.0,BFS_DISTANCE_ARRAY,BFS_DISTANCE_ARRAY,probability_model,0.9921875,BFS_LEVEL_ORDER_TIMER,0.0024566650390625,0.9897308349609375,0.9921875,0.0024566650390625,0.0024566650390625,0.000904083251953125,0.000904083251953125,0.00042724609375,0.00066375732421875
1378018289,gigel-si-raspandirea-vestilor/submissions/1378018289.cpp,cpp,50.0,BFS_DISTANCE_ARRAY,BFS_DISTANCE_ARRAY,probability_model,0.98046875,BFS_EXPLICIT_TIME_IN_QUEUE,0.0096435546875,0.9708251953125,0.98046875,0.0031280517578125,0.0096435546875,0.0024261474609375,0.0024261474609375,0.00045013427734375,0.00045013427734375
1378033463,gigel-si-raspandirea-vestilor/submissions/1378033463.cpp,cpp,10.0,BFS_DISTANCE_ARRAY,BFS_DISTANCE_ARRAY,probability_model,0.953125,BFS_LEVEL_ORDER_TIMER,0.019775390625,0.933349609375,0.953125,0.019775390625,0.01361083984375,0.0034332275390625,0.0050048828125,0.0017242431640625,0.00439453125
1378033499,gigel-si-raspandirea-vestilor/submissions/1378033499.cpp,cpp,50.0,BFS_DISTANCE_ARRAY,BFS_DISTANCE_ARRAY,probability_model,0.9609375,BFS_LEVEL_ORDER_TIMER,0.017578125,0.943359375,0.9609375,0.017578125,0.007354736328125,0.0027008056640625,0.0064697265625,0.00164031982421875,0.0027008056640625
1378064375,gigel-si-raspandirea-vestilor/submissions/1378064375.cpp,cpp,50.0,BFS_DISTANCE_ARRAY,BFS_DISTANCE_ARRAY,probability_model,0.984375,BFS_LEVEL_ORDER_TIMER,0.005859375,0.978515625,0.984375,0.005859375,0.0035552978515625,0.0014801025390625,0.00244140625,0.00061798095703125,0.000545501708984375
1378090794,gigel-si-raspandirea-vestilor/submissions/1378090794.cpp,cpp,22.5,BFS_DISTANCE_ARRAY,BFS_DISTANCE_ARRAY,probability_model,0.98828125,BFS_EXPLICIT_TIME_IN_QUEUE,0.0040283203125,0.9842529296875,0.98828125,0.002777099609375,0.0040283203125,0.0019073486328125,0.00168609619140625,0.0004825592041015625,0.00115966796875
1378090805,gigel-si-raspandirea-vestilor/submissions/1378090805.cpp,cpp,50.0,BFS_DISTANCE_ARRAY,BFS_DISTANCE_ARRAY,probability_model,0.99609375,BFS_LEVEL_ORDER_TIMER,0.00116729736328125,0.9949264526367188,0.99609375,0.00116729736328125,0.00116729736328125,0.000705718994140625,0.00090789794921875,0.000354766845703125,0.0004291534423828125
1378090850,gigel-si-raspandirea-vestilor/submissions/1378090850.cpp,cpp,50.0,BFS_DISTANCE_ARRAY,BFS_DISTANCE_ARRAY,probability_model,0.98828125,BFS_EXPLICIT_TIME_IN_QUEUE,0.003570556640625,0.984710693359375,0.98828125,0.002777099609375,0.003570556640625,0.0019073486328125,0.00168609619140625,0.000545501708984375,0.001312255859375
1378090891,gigel-si-raspandirea-vestilor/submissions/1378090891.cpp,cpp,50.0,BFS_DISTANCE_ARRAY,BFS_DISTANCE_ARRAY,manual_gold,0.98828125,BFS_EXPLICIT_TIME_IN_QUEUE,0.0024566650390625,0.9858245849609375,0.98828125,0.002166748046875,0.0024566650390625,0.00148773193359375,0.00168609619140625,0.000797271728515625,0.0019073486328125
1378096682,gigel-si-raspandirea-vestilor/submissions/1378096682.java,java,2.5,UNKNOWN,UNKNOWN,uncertain_unknown,0.72265625,DFS_DEPTH_TRAVERSAL,0.1611328125,0.5615234375,0.059326171875,0.01171875,0.01324462890625,0.00909423828125,0.1611328125,0.0218505859375,0.72265625
1378096692,gigel-si-raspandirea-vestilor/submissions/1378096692.java,java,50.0,BFS_DISTANCE_ARRAY,BFS_DISTANCE_ARRAY,manual_gold,0.9921875,BFS_LEVEL_ORDER_TIMER,0.002166748046875,0.990020751953125,0.9921875,0.002166748046875,0.00191497802734375,0.000850677490234375,0.00131988525390625,0.0003337860107421875,0.00031280517578125
1378096911,gigel-si-raspandirea-vestilor/submissions/1378096911.cpp,cpp,50.0,BFS_DISTANCE_ARRAY,BFS_DISTANCE_ARRAY,probability_model,0.99609375,BFS_LEVEL_ORDER_TIMER,0.001495361328125,0.994598388671875,0.99609375,0.001495361328125,0.000965118408203125,0.000705718994140625,0.00080108642578125,0.0004024505615234375,0.0002593994140625
1378118090,gigel-si-raspandirea-vestilor/submissions/1378118090.java,java,50.0,BFS_DISTANCE_ARRAY,BFS_DISTANCE_ARRAY,probability_model,0.9921875,BFS_LEVEL_ORDER_TIMER,0.00191497802734375,0.9902725219726562,0.9921875,0.00191497802734375,0.001495361328125,0.000965118408203125,0.00131988525390625,0.0002288818359375,0.0001392364501953125
1378118502,gigel-si-raspandirea-vestilor/submissions/1378118502.cpp,cpp,27.5,BFS_DISTANCE_ARRAY,BFS_DISTANCE_ARRAY,probability_model,0.984375,BFS_EXPLICIT_TIME_IN_QUEUE,0.005157470703125,0.979217529296875,0.984375,0.0035552978515625,0.005157470703125,0.001678466796875,0.0021514892578125,0.00101470947265625,0.0027618408203125
1378118526,gigel-si-raspandirea-vestilor/submissions/1378118526.cpp,cpp,50.0,BFS_DISTANCE_ARRAY,BFS_DISTANCE_ARRAY,probability_model,0.9765625,BFS_EXPLICIT_TIME_IN_QUEUE,0.0084228515625,0.9681396484375,0.9765625,0.0045166015625,0.0084228515625,0.00213623046875,0.00311279296875,0.001220703125,0.0035247802734375
1378120705,gigel-si-raspandirea-vestilor/submissions/1378120705.cpp,cpp,50.0,BFS_DISTANCE_ARRAY,BFS_DISTANCE_ARRAY,probability_model,0.9921875,BFS_LEVEL_ORDER_TIMER,0.002166748046875,0.990020751953125,0.9921875,0.002166748046875,0.00131988525390625,0.0012359619140625,0.00131988525390625,0.000583648681640625,0.000377655029296875
1378120860,gigel-si-raspandirea-vestilor/submissions/1378120860.java,java,2.5,BFS_DISTANCE_ARRAY,BFS_DISTANCE_ARRAY,probability_model,0.90234375,BFS_EXPLICIT_TIME_IN_QUEUE,0.03955078125,0.86279296875,0.90234375,0.007781982421875,0.03955078125,0.0113525390625,0.01287841796875,0.0032501220703125,0.0240478515625
1378120877,gigel-si-raspandirea-vestilor/submissions/1378120877.java,java,50.0,BFS_DISTANCE_ARRAY,BFS_DISTANCE_ARRAY,probability_model,0.984375,BFS_EXPLICIT_TIME_IN_QUEUE,0.005859375,0.978515625,0.984375,0.0027618408203125,0.005859375,0.0027618408203125,0.0031280517578125,0.000896453857421875,0.0013885498046875
1378121500,gigel-si-raspandirea-vestilor/submissions/1378121500.java,java,50.0,BFS_DISTANCE_ARRAY,BFS_DISTANCE_ARRAY,probability_model,0.9921875,BFS_LEVEL_ORDER_TIMER,0.0024566650390625,0.9897308349609375,0.9921875,0.0024566650390625,0.00191497802734375,0.00140380859375,0.001800537109375,0.000453948974609375,0.0002593994140625
1378128663,gigel-si-raspandirea-vestilor/submissions/1378128663.cpp,cpp,50.0,BFS_DISTANCE_ARRAY,BFS_DISTANCE_ARRAY,probability_model,0.9921875,BFS_LEVEL_ORDER_TIMER,0.003570556640625,0.988616943359375,0.9921875,0.003570556640625,0.001312255859375,0.00109100341796875,0.00148773193359375,0.00042724609375,0.0002765655517578125
1378146373,gigel-si-raspandirea-vestilor/submissions/1378146373.cpp,cpp,5.0,DFS_DEPTH_TRAVERSAL,DFS_DEPTH_TRAVERSAL,probability_model,0.890625,UNKNOWN,0.0830078125,0.8076171875,0.00531005859375,0.002349853515625,0.0026702880859375,0.006011962890625,0.890625,0.00872802734375,0.0830078125
1378148743,gigel-si-raspandirea-vestilor/submissions/1378148743.cpp,cpp,5.0,UNKNOWN,UNKNOWN,uncertain_unknown,0.73046875,BFS_DISTANCE_ARRAY,0.162109375,0.568359375,0.162109375,0.01177978515625,0.02197265625,0.01177978515625,0.052734375,0.0103759765625,0.73046875
1378149448,gigel-si-raspandirea-vestilor/submissions/1378149448.cpp,cpp,50.0,BFS_DISTANCE_ARRAY,BFS_DISTANCE_ARRAY,probability_model,0.98828125,BFS_EXPLICIT_TIME_IN_QUEUE,0.00518798828125,0.98309326171875,0.98828125,0.002166748046875,0.00518798828125,0.00139617919921875,0.000659942626953125,0.0002593994140625,0.00022792816162109375
1378149714,gigel-si-raspandirea-vestilor/submissions/1378149714.java,java,50.0,BFS_DISTANCE_ARRAY,BFS_DISTANCE_ARRAY,probability_model,0.98828125,BFS_LEVEL_ORDER_TIMER,0.002777099609375,0.985504150390625,0.98828125,0.002777099609375,0.002166748046875,0.0015869140625,0.0024566650390625,0.0007476806640625,0.000701904296875
1378153276,gigel-si-raspandirea-vestilor/submissions/1378153276.cpp,cpp,50.0,BFS_DISTANCE_ARRAY,BFS_DISTANCE_ARRAY,probability_model,0.97265625,BFS_EXPLICIT_TIME_IN_QUEUE,0.017822265625,0.954833984375,0.97265625,0.004486083984375,0.017822265625,0.003509521484375,0.00145721435546875,0.0004177093505859375,0.00083160400390625
1378153997,gigel-si-raspandirea-vestilor/submissions/1378153997.cpp,cpp,50.0,BFS_DISTANCE_ARRAY,BFS_DISTANCE_ARRAY,probability_model,0.984375,BFS_EXPLICIT_TIME_IN_QUEUE,0.0035552978515625,0.9808197021484375,0.984375,0.003143310546875,0.0035552978515625,0.001312255859375,0.00244140625,0.000843048095703125,0.00244140625
1378154407,gigel-si-raspandirea-vestilor/submissions/1378154407.cpp,cpp,50.0,BFS_DISTANCE_ARRAY,BFS_DISTANCE_ARRAY,probability_model,0.609375,BFS_LEVEL_ORDER_TIMER,0.326171875,0.283203125,0.609375,0.326171875,0.02685546875,0.00677490234375,0.01116943359375,0.00439453125,0.0126953125
1378154426,gigel-si-raspandirea-vestilor/submissions/1378154426.cpp,cpp,50.0,BFS_DISTANCE_ARRAY,BFS_DISTANCE_ARRAY,probability_model,0.99609375,BFS_LEVEL_ORDER_TIMER,0.00131988525390625,0.9947738647460938,0.99609375,0.00131988525390625,0.00131988525390625,0.000965118408203125,0.00080108642578125,0.000354766845703125,0.0002765655517578125
1378154566,gigel-si-raspandirea-vestilor/submissions/1378154566.cpp,cpp,50.0,BFS_DISTANCE_ARRAY,BFS_DISTANCE_ARRAY,probability_model,0.58984375,BFS_LEVEL_ORDER_TIMER,0.31640625,0.2734375,0.58984375,0.31640625,0.054931640625,0.0084228515625,0.013916015625,0.003509521484375,0.01226806640625
1378154619,gigel-si-raspandirea-vestilor/submissions/1378154619.cpp,cpp,50.0,BFS_DISTANCE_ARRAY,BFS_DISTANCE_ARRAY,probability_model,0.6953125,BFS_LEVEL_ORDER_TIMER,0.2255859375,0.4697265625,0.6953125,0.2255859375,0.04443359375,0.0076904296875,0.01123046875,0.0036468505859375,0.014404296875
1378154672,gigel-si-raspandirea-vestilor/submissions/1378154672.cpp,cpp,25.0,BFS_DISTANCE_ARRAY,BFS_DISTANCE_ARRAY,probability_model,0.98046875,BFS_LEVEL_ORDER_TIMER,0.005157470703125,0.975311279296875,0.98046875,0.005157470703125,0.005157470703125,0.00244140625,0.00244140625,0.0010833740234375,0.0015716552734375
1378154978,gigel-si-raspandirea-vestilor/submissions/1378154978.cpp,cpp,25.0,BFS_DISTANCE_ARRAY,BFS_DISTANCE_ARRAY,probability_model,0.98828125,BFS_LEVEL_ORDER_TIMER,0.00457763671875,0.98370361328125,0.98828125,0.00457763671875,0.0035552978515625,0.00139617919921875,0.001678466796875,0.00061798095703125,0.00084686279296875
1378155030,gigel-si-raspandirea-vestilor/submissions/1378155030.cpp,cpp,22.5,BFS_DISTANCE_ARRAY,BFS_DISTANCE_ARRAY,probability_model,0.98046875,BFS_EXPLICIT_TIME_IN_QUEUE,0.005828857421875,0.974639892578125,0.98046875,0.003997802734375,0.005828857421875,0.00274658203125,0.0031280517578125,0.00101470947265625,0.00274658203125
1378156865,gigel-si-raspandirea-vestilor/submissions/1378156865.java,java,27.5,DFS_DEPTH_TRAVERSAL,DFS_DEPTH_TRAVERSAL,probability_model,0.890625,UNKNOWN,0.0732421875,0.8173828125,0.006011962890625,0.003631591796875,0.003875732421875,0.00872802734375,0.890625,0.014404296875,0.0732421875
1378158178,gigel-si-raspandirea-vestilor/submissions/1378158178.java,java,50.0,BFS_DISTANCE_ARRAY,BFS_DISTANCE_ARRAY,probability_model,0.6875,BFS_EXPLICIT_TIME_IN_QUEUE,0.2236328125,0.4638671875,0.6875,0.018310546875,0.2236328125,0.050048828125,0.006744384765625,0.0020599365234375,0.00982666015625
1378158731,gigel-si-raspandirea-vestilor/submissions/1378158731.java,java,50.0,BFS_DISTANCE_ARRAY,BFS_DISTANCE_ARRAY,probability_model,0.6953125,BFS_EXPLICIT_TIME_IN_QUEUE,0.17578125,0.51953125,0.6953125,0.0269775390625,0.17578125,0.039306640625,0.03466796875,0.00531005859375,0.02099609375
1378159363,gigel-si-raspandirea-vestilor/submissions/1378159363.java,java,50.0,BFS_DISTANCE_ARRAY,BFS_DISTANCE_ARRAY,probability_model,0.99609375,BFS_LEVEL_ORDER_TIMER,0.0016937255859375,0.9944000244140625,0.99609375,0.0016937255859375,0.00109100341796875,0.000850677490234375,0.00109100341796875,0.0004291534423828125,0.00017833709716796875
1378159425,gigel-si-raspandirea-vestilor/submissions/1378159425.cpp,cpp,50.0,BFS_DISTANCE_ARRAY,BFS_DISTANCE_ARRAY,probability_model,0.9921875,BFS_LEVEL_ORDER_TIMER,0.0016937255859375,0.9904937744140625,0.9921875,0.0016937255859375,0.001495361328125,0.00102996826171875,0.00116729736328125,0.000484466552734375,0.0002593994140625
1378159790,gigel-si-raspandirea-vestilor/submissions/1378159790.java,java,22.5,BFS_DISTANCE_ARRAY,BFS_DISTANCE_ARRAY,probability_model,0.95703125,BFS_EXPLICIT_TIME_IN_QUEUE,0.0198974609375,0.9371337890625,0.95703125,0.01202392578125,0.0198974609375,0.005035400390625,0.004425048828125,0.00067901611328125,0.000438690185546875
1378159821,gigel-si-raspandirea-vestilor/submissions/1378159821.java,java,50.0,BFS_DISTANCE_ARRAY,BFS_DISTANCE_ARRAY,probability_model,0.98828125,BFS_LEVEL_ORDER_TIMER,0.003570556640625,0.984710693359375,0.98828125,0.003570556640625,0.002777099609375,0.00179290771484375,0.0015869140625,0.000453948974609375,0.00020122528076171875
1378159875,gigel-si-raspandirea-vestilor/submissions/1378159875.cpp,cpp,50.0,BFS_DISTANCE_ARRAY,BFS_DISTANCE_ARRAY,probability_model,0.953125,UNKNOWN,0.0174560546875,0.9356689453125,0.953125,0.00640869140625,0.01055908203125,0.0038909912109375,0.00726318359375,0.0022125244140625,0.0174560546875
1378160091,gigel-si-raspandirea-vestilor/submissions/1378160091.java,java,5.0,BFS_DISTANCE_ARRAY,BFS_DISTANCE_ARRAY,probability_model,0.93359375,UNKNOWN,0.01708984375,0.91650390625,0.93359375,0.0091552734375,0.01507568359375,0.00714111328125,0.01507568359375,0.0029754638671875,0.01708984375
1378160190,gigel-si-raspandirea-vestilor/submissions/1378160190.cpp,cpp,50.0,BFS_DISTANCE_ARRAY,BFS_DISTANCE_ARRAY,probability_model,0.98828125,BFS_LEVEL_ORDER_TIMER,0.0035552978515625,0.9847259521484375,0.98828125,0.0035552978515625,0.003143310546875,0.002166748046875,0.002166748046875,0.0009002685546875,0.00079345703125
1378160359,gigel-si-raspandirea-vestilor/submissions/1378160359.cpp,cpp,50.0,BFS_DISTANCE_ARRAY,BFS_DISTANCE_ARRAY,probability_model,0.99609375,BFS_LEVEL_ORDER_TIMER,0.00090789794921875,0.9951858520507812,0.99609375,0.00090789794921875,0.0006256103515625,0.00054931640625,0.00080108642578125,0.0003337860107421875,0.0003566741943359375
1391614231,gigel-si-raspandirea-vestilor/submissions/1391614231.cpp,cpp,50.0,BFS_DISTANCE_ARRAY,BFS_DISTANCE_ARRAY,probability_model,0.99609375,BFS_EXPLICIT_TIME_IN_QUEUE,0.00102996826171875,0.9950637817382812,0.99609375,0.00080108642578125,0.00102996826171875,0.000553131103515625,0.0004863739013671875,0.00013065338134765625,5.459785461425781e-05
1391683919,gigel-si-raspandirea-vestilor/submissions/1391683919.cpp,cpp,50.0,BFS_DISTANCE_ARRAY,BFS_DISTANCE_ARRAY,probability_model,0.984375,BFS_EXPLICIT_TIME_IN_QUEUE,0.005859375,0.978515625,0.984375,0.0027618408203125,0.005859375,0.00189971923828125,0.00244140625,0.000698089599609375,0.000743865966796875
1391740121,gigel-si-raspandirea-vestilor/submissions/1391740121.java,java,50.0,BFS_DISTANCE_ARRAY,BFS_DISTANCE_ARRAY,probability_model,0.9921875,BFS_EXPLICIT_TIME_IN_QUEUE,0.0024566650390625,0.9897308349609375,0.9921875,0.0016937255859375,0.0024566650390625,0.000965118408203125,0.00131988525390625,0.000377655029296875,0.00031280517578125
1391769976,gigel-si-raspandirea-vestilor/submissions/1391769976.cpp,cpp,47.5,BFS_EXPLICIT_TIME_IN_QUEUE,BFS_EXPLICIT_TIME_IN_QUEUE,probability_model,0.5703125,BFS_DISTANCE_ARRAY,0.26953125,0.30078125,0.26953125,0.0152587890625,0.5703125,0.1279296875,0.00494384765625,0.0024871826171875,0.0072021484375
1391770094,gigel-si-raspandirea-vestilor/submissions/1391770094.cpp,cpp,47.5,BFS_EXPLICIT_TIME_IN_QUEUE,BFS_EXPLICIT_TIME_IN_QUEUE,probability_model,0.5390625,BFS_DISTANCE_ARRAY,0.326171875,0.212890625,0.326171875,0.01434326171875,0.5390625,0.10595703125,0.004364013671875,0.0024871826171875,0.0086669921875
1391770419,gigel-si-raspandirea-vestilor/submissions/1391770419.cpp,cpp,50.0,BFS_EXPLICIT_TIME_IN_QUEUE,BFS_EXPLICIT_TIME_IN_QUEUE,probability_model,0.8203125,DIJKSTRA_UNIT_WEIGHT,0.09814453125,0.72216796875,0.0673828125,0.007110595703125,0.8203125,0.09814453125,0.002777099609375,0.0012359619140625,0.0020294189453125
1391779743,gigel-si-raspandirea-vestilor/submissions/1391779743.cpp,cpp,50.0,UNKNOWN,BFS_LEVEL_ORDER_TIMER,manual_gold,0.5078125,BFS_DISTANCE_ARRAY,0.349609375,0.158203125,0.349609375,0.036865234375,0.036865234375,0.0174560546875,0.036865234375,0.011962890625,0.5078125
1391802432,gigel-si-raspandirea-vestilor/submissions/1391802432.cpp,cpp,50.0,BFS_DISTANCE_ARRAY,BFS_DISTANCE_ARRAY,probability_model,0.921875,BFS_EXPLICIT_TIME_IN_QUEUE,0.031494140625,0.890380859375,0.921875,0.0245361328125,0.031494140625,0.009033203125,0.00701904296875,0.0022735595703125,0.005462646484375
1391824402,gigel-si-raspandirea-vestilor/submissions/1391824402.java,java,50.0,BFS_DISTANCE_ARRAY,BFS_DISTANCE_ARRAY,probability_model,0.98828125,BFS_EXPLICIT_TIME_IN_QUEUE,0.0040283203125,0.9842529296875,0.98828125,0.0035552978515625,0.0040283203125,0.0019073486328125,0.002166748046875,0.00061798095703125,0.0004825592041015625
1391826256,gigel-si-raspandirea-vestilor/submissions/1391826256.cpp,cpp,50.0,BFS_EXPLICIT_TIME_IN_QUEUE,BFS_EXPLICIT_TIME_IN_QUEUE,probability_model,0.8671875,DIJKSTRA_UNIT_WEIGHT,0.08056640625,0.78662109375,0.04296875,0.003997802734375,0.8671875,0.08056640625,0.0029296875,0.0015716552734375,0.002593994140625
1391827043,gigel-si-raspandirea-vestilor/submissions/1391827043.cpp,cpp,2.5,BFS_DISTANCE_ARRAY,UNKNOWN,uncertain_unknown,0.466796875,UNKNOWN,0.412109375,0.0546875,0.466796875,0.01806640625,0.0263671875,0.0159912109375,0.04931640625,0.010986328125,0.412109375
1391827197,gigel-si-raspandirea-vestilor/submissions/1391827197.cpp,cpp,10.0,BFS_DISTANCE_ARRAY,UNKNOWN,uncertain_unknown,0.55078125,UNKNOWN,0.3359375,0.21484375,0.55078125,0.0167236328125,0.0242919921875,0.0167236328125,0.0400390625,0.01470947265625,0.3359375
1391827266,gigel-si-raspandirea-vestilor/submissions/1391827266.cpp,cpp,50.0,BFS_DISTANCE_ARRAY,BFS_DISTANCE_ARRAY,manual_gold,0.640625,UNKNOWN,0.267578125,0.373046875,0.640625,0.01507568359375,0.02197265625,0.0133056640625,0.0281982421875,0.01177978515625,0.267578125
1391827387,gigel-si-raspandirea-vestilor/submissions/1391827387.cpp,cpp,50.0,BFS_DISTANCE_ARRAY,BFS_DISTANCE_ARRAY,probability_model,0.9921875,BFS_EXPLICIT_TIME_IN_QUEUE,0.002166748046875,0.990020751953125,0.9921875,0.0016937255859375,0.002166748046875,0.00131988525390625,0.00131988525390625,0.0004558563232421875,0.0004024505615234375
1391832580,gigel-si-raspandirea-vestilor/submissions/1391832580.java,java,50.0,BFS_DISTANCE_ARRAY,BFS_DISTANCE_ARRAY,probability_model,0.98828125,BFS_LEVEL_ORDER_TIMER,0.00518798828125,0.98309326171875,0.98828125,0.00518798828125,0.0024566650390625,0.00148773193359375,0.0019073486328125,0.0004825592041015625,0.0002918243408203125
1391856285,gigel-si-raspandirea-vestilor/submissions/1391856285.cpp,cpp,50.0,BFS_DISTANCE_ARRAY,BFS_DISTANCE_ARRAY,probability_model,0.9921875,BFS_EXPLICIT_TIME_IN_QUEUE,0.00191497802734375,0.9902725219726562,0.9921875,0.0016937255859375,0.00191497802734375,0.0012359619140625,0.00102996826171875,0.0004558563232421875,0.00042724609375
1391857755,gigel-si-raspandirea-vestilor/submissions/1391857755.java,java,50.0,BFS_DISTANCE_ARRAY,BFS_DISTANCE_ARRAY,probability_model,0.99609375,BFS_LEVEL_ORDER_TIMER,0.001922607421875,0.994171142578125,0.99609375,0.001922607421875,0.00116729736328125,0.00090789794921875,0.00109100341796875,0.00031280517578125,0.00014781951904296875
1391862501,gigel-si-raspandirea-vestilor/submissions/1391862501.cpp,cpp,50.0,BFS_LEVEL_ORDER_TIMER,BFS_LEVEL_ORDER_TIMER,manual_gold,0.87109375,BFS_DISTANCE_ARRAY,0.10400390625,0.76708984375,0.10400390625,0.87109375,0.01092529296875,0.003143310546875,0.00518798828125,0.0033416748046875,0.0035552978515625
1391862949,gigel-si-raspandirea-vestilor/submissions/1391862949.cpp,cpp,50.0,BFS_LEVEL_ORDER_TIMER,BFS_LEVEL_ORDER_TIMER,manual_gold,0.6015625,BFS_DISTANCE_ARRAY,0.322265625,0.279296875,0.322265625,0.6015625,0.038330078125,0.007568359375,0.01409912109375,0.005889892578125,0.012451171875
1391899650,gigel-si-raspandirea-vestilor/submissions/1391899650.cpp,cpp,50.0,BFS_EXPLICIT_TIME_IN_QUEUE,BFS_EXPLICIT_TIME_IN_QUEUE,probability_model,0.85546875,BFS_DISTANCE_ARRAY,0.0703125,0.78515625,0.0703125,0.00653076171875,0.85546875,0.06201171875,0.0018768310546875,0.000782012939453125,0.001068115234375
1391901145,gigel-si-raspandirea-vestilor/submissions/1391901145.cpp,cpp,50.0,BFS_DISTANCE_ARRAY,BFS_DISTANCE_ARRAY,probability_model,0.984375,BFS_EXPLICIT_TIME_IN_QUEUE,0.004547119140625,0.979827880859375,0.984375,0.0031280517578125,0.004547119140625,0.0027618408203125,0.0021514892578125,0.00115203857421875,0.00244140625
1391903457,gigel-si-raspandirea-vestilor/submissions/1391903457.java,java,50.0,BFS_LEVEL_ORDER_TIMER,BFS_LEVEL_ORDER_TIMER,manual_gold,0.890625,BFS_DISTANCE_ARRAY,0.0830078125,0.8076171875,0.0830078125,0.890625,0.014404296875,0.0032196044921875,0.0036468505859375,0.002838134765625,0.00151824951171875
1391905699,gigel-si-raspandirea-vestilor/submissions/1391905699.cpp,cpp,50.0,BFS_DISTANCE_ARRAY,BFS_DISTANCE_ARRAY,probability_model,0.98828125,BFS_LEVEL_ORDER_TIMER,0.003143310546875,0.985137939453125,0.98828125,0.003143310546875,0.003143310546875,0.001312255859375,0.001312255859375,0.00054931640625,0.000659942626953125
1391930092,gigel-si-raspandirea-vestilor/submissions/1391930092.cpp,cpp,50.0,BFS_DISTANCE_ARRAY,BFS_DISTANCE_ARRAY,probability_model,0.99609375,BFS_EXPLICIT_TIME_IN_QUEUE,0.00080108642578125,0.9952926635742188,0.99609375,0.00070953369140625,0.00080108642578125,0.000553131103515625,0.00040435791015625,0.000179290771484375,0.000148773193359375
1391934408,gigel-si-raspandirea-vestilor/submissions/1391934408.java,java,50.0,BFS_DISTANCE_ARRAY,BFS_DISTANCE_ARRAY,probability_model,0.9921875,BFS_LEVEL_ORDER_TIMER,0.002777099609375,0.989410400390625,0.9921875,0.002777099609375,0.002166748046875,0.00148773193359375,0.00148773193359375,0.00054931640625,0.00020122528076171875
1391934649,gigel-si-raspandirea-vestilor/submissions/1391934649.cpp,cpp,17.5,FLOYD_WARSHALL,FLOYD_WARSHALL,probability_model,0.9375,UNKNOWN,0.059814453125,0.877685546875,0.00124359130859375,0.0003795623779296875,0.0008544921875,0.0010986328125,0.000705718994140625,0.9375,0.059814453125
1391934796,gigel-si-raspandirea-vestilor/submissions/1391934796.cpp,cpp,25.0,BFS_DISTANCE_ARRAY,BFS_DISTANCE_ARRAY,probability_model,0.984375,BFS_EXPLICIT_TIME_IN_QUEUE,0.005157470703125,0.979217529296875,0.984375,0.0035552978515625,0.005157470703125,0.00244140625,0.00244140625,0.0006561279296875,0.00115203857421875
1391934920,gigel-si-raspandirea-vestilor/submissions/1391934920.cpp,cpp,50.0,BFS_DISTANCE_ARRAY,BFS_DISTANCE_ARRAY,probability_model,0.9921875,BFS_EXPLICIT_TIME_IN_QUEUE,0.003570556640625,0.988616943359375,0.9921875,0.00191497802734375,0.003570556640625,0.00168609619140625,0.00168609619140625,0.0003757476806640625,0.000274658203125
1391941282,gigel-si-raspandirea-vestilor/submissions/1391941282.cpp,cpp,2.5,BFS_DISTANCE_ARRAY,UNKNOWN,uncertain_unknown,0.4296875,DFS_DEPTH_TRAVERSAL,0.2294921875,0.2001953125,0.4296875,0.012939453125,0.05810546875,0.024169921875,0.2294921875,0.0166015625,0.2294921875
1391941298,gigel-si-raspandirea-vestilor/submissions/1391941298.cpp,cpp,50.0,BFS_DISTANCE_ARRAY,BFS_DISTANCE_ARRAY,probability_model,0.98828125,BFS_EXPLICIT_TIME_IN_QUEUE,0.003570556640625,0.984710693359375,0.98828125,0.002777099609375,0.003570556640625,0.0019073486328125,0.00148773193359375,0.00061798095703125,0.00084686279296875
1391941309,gigel-si-raspandirea-vestilor/submissions/1391941309.cpp,cpp,50.0,BFS_DISTANCE_ARRAY,BFS_DISTANCE_ARRAY,probability_model,0.98828125,BFS_LEVEL_ORDER_TIMER,0.002777099609375,0.985504150390625,0.98828125,0.002777099609375,0.002777099609375,0.00168609619140625,0.0015869140625,0.000659942626953125,0.0007476806640625
1391942133,gigel-si-raspandirea-vestilor/submissions/1391942133.java,java,50.0,BFS_DISTANCE_ARRAY,BFS_DISTANCE_ARRAY,probability_model,0.98828125,BFS_LEVEL_ORDER_TIMER,0.002777099609375,0.985504150390625,0.98828125,0.002777099609375,0.002777099609375,0.0015869140625,0.0019073486328125,0.000701904296875,0.000453948974609375
1391942342,gigel-si-raspandirea-vestilor/submissions/1391942342.java,java,50.0,BFS_DISTANCE_ARRAY,BFS_DISTANCE_ARRAY,probability_model,0.94140625,BFS_EXPLICIT_TIME_IN_QUEUE,0.01519775390625,0.92620849609375,0.94140625,0.0118408203125,0.01519775390625,0.0072021484375,0.01043701171875,0.0034027099609375,0.01043701171875
1391942348,gigel-si-raspandirea-vestilor/submissions/1391942348.java,java,50.0,BFS_DISTANCE_ARRAY,BFS_DISTANCE_ARRAY,probability_model,0.984375,BFS_EXPLICIT_TIME_IN_QUEUE,0.00848388671875,0.97589111328125,0.984375,0.0035400390625,0.00848388671875,0.0027618408203125,0.00167083740234375,0.000423431396484375,0.00037384033203125
1391951461,gigel-si-raspandirea-vestilor/submissions/1391951461.cpp,cpp,50.0,BFS_DISTANCE_ARRAY,BFS_DISTANCE_ARRAY,probability_model,0.99609375,BFS_LEVEL_ORDER_TIMER,0.001495361328125,0.994598388671875,0.99609375,0.001495361328125,0.00102996826171875,0.00102996826171875,0.000850677490234375,0.0002765655517578125,0.0001392364501953125
1391962655,gigel-si-raspandirea-vestilor/submissions/1391962655.java,java,50.0,BFS_DISTANCE_ARRAY,BFS_DISTANCE_ARRAY,probability_model,0.9921875,BFS_LEVEL_ORDER_TIMER,0.0031585693359375,0.9890289306640625,0.9921875,0.0031585693359375,0.002166748046875,0.00148773193359375,0.00139617919921875,0.0007476806640625,0.000453948974609375
1391964458,gigel-si-raspandirea-vestilor/submissions/1391964458.cpp,cpp,50.0,BFS_DISTANCE_ARRAY,BFS_DISTANCE_ARRAY,probability_model,0.9921875,BFS_LEVEL_ORDER_TIMER,0.004058837890625,0.988128662109375,0.9921875,0.004058837890625,0.00168609619140625,0.00148773193359375,0.00168609619140625,0.0004825592041015625,0.00020122528076171875
1391972128,gigel-si-raspandirea-vestilor/submissions/1391972128.java,java,50.0,BFS_EXPLICIT_TIME_IN_QUEUE,BFS_EXPLICIT_TIME_IN_QUEUE,probability_model,0.92578125,DIJKSTRA_UNIT_WEIGHT,0.046142578125,0.879638671875,0.01318359375,0.0033416748046875,0.92578125,0.046142578125,0.0040283203125,0.0033416748046875,0.0040283203125
1391987756,gigel-si-raspandirea-vestilor/submissions/1391987756.java,java,50.0,UNKNOWN,BFS_DISTANCE_ARRAY,manual_gold,0.6484375,BFS_DISTANCE_ARRAY,0.23828125,0.41015625,0.23828125,0.0172119140625,0.0284423828125,0.01953125,0.03662109375,0.0118408203125,0.6484375
1391989663,gigel-si-raspandirea-vestilor/submissions/1391989663.cpp,cpp,10.0,BFS_DISTANCE_ARRAY,BFS_DISTANCE_ARRAY,probability_model,0.59375,BFS_EXPLICIT_TIME_IN_QUEUE,0.318359375,0.275390625,0.59375,0.0123291015625,0.318359375,0.0625,0.0035247802734375,0.00177764892578125,0.00848388671875
1391989752,gigel-si-raspandirea-vestilor/submissions/1391989752.cpp,cpp,50.0,BFS_EXPLICIT_TIME_IN_QUEUE,BFS_EXPLICIT_TIME_IN_QUEUE,probability_model,0.921875,DIJKSTRA_UNIT_WEIGHT,0.052001953125,0.869873046875,0.0191650390625,0.0027618408203125,0.921875,0.052001953125,0.00201416015625,0.0013885498046875,0.0015716552734375
1391989869,gigel-si-raspandirea-vestilor/submissions/1391989869.cpp,cpp,50.0,BFS_DISTANCE_ARRAY,BFS_EXPLICIT_TIME_IN_QUEUE,manual_gold,0.4921875,BFS_EXPLICIT_TIME_IN_QUEUE,0.43359375,0.05859375,0.4921875,0.009033203125,0.43359375,0.058837890625,0.0025787353515625,0.00101470947265625,0.00177764892578125
1391995387,gigel-si-raspandirea-vestilor/submissions/1391995387.java,java,50.0,BFS_EXPLICIT_TIME_IN_QUEUE,BFS_EXPLICIT_TIME_IN_QUEUE,probability_model,0.8359375,DIJKSTRA_UNIT_WEIGHT,0.07763671875,0.75830078125,0.060546875,0.0196533203125,0.8359375,0.07763671875,0.00439453125,0.0015106201171875,0.00160980224609375
1391997250,gigel-si-raspandirea-vestilor/submissions/1391997250.cpp,cpp,50.0,BFS_DISTANCE_ARRAY,BFS_DISTANCE_ARRAY,probability_model,0.98828125,BFS_EXPLICIT_TIME_IN_QUEUE,0.0040283203125,0.9842529296875,0.98828125,0.002777099609375,0.0040283203125,0.00148773193359375,0.002166748046875,0.0009002685546875,0.001312255859375
1391999242,gigel-si-raspandirea-vestilor/submissions/1391999242.java,java,50.0,BFS_EXPLICIT_TIME_IN_QUEUE,BFS_EXPLICIT_TIME_IN_QUEUE,probability_model,0.953125,DIJKSTRA_UNIT_WEIGHT,0.03271484375,0.92041015625,0.01055908203125,0.001434326171875,0.953125,0.03271484375,0.00152587890625,0.000560760498046875,0.000675201416015625
1392001021,gigel-si-raspandirea-vestilor/submissions/1392001021.cpp,cpp,50.0,BFS_DISTANCE_ARRAY,BFS_DISTANCE_ARRAY,probability_model,0.984375,BFS_EXPLICIT_TIME_IN_QUEUE,0.01092529296875,0.97344970703125,0.984375,0.001678466796875,0.01092529296875,0.001678466796875,0.00061798095703125,0.00018787384033203125,0.0002918243408203125
1392022530,gigel-si-raspandirea-vestilor/submissions/1392022530.cpp,cpp,50.0,BFS_DISTANCE_ARRAY,BFS_DISTANCE_ARRAY,probability_model,0.9921875,BFS_LEVEL_ORDER_TIMER,0.00191497802734375,0.9902725219726562,0.9921875,0.00191497802734375,0.001495361328125,0.00115966796875,0.00131988525390625,0.000514984130859375,0.0004024505615234375
1392023423,gigel-si-raspandirea-vestilor/submissions/1392023423.cpp,cpp,50.0,BFS_DISTANCE_ARRAY,BFS_DISTANCE_ARRAY,probability_model,0.99609375,BFS_LEVEL_ORDER_TIMER,0.001495361328125,0.994598388671875,0.99609375,0.001495361328125,0.00109100341796875,0.000751495361328125,0.00090789794921875,0.0003337860107421875,0.000202178955078125
1392033851,gigel-si-raspandirea-vestilor/submissions/1392033851.cpp,cpp,50.0,BFS_DISTANCE_ARRAY,BFS_DISTANCE_ARRAY,probability_model,0.99609375,BFS_LEVEL_ORDER_TIMER,0.001922607421875,0.994171142578125,0.99609375,0.001922607421875,0.00116729736328125,0.00080108642578125,0.00090789794921875,0.0002765655517578125,0.000377655029296875
1392035383,gigel-si-raspandirea-vestilor/submissions/1392035383.cpp,cpp,50.0,BFS_DISTANCE_ARRAY,BFS_DISTANCE_ARRAY,probability_model,0.98828125,BFS_EXPLICIT_TIME_IN_QUEUE,0.00518798828125,0.98309326171875,0.98828125,0.002777099609375,0.00518798828125,0.0019073486328125,0.0014801025390625,0.000545501708984375,0.00122833251953125
1408312041,gigel-si-raspandirea-vestilor/submissions/1408312041.cpp,cpp,50.0,BFS_EXPLICIT_TIME_IN_QUEUE,BFS_EXPLICIT_TIME_IN_QUEUE,probability_model,0.9140625,DIJKSTRA_UNIT_WEIGHT,0.051513671875,0.862548828125,0.027587890625,0.0030975341796875,0.9140625,0.051513671875,0.00225830078125,0.001373291015625,0.001373291015625
1408385040,gigel-si-raspandirea-vestilor/submissions/1408385040.cpp,cpp,50.0,BFS_DISTANCE_ARRAY,BFS_DISTANCE_ARRAY,probability_model,0.9921875,BFS_EXPLICIT_TIME_IN_QUEUE,0.00191497802734375,0.9902725219726562,0.9921875,0.0016937255859375,0.00191497802734375,0.00102996826171875,0.00090789794921875,0.0002765655517578125,0.0002593994140625
1408394894,gigel-si-raspandirea-vestilor/submissions/1408394894.cpp,cpp,50.0,BFS_DISTANCE_ARRAY,BFS_DISTANCE_ARRAY,probability_model,0.984375,BFS_EXPLICIT_TIME_IN_QUEUE,0.00457763671875,0.97979736328125,0.984375,0.0027618408203125,0.00457763671875,0.001678466796875,0.0021514892578125,0.00079345703125,0.0021514892578125
1408398053,gigel-si-raspandirea-vestilor/submissions/1408398053.cpp,cpp,50.0,BFS_DISTANCE_ARRAY,BFS_DISTANCE_ARRAY,probability_model,0.984375,BFS_EXPLICIT_TIME_IN_QUEUE,0.00457763671875,0.97979736328125,0.984375,0.0035552978515625,0.00457763671875,0.001678466796875,0.0014801025390625,0.000743865966796875,0.001678466796875
1408404960,gigel-si-raspandirea-vestilor/submissions/1408404960.cpp,cpp,50.0,BFS_DISTANCE_ARRAY,BFS_DISTANCE_ARRAY,probability_model,0.609375,BFS_LEVEL_ORDER_TIMER,0.1982421875,0.4111328125,0.609375,0.1982421875,0.08251953125,0.02685546875,0.0390625,0.01116943359375,0.0303955078125
1408414141,gigel-si-raspandirea-vestilor/submissions/1408414141.cpp,cpp,50.0,BFS_DISTANCE_ARRAY,BFS_DISTANCE_ARRAY,probability_model,0.98828125,BFS_EXPLICIT_TIME_IN_QUEUE,0.00518798828125,0.98309326171875,0.98828125,0.0024566650390625,0.00518798828125,0.00168609619140625,0.001312255859375,0.000453948974609375,0.00079345703125
1408417181,gigel-si-raspandirea-vestilor/submissions/1408417181.cpp,cpp,50.0,BFS_DISTANCE_ARRAY,BFS_DISTANCE_ARRAY,manual_gold,0.98046875,BFS_LEVEL_ORDER_TIMER,0.007476806640625,0.972991943359375,0.98046875,0.007476806640625,0.005157470703125,0.0027618408203125,0.0021514892578125,0.000698089599609375,0.00095367431640625
1408419570,gigel-si-raspandirea-vestilor/submissions/1408419570.cpp,cpp,50.0,BFS_DISTANCE_ARRAY,BFS_DISTANCE_ARRAY,probability_model,0.99609375,BFS_LEVEL_ORDER_TIMER,0.0021820068359375,0.9939117431640625,0.99609375,0.0021820068359375,0.00131988525390625,0.00080108642578125,0.00080108642578125,0.000293731689453125,0.00017833709716796875
1408424869,gigel-si-raspandirea-vestilor/submissions/1408424869.cpp,cpp,50.0,BFS_DISTANCE_ARRAY,BFS_DISTANCE_ARRAY,probability_model,0.96484375,BFS_EXPLICIT_TIME_IN_QUEUE,0.02001953125,0.94482421875,0.96484375,0.006500244140625,0.02001953125,0.00506591796875,0.002105712890625,0.0004425048828125,0.000324249267578125
1408428384,gigel-si-raspandirea-vestilor/submissions/1408428384.cpp,cpp,10.0,BFS_DISTANCE_ARRAY,BFS_DISTANCE_ARRAY,probability_model,0.98046875,DFS_DEPTH_TRAVERSAL,0.005828857421875,0.974639892578125,0.98046875,0.005157470703125,0.00311279296875,0.00167083740234375,0.005828857421875,0.00107574462890625,0.00274658203125
1408428408,gigel-si-raspandirea-vestilor/submissions/1408428408.cpp,cpp,50.0,BFS_DISTANCE_ARRAY,BFS_DISTANCE_ARRAY,probability_model,0.98828125,BFS_LEVEL_ORDER_TIMER,0.0040283203125,0.9842529296875,0.98828125,0.0040283203125,0.0019073486328125,0.0010223388671875,0.003570556640625,0.000545501708984375,0.000545501708984375
1408433347,gigel-si-raspandirea-vestilor/submissions/1408433347.cpp,cpp,50.0,BFS_DISTANCE_ARRAY,BFS_DISTANCE_ARRAY,probability_model,0.99609375,BFS_LEVEL_ORDER_TIMER,0.0016937255859375,0.9944000244140625,0.99609375,0.0016937255859375,0.00131988525390625,0.00080108642578125,0.00058746337890625,0.00017833709716796875,8.96453857421875e-05
1408435665,gigel-si-raspandirea-vestilor/submissions/1408435665.cpp,cpp,2.5,UNKNOWN,UNKNOWN,uncertain_unknown,0.93359375,BFS_DISTANCE_ARRAY,0.02490234375,0.90869140625,0.02490234375,0.003814697265625,0.0033721923828125,0.0033721923828125,0.02490234375,0.004913330078125,0.93359375
1408435829,gigel-si-raspandirea-vestilor/submissions/1408435829.cpp,cpp,50.0,BFS_DISTANCE_ARRAY,BFS_DISTANCE_ARRAY,probability_model,0.984375,BFS_EXPLICIT_TIME_IN_QUEUE,0.01092529296875,0.97344970703125,0.984375,0.00244140625,0.01092529296875,0.0021514892578125,0.000789642333984375,0.00018787384033203125,0.00021266937255859375
1408435911,gigel-si-raspandirea-vestilor/submissions/1408435911.cpp,cpp,50.0,BFS_DISTANCE_ARRAY,BFS_DISTANCE_ARRAY,probability_model,0.609375,BFS_LEVEL_ORDER_TIMER,0.326171875,0.283203125,0.609375,0.326171875,0.034423828125,0.00872802734375,0.00872802734375,0.004119873046875,0.0059814453125
1408443978,gigel-si-raspandirea-vestilor/submissions/1408443978.cpp,cpp,50.0,BFS_DISTANCE_ARRAY,BFS_DISTANCE_ARRAY,probability_model,0.9921875,BFS_LEVEL_ORDER_TIMER,0.0031585693359375,0.9890289306640625,0.9921875,0.0031585693359375,0.0016937255859375,0.0010223388671875,0.0010223388671875,0.000354766845703125,0.0002765655517578125
1408450530,gigel-si-raspandirea-vestilor/submissions/1408450530.cpp,cpp,50.0,BFS_DISTANCE_ARRAY,BFS_DISTANCE_ARRAY,probability_model,0.9921875,BFS_LEVEL_ORDER_TIMER,0.0016937255859375,0.9904937744140625,0.9921875,0.0016937255859375,0.00131988525390625,0.00080108642578125,0.000965118408203125,0.000484466552734375,0.00115966796875
1408450878,gigel-si-raspandirea-vestilor/submissions/1408450878.cpp,cpp,50.0,BFS_DISTANCE_ARRAY,BFS_DISTANCE_ARRAY,manual_gold,0.62109375,UNKNOWN,0.33203125,0.2890625,0.62109375,0.0078125,0.00885009765625,0.0078125,0.0146484375,0.006103515625,0.33203125
1408454408,gigel-si-raspandirea-vestilor/submissions/1408454408.cpp,cpp,10.0,BFS_DISTANCE_ARRAY,BFS_DISTANCE_ARRAY,probability_model,0.95703125,BFS_EXPLICIT_TIME_IN_QUEUE,0.0106201171875,0.9464111328125,0.95703125,0.00567626953125,0.0106201171875,0.005035400390625,0.0106201171875,0.002685546875,0.00830078125
1408454480,gigel-si-raspandirea-vestilor/submissions/1408454480.cpp,cpp,10.0,BFS_DISTANCE_ARRAY,BFS_DISTANCE_ARRAY,probability_model,0.91796875,UNKNOWN,0.0244140625,0.8935546875,0.91796875,0.0079345703125,0.016845703125,0.00701904296875,0.0216064453125,0.003753662109375,0.0244140625
1408454528,gigel-si-raspandirea-vestilor/submissions/1408454528.cpp,cpp,50.0,BFS_DISTANCE_ARRAY,BFS_DISTANCE_ARRAY,probability_model,0.95703125,DFS_DEPTH_TRAVERSAL,0.01361083984375,0.94342041015625,0.95703125,0.00567626953125,0.0106201171875,0.0050048828125,0.01361083984375,0.0023651123046875,0.006439208984375
1408456348,gigel-si-raspandirea-vestilor/submissions/1408456348.java,java,50.0,BFS_DISTANCE_ARRAY,BFS_DISTANCE_ARRAY,probability_model,0.9765625,BFS_EXPLICIT_TIME_IN_QUEUE,0.006561279296875,0.970001220703125,0.9765625,0.00274658203125,0.006561279296875,0.00274658203125,0.005126953125,0.0016632080078125,0.00579833984375
1408457306,gigel-si-raspandirea-vestilor/submissions/1408457306.cpp,cpp,50.0,BFS_DISTANCE_ARRAY,BFS_DISTANCE_ARRAY,probability_model,0.984375,BFS_EXPLICIT_TIME_IN_QUEUE,0.005859375,0.978515625,0.984375,0.0040283203125,0.005859375,0.0021514892578125,0.00189971923828125,0.0006561279296875,0.000957489013671875
1408457402,gigel-si-raspandirea-vestilor/submissions/1408457402.cpp,cpp,10.0,BFS_EXPLICIT_TIME_IN_QUEUE,BFS_EXPLICIT_TIME_IN_QUEUE,probability_model,0.734375,DIJKSTRA_UNIT_WEIGHT,0.1279296875,0.6064453125,0.05322265625,0.0081787109375,0.734375,0.1279296875,0.010498046875,0.0038604736328125,0.060302734375
1408457542,gigel-si-raspandirea-vestilor/submissions/1408457542.cpp,cpp,50.0,BFS_EXPLICIT_TIME_IN_QUEUE,BFS_EXPLICIT_TIME_IN_QUEUE,probability_model,0.76953125,BFS_DISTANCE_ARRAY,0.10400390625,0.66552734375,0.10400390625,0.005523681640625,0.76953125,0.10400390625,0.005889892578125,0.0024566650390625,0.007537841796875
1408457995,gigel-si-raspandirea-vestilor/submissions/1408457995.cpp,cpp,50.0,BFS_DISTANCE_ARRAY,BFS_DISTANCE_ARRAY,probability_model,0.99609375,BFS_LEVEL_ORDER_TIMER,0.00102996826171875,0.9950637817382812,0.99609375,0.00102996826171875,0.00090789794921875,0.0006256103515625,0.00066375732421875,0.00022983551025390625,0.00011539459228515625
1408462092,gigel-si-raspandirea-vestilor/submissions/1408462092.cpp,cpp,10.0,BFS_DISTANCE_ARRAY,BFS_DISTANCE_ARRAY,probability_model,0.8203125,BFS_EXPLICIT_TIME_IN_QUEUE,0.142578125,0.677734375,0.8203125,0.0150146484375,0.142578125,0.019287109375,0.0023040771484375,0.0007476806640625,0.0020294189453125
1408462117,gigel-si-raspandirea-vestilor/submissions/1408462117.cpp,cpp,10.0,BFS_EXPLICIT_TIME_IN_QUEUE,BFS_EXPLICIT_TIME_IN_QUEUE,probability_model,0.59765625,BFS_DISTANCE_ARRAY,0.3203125,0.27734375,0.3203125,0.0205078125,0.59765625,0.0556640625,0.0020294189453125,0.00079345703125,0.00084686279296875
1408462126,gigel-si-raspandirea-vestilor/submissions/1408462126.cpp,cpp,50.0,BFS_EXPLICIT_TIME_IN_QUEUE,BFS_EXPLICIT_TIME_IN_QUEUE,probability_model,0.7421875,BFS_DISTANCE_ARRAY,0.1875,0.5546875,0.1875,0.01202392578125,0.7421875,0.0537109375,0.0020904541015625,0.00081634521484375,0.000720977783203125
1408462766,gigel-si-raspandirea-vestilor/submissions/1408462766.cpp,cpp,2.5,UNKNOWN,UNKNOWN,uncertain_unknown,0.8359375,DFS_DEPTH_TRAVERSAL,0.1455078125,0.6904296875,0.0020751953125,0.0011138916015625,0.00142669677734375,0.003875732421875,0.1455078125,0.00823974609375,0.8359375
1408462823,gigel-si-raspandirea-vestilor/submissions/1408462823.cpp,cpp,50.0,BFS_DISTANCE_ARRAY,BFS_DISTANCE_ARRAY,probability_model,0.9921875,BFS_LEVEL_ORDER_TIMER,0.0016937255859375,0.9904937744140625,0.9921875,0.0016937255859375,0.0016937255859375,0.00109100341796875,0.00080108642578125,0.0004024505615234375,0.000354766845703125
1408471813,gigel-si-raspandirea-vestilor/submissions/1408471813.cpp,cpp,50.0,BFS_DISTANCE_ARRAY,BFS_DISTANCE_ARRAY,probability_model,0.9921875,BFS_LEVEL_ORDER_TIMER,0.0027923583984375,0.9893951416015625,0.9921875,0.0027923583984375,0.00191497802734375,0.00109100341796875,0.00115966796875,0.000453948974609375,0.000583648681640625
1408472240,gigel-si-raspandirea-vestilor/submissions/1408472240.cpp,cpp,50.0,BFS_DISTANCE_ARRAY,BFS_DISTANCE_ARRAY,probability_model,0.8984375,BFS_EXPLICIT_TIME_IN_QUEUE,0.03076171875,0.86767578125,0.8984375,0.01129150390625,0.03076171875,0.0128173828125,0.0164794921875,0.003662109375,0.027099609375
1408473554,gigel-si-raspandirea-vestilor/submissions/1408473554.java,java,50.0,BFS_DISTANCE_ARRAY,BFS_DISTANCE_ARRAY,probability_model,0.9921875,BFS_EXPLICIT_TIME_IN_QUEUE,0.003570556640625,0.988616943359375,0.9921875,0.00191497802734375,0.003570556640625,0.001312255859375,0.001312255859375,0.000400543212890625,0.000621795654296875
1408474015,gigel-si-raspandirea-vestilor/submissions/1408474015.cpp,cpp,50.0,BFS_DISTANCE_ARRAY,BFS_DISTANCE_ARRAY,probability_model,0.89453125,UNKNOWN,0.050537109375,0.843994140625,0.89453125,0.00994873046875,0.0185546875,0.0087890625,0.01446533203125,0.004150390625,0.050537109375
1408476101,gigel-si-raspandirea-vestilor/submissions/1408476101.java,java,50.0,BFS_DISTANCE_ARRAY,BFS_DISTANCE_ARRAY,probability_model,0.9921875,BFS_LEVEL_ORDER_TIMER,0.002166748046875,0.990020751953125,0.9921875,0.002166748046875,0.0012359619140625,0.000965118408203125,0.0016937255859375,0.00042724609375,0.0002288818359375
1408477586,gigel-si-raspandirea-vestilor/submissions/1408477586.cpp,cpp,50.0,BFS_DISTANCE_ARRAY,BFS_DISTANCE_ARRAY,probability_model,0.93359375,BFS_EXPLICIT_TIME_IN_QUEUE,0.02197265625,0.91162109375,0.93359375,0.008056640625,0.02197265625,0.007110595703125,0.0091552734375,0.0023040771484375,0.019287109375
1408478948,gigel-si-raspandirea-vestilor/submissions/1408478948.cpp,cpp,50.0,BFS_DISTANCE_ARRAY,BFS_DISTANCE_ARRAY,probability_model,0.921875,BFS_EXPLICIT_TIME_IN_QUEUE,0.031494140625,0.890380859375,0.921875,0.007049560546875,0.031494140625,0.01025390625,0.01318359375,0.002593994140625,0.01318359375
1408480122,gigel-si-raspandirea-vestilor/submissions/1408480122.cpp,cpp,50.0,BFS_DISTANCE_ARRAY,BFS_DISTANCE_ARRAY,probability_model,0.9921875,BFS_LEVEL_ORDER_TIMER,0.00191497802734375,0.9902725219726562,0.9921875,0.00191497802734375,0.00191497802734375,0.00109100341796875,0.000850677490234375,0.0003337860107421875,0.00054931640625
1408480795,gigel-si-raspandirea-vestilor/submissions/1408480795.cpp,cpp,50.0,BFS_DISTANCE_ARRAY,BFS_DISTANCE_ARRAY,probability_model,0.98828125,BFS_LEVEL_ORDER_TIMER,0.002777099609375,0.985504150390625,0.98828125,0.002777099609375,0.0019073486328125,0.001312255859375,0.00168609619140625,0.000701904296875,0.00168609619140625
1408481119,gigel-si-raspandirea-vestilor/submissions/1408481119.cpp,cpp,50.0,BFS_DISTANCE_ARRAY,BFS_DISTANCE_ARRAY,probability_model,0.98828125,BFS_EXPLICIT_TIME_IN_QUEUE,0.00457763671875,0.98370361328125,0.98828125,0.0024566650390625,0.00457763671875,0.0019073486328125,0.0012359619140625,0.000514984130859375,0.0007476806640625
1408482501,gigel-si-raspandirea-vestilor/submissions/1408482501.cpp,cpp,50.0,BFS_LEVEL_ORDER_TIMER,BFS_LEVEL_ORDER_TIMER,probability_model,0.8359375,BFS_DISTANCE_ARRAY,0.11328125,0.72265625,0.11328125,0.8359375,0.0252685546875,0.0036468505859375,0.01055908203125,0.00439453125,0.006378173828125
1408484773,gigel-si-raspandirea-vestilor/submissions/1408484773.cpp,cpp,17.5,BFS_DISTANCE_ARRAY,BFS_DISTANCE_ARRAY,probability_model,0.50390625,BFS_EXPLICIT_TIME_IN_QUEUE,0.392578125,0.111328125,0.50390625,0.013427734375,0.392578125,0.060302734375,0.00634765625,0.0024871826171875,0.01953125
1408484821,gigel-si-raspandirea-vestilor/submissions/1408484821.cpp,cpp,50.0,BFS_DISTANCE_ARRAY,BFS_DISTANCE_ARRAY,probability_model,0.9765625,BFS_EXPLICIT_TIME_IN_QUEUE,0.00848388671875,0.96807861328125,0.9765625,0.006591796875,0.00848388671875,0.0016632080078125,0.00311279296875,0.00069427490234375,0.00147247314453125
1408485381,gigel-si-raspandirea-vestilor/submissions/1408485381.cpp,cpp,15.0,BFS_EXPLICIT_TIME_IN_QUEUE,BFS_EXPLICIT_TIME_IN_QUEUE,probability_model,0.546875,BFS_DISTANCE_ARRAY,0.29296875,0.25390625,0.29296875,0.0164794921875,0.546875,0.08349609375,0.0128173828125,0.00390625,0.044921875
1408485743,gigel-si-raspandirea-vestilor/submissions/1408485743.cpp,cpp,50.0,BFS_EXPLICIT_TIME_IN_QUEUE,BFS_EXPLICIT_TIME_IN_QUEUE,probability_model,0.6328125,BFS_DISTANCE_ARRAY,0.263671875,0.369140625,0.263671875,0.0115966796875,0.6328125,0.07568359375,0.00799560546875,0.00177764892578125,0.004852294921875
1408486325,gigel-si-raspandirea-vestilor/submissions/1408486325.cpp,cpp,50.0,BFS_DISTANCE_ARRAY,BFS_DISTANCE_ARRAY,probability_model,0.9765625,BFS_EXPLICIT_TIME_IN_QUEUE,0.0108642578125,0.9656982421875,0.9765625,0.005126953125,0.0108642578125,0.00311279296875,0.00274658203125,0.0006103515625,0.000949859619140625
1408487902,gigel-si-raspandirea-vestilor/submissions/1408487902.java,java,50.0,BFS_DISTANCE_ARRAY,BFS_DISTANCE_ARRAY,probability_model,0.953125,BFS_LEVEL_ORDER_TIMER,0.02880859375,0.92431640625,0.953125,0.02880859375,0.00640869140625,0.0026702880859375,0.00567626953125,0.00092315673828125,0.0030364990234375
1408492219,gigel-si-raspandirea-vestilor/submissions/1408492219.cpp,cpp,50.0,BFS_DISTANCE_ARRAY,BFS_DISTANCE_ARRAY,probability_model,0.625,BFS_EXPLICIT_TIME_IN_QUEUE,0.23046875,0.39453125,0.625,0.03125,0.23046875,0.06591796875,0.0167236328125,0.004791259765625,0.0242919921875
1408492345,gigel-si-raspandirea-vestilor/submissions/1408492345.cpp,cpp,2.5,BFS_DISTANCE_ARRAY,BFS_DISTANCE_ARRAY,probability_model,0.9765625,BFS_EXPLICIT_TIME_IN_QUEUE,0.007476806640625,0.969085693359375,0.9765625,0.005828857421875,0.007476806640625,0.00274658203125,0.00274658203125,0.00089263916015625,0.00189208984375
1408492363,gigel-si-raspandirea-vestilor/submissions/1408492363.cpp,cpp,50.0,BFS_DISTANCE_ARRAY,BFS_DISTANCE_ARRAY,probability_model,0.98828125,BFS_LEVEL_ORDER_TIMER,0.0035552978515625,0.9847259521484375,0.98828125,0.0035552978515625,0.0035552978515625,0.0019073486328125,0.002166748046875,0.000579833984375,0.000659942626953125
1408492435,gigel-si-raspandirea-vestilor/submissions/1408492435.java,java,50.0,BFS_DISTANCE_ARRAY,BFS_DISTANCE_ARRAY,probability_model,0.97265625,DFS_DEPTH_TRAVERSAL,0.00653076171875,0.96612548828125,0.97265625,0.005767822265625,0.005767822265625,0.00396728515625,0.00653076171875,0.0018768310546875,0.005096435546875
1408492463,gigel-si-raspandirea-vestilor/submissions/1408492463.cpp,cpp,50.0,BFS_DISTANCE_ARRAY,BFS_DISTANCE_ARRAY,probability_model,0.98828125,DFS_DEPTH_TRAVERSAL,0.003143310546875,0.985137939453125,0.98828125,0.00168609619140625,0.001312255859375,0.00109100341796875,0.003143310546875,0.000904083251953125,0.0019073486328125
1408492735,gigel-si-raspandirea-vestilor/submissions/1408492735.cpp,cpp,50.0,BFS_LEVEL_ORDER_TIMER,BFS_LEVEL_ORDER_TIMER,manual_gold,0.85546875,UNKNOWN,0.0546875,0.80078125,0.0291748046875,0.85546875,0.033203125,0.005767822265625,0.0107421875,0.01220703125,0.0546875
1408492993,gigel-si-raspandirea-vestilor/submissions/1408492993.cpp,cpp,50.0,BFS_DISTANCE_ARRAY,BFS_DISTANCE_ARRAY,probability_model,0.98828125,BFS_LEVEL_ORDER_TIMER,0.003570556640625,0.984710693359375,0.98828125,0.003570556640625,0.0019073486328125,0.001312255859375,0.0024566650390625,0.0004825592041015625,0.000797271728515625
1408493418,gigel-si-raspandirea-vestilor/submissions/1408493418.cpp,cpp,10.0,BFS_DISTANCE_ARRAY,BFS_DISTANCE_ARRAY,probability_model,0.97265625,UNKNOWN,0.0074462890625,0.9652099609375,0.97265625,0.0045166015625,0.005126953125,0.002410888671875,0.0045166015625,0.0018768310546875,0.0074462890625
1408493422,gigel-si-raspandirea-vestilor/submissions/1408493422.cpp,cpp,50.0,BFS_DISTANCE_ARRAY,BFS_DISTANCE_ARRAY,probability_model,0.9921875,BFS_EXPLICIT_TIME_IN_QUEUE,0.002777099609375,0.989410400390625,0.9921875,0.0024566650390625,0.002777099609375,0.00115966796875,0.00148773193359375,0.000583648681640625,0.0010223388671875
1408503580,gigel-si-raspandirea-vestilor/submissions/1408503580.cpp,cpp,50.0,BFS_DISTANCE_ARRAY,BFS_DISTANCE_ARRAY,probability_model,0.9921875,BFS_EXPLICIT_TIME_IN_QUEUE,0.002166748046875,0.990020751953125,0.9921875,0.00191497802734375,0.002166748046875,0.000965118408203125,0.00080108642578125,0.0003337860107421875,0.0003337860107421875
1408504480,gigel-si-raspandirea-vestilor/submissions/1408504480.cpp,cpp,12.5,BFS_DISTANCE_ARRAY,BFS_DISTANCE_ARRAY,probability_model,0.54296875,BFS_LEVEL_ORDER_TIMER,0.330078125,0.212890625,0.54296875,0.330078125,0.044677734375,0.01275634765625,0.0185546875,0.01129150390625,0.039306640625
1408504541,gigel-si-raspandirea-vestilor/submissions/1408504541.cpp,cpp,50.0,BFS_DISTANCE_ARRAY,BFS_LEVEL_ORDER_TIMER,manual_gold,0.5078125,BFS_LEVEL_ORDER_TIMER,0.44921875,0.05859375,0.5078125,0.44921875,0.025390625,0.0050048828125,0.004150390625,0.0025177001953125,0.003662109375
1408504807,gigel-si-raspandirea-vestilor/submissions/1408504807.cpp,cpp,50.0,BFS_DISTANCE_ARRAY,BFS_DISTANCE_ARRAY,probability_model,0.99609375,BFS_LEVEL_ORDER_TIMER,0.00131988525390625,0.9947738647460938,0.99609375,0.00131988525390625,0.00131988525390625,0.00066375732421875,0.00080108642578125,0.0002593994140625,0.000377655029296875
1408504920,gigel-si-raspandirea-vestilor/submissions/1408504920.java,java,50.0,BFS_EXPLICIT_TIME_IN_QUEUE,BFS_EXPLICIT_TIME_IN_QUEUE,probability_model,0.7421875,BFS_DISTANCE_ARRAY,0.12890625,0.61328125,0.12890625,0.0050048828125,0.7421875,0.11376953125,0.0050048828125,0.00173187255859375,0.00183868408203125
1408517010,gigel-si-raspandirea-vestilor/submissions/1408517010.cpp,cpp,50.0,BFS_DISTANCE_ARRAY,BFS_DISTANCE_ARRAY,probability_model,0.9765625,BFS_LEVEL_ORDER_TIMER,0.0074462890625,0.9691162109375,0.9765625,0.0074462890625,0.006591796875,0.0024261474609375,0.0045166015625,0.00089263916015625,0.001007080078125
1408520332,gigel-si-raspandirea-vestilor/submissions/1408520332.cpp,cpp,7.5,BFS_DISTANCE_ARRAY,BFS_DISTANCE_ARRAY,probability_model,0.81640625,UNKNOWN,0.125,0.69140625,0.81640625,0.01025390625,0.021728515625,0.01165771484375,0.01025390625,0.004852294921875,0.125
1408520376,gigel-si-raspandirea-vestilor/submissions/1408520376.cpp,cpp,20.0,BFS_DISTANCE_ARRAY,BFS_DISTANCE_ARRAY,probability_model,0.94921875,UNKNOWN,0.015380859375,0.933837890625,0.94921875,0.00640869140625,0.0135498046875,0.0050048828125,0.00640869140625,0.0020751953125,0.015380859375
1408520393,gigel-si-raspandirea-vestilor/submissions/1408520393.cpp,cpp,25.0,BFS_DISTANCE_ARRAY,BFS_DISTANCE_ARRAY,probability_model,0.96875,BFS_EXPLICIT_TIME_IN_QUEUE,0.009521484375,0.959228515625,0.96875,0.005096435546875,0.009521484375,0.00396728515625,0.0034942626953125,0.00128936767578125,0.00653076171875
1408520968,gigel-si-raspandirea-vestilor/submissions/1408520968.cpp,cpp,50.0,BFS_DISTANCE_ARRAY,BFS_DISTANCE_ARRAY,probability_model,0.6015625,BFS_EXPLICIT_TIME_IN_QUEUE,0.322265625,0.279296875,0.6015625,0.010986328125,0.322265625,0.055908203125,0.00518798828125,0.00168609619140625,0.004058837890625
1408522375,gigel-si-raspandirea-vestilor/submissions/1408522375.cpp,cpp,50.0,BFS_DISTANCE_ARRAY,BFS_DISTANCE_ARRAY,probability_model,0.98828125,BFS_LEVEL_ORDER_TIMER,0.00457763671875,0.98370361328125,0.98828125,0.00457763671875,0.002777099609375,0.0019073486328125,0.00122833251953125,0.000545501708984375,0.0004825592041015625
1408523537,gigel-si-raspandirea-vestilor/submissions/1408523537.cpp,cpp,50.0,BFS_DISTANCE_ARRAY,BFS_DISTANCE_ARRAY,probability_model,0.99609375,BFS_LEVEL_ORDER_TIMER,0.00090789794921875,0.9951858520507812,0.99609375,0.00090789794921875,0.00090789794921875,0.00070953369140625,0.0004863739013671875,0.0002155303955078125,0.00013065338134765625
1408524617,gigel-si-raspandirea-vestilor/submissions/1408524617.cpp,cpp,50.0,BFS_DISTANCE_ARRAY,BFS_DISTANCE_ARRAY,probability_model,0.9921875,BFS_EXPLICIT_TIME_IN_QUEUE,0.0021820068359375,0.9900054931640625,0.9921875,0.00116729736328125,0.0021820068359375,0.00116729736328125,0.00080108642578125,0.0003337860107421875,0.0003337860107421875
1408526058,gigel-si-raspandirea-vestilor/submissions/1408526058.cpp,cpp,50.0,BFS_DISTANCE_ARRAY,BFS_DISTANCE_ARRAY,probability_model,0.90625,UNKNOWN,0.045166015625,0.861083984375,0.90625,0.00885009765625,0.00885009765625,0.0078125,0.0146484375,0.00885009765625,0.045166015625
1408526172,gigel-si-raspandirea-vestilor/submissions/1408526172.cpp,cpp,50.0,BFS_DISTANCE_ARRAY,BFS_DISTANCE_ARRAY,probability_model,0.9921875,BFS_EXPLICIT_TIME_IN_QUEUE,0.0027923583984375,0.9893951416015625,0.9921875,0.00131988525390625,0.0027923583984375,0.000751495361328125,0.00066375732421875,0.000293731689453125,0.000514984130859375
1408526447,gigel-si-raspandirea-vestilor/submissions/1408526447.java,java,50.0,BFS_DISTANCE_ARRAY,BFS_DISTANCE_ARRAY,probability_model,0.984375,BFS_LEVEL_ORDER_TIMER,0.005157470703125,0.979217529296875,0.984375,0.005157470703125,0.0035552978515625,0.00189971923828125,0.0031280517578125,0.000698089599609375,0.000423431396484375
1408526478,gigel-si-raspandirea-vestilor/submissions/1408526478.cpp,cpp,25.0,BFS_DISTANCE_ARRAY,BFS_DISTANCE_ARRAY,probability_model,0.98046875,BFS_EXPLICIT_TIME_IN_QUEUE,0.007476806640625,0.972991943359375,0.98046875,0.003997802734375,0.007476806640625,0.0024261474609375,0.00213623046875,0.0011444091796875,0.00311279296875
1408527031,gigel-si-raspandirea-vestilor/submissions/1408527031.java,java,50.0,BFS_DISTANCE_ARRAY,BFS_DISTANCE_ARRAY,probability_model,0.98828125,BFS_LEVEL_ORDER_TIMER,0.004058837890625,0.984222412109375,0.98828125,0.004058837890625,0.002777099609375,0.00139617919921875,0.001312255859375,0.000453948974609375,0.000274658203125
1408527821,gigel-si-raspandirea-vestilor/submissions/1408527821.cpp,cpp,50.0,BFS_DISTANCE_ARRAY,BFS_DISTANCE_ARRAY,probability_model,0.98828125,BFS_EXPLICIT_TIME_IN_QUEUE,0.005859375,0.982421875,0.98828125,0.00244140625,0.005859375,0.001678466796875,0.00148773193359375,0.00051116943359375,0.000579833984375
1408528748,gigel-si-raspandirea-vestilor/submissions/1408528748.java,java,50.0,BFS_DISTANCE_ARRAY,BFS_DISTANCE_ARRAY,probability_model,0.97265625,DFS_DEPTH_TRAVERSAL,0.00653076171875,0.96612548828125,0.97265625,0.005767822265625,0.005767822265625,0.0030975341796875,0.00653076171875,0.00165557861328125,0.005767822265625
1408528865,gigel-si-raspandirea-vestilor/submissions/1408528865.cpp,cpp,50.0,BFS_DISTANCE_ARRAY,BFS_DISTANCE_ARRAY,probability_model,0.9921875,BFS_LEVEL_ORDER_TIMER,0.0031585693359375,0.9890289306640625,0.9921875,0.0031585693359375,0.002777099609375,0.00148773193359375,0.001312255859375,0.00042724609375,0.000514984130859375
1408529343,gigel-si-raspandirea-vestilor/submissions/1408529343.cpp,cpp,50.0,BFS_EXPLICIT_TIME_IN_QUEUE,BFS_EXPLICIT_TIME_IN_QUEUE,probability_model,0.75,BFS_DISTANCE_ARRAY,0.189453125,0.560546875,0.189453125,0.00445556640625,0.75,0.05419921875,0.00164031982421875,0.000682830810546875,0.00144195556640625
1408529599,gigel-si-raspandirea-vestilor/submissions/1408529599.cpp,cpp,50.0,BFS_DISTANCE_ARRAY,BFS_DISTANCE_ARRAY,probability_model,0.98828125,BFS_EXPLICIT_TIME_IN_QUEUE,0.0040283203125,0.9842529296875,0.98828125,0.003143310546875,0.0040283203125,0.00157928466796875,0.002166748046875,0.000701904296875,0.0010223388671875
1408529638,gigel-si-raspandirea-vestilor/submissions/1408529638.cpp,cpp,50.0,BFS_DISTANCE_ARRAY,BFS_DISTANCE_ARRAY,probability_model,0.96875,BFS_EXPLICIT_TIME_IN_QUEUE,0.0107421875,0.9580078125,0.96875,0.005767822265625,0.0107421875,0.00396728515625,0.00653076171875,0.00154876708984375,0.00396728515625
1408530226,gigel-si-raspandirea-vestilor/submissions/1408530226.cpp,cpp,50.0,BFS_DISTANCE_ARRAY,BFS_DISTANCE_ARRAY,probability_model,0.98828125,BFS_EXPLICIT_TIME_IN_QUEUE,0.00457763671875,0.98370361328125,0.98828125,0.0019073486328125,0.00457763671875,0.00148773193359375,0.00148773193359375,0.000701904296875,0.00148773193359375
1408530286,gigel-si-raspandirea-vestilor/submissions/1408530286.cpp,cpp,50.0,BFS_DISTANCE_ARRAY,BFS_DISTANCE_ARRAY,probability_model,0.9921875,BFS_EXPLICIT_TIME_IN_QUEUE,0.0027923583984375,0.9893951416015625,0.9921875,0.0024566650390625,0.0027923583984375,0.001312255859375,0.0010223388671875,0.000400543212890625,0.000377655029296875
1408530561,gigel-si-raspandirea-vestilor/submissions/1408530561.cpp,cpp,12.5,BFS_DISTANCE_ARRAY,BFS_DISTANCE_ARRAY,probability_model,0.55078125,BFS_EXPLICIT_TIME_IN_QUEUE,0.1572265625,0.3935546875,0.55078125,0.08447265625,0.1572265625,0.031005859375,0.045166015625,0.01007080078125,0.12255859375
1408530607,gigel-si-raspandirea-vestilor/submissions/1408530607.cpp,cpp,50.0,BFS_DISTANCE_ARRAY,BFS_DISTANCE_ARRAY,probability_model,0.5625,BFS_LEVEL_ORDER_TIMER,0.1259765625,0.4365234375,0.5625,0.1259765625,0.1259765625,0.0247802734375,0.0361328125,0.01171875,0.111328125
1408530842,gigel-si-raspandirea-vestilor/submissions/1408530842.cpp,cpp,50.0,BFS_DISTANCE_ARRAY,BFS_DISTANCE_ARRAY,probability_model,0.96484375,BFS_EXPLICIT_TIME_IN_QUEUE,0.01068115234375,0.95416259765625,0.96484375,0.0057373046875,0.01068115234375,0.00347900390625,0.007354736328125,0.00238037109375,0.007354736328125
1408530931,gigel-si-raspandirea-vestilor/submissions/1408530931.cpp,cpp,50.0,BFS_DISTANCE_ARRAY,BFS_DISTANCE_ARRAY,probability_model,0.98828125,BFS_EXPLICIT_TIME_IN_QUEUE,0.003570556640625,0.984710693359375,0.98828125,0.0024566650390625,0.003570556640625,0.0019073486328125,0.00115966796875,0.0004825592041015625,0.000583648681640625
1408531548,gigel-si-raspandirea-vestilor/submissions/1408531548.cpp,cpp,50.0,BFS_DISTANCE_ARRAY,BFS_DISTANCE_ARRAY,probability_model,0.98046875,BFS_LEVEL_ORDER_TIMER,0.0123291015625,0.9681396484375,0.98046875,0.0123291015625,0.0035400390625,0.00213623046875,0.00138092041015625,0.000576019287109375,0.000255584716796875
1408531672,gigel-si-raspandirea-vestilor/submissions/1408531672.cpp,cpp,50.0,BFS_DISTANCE_ARRAY,BFS_DISTANCE_ARRAY,probability_model,0.97265625,BFS_EXPLICIT_TIME_IN_QUEUE,0.0084228515625,0.9642333984375,0.97265625,0.00579833984375,0.0084228515625,0.0045166015625,0.00396728515625,0.001068115234375,0.002410888671875
1408531685,gigel-si-raspandirea-vestilor/submissions/1408531685.cpp,cpp,50.0,BFS_DISTANCE_ARRAY,BFS_DISTANCE_ARRAY,probability_model,0.51953125,BFS_LEVEL_ORDER_TIMER,0.404296875,0.115234375,0.51953125,0.404296875,0.042724609375,0.0084228515625,0.01220703125,0.004486083984375,0.0084228515625
1408531842,gigel-si-raspandirea-vestilor/submissions/1408531842.cpp,cpp,50.0,BFS_DISTANCE_ARRAY,BFS_DISTANCE_ARRAY,probability_model,0.9921875,BFS_EXPLICIT_TIME_IN_QUEUE,0.0031585693359375,0.9890289306640625,0.9921875,0.002777099609375,0.0031585693359375,0.00148773193359375,0.001312255859375,0.00042724609375,0.0003528594970703125
1408532132,gigel-si-raspandirea-vestilor/submissions/1408532132.cpp,cpp,50.0,BFS_DISTANCE_ARRAY,BFS_DISTANCE_ARRAY,probability_model,0.99609375,BFS_LEVEL_ORDER_TIMER,0.00116729736328125,0.9949264526367188,0.99609375,0.00116729736328125,0.00116729736328125,0.000751495361328125,0.000751495361328125,0.0003337860107421875,0.0004024505615234375
1408532339,gigel-si-raspandirea-vestilor/submissions/1408532339.cpp,cpp,50.0,BFS_DISTANCE_ARRAY,BFS_DISTANCE_ARRAY,probability_model,0.52734375,BFS_LEVEL_ORDER_TIMER,0.318359375,0.208984375,0.52734375,0.318359375,0.103515625,0.0179443359375,0.015869140625,0.005157470703125,0.01239013671875
1408532626,gigel-si-raspandirea-vestilor/submissions/1408532626.cpp,cpp,50.0,BFS_DISTANCE_ARRAY,BFS_DISTANCE_ARRAY,probability_model,0.6640625,UNKNOWN,0.1484375,0.515625,0.6640625,0.04248046875,0.0703125,0.0177001953125,0.04248046875,0.0137939453125,0.1484375
1408543362,gigel-si-raspandirea-vestilor/submissions/1408543362.cpp,cpp,50.0,BFS_DISTANCE_ARRAY,BFS_DISTANCE_ARRAY,probability_model,0.9921875,BFS_LEVEL_ORDER_TIMER,0.002777099609375,0.989410400390625,0.9921875,0.002777099609375,0.002777099609375,0.00168609619140625,0.0009613037109375,0.000331878662109375,0.000453948974609375
1408550580,gigel-si-raspandirea-vestilor/submissions/1408550580.cpp,cpp,50.0,BFS_DISTANCE_ARRAY,BFS_DISTANCE_ARRAY,probability_model,0.99609375,BFS_LEVEL_ORDER_TIMER,0.0016937255859375,0.9944000244140625,0.99609375,0.0016937255859375,0.00116729736328125,0.00090789794921875,0.00090789794921875,0.000377655029296875,0.0002593994140625
1408550974,gigel-si-raspandirea-vestilor/submissions/1408550974.cpp,cpp,50.0,BFS_DISTANCE_ARRAY,BFS_DISTANCE_ARRAY,probability_model,0.98046875,BFS_EXPLICIT_TIME_IN_QUEUE,0.005828857421875,0.974639892578125,0.98046875,0.0031280517578125,0.005828857421875,0.0017852783203125,0.0027618408203125,0.00095367431640625,0.0031280517578125
1408553247,gigel-si-raspandirea-vestilor/submissions/1408553247.java,java,50.0,BFS_DISTANCE_ARRAY,BFS_DISTANCE_ARRAY,probability_model,0.609375,BFS_LEVEL_ORDER_TIMER,0.224609375,0.384765625,0.609375,0.224609375,0.08251953125,0.0184326171875,0.0390625,0.00982666015625,0.0162353515625
1408554671,gigel-si-raspandirea-vestilor/submissions/1408554671.cpp,cpp,50.0,BFS_DISTANCE_ARRAY,BFS_DISTANCE_ARRAY,probability_model,0.9375,UNKNOWN,0.0220947265625,0.9154052734375,0.9375,0.006317138671875,0.01336669921875,0.006317138671875,0.01043701171875,0.0023345947265625,0.0220947265625
1408554891,gigel-si-raspandirea-vestilor/submissions/1408554891.cpp,cpp,50.0,BFS_DISTANCE_ARRAY,BFS_DISTANCE_ARRAY,probability_model,0.9921875,BFS_EXPLICIT_TIME_IN_QUEUE,0.00191497802734375,0.9902725219726562,0.9921875,0.001495361328125,0.00191497802734375,0.00109100341796875,0.00090789794921875,0.0004024505615234375,0.000354766845703125
1408555036,gigel-si-raspandirea-vestilor/submissions/1408555036.cpp,cpp,50.0,BFS_DISTANCE_ARRAY,BFS_DISTANCE_ARRAY,probability_model,0.99609375,BFS_EXPLICIT_TIME_IN_QUEUE,0.00102996826171875,0.9950637817382812,0.99609375,0.00080108642578125,0.00102996826171875,0.000705718994140625,0.00080108642578125,0.000244140625,0.00013065338134765625
1408556201,gigel-si-raspandirea-vestilor/submissions/1408556201.cpp,cpp,17.5,FLOYD_WARSHALL,FLOYD_WARSHALL,probability_model,0.91015625,UNKNOWN,0.0849609375,0.8251953125,0.00083160400390625,0.0004444122314453125,0.001068115234375,0.0012054443359375,0.00083160400390625,0.91015625,0.0849609375
1408556213,gigel-si-raspandirea-vestilor/submissions/1408556213.cpp,cpp,50.0,BFS_DISTANCE_ARRAY,BFS_DISTANCE_ARRAY,probability_model,0.98046875,BFS_EXPLICIT_TIME_IN_QUEUE,0.004547119140625,0.975921630859375,0.98046875,0.0031280517578125,0.004547119140625,0.00177764892578125,0.0035400390625,0.00147247314453125,0.004547119140625
1408556490,gigel-si-raspandirea-vestilor/submissions/1408556490.cpp,cpp,50.0,BFS_DISTANCE_ARRAY,BFS_DISTANCE_ARRAY,probability_model,0.99609375,BFS_LEVEL_ORDER_TIMER,0.00131988525390625,0.9947738647460938,0.99609375,0.00131988525390625,0.00131988525390625,0.00080108642578125,0.00080108642578125,0.00031280517578125,0.00031280517578125
1408556885,gigel-si-raspandirea-vestilor/submissions/1408556885.cpp,cpp,50.0,BFS_DISTANCE_ARRAY,BFS_DISTANCE_ARRAY,probability_model,0.98828125,BFS_EXPLICIT_TIME_IN_QUEUE,0.003570556640625,0.984710693359375,0.98828125,0.002166748046875,0.003570556640625,0.00115966796875,0.00148773193359375,0.000583648681640625,0.00148773193359375
1408557273,gigel-si-raspandirea-vestilor/submissions/1408557273.cpp,cpp,50.0,BFS_DISTANCE_ARRAY,BFS_DISTANCE_ARRAY,probability_model,0.984375,BFS_EXPLICIT_TIME_IN_QUEUE,0.006622314453125,0.977752685546875,0.984375,0.0031280517578125,0.006622314453125,0.0021514892578125,0.001678466796875,0.00051116943359375,0.0014801025390625
1408557604,gigel-si-raspandirea-vestilor/submissions/1408557604.cpp,cpp,50.0,BFS_DISTANCE_ARRAY,BFS_DISTANCE_ARRAY,probability_model,0.9765625,BFS_LEVEL_ORDER_TIMER,0.007476806640625,0.969085693359375,0.9765625,0.007476806640625,0.005126953125,0.00213623046875,0.0045166015625,0.00107574462890625,0.00147247314453125
1408558151,gigel-si-raspandirea-vestilor/submissions/1408558151.cpp,cpp,50.0,BFS_DISTANCE_ARRAY,BFS_DISTANCE_ARRAY,probability_model,0.98828125,BFS_EXPLICIT_TIME_IN_QUEUE,0.003143310546875,0.985137939453125,0.98828125,0.002777099609375,0.003143310546875,0.00168609619140625,0.0019073486328125,0.000545501708984375,0.000701904296875
1408558685,gigel-si-raspandirea-vestilor/submissions/1408558685.cpp,cpp,50.0,BFS_DISTANCE_ARRAY,BFS_DISTANCE_ARRAY,probability_model,0.98046875,BFS_EXPLICIT_TIME_IN_QUEUE,0.006622314453125,0.973846435546875,0.98046875,0.0035400390625,0.006622314453125,0.0021514892578125,0.0027618408203125,0.00095367431640625,0.0031280517578125
1408559234,gigel-si-raspandirea-vestilor/submissions/1408559234.cpp,cpp,50.0,BFS_DISTANCE_ARRAY,BFS_DISTANCE_ARRAY,probability_model,0.99609375,BFS_EXPLICIT_TIME_IN_QUEUE,0.00131988525390625,0.9947738647460938,0.99609375,0.000965118408203125,0.00131988525390625,0.000751495361328125,0.00058746337890625,0.000244140625,0.00022983551025390625
1408559513,gigel-si-raspandirea-vestilor/submissions/1408559513.cpp,cpp,50.0,BFS_DISTANCE_ARRAY,BFS_DISTANCE_ARRAY,probability_model,0.99609375,BFS_LEVEL_ORDER_TIMER,0.00131988525390625,0.9947738647460938,0.99609375,0.00131988525390625,0.00116729736328125,0.00090789794921875,0.000850677490234375,0.0003337860107421875,0.000377655029296875
1408560233,gigel-si-raspandirea-vestilor/submissions/1408560233.cpp,cpp,50.0,BFS_DISTANCE_ARRAY,BFS_DISTANCE_ARRAY,probability_model,0.99609375,BFS_EXPLICIT_TIME_IN_QUEUE,0.0021820068359375,0.9939117431640625,0.99609375,0.001495361328125,0.0021820068359375,0.00102996826171875,0.000705718994140625,0.0002593994140625,0.00018978118896484375
1408560689,gigel-si-raspandirea-vestilor/submissions/1408560689.java,java,50.0,BFS_DISTANCE_ARRAY,BFS_DISTANCE_ARRAY,probability_model,0.9921875,BFS_LEVEL_ORDER_TIMER,0.0024566650390625,0.9897308349609375,0.9921875,0.0024566650390625,0.001495361328125,0.00115966796875,0.00109100341796875,0.0004558563232421875,0.0002155303955078125
1408561657,gigel-si-raspandirea-vestilor/submissions/1408561657.cpp,cpp,50.0,BFS_DISTANCE_ARRAY,BFS_LEVEL_ORDER_TIMER,manual_gold,0.3125,BFS_LEVEL_ORDER_TIMER,0.21484375,0.09765625,0.3125,0.21484375,0.189453125,0.032958984375,0.042236328125,0.0198974609375,0.189453125
1408561752,gigel-si-raspandirea-vestilor/submissions/1408561752.cpp,cpp,50.0,BFS_DISTANCE_ARRAY,BFS_DISTANCE_ARRAY,probability_model,0.9921875,BFS_EXPLICIT_TIME_IN_QUEUE,0.0031585693359375,0.9890289306640625,0.9921875,0.0024566650390625,0.0031585693359375,0.0010223388671875,0.00148773193359375,0.00054931640625,0.0010223388671875
1408562073,gigel-si-raspandirea-vestilor/submissions/1408562073.cpp,cpp,50.0,BFS_DISTANCE_ARRAY,BFS_DISTANCE_ARRAY,probability_model,0.984375,BFS_EXPLICIT_TIME_IN_QUEUE,0.005157470703125,0.979217529296875,0.984375,0.0035400390625,0.005157470703125,0.00189971923828125,0.0031280517578125,0.000896453857421875,0.0021514892578125
1408564289,gigel-si-raspandirea-vestilor/submissions/1408564289.cpp,cpp,50.0,BFS_DISTANCE_ARRAY,BFS_DISTANCE_ARRAY,probability_model,0.97265625,BFS_EXPLICIT_TIME_IN_QUEUE,0.01226806640625,0.96038818359375,0.97265625,0.003509521484375,0.01226806640625,0.0027313232421875,0.0045166015625,0.001007080078125,0.0018768310546875
1408565211,gigel-si-raspandirea-vestilor/submissions/1408565211.java,java,50.0,BFS_DISTANCE_ARRAY,BFS_DISTANCE_ARRAY,probability_model,0.98828125,BFS_LEVEL_ORDER_TIMER,0.0031585693359375,0.9851226806640625,0.98828125,0.0031585693359375,0.002777099609375,0.00148773193359375,0.00191497802734375,0.000400543212890625,0.0001220703125
1408565416,gigel-si-raspandirea-vestilor/submissions/1408565416.java,java,50.0,BFS_DISTANCE_ARRAY,BFS_DISTANCE_ARRAY,probability_model,0.99609375,BFS_LEVEL_ORDER_TIMER,0.0016937255859375,0.9944000244140625,0.99609375,0.0016937255859375,0.00102996826171875,0.00080108642578125,0.00090789794921875,0.000354766845703125,0.000202178955078125
1408566973,gigel-si-raspandirea-vestilor/submissions/1408566973.java,java,50.0,BFS_DISTANCE_ARRAY,BFS_DISTANCE_ARRAY,probability_model,0.984375,BFS_EXPLICIT_TIME_IN_QUEUE,0.008544921875,0.975830078125,0.984375,0.0035552978515625,0.008544921875,0.001678466796875,0.000896453857421875,0.00018787384033203125,0.000213623046875
1408568424,gigel-si-raspandirea-vestilor/submissions/1408568424.cpp,cpp,50.0,BFS_DISTANCE_ARRAY,BFS_DISTANCE_ARRAY,probability_model,0.9921875,BFS_EXPLICIT_TIME_IN_QUEUE,0.0016937255859375,0.9904937744140625,0.9921875,0.00131988525390625,0.0016937255859375,0.00109100341796875,0.00090789794921875,0.0004558563232421875,0.000583648681640625
1408568681,gigel-si-raspandirea-vestilor/submissions/1408568681.cpp,cpp,50.0,BFS_DISTANCE_ARRAY,BFS_DISTANCE_ARRAY,probability_model,0.99609375,BFS_LEVEL_ORDER_TIMER,0.00131988525390625,0.9947738647460938,0.99609375,0.00131988525390625,0.00131988525390625,0.000705718994140625,0.0004863739013671875,0.00022983551025390625,0.00015735626220703125
1408569037,gigel-si-raspandirea-vestilor/submissions/1408569037.cpp,cpp,50.0,BFS_DISTANCE_ARRAY,BFS_DISTANCE_ARRAY,probability_model,0.99609375,BFS_LEVEL_ORDER_TIMER,0.00131988525390625,0.9947738647460938,0.99609375,0.00131988525390625,0.00080108642578125,0.000518798828125,0.00066375732421875,0.00022983551025390625,0.0001392364501953125
1408569053,gigel-si-raspandirea-vestilor/submissions/1408569053.cpp,cpp,50.0,BFS_DISTANCE_ARRAY,BFS_DISTANCE_ARRAY,probability_model,0.9609375,BFS_EXPLICIT_TIME_IN_QUEUE,0.0225830078125,0.9383544921875,0.9609375,0.0034637451171875,0.0225830078125,0.005035400390625,0.0034637451171875,0.00087738037109375,0.0030670166015625
1408569069,gigel-si-raspandirea-vestilor/submissions/1408569069.cpp,cpp,50.0,BFS_DISTANCE_ARRAY,BFS_DISTANCE_ARRAY,probability_model,0.9921875,BFS_LEVEL_ORDER_TIMER,0.0024566650390625,0.9897308349609375,0.9921875,0.0024566650390625,0.00131988525390625,0.00109100341796875,0.000904083251953125,0.000514984130859375,0.000583648681640625
1408569364,gigel-si-raspandirea-vestilor/submissions/1408569364.cpp,cpp,42.5,BFS_DISTANCE_ARRAY,BFS_DISTANCE_ARRAY,probability_model,0.98828125,BFS_EXPLICIT_TIME_IN_QUEUE,0.003570556640625,0.984710693359375,0.98828125,0.003143310546875,0.003570556640625,0.00168609619140625,0.001312255859375,0.000701904296875,0.0010223388671875
1408569420,gigel-si-raspandirea-vestilor/submissions/1408569420.cpp,cpp,50.0,BFS_DISTANCE_ARRAY,BFS_DISTANCE_ARRAY,probability_model,0.98828125,BFS_LEVEL_ORDER_TIMER,0.003570556640625,0.984710693359375,0.98828125,0.003570556640625,0.003143310546875,0.00168609619140625,0.00148773193359375,0.0007476806640625,0.00084686279296875
1408569527,gigel-si-raspandirea-vestilor/submissions/1408569527.cpp,cpp,50.0,BFS_DISTANCE_ARRAY,BFS_DISTANCE_ARRAY,probability_model,0.9921875,BFS_LEVEL_ORDER_TIMER,0.0024566650390625,0.9897308349609375,0.9921875,0.0024566650390625,0.00191497802734375,0.00131988525390625,0.0010223388671875,0.000354766845703125,0.0002288818359375
1408569631,gigel-si-raspandirea-vestilor/submissions/1408569631.cpp,cpp,50.0,BFS_DISTANCE_ARRAY,BFS_DISTANCE_ARRAY,probability_model,0.9921875,BFS_EXPLICIT_TIME_IN_QUEUE,0.0024566650390625,0.9897308349609375,0.9921875,0.00191497802734375,0.0024566650390625,0.001495361328125,0.00115966796875,0.000400543212890625,0.000377655029296875
1408569949,gigel-si-raspandirea-vestilor/submissions/1408569949.cpp,cpp,50.0,BFS_DISTANCE_ARRAY,BFS_DISTANCE_ARRAY,probability_model,0.98828125,BFS_LEVEL_ORDER_TIMER,0.0035552978515625,0.9847259521484375,0.98828125,0.0035552978515625,0.003143310546875,0.0019073486328125,0.0021514892578125,0.0010833740234375,0.001678466796875
1408570292,gigel-si-raspandirea-vestilor/submissions/1408570292.cpp,cpp,50.0,BFS_DISTANCE_ARRAY,BFS_DISTANCE_ARRAY,probability_model,0.9921875,BFS_EXPLICIT_TIME_IN_QUEUE,0.0031585693359375,0.9890289306640625,0.9921875,0.002777099609375,0.0031585693359375,0.001312255859375,0.001312255859375,0.000331878662109375,0.00042724609375
1408570615,gigel-si-raspandirea-vestilor/submissions/1408570615.cpp,cpp,50.0,BFS_DISTANCE_ARRAY,BFS_DISTANCE_ARRAY,probability_model,0.98828125,BFS_EXPLICIT_TIME_IN_QUEUE,0.005859375,0.982421875,0.98828125,0.0019073486328125,0.005859375,0.0019073486328125,0.00168609619140625,0.000400543212890625,0.0004253387451171875
1408570707,gigel-si-raspandirea-vestilor/submissions/1408570707.cpp,cpp,50.0,BFS_EXPLICIT_TIME_IN_QUEUE,BFS_EXPLICIT_TIME_IN_QUEUE,probability_model,0.76953125,BFS_DISTANCE_ARRAY,0.10400390625,0.66552734375,0.10400390625,0.00970458984375,0.76953125,0.10400390625,0.00518798828125,0.0023040771484375,0.0040283203125
1408570828,gigel-si-raspandirea-vestilor/submissions/1408570828.cpp,cpp,25.0,BFS_DISTANCE_ARRAY,BFS_DISTANCE_ARRAY,probability_model,0.99609375,BFS_EXPLICIT_TIME_IN_QUEUE,0.0016937255859375,0.9944000244140625,0.99609375,0.00131988525390625,0.0016937255859375,0.00080108642578125,0.000621795654296875,0.00018978118896484375,0.000244140625
1408570840,gigel-si-raspandirea-vestilor/submissions/1408570840.cpp,cpp,25.0,BFS_DISTANCE_ARRAY,BFS_DISTANCE_ARRAY,probability_model,0.9921875,BFS_LEVEL_ORDER_TIMER,0.001922607421875,0.990264892578125,0.9921875,0.001922607421875,0.0016937255859375,0.000850677490234375,0.00090789794921875,0.00031280517578125,0.0003337860107421875
1408570870,gigel-si-raspandirea-vestilor/submissions/1408570870.cpp,cpp,50.0,BFS_DISTANCE_ARRAY,BFS_DISTANCE_ARRAY,probability_model,0.99609375,BFS_EXPLICIT_TIME_IN_QUEUE,0.00131988525390625,0.9947738647460938,0.99609375,0.00116729736328125,0.00131988525390625,0.00080108642578125,0.000850677490234375,0.0004024505615234375,0.00022983551025390625
1408570922,gigel-si-raspandirea-vestilor/submissions/1408570922.cpp,cpp,50.0,BFS_DISTANCE_ARRAY,BFS_DISTANCE_ARRAY,probability_model,0.9921875,BFS_LEVEL_ORDER_TIMER,0.002166748046875,0.990020751953125,0.9921875,0.002166748046875,0.001495361328125,0.000965118408203125,0.00131988525390625,0.00054931640625,0.0010223388671875
1408571056,gigel-si-raspandirea-vestilor/submissions/1408571056.cpp,cpp,50.0,BFS_DISTANCE_ARRAY,BFS_DISTANCE_ARRAY,probability_model,0.99609375,BFS_LEVEL_ORDER_TIMER,0.001495361328125,0.994598388671875,0.99609375,0.001495361328125,0.0012359619140625,0.000850677490234375,0.00102996826171875,0.0004558563232421875,0.0004558563232421875
1408571287,gigel-si-raspandirea-vestilor/submissions/1408571287.cpp,cpp,50.0,BFS_DISTANCE_ARRAY,BFS_DISTANCE_ARRAY,probability_model,0.984375,BFS_EXPLICIT_TIME_IN_QUEUE,0.005828857421875,0.978546142578125,0.984375,0.004547119140625,0.005828857421875,0.0021514892578125,0.0027618408203125,0.000743865966796875,0.0014801025390625
1408572011,gigel-si-raspandirea-vestilor/submissions/1408572011.cpp,cpp,50.0,BFS_DISTANCE_ARRAY,BFS_DISTANCE_ARRAY,probability_model,0.9921875,BFS_LEVEL_ORDER_TIMER,0.0024566650390625,0.9897308349609375,0.9921875,0.0024566650390625,0.0024566650390625,0.00115966796875,0.00148773193359375,0.000354766845703125,0.00042724609375
1408590179,gigel-si-raspandirea-vestilor/submissions/1408590179.cpp,cpp,50.0,BFS_DISTANCE_ARRAY,BFS_DISTANCE_ARRAY,probability_model,0.9921875,BFS_EXPLICIT_TIME_IN_QUEUE,0.0027923583984375,0.9893951416015625,0.9921875,0.002166748046875,0.0027923583984375,0.00140380859375,0.000850677490234375,0.000354766845703125,0.000331878662109375
1408592222,gigel-si-raspandirea-vestilor/submissions/1408592222.cpp,cpp,50.0,BFS_DISTANCE_ARRAY,BFS_DISTANCE_ARRAY,probability_model,0.9921875,BFS_LEVEL_ORDER_TIMER,0.002777099609375,0.989410400390625,0.9921875,0.002777099609375,0.002777099609375,0.00191497802734375,0.001312255859375,0.00042724609375,0.00031280517578125
1409025300,gigel-si-raspandirea-vestilor/submissions/1409025300.java,java,25.0,BFS_DISTANCE_ARRAY,BFS_DISTANCE_ARRAY,probability_model,0.8828125,DFS_DEPTH_TRAVERSAL,0.038818359375,0.843994140625,0.8828125,0.020751953125,0.0301513671875,0.00762939453125,0.038818359375,0.00360107421875,0.01611328125
1409072396,gigel-si-raspandirea-vestilor/submissions/1409072396.cpp,cpp,17.5,BFS_DISTANCE_ARRAY,BFS_DISTANCE_ARRAY,probability_model,0.984375,BFS_EXPLICIT_TIME_IN_QUEUE,0.005859375,0.978515625,0.984375,0.0040283203125,0.005859375,0.00189971923828125,0.001678466796875,0.0004253387451171875,0.0006561279296875
1409072613,gigel-si-raspandirea-vestilor/submissions/1409072613.cpp,cpp,25.0,BFS_DISTANCE_ARRAY,BFS_DISTANCE_ARRAY,probability_model,0.98828125,BFS_EXPLICIT_TIME_IN_QUEUE,0.00457763671875,0.98370361328125,0.98828125,0.002777099609375,0.00457763671875,0.001312255859375,0.00168609619140625,0.000274658203125,0.00021457672119140625
1409072631,gigel-si-raspandirea-vestilor/submissions/1409072631.cpp,cpp,50.0,BFS_DISTANCE_ARRAY,BFS_DISTANCE_ARRAY,probability_model,0.98828125,BFS_LEVEL_ORDER_TIMER,0.00457763671875,0.98370361328125,0.98828125,0.00457763671875,0.0024566650390625,0.00139617919921875,0.0019073486328125,0.000545501708984375,0.000701904296875
