problem,submission_id,user_id,score,language,predicted_algorithm,best_reference_id,jplag_similarity,feature_similarity,score_compatibility,combined_score,second_combined_score,combined_margin,confidence,tests_run,tests_passed,tests_failed,pass_rate_percentage,wrong_answers,timeouts,runtime_errors,compilation_error,passed_tests,failed_tests,timeout_tests,runtime_error_tests,total_execution_time_seconds,average_execution_time_seconds,maximum_execution_time_seconds
matei-si-diamantele,1314234563,user_0147,1.79,cpp,unknown,1314234411,0.32,0.947235,0.0358,0.47975,0.403795,0.075955,low,30,3,27,10.0,5,7,15,False,"[""input00.txt"", ""input01.txt"", ""input02.txt""]","[""input03.txt"", ""input04.txt"", ""input05.txt"", ""input06.txt"", ""input07.txt"", ""input08.txt"", ""input09.txt"", ""input10.txt"", ""input11.txt"", ""input12.txt"", ""input13.txt"", ""input14.txt"", ""input15.txt"", ""input16.txt"", ""input17.txt"", ""input18.txt"", ""input19.txt"", ""input20.txt"", ""input21.txt"", ""input22.txt"", ""input23.txt"", ""input24.txt"", ""input25.txt"", ""input26.txt"", ""input27.txt"", ""input28.txt"", ""input29.txt""]","[""input11.txt"", ""input12.txt"", ""input13.txt"", ""input16.txt"", ""input22.txt"", ""input23.txt"", ""input27.txt""]","[""input05.txt"", ""input07.txt"", ""input08.txt"", ""input09.txt"", ""input14.txt"", ""input15.txt"", ""input17.txt"", ""input18.txt"", ""input19.txt"", ""input20.txt"", ""input21.txt"", ""input25.txt"", ""input26.txt"", ""input28.txt"", ""input29.txt""]",38.373971,1.279132,3.0
matei-si-diamantele,1314234680,user_0246,1.79,cpp,unknown,1378120312,0.0,0.942375,1.0,0.382712,0.367291,0.015421,low,30,3,27,10.0,13,4,10,False,"[""input00.txt"", ""input01.txt"", ""input04.txt""]","[""input02.txt"", ""input03.txt"", ""input05.txt"", ""input06.txt"", ""input07.txt"", ""input08.txt"", ""input09.txt"", ""input10.txt"", ""input11.txt"", ""input12.txt"", ""input13.txt"", ""input14.txt"", ""input15.txt"", ""input16.txt"", ""input17.txt"", ""input18.txt"", ""input19.txt"", ""input20.txt"", ""input21.txt"", ""input22.txt"", ""input23.txt"", ""input24.txt"", ""input25.txt"", ""input26.txt"", ""input27.txt"", ""input28.txt"", ""input29.txt""]","[""input05.txt"", ""input20.txt"", ""input21.txt"", ""input25.txt""]","[""input07.txt"", ""input08.txt"", ""input09.txt"", ""input12.txt"", ""input15.txt"", ""input17.txt"", ""input19.txt"", ""input23.txt"", ""input26.txt"", ""input28.txt""]",28.893661,0.963122,3.0
matei-si-diamantele,1314234782,user_0126,1.79,java,grid_scan,1314236118,0.625551,0.93438,1.0,0.755644,0.0,0.755644,high,30,3,27,10.0,27,0,0,False,"[""input00.txt"", ""input01.txt"", ""input04.txt""]","[""input02.txt"", ""input03.txt"", ""input05.txt"", ""input06.txt"", ""input07.txt"", ""input08.txt"", ""input09.txt"", ""input10.txt"", ""input11.txt"", ""input12.txt"", ""input13.txt"", ""input14.txt"", ""input15.txt"", ""input16.txt"", ""input17.txt"", ""input18.txt"", ""input19.txt"", ""input20.txt"", ""input21.txt"", ""input22.txt"", ""input23.txt"", ""input24.txt"", ""input25.txt"", ""input26.txt"", ""input27.txt"", ""input28.txt"", ""input29.txt""]",[],[],18.792977,0.626433,2.435622
matei-si-diamantele,1314234819,user_0261,1.79,java,grid_scan,1314236118,0.643478,0.98742,1.0,0.782313,0.0,0.782313,high,30,3,27,10.0,23,4,0,False,"[""input00.txt"", ""input01.txt"", ""input04.txt""]","[""input02.txt"", ""input03.txt"", ""input05.txt"", ""input06.txt"", ""input07.txt"", ""input08.txt"", ""input09.txt"", ""input10.txt"", ""input11.txt"", ""input12.txt"", ""input13.txt"", ""input14.txt"", ""input15.txt"", ""input16.txt"", ""input17.txt"", ""input18.txt"", ""input19.txt"", ""input20.txt"", ""input21.txt"", ""input22.txt"", ""input23.txt"", ""input24.txt"", ""input25.txt"", ""input26.txt"", ""input27.txt"", ""input28.txt"", ""input29.txt""]","[""input25.txt"", ""input26.txt"", ""input28.txt"", ""input29.txt""]",[],23.927002,0.797567,3.0
matei-si-diamantele,1314234834,user_0095,1.79,java,grid_scan,1314236118,0.73913,0.936211,1.0,0.824342,0.0,0.824342,high,30,3,27,10.0,23,4,0,False,"[""input00.txt"", ""input01.txt"", ""input04.txt""]","[""input02.txt"", ""input03.txt"", ""input05.txt"", ""input06.txt"", ""input07.txt"", ""input08.txt"", ""input09.txt"", ""input10.txt"", ""input11.txt"", ""input12.txt"", ""input13.txt"", ""input14.txt"", ""input15.txt"", ""input16.txt"", ""input17.txt"", ""input18.txt"", ""input19.txt"", ""input20.txt"", ""input21.txt"", ""input22.txt"", ""input23.txt"", ""input24.txt"", ""input25.txt"", ""input26.txt"", ""input27.txt"", ""input28.txt"", ""input29.txt""]","[""input25.txt"", ""input26.txt"", ""input28.txt"", ""input29.txt""]",[],24.549629,0.818321,3.0
matei-si-diamantele,1314234854,user_0044,1.79,cpp,unknown,1333751390,0.214286,0.88665,1.0,0.494567,0.385586,0.108981,low,30,0,30,0.0,0,3,27,False,[],"[""input00.txt"", ""input01.txt"", ""input02.txt"", ""input03.txt"", ""input04.txt"", ""input05.txt"", ""input06.txt"", ""input07.txt"", ""input08.txt"", ""input09.txt"", ""input10.txt"", ""input11.txt"", ""input12.txt"", ""input13.txt"", ""input14.txt"", ""input15.txt"", ""input16.txt"", ""input17.txt"", ""input18.txt"", ""input19.txt"", ""input20.txt"", ""input21.txt"", ""input22.txt"", ""input23.txt"", ""input24.txt"", ""input25.txt"", ""input26.txt"", ""input27.txt"", ""input28.txt"", ""input29.txt""]","[""input07.txt"", ""input18.txt"", ""input22.txt""]","[""input00.txt"", ""input01.txt"", ""input02.txt"", ""input03.txt"", ""input04.txt"", ""input05.txt"", ""input06.txt"", ""input08.txt"", ""input09.txt"", ""input10.txt"", ""input11.txt"", ""input12.txt"", ""input13.txt"", ""input14.txt"", ""input15.txt"", ""input16.txt"", ""input17.txt"", ""input19.txt"", ""input20.txt"", ""input21.txt"", ""input23.txt"", ""input24.txt"", ""input25.txt"", ""input26.txt"", ""input27.txt"", ""input28.txt"", ""input29.txt""]",18.463567,0.615452,3.0
matei-si-diamantele,1314234877,user_0095,1.79,java,grid_scan,1314236118,0.745614,0.938582,1.0,0.828943,0.0,0.828943,high,30,3,27,10.0,23,4,0,False,"[""input00.txt"", ""input01.txt"", ""input02.txt""]","[""input03.txt"", ""input04.txt"", ""input05.txt"", ""input06.txt"", ""input07.txt"", ""input08.txt"", ""input09.txt"", ""input10.txt"", ""input11.txt"", ""input12.txt"", ""input13.txt"", ""input14.txt"", ""input15.txt"", ""input16.txt"", ""input17.txt"", ""input18.txt"", ""input19.txt"", ""input20.txt"", ""input21.txt"", ""input22.txt"", ""input23.txt"", ""input24.txt"", ""input25.txt"", ""input26.txt"", ""input27.txt"", ""input28.txt"", ""input29.txt""]","[""input25.txt"", ""input26.txt"", ""input28.txt"", ""input29.txt""]",[],25.661828,0.855394,3.0
matei-si-diamantele,1314234886,user_0246,1.79,cpp,unknown,1378120312,0.0,0.942375,1.0,0.382712,0.367291,0.015421,low,30,3,27,10.0,3,0,24,False,"[""input00.txt"", ""input01.txt"", ""input04.txt""]","[""input02.txt"", ""input03.txt"", ""input05.txt"", ""input06.txt"", ""input07.txt"", ""input08.txt"", ""input09.txt"", ""input10.txt"", ""input11.txt"", ""input12.txt"", ""input13.txt"", ""input14.txt"", ""input15.txt"", ""input16.txt"", ""input17.txt"", ""input18.txt"", ""input19.txt"", ""input20.txt"", ""input21.txt"", ""input22.txt"", ""input23.txt"", ""input24.txt"", ""input25.txt"", ""input26.txt"", ""input27.txt"", ""input28.txt"", ""input29.txt""]",[],"[""input05.txt"", ""input06.txt"", ""input07.txt"", ""input08.txt"", ""input09.txt"", ""input11.txt"", ""input12.txt"", ""input13.txt"", ""input14.txt"", ""input15.txt"", ""input16.txt"", ""input17.txt"", ""input18.txt"", ""input19.txt"", ""input20.txt"", ""input21.txt"", ""input22.txt"", ""input23.txt"", ""input24.txt"", ""input25.txt"", ""input26.txt"", ""input27.txt"", ""input28.txt"", ""input29.txt""]",8.33376,0.277792,0.681156
matei-si-diamantele,1314234906,user_0126,1.79,java,grid_scan,1314236118,0.586777,0.921183,1.0,0.728421,0.0,0.728421,high,30,3,27,10.0,24,3,0,False,"[""input00.txt"", ""input01.txt"", ""input04.txt""]","[""input02.txt"", ""input03.txt"", ""input05.txt"", ""input06.txt"", ""input07.txt"", ""input08.txt"", ""input09.txt"", ""input10.txt"", ""input11.txt"", ""input12.txt"", ""input13.txt"", ""input14.txt"", ""input15.txt"", ""input16.txt"", ""input17.txt"", ""input18.txt"", ""input19.txt"", ""input20.txt"", ""input21.txt"", ""input22.txt"", ""input23.txt"", ""input24.txt"", ""input25.txt"", ""input26.txt"", ""input27.txt"", ""input28.txt"", ""input29.txt""]","[""input25.txt"", ""input28.txt"", ""input29.txt""]",[],23.614816,0.787161,3.0
matei-si-diamantele,1314235046,user_0052,1.79,java,grid_scan,1314236118,0.694215,0.909383,1.0,0.789344,0.0,0.789344,high,30,3,27,10.0,27,0,0,False,"[""input00.txt"", ""input01.txt"", ""input02.txt""]","[""input03.txt"", ""input04.txt"", ""input05.txt"", ""input06.txt"", ""input07.txt"", ""input08.txt"", ""input09.txt"", ""input10.txt"", ""input11.txt"", ""input12.txt"", ""input13.txt"", ""input14.txt"", ""input15.txt"", ""input16.txt"", ""input17.txt"", ""input18.txt"", ""input19.txt"", ""input20.txt"", ""input21.txt"", ""input22.txt"", ""input23.txt"", ""input24.txt"", ""input25.txt"", ""input26.txt"", ""input27.txt"", ""input28.txt"", ""input29.txt""]",[],[],12.21709,0.407236,0.698387
matei-si-diamantele,1314235110,user_0123,1.79,java,grid_scan,1314236118,0.627803,0.979017,1.0,0.770387,0.0,0.770387,high,30,3,27,10.0,27,0,0,False,"[""input00.txt"", ""input01.txt"", ""input04.txt""]","[""input02.txt"", ""input03.txt"", ""input05.txt"", ""input06.txt"", ""input07.txt"", ""input08.txt"", ""input09.txt"", ""input10.txt"", ""input11.txt"", ""input12.txt"", ""input13.txt"", ""input14.txt"", ""input15.txt"", ""input16.txt"", ""input17.txt"", ""input18.txt"", ""input19.txt"", ""input20.txt"", ""input21.txt"", ""input22.txt"", ""input23.txt"", ""input24.txt"", ""input25.txt"", ""input26.txt"", ""input27.txt"", ""input28.txt"", ""input29.txt""]",[],[],12.624533,0.420818,0.707682
matei-si-diamantele,1314235112,user_0147,1.79,cpp,unknown,1378120312,0.0,0.932283,1.0,0.379685,0.360744,0.018941,low,30,3,27,10.0,9,7,11,False,"[""input00.txt"", ""input01.txt"", ""input02.txt""]","[""input03.txt"", ""input04.txt"", ""input05.txt"", ""input06.txt"", ""input07.txt"", ""input08.txt"", ""input09.txt"", ""input10.txt"", ""input11.txt"", ""input12.txt"", ""input13.txt"", ""input14.txt"", ""input15.txt"", ""input16.txt"", ""input17.txt"", ""input18.txt"", ""input19.txt"", ""input20.txt"", ""input21.txt"", ""input22.txt"", ""input23.txt"", ""input24.txt"", ""input25.txt"", ""input26.txt"", ""input27.txt"", ""input28.txt"", ""input29.txt""]","[""input05.txt"", ""input09.txt"", ""input14.txt"", ""input15.txt"", ""input21.txt"", ""input27.txt"", ""input29.txt""]","[""input07.txt"", ""input08.txt"", ""input12.txt"", ""input17.txt"", ""input18.txt"", ""input19.txt"", ""input20.txt"", ""input23.txt"", ""input25.txt"", ""input26.txt"", ""input28.txt""]",38.603485,1.286783,3.0
matei-si-diamantele,1314235162,user_0171,1.79,java,grid_scan,1314236118,0.705882,0.923918,1.0,0.800705,0.0,0.800705,high,30,3,27,10.0,23,4,0,False,"[""input00.txt"", ""input01.txt"", ""input04.txt""]","[""input02.txt"", ""input03.txt"", ""input05.txt"", ""input06.txt"", ""input07.txt"", ""input08.txt"", ""input09.txt"", ""input10.txt"", ""input11.txt"", ""input12.txt"", ""input13.txt"", ""input14.txt"", ""input15.txt"", ""input16.txt"", ""input17.txt"", ""input18.txt"", ""input19.txt"", ""input20.txt"", ""input21.txt"", ""input22.txt"", ""input23.txt"", ""input24.txt"", ""input25.txt"", ""input26.txt"", ""input27.txt"", ""input28.txt"", ""input29.txt""]","[""input25.txt"", ""input26.txt"", ""input28.txt"", ""input29.txt""]",[],24.42882,0.814294,3.0
matei-si-diamantele,1314235252,user_0052,1.79,java,grid_scan,1314236118,0.608696,0.876817,1.0,0.728262,0.0,0.728262,high,30,3,27,10.0,27,0,0,False,"[""input00.txt"", ""input01.txt"", ""input02.txt""]","[""input03.txt"", ""input04.txt"", ""input05.txt"", ""input06.txt"", ""input07.txt"", ""input08.txt"", ""input09.txt"", ""input10.txt"", ""input11.txt"", ""input12.txt"", ""input13.txt"", ""input14.txt"", ""input15.txt"", ""input16.txt"", ""input17.txt"", ""input18.txt"", ""input19.txt"", ""input20.txt"", ""input21.txt"", ""input22.txt"", ""input23.txt"", ""input24.txt"", ""input25.txt"", ""input26.txt"", ""input27.txt"", ""input28.txt"", ""input29.txt""]",[],[],14.749217,0.491641,0.793035
matei-si-diamantele,1314235296,user_0052,1.79,java,grid_scan,1314236118,0.597865,0.87595,1.0,0.721504,0.0,0.721504,high,30,3,27,10.0,27,0,0,False,"[""input00.txt"", ""input01.txt"", ""input02.txt""]","[""input03.txt"", ""input04.txt"", ""input05.txt"", ""input06.txt"", ""input07.txt"", ""input08.txt"", ""input09.txt"", ""input10.txt"", ""input11.txt"", ""input12.txt"", ""input13.txt"", ""input14.txt"", ""input15.txt"", ""input16.txt"", ""input17.txt"", ""input18.txt"", ""input19.txt"", ""input20.txt"", ""input21.txt"", ""input22.txt"", ""input23.txt"", ""input24.txt"", ""input25.txt"", ""input26.txt"", ""input27.txt"", ""input28.txt"", ""input29.txt""]",[],[],10.358347,0.345278,0.498832
matei-si-diamantele,1314235308,user_0145,1.79,java,grid_scan,1314236118,0.744395,0.929695,1.0,0.825545,0.0,0.825545,high,30,0,30,0.0,0,0,30,False,[],"[""input00.txt"", ""input01.txt"", ""input02.txt"", ""input03.txt"", ""input04.txt"", ""input05.txt"", ""input06.txt"", ""input07.txt"", ""input08.txt"", ""input09.txt"", ""input10.txt"", ""input11.txt"", ""input12.txt"", ""input13.txt"", ""input14.txt"", ""input15.txt"", ""input16.txt"", ""input17.txt"", ""input18.txt"", ""input19.txt"", ""input20.txt"", ""input21.txt"", ""input22.txt"", ""input23.txt"", ""input24.txt"", ""input25.txt"", ""input26.txt"", ""input27.txt"", ""input28.txt"", ""input29.txt""]",[],"[""input00.txt"", ""input01.txt"", ""input02.txt"", ""input03.txt"", ""input04.txt"", ""input05.txt"", ""input06.txt"", ""input07.txt"", ""input08.txt"", ""input09.txt"", ""input10.txt"", ""input11.txt"", ""input12.txt"", ""input13.txt"", ""input14.txt"", ""input15.txt"", ""input16.txt"", ""input17.txt"", ""input18.txt"", ""input19.txt"", ""input20.txt"", ""input21.txt"", ""input22.txt"", ""input23.txt"", ""input24.txt"", ""input25.txt"", ""input26.txt"", ""input27.txt"", ""input28.txt"", ""input29.txt""]",9.909531,0.330318,0.567236
matei-si-diamantele,1314235346,user_0180,1.79,cpp,unknown,1378120312,0.0,0.882243,1.0,0.364673,0.351612,0.013061,low,30,0,30,0.0,0,6,24,False,[],"[""input00.txt"", ""input01.txt"", ""input02.txt"", ""input03.txt"", ""input04.txt"", ""input05.txt"", ""input06.txt"", ""input07.txt"", ""input08.txt"", ""input09.txt"", ""input10.txt"", ""input11.txt"", ""input12.txt"", ""input13.txt"", ""input14.txt"", ""input15.txt"", ""input16.txt"", ""input17.txt"", ""input18.txt"", ""input19.txt"", ""input20.txt"", ""input21.txt"", ""input22.txt"", ""input23.txt"", ""input24.txt"", ""input25.txt"", ""input26.txt"", ""input27.txt"", ""input28.txt"", ""input29.txt""]","[""input06.txt"", ""input10.txt"", ""input15.txt"", ""input23.txt"", ""input24.txt"", ""input25.txt""]","[""input00.txt"", ""input01.txt"", ""input02.txt"", ""input03.txt"", ""input04.txt"", ""input05.txt"", ""input07.txt"", ""input08.txt"", ""input09.txt"", ""input11.txt"", ""input12.txt"", ""input13.txt"", ""input14.txt"", ""input16.txt"", ""input17.txt"", ""input18.txt"", ""input19.txt"", ""input20.txt"", ""input21.txt"", ""input22.txt"", ""input26.txt"", ""input27.txt"", ""input28.txt"", ""input29.txt""]",23.882637,0.796088,3.0
matei-si-diamantele,1314235419,user_0158,1.79,cpp,unknown,1333751390,0.0,0.896485,1.0,0.368946,0.352854,0.016091,low,30,3,27,10.0,17,10,0,False,"[""input00.txt"", ""input01.txt"", ""input02.txt""]","[""input03.txt"", ""input04.txt"", ""input05.txt"", ""input06.txt"", ""input07.txt"", ""input08.txt"", ""input09.txt"", ""input10.txt"", ""input11.txt"", ""input12.txt"", ""input13.txt"", ""input14.txt"", ""input15.txt"", ""input16.txt"", ""input17.txt"", ""input18.txt"", ""input19.txt"", ""input20.txt"", ""input21.txt"", ""input22.txt"", ""input23.txt"", ""input24.txt"", ""input25.txt"", ""input26.txt"", ""input27.txt"", ""input28.txt"", ""input29.txt""]","[""input07.txt"", ""input12.txt"", ""input20.txt"", ""input21.txt"", ""input23.txt"", ""input25.txt"", ""input26.txt"", ""input27.txt"", ""input28.txt"", ""input29.txt""]",[],60.278303,2.009277,3.0
matei-si-diamantele,1314235480,user_0145,1.79,java,grid_scan,1314236118,0.734513,0.92892,1.0,0.819384,0.0,0.819384,high,30,0,30,0.0,0,0,30,False,[],"[""input00.txt"", ""input01.txt"", ""input02.txt"", ""input03.txt"", ""input04.txt"", ""input05.txt"", ""input06.txt"", ""input07.txt"", ""input08.txt"", ""input09.txt"", ""input10.txt"", ""input11.txt"", ""input12.txt"", ""input13.txt"", ""input14.txt"", ""input15.txt"", ""input16.txt"", ""input17.txt"", ""input18.txt"", ""input19.txt"", ""input20.txt"", ""input21.txt"", ""input22.txt"", ""input23.txt"", ""input24.txt"", ""input25.txt"", ""input26.txt"", ""input27.txt"", ""input28.txt"", ""input29.txt""]",[],"[""input00.txt"", ""input01.txt"", ""input02.txt"", ""input03.txt"", ""input04.txt"", ""input05.txt"", ""input06.txt"", ""input07.txt"", ""input08.txt"", ""input09.txt"", ""input10.txt"", ""input11.txt"", ""input12.txt"", ""input13.txt"", ""input14.txt"", ""input15.txt"", ""input16.txt"", ""input17.txt"", ""input18.txt"", ""input19.txt"", ""input20.txt"", ""input21.txt"", ""input22.txt"", ""input23.txt"", ""input24.txt"", ""input25.txt"", ""input26.txt"", ""input27.txt"", ""input28.txt"", ""input29.txt""]",10.577267,0.352576,0.726697
matei-si-diamantele,1314235531,user_0158,1.79,cpp,unknown,1333751390,0.0,0.899041,1.0,0.369712,0.344727,0.024985,low,30,3,27,10.0,17,10,0,False,"[""input00.txt"", ""input01.txt"", ""input02.txt""]","[""input03.txt"", ""input04.txt"", ""input05.txt"", ""input06.txt"", ""input07.txt"", ""input08.txt"", ""input09.txt"", ""input10.txt"", ""input11.txt"", ""input12.txt"", ""input13.txt"", ""input14.txt"", ""input15.txt"", ""input16.txt"", ""input17.txt"", ""input18.txt"", ""input19.txt"", ""input20.txt"", ""input21.txt"", ""input22.txt"", ""input23.txt"", ""input24.txt"", ""input25.txt"", ""input26.txt"", ""input27.txt"", ""input28.txt"", ""input29.txt""]","[""input05.txt"", ""input12.txt"", ""input20.txt"", ""input21.txt"", ""input23.txt"", ""input25.txt"", ""input26.txt"", ""input27.txt"", ""input28.txt"", ""input29.txt""]",[],61.356089,2.045203,3.0
matei-si-diamantele,1314235628,user_0004,1.79,java,grid_scan,1314236118,0.711864,0.992915,1.0,0.824993,0.0,0.824993,high,30,3,27,10.0,13,0,14,False,"[""input00.txt"", ""input01.txt"", ""input02.txt""]","[""input03.txt"", ""input04.txt"", ""input05.txt"", ""input06.txt"", ""input07.txt"", ""input08.txt"", ""input09.txt"", ""input10.txt"", ""input11.txt"", ""input12.txt"", ""input13.txt"", ""input14.txt"", ""input15.txt"", ""input16.txt"", ""input17.txt"", ""input18.txt"", ""input19.txt"", ""input20.txt"", ""input21.txt"", ""input22.txt"", ""input23.txt"", ""input24.txt"", ""input25.txt"", ""input26.txt"", ""input27.txt"", ""input28.txt"", ""input29.txt""]",[],"[""input07.txt"", ""input08.txt"", ""input10.txt"", ""input12.txt"", ""input13.txt"", ""input14.txt"", ""input18.txt"", ""input23.txt"", ""input24.txt"", ""input25.txt"", ""input26.txt"", ""input27.txt"", ""input28.txt"", ""input29.txt""]",13.911717,0.463724,0.881037
matei-si-diamantele,1314235663,user_0158,1.79,cpp,unknown,1333751390,0.0,0.899041,1.0,0.369712,0.344727,0.024985,low,30,3,27,10.0,18,9,0,False,"[""input00.txt"", ""input01.txt"", ""input02.txt""]","[""input03.txt"", ""input04.txt"", ""input05.txt"", ""input06.txt"", ""input07.txt"", ""input08.txt"", ""input09.txt"", ""input10.txt"", ""input11.txt"", ""input12.txt"", ""input13.txt"", ""input14.txt"", ""input15.txt"", ""input16.txt"", ""input17.txt"", ""input18.txt"", ""input19.txt"", ""input20.txt"", ""input21.txt"", ""input22.txt"", ""input23.txt"", ""input24.txt"", ""input25.txt"", ""input26.txt"", ""input27.txt"", ""input28.txt"", ""input29.txt""]","[""input08.txt"", ""input12.txt"", ""input20.txt"", ""input23.txt"", ""input25.txt"", ""input26.txt"", ""input27.txt"", ""input28.txt"", ""input29.txt""]",[],61.013093,2.03377,3.0
matei-si-diamantele,1314235708,user_0097,1.79,java,grid_scan,1314236118,0.633929,0.933448,1.0,0.760391,0.0,0.760391,high,30,3,27,10.0,24,3,0,False,"[""input00.txt"", ""input01.txt"", ""input04.txt""]","[""input02.txt"", ""input03.txt"", ""input05.txt"", ""input06.txt"", ""input07.txt"", ""input08.txt"", ""input09.txt"", ""input10.txt"", ""input11.txt"", ""input12.txt"", ""input13.txt"", ""input14.txt"", ""input15.txt"", ""input16.txt"", ""input17.txt"", ""input18.txt"", ""input19.txt"", ""input20.txt"", ""input21.txt"", ""input22.txt"", ""input23.txt"", ""input24.txt"", ""input25.txt"", ""input26.txt"", ""input27.txt"", ""input28.txt"", ""input29.txt""]","[""input25.txt"", ""input28.txt"", ""input29.txt""]",[],28.115741,0.937191,3.0
matei-si-diamantele,1314235747,user_0261,1.79,java,grid_scan,1314236118,0.637931,0.987445,1.0,0.778992,0.0,0.778992,high,30,3,27,10.0,17,0,10,False,"[""input00.txt"", ""input01.txt"", ""input04.txt""]","[""input02.txt"", ""input03.txt"", ""input05.txt"", ""input06.txt"", ""input07.txt"", ""input08.txt"", ""input09.txt"", ""input10.txt"", ""input11.txt"", ""input12.txt"", ""input13.txt"", ""input14.txt"", ""input15.txt"", ""input16.txt"", ""input17.txt"", ""input18.txt"", ""input19.txt"", ""input20.txt"", ""input21.txt"", ""input22.txt"", ""input23.txt"", ""input24.txt"", ""input25.txt"", ""input26.txt"", ""input27.txt"", ""input28.txt"", ""input29.txt""]",[],"[""input02.txt"", ""input03.txt"", ""input12.txt"", ""input18.txt"", ""input23.txt"", ""input25.txt"", ""input26.txt"", ""input27.txt"", ""input28.txt"", ""input29.txt""]",18.009695,0.600323,0.893808
matei-si-diamantele,1314235864,user_0021,1.79,java,grid_scan,1314236118,0.768519,0.998842,1.0,0.860764,0.0,0.860764,high,30,3,27,10.0,27,0,0,False,"[""input00.txt"", ""input01.txt"", ""input04.txt""]","[""input02.txt"", ""input03.txt"", ""input05.txt"", ""input06.txt"", ""input07.txt"", ""input08.txt"", ""input09.txt"", ""input10.txt"", ""input11.txt"", ""input12.txt"", ""input13.txt"", ""input14.txt"", ""input15.txt"", ""input16.txt"", ""input17.txt"", ""input18.txt"", ""input19.txt"", ""input20.txt"", ""input21.txt"", ""input22.txt"", ""input23.txt"", ""input24.txt"", ""input25.txt"", ""input26.txt"", ""input27.txt"", ""input28.txt"", ""input29.txt""]",[],[],28.660172,0.955339,1.501163
matei-si-diamantele,1314235888,user_0158,1.79,cpp,unknown,1333751390,0.0,0.88274,1.0,0.364822,0.336353,0.02847,low,30,3,27,10.0,13,14,0,False,"[""input00.txt"", ""input01.txt"", ""input02.txt""]","[""input03.txt"", ""input04.txt"", ""input05.txt"", ""input06.txt"", ""input07.txt"", ""input08.txt"", ""input09.txt"", ""input10.txt"", ""input11.txt"", ""input12.txt"", ""input13.txt"", ""input14.txt"", ""input15.txt"", ""input16.txt"", ""input17.txt"", ""input18.txt"", ""input19.txt"", ""input20.txt"", ""input21.txt"", ""input22.txt"", ""input23.txt"", ""input24.txt"", ""input25.txt"", ""input26.txt"", ""input27.txt"", ""input28.txt"", ""input29.txt""]","[""input05.txt"", ""input07.txt"", ""input08.txt"", ""input09.txt"", ""input12.txt"", ""input15.txt"", ""input20.txt"", ""input21.txt"", ""input23.txt"", ""input25.txt"", ""input26.txt"", ""input27.txt"", ""input28.txt"", ""input29.txt""]",[],62.992347,2.099745,3.0
matei-si-diamantele,1314235938,user_0145,1.79,java,grid_scan,1314236118,0.700422,0.920137,1.0,0.796294,0.0,0.796294,high,30,0,30,0.0,0,0,30,False,[],"[""input00.txt"", ""input01.txt"", ""input02.txt"", ""input03.txt"", ""input04.txt"", ""input05.txt"", ""input06.txt"", ""input07.txt"", ""input08.txt"", ""input09.txt"", ""input10.txt"", ""input11.txt"", ""input12.txt"", ""input13.txt"", ""input14.txt"", ""input15.txt"", ""input16.txt"", ""input17.txt"", ""input18.txt"", ""input19.txt"", ""input20.txt"", ""input21.txt"", ""input22.txt"", ""input23.txt"", ""input24.txt"", ""input25.txt"", ""input26.txt"", ""input27.txt"", ""input28.txt"", ""input29.txt""]",[],"[""input00.txt"", ""input01.txt"", ""input02.txt"", ""input03.txt"", ""input04.txt"", ""input05.txt"", ""input06.txt"", ""input07.txt"", ""input08.txt"", ""input09.txt"", ""input10.txt"", ""input11.txt"", ""input12.txt"", ""input13.txt"", ""input14.txt"", ""input15.txt"", ""input16.txt"", ""input17.txt"", ""input18.txt"", ""input19.txt"", ""input20.txt"", ""input21.txt"", ""input22.txt"", ""input23.txt"", ""input24.txt"", ""input25.txt"", ""input26.txt"", ""input27.txt"", ""input28.txt"", ""input29.txt""]",17.235759,0.574525,1.438745
matei-si-diamantele,1314236118,user_0288,1.79,java,grid_scan,1314236118,1.0,1.0,1.0,1.0,1.0,0.0,reference,30,3,27,10.0,27,0,0,False,"[""input00.txt"", ""input01.txt"", ""input04.txt""]","[""input02.txt"", ""input03.txt"", ""input05.txt"", ""input06.txt"", ""input07.txt"", ""input08.txt"", ""input09.txt"", ""input10.txt"", ""input11.txt"", ""input12.txt"", ""input13.txt"", ""input14.txt"", ""input15.txt"", ""input16.txt"", ""input17.txt"", ""input18.txt"", ""input19.txt"", ""input20.txt"", ""input21.txt"", ""input22.txt"", ""input23.txt"", ""input24.txt"", ""input25.txt"", ""input26.txt"", ""input27.txt"", ""input28.txt"", ""input29.txt""]",[],[],14.471897,0.482397,1.063995
matei-si-diamantele,1314236152,user_0123,1.79,java,grid_scan,1314236118,0.619469,0.979017,1.0,0.765386,0.0,0.765386,high,30,3,27,10.0,24,3,0,False,"[""input00.txt"", ""input01.txt"", ""input04.txt""]","[""input02.txt"", ""input03.txt"", ""input05.txt"", ""input06.txt"", ""input07.txt"", ""input08.txt"", ""input09.txt"", ""input10.txt"", ""input11.txt"", ""input12.txt"", ""input13.txt"", ""input14.txt"", ""input15.txt"", ""input16.txt"", ""input17.txt"", ""input18.txt"", ""input19.txt"", ""input20.txt"", ""input21.txt"", ""input22.txt"", ""input23.txt"", ""input24.txt"", ""input25.txt"", ""input26.txt"", ""input27.txt"", ""input28.txt"", ""input29.txt""]","[""input25.txt"", ""input28.txt"", ""input29.txt""]",[],22.451489,0.748383,3.0
matei-si-diamantele,1314236172,user_0129,1.79,cpp,unknown,1378120312,0.0,0.91205,1.0,0.373615,0.353755,0.01986,low,30,3,27,10.0,19,8,0,False,"[""input00.txt"", ""input01.txt"", ""input02.txt""]","[""input03.txt"", ""input04.txt"", ""input05.txt"", ""input06.txt"", ""input07.txt"", ""input08.txt"", ""input09.txt"", ""input10.txt"", ""input11.txt"", ""input12.txt"", ""input13.txt"", ""input14.txt"", ""input15.txt"", ""input16.txt"", ""input17.txt"", ""input18.txt"", ""input19.txt"", ""input20.txt"", ""input21.txt"", ""input22.txt"", ""input23.txt"", ""input24.txt"", ""input25.txt"", ""input26.txt"", ""input27.txt"", ""input28.txt"", ""input29.txt""]","[""input05.txt"", ""input12.txt"", ""input20.txt"", ""input23.txt"", ""input25.txt"", ""input26.txt"", ""input28.txt"", ""input29.txt""]",[],61.744732,2.058158,3.0
matei-si-diamantele,1314236223,user_0288,1.79,java,grid_scan,1314236118,0.81982,0.998874,1.0,0.891554,0.0,0.891554,high,30,3,27,10.0,27,0,0,False,"[""input00.txt"", ""input01.txt"", ""input04.txt""]","[""input02.txt"", ""input03.txt"", ""input05.txt"", ""input06.txt"", ""input07.txt"", ""input08.txt"", ""input09.txt"", ""input10.txt"", ""input11.txt"", ""input12.txt"", ""input13.txt"", ""input14.txt"", ""input15.txt"", ""input16.txt"", ""input17.txt"", ""input18.txt"", ""input19.txt"", ""input20.txt"", ""input21.txt"", ""input22.txt"", ""input23.txt"", ""input24.txt"", ""input25.txt"", ""input26.txt"", ""input27.txt"", ""input28.txt"", ""input29.txt""]",[],[],12.347002,0.411567,0.735063
matei-si-diamantele,1314236225,user_0047,1.79,java,grid_scan,1314236118,0.41115,0.920538,1.0,0.622851,0.0,0.622851,medium,30,3,27,10.0,23,4,0,False,"[""input00.txt"", ""input01.txt"", ""input04.txt""]","[""input02.txt"", ""input03.txt"", ""input05.txt"", ""input06.txt"", ""input07.txt"", ""input08.txt"", ""input09.txt"", ""input10.txt"", ""input11.txt"", ""input12.txt"", ""input13.txt"", ""input14.txt"", ""input15.txt"", ""input16.txt"", ""input17.txt"", ""input18.txt"", ""input19.txt"", ""input20.txt"", ""input21.txt"", ""input22.txt"", ""input23.txt"", ""input24.txt"", ""input25.txt"", ""input26.txt"", ""input27.txt"", ""input28.txt"", ""input29.txt""]","[""input25.txt"", ""input26.txt"", ""input28.txt"", ""input29.txt""]",[],22.98266,0.766089,3.0
matei-si-diamantele,1314236321,user_0004,1.79,java,grid_scan,1314236118,0.75,0.99598,1.0,0.848794,0.0,0.848794,high,30,3,27,10.0,16,0,11,False,"[""input00.txt"", ""input01.txt"", ""input02.txt""]","[""input03.txt"", ""input04.txt"", ""input05.txt"", ""input06.txt"", ""input07.txt"", ""input08.txt"", ""input09.txt"", ""input10.txt"", ""input11.txt"", ""input12.txt"", ""input13.txt"", ""input14.txt"", ""input15.txt"", ""input16.txt"", ""input17.txt"", ""input18.txt"", ""input19.txt"", ""input20.txt"", ""input21.txt"", ""input22.txt"", ""input23.txt"", ""input24.txt"", ""input25.txt"", ""input26.txt"", ""input27.txt"", ""input28.txt"", ""input29.txt""]",[],"[""input07.txt"", ""input12.txt"", ""input13.txt"", ""input14.txt"", ""input18.txt"", ""input23.txt"", ""input25.txt"", ""input26.txt"", ""input27.txt"", ""input28.txt"", ""input29.txt""]",10.137098,0.337903,0.634453
matei-si-diamantele,1314236432,user_0004,1.79,java,grid_scan,1314236118,0.730435,0.998513,1.0,0.837815,0.0,0.837815,high,30,3,27,10.0,16,0,11,False,"[""input00.txt"", ""input01.txt"", ""input02.txt""]","[""input03.txt"", ""input04.txt"", ""input05.txt"", ""input06.txt"", ""input07.txt"", ""input08.txt"", ""input09.txt"", ""input10.txt"", ""input11.txt"", ""input12.txt"", ""input13.txt"", ""input14.txt"", ""input15.txt"", ""input16.txt"", ""input17.txt"", ""input18.txt"", ""input19.txt"", ""input20.txt"", ""input21.txt"", ""input22.txt"", ""input23.txt"", ""input24.txt"", ""input25.txt"", ""input26.txt"", ""input27.txt"", ""input28.txt"", ""input29.txt""]",[],"[""input07.txt"", ""input12.txt"", ""input13.txt"", ""input14.txt"", ""input18.txt"", ""input23.txt"", ""input25.txt"", ""input26.txt"", ""input27.txt"", ""input28.txt"", ""input29.txt""]",12.565622,0.418854,0.638112
matei-si-diamantele,1314236521,user_0145,1.79,java,grid_scan,1314236118,0.691667,0.920899,1.0,0.79127,0.0,0.79127,high,30,0,30,0.0,0,0,30,False,[],"[""input00.txt"", ""input01.txt"", ""input02.txt"", ""input03.txt"", ""input04.txt"", ""input05.txt"", ""input06.txt"", ""input07.txt"", ""input08.txt"", ""input09.txt"", ""input10.txt"", ""input11.txt"", ""input12.txt"", ""input13.txt"", ""input14.txt"", ""input15.txt"", ""input16.txt"", ""input17.txt"", ""input18.txt"", ""input19.txt"", ""input20.txt"", ""input21.txt"", ""input22.txt"", ""input23.txt"", ""input24.txt"", ""input25.txt"", ""input26.txt"", ""input27.txt"", ""input28.txt"", ""input29.txt""]",[],"[""input00.txt"", ""input01.txt"", ""input02.txt"", ""input03.txt"", ""input04.txt"", ""input05.txt"", ""input06.txt"", ""input07.txt"", ""input08.txt"", ""input09.txt"", ""input10.txt"", ""input11.txt"", ""input12.txt"", ""input13.txt"", ""input14.txt"", ""input15.txt"", ""input16.txt"", ""input17.txt"", ""input18.txt"", ""input19.txt"", ""input20.txt"", ""input21.txt"", ""input22.txt"", ""input23.txt"", ""input24.txt"", ""input25.txt"", ""input26.txt"", ""input27.txt"", ""input28.txt"", ""input29.txt""]",10.246606,0.341554,0.543932
matei-si-diamantele,1314236561,user_0233,1.79,cpp,unknown,1333751390,0.0,0.951347,1.0,0.385404,0.370376,0.015028,low,30,3,27,10.0,24,3,0,False,"[""input00.txt"", ""input01.txt"", ""input04.txt""]","[""input02.txt"", ""input03.txt"", ""input05.txt"", ""input06.txt"", ""input07.txt"", ""input08.txt"", ""input09.txt"", ""input10.txt"", ""input11.txt"", ""input12.txt"", ""input13.txt"", ""input14.txt"", ""input15.txt"", ""input16.txt"", ""input17.txt"", ""input18.txt"", ""input19.txt"", ""input20.txt"", ""input21.txt"", ""input22.txt"", ""input23.txt"", ""input24.txt"", ""input25.txt"", ""input26.txt"", ""input27.txt"", ""input28.txt"", ""input29.txt""]","[""input12.txt"", ""input20.txt"", ""input23.txt""]",[],53.555008,1.785167,3.01069
matei-si-diamantele,1314236604,user_0145,1.79,java,grid_scan,1314236118,0.664,0.925929,1.0,0.776179,0.0,0.776179,high,30,0,30,0.0,0,0,30,False,[],"[""input00.txt"", ""input01.txt"", ""input02.txt"", ""input03.txt"", ""input04.txt"", ""input05.txt"", ""input06.txt"", ""input07.txt"", ""input08.txt"", ""input09.txt"", ""input10.txt"", ""input11.txt"", ""input12.txt"", ""input13.txt"", ""input14.txt"", ""input15.txt"", ""input16.txt"", ""input17.txt"", ""input18.txt"", ""input19.txt"", ""input20.txt"", ""input21.txt"", ""input22.txt"", ""input23.txt"", ""input24.txt"", ""input25.txt"", ""input26.txt"", ""input27.txt"", ""input28.txt"", ""input29.txt""]",[],"[""input00.txt"", ""input01.txt"", ""input02.txt"", ""input03.txt"", ""input04.txt"", ""input05.txt"", ""input06.txt"", ""input07.txt"", ""input08.txt"", ""input09.txt"", ""input10.txt"", ""input11.txt"", ""input12.txt"", ""input13.txt"", ""input14.txt"", ""input15.txt"", ""input16.txt"", ""input17.txt"", ""input18.txt"", ""input19.txt"", ""input20.txt"", ""input21.txt"", ""input22.txt"", ""input23.txt"", ""input24.txt"", ""input25.txt"", ""input26.txt"", ""input27.txt"", ""input28.txt"", ""input29.txt""]",9.413627,0.313788,0.478054
matei-si-diamantele,1314236780,user_0261,1.79,java,grid_scan,1314236118,0.640693,0.986718,1.0,0.780431,0.0,0.780431,high,30,3,27,10.0,27,0,0,False,"[""input00.txt"", ""input01.txt"", ""input04.txt""]","[""input02.txt"", ""input03.txt"", ""input05.txt"", ""input06.txt"", ""input07.txt"", ""input08.txt"", ""input09.txt"", ""input10.txt"", ""input11.txt"", ""input12.txt"", ""input13.txt"", ""input14.txt"", ""input15.txt"", ""input16.txt"", ""input17.txt"", ""input18.txt"", ""input19.txt"", ""input20.txt"", ""input21.txt"", ""input22.txt"", ""input23.txt"", ""input24.txt"", ""input25.txt"", ""input26.txt"", ""input27.txt"", ""input28.txt"", ""input29.txt""]",[],[],11.664178,0.388806,0.548088
matei-si-diamantele,1314237031,user_0048,1.79,cpp,grid_scan,1314234411,0.413793,0.96277,0.0358,0.540687,0.416317,0.12437,medium,30,3,27,10.0,13,2,12,False,"[""input00.txt"", ""input01.txt"", ""input04.txt""]","[""input02.txt"", ""input03.txt"", ""input05.txt"", ""input06.txt"", ""input07.txt"", ""input08.txt"", ""input09.txt"", ""input10.txt"", ""input11.txt"", ""input12.txt"", ""input13.txt"", ""input14.txt"", ""input15.txt"", ""input16.txt"", ""input17.txt"", ""input18.txt"", ""input19.txt"", ""input20.txt"", ""input21.txt"", ""input22.txt"", ""input23.txt"", ""input24.txt"", ""input25.txt"", ""input26.txt"", ""input27.txt"", ""input28.txt"", ""input29.txt""]","[""input07.txt"", ""input25.txt""]","[""input05.txt"", ""input08.txt"", ""input09.txt"", ""input12.txt"", ""input15.txt"", ""input17.txt"", ""input19.txt"", ""input20.txt"", ""input21.txt"", ""input23.txt"", ""input26.txt"", ""input28.txt""]",24.55187,0.818396,3.0
matei-si-diamantele,1314237105,user_0261,1.79,java,grid_scan,1314236118,0.637931,0.986717,1.0,0.778774,0.0,0.778774,high,30,3,27,10.0,27,0,0,False,"[""input00.txt"", ""input01.txt"", ""input04.txt""]","[""input02.txt"", ""input03.txt"", ""input05.txt"", ""input06.txt"", ""input07.txt"", ""input08.txt"", ""input09.txt"", ""input10.txt"", ""input11.txt"", ""input12.txt"", ""input13.txt"", ""input14.txt"", ""input15.txt"", ""input16.txt"", ""input17.txt"", ""input18.txt"", ""input19.txt"", ""input20.txt"", ""input21.txt"", ""input22.txt"", ""input23.txt"", ""input24.txt"", ""input25.txt"", ""input26.txt"", ""input27.txt"", ""input28.txt"", ""input29.txt""]",[],[],14.131636,0.471055,1.012538
matei-si-diamantele,1314237371,user_0102,1.79,java,grid_scan,1314236118,0.562249,0.985617,1.0,0.733035,0.0,0.733035,high,30,3,27,10.0,27,0,0,False,"[""input00.txt"", ""input01.txt"", ""input02.txt""]","[""input03.txt"", ""input04.txt"", ""input05.txt"", ""input06.txt"", ""input07.txt"", ""input08.txt"", ""input09.txt"", ""input10.txt"", ""input11.txt"", ""input12.txt"", ""input13.txt"", ""input14.txt"", ""input15.txt"", ""input16.txt"", ""input17.txt"", ""input18.txt"", ""input19.txt"", ""input20.txt"", ""input21.txt"", ""input22.txt"", ""input23.txt"", ""input24.txt"", ""input25.txt"", ""input26.txt"", ""input27.txt"", ""input28.txt"", ""input29.txt""]",[],[],15.682953,0.522765,0.889723
matei-si-diamantele,1314237380,user_0168,1.79,cpp,grid_scan,1378120312,0.315789,0.939244,1.0,0.571247,0.407229,0.164018,medium,30,2,28,6.67,6,9,13,False,"[""input00.txt"", ""input02.txt""]","[""input01.txt"", ""input03.txt"", ""input04.txt"", ""input05.txt"", ""input06.txt"", ""input07.txt"", ""input08.txt"", ""input09.txt"", ""input10.txt"", ""input11.txt"", ""input12.txt"", ""input13.txt"", ""input14.txt"", ""input15.txt"", ""input16.txt"", ""input17.txt"", ""input18.txt"", ""input19.txt"", ""input20.txt"", ""input21.txt"", ""input22.txt"", ""input23.txt"", ""input24.txt"", ""input25.txt"", ""input26.txt"", ""input27.txt"", ""input28.txt"", ""input29.txt""]","[""input08.txt"", ""input09.txt"", ""input10.txt"", ""input11.txt"", ""input13.txt"", ""input17.txt"", ""input22.txt"", ""input26.txt"", ""input29.txt""]","[""input01.txt"", ""input05.txt"", ""input07.txt"", ""input12.txt"", ""input14.txt"", ""input15.txt"", ""input18.txt"", ""input19.txt"", ""input20.txt"", ""input21.txt"", ""input23.txt"", ""input25.txt"", ""input28.txt""]",38.795001,1.293167,3.0
matei-si-diamantele,1314237477,user_0168,1.79,cpp,grid_scan,1378120312,0.315789,0.919353,1.0,0.56528,0.401578,0.163701,medium,30,2,28,6.67,6,5,17,False,"[""input00.txt"", ""input02.txt""]","[""input01.txt"", ""input03.txt"", ""input04.txt"", ""input05.txt"", ""input06.txt"", ""input07.txt"", ""input08.txt"", ""input09.txt"", ""input10.txt"", ""input11.txt"", ""input12.txt"", ""input13.txt"", ""input14.txt"", ""input15.txt"", ""input16.txt"", ""input17.txt"", ""input18.txt"", ""input19.txt"", ""input20.txt"", ""input21.txt"", ""input22.txt"", ""input23.txt"", ""input24.txt"", ""input25.txt"", ""input26.txt"", ""input27.txt"", ""input28.txt"", ""input29.txt""]","[""input01.txt"", ""input10.txt"", ""input17.txt"", ""input28.txt"", ""input29.txt""]","[""input05.txt"", ""input07.txt"", ""input08.txt"", ""input09.txt"", ""input11.txt"", ""input12.txt"", ""input13.txt"", ""input14.txt"", ""input15.txt"", ""input18.txt"", ""input19.txt"", ""input20.txt"", ""input21.txt"", ""input22.txt"", ""input23.txt"", ""input25.txt"", ""input26.txt""]",31.822085,1.060736,3.0
matei-si-diamantele,1314237547,user_0095,1.79,java,grid_scan,1314236118,0.723404,0.933291,1.0,0.81403,0.0,0.81403,high,30,3,27,10.0,23,4,0,False,"[""input00.txt"", ""input01.txt"", ""input02.txt""]","[""input03.txt"", ""input04.txt"", ""input05.txt"", ""input06.txt"", ""input07.txt"", ""input08.txt"", ""input09.txt"", ""input10.txt"", ""input11.txt"", ""input12.txt"", ""input13.txt"", ""input14.txt"", ""input15.txt"", ""input16.txt"", ""input17.txt"", ""input18.txt"", ""input19.txt"", ""input20.txt"", ""input21.txt"", ""input22.txt"", ""input23.txt"", ""input24.txt"", ""input25.txt"", ""input26.txt"", ""input27.txt"", ""input28.txt"", ""input29.txt""]","[""input25.txt"", ""input26.txt"", ""input28.txt"", ""input29.txt""]",[],25.733554,0.857785,3.0
matei-si-diamantele,1314237562,user_0095,1.79,java,grid_scan,1314236118,0.726496,0.933248,1.0,0.815872,0.0,0.815872,high,30,3,27,10.0,23,4,0,False,"[""input00.txt"", ""input01.txt"", ""input02.txt""]","[""input03.txt"", ""input04.txt"", ""input05.txt"", ""input06.txt"", ""input07.txt"", ""input08.txt"", ""input09.txt"", ""input10.txt"", ""input11.txt"", ""input12.txt"", ""input13.txt"", ""input14.txt"", ""input15.txt"", ""input16.txt"", ""input17.txt"", ""input18.txt"", ""input19.txt"", ""input20.txt"", ""input21.txt"", ""input22.txt"", ""input23.txt"", ""input24.txt"", ""input25.txt"", ""input26.txt"", ""input27.txt"", ""input28.txt"", ""input29.txt""]","[""input25.txt"", ""input26.txt"", ""input28.txt"", ""input29.txt""]",[],25.496881,0.849896,3.0
matei-si-diamantele,1314237582,user_0145,1.79,java,grid_scan,1314236118,0.683128,0.916645,1.0,0.78487,0.0,0.78487,high,30,0,30,0.0,0,0,30,False,[],"[""input00.txt"", ""input01.txt"", ""input02.txt"", ""input03.txt"", ""input04.txt"", ""input05.txt"", ""input06.txt"", ""input07.txt"", ""input08.txt"", ""input09.txt"", ""input10.txt"", ""input11.txt"", ""input12.txt"", ""input13.txt"", ""input14.txt"", ""input15.txt"", ""input16.txt"", ""input17.txt"", ""input18.txt"", ""input19.txt"", ""input20.txt"", ""input21.txt"", ""input22.txt"", ""input23.txt"", ""input24.txt"", ""input25.txt"", ""input26.txt"", ""input27.txt"", ""input28.txt"", ""input29.txt""]",[],"[""input00.txt"", ""input01.txt"", ""input02.txt"", ""input03.txt"", ""input04.txt"", ""input05.txt"", ""input06.txt"", ""input07.txt"", ""input08.txt"", ""input09.txt"", ""input10.txt"", ""input11.txt"", ""input12.txt"", ""input13.txt"", ""input14.txt"", ""input15.txt"", ""input16.txt"", ""input17.txt"", ""input18.txt"", ""input19.txt"", ""input20.txt"", ""input21.txt"", ""input22.txt"", ""input23.txt"", ""input24.txt"", ""input25.txt"", ""input26.txt"", ""input27.txt"", ""input28.txt"", ""input29.txt""]",11.123047,0.370768,0.783768
matei-si-diamantele,1314237633,user_0021,1.79,java,grid_scan,1314236118,0.807512,0.995912,1.0,0.883281,0.0,0.883281,high,30,3,27,10.0,27,0,0,False,"[""input00.txt"", ""input01.txt"", ""input04.txt""]","[""input02.txt"", ""input03.txt"", ""input05.txt"", ""input06.txt"", ""input07.txt"", ""input08.txt"", ""input09.txt"", ""input10.txt"", ""input11.txt"", ""input12.txt"", ""input13.txt"", ""input14.txt"", ""input15.txt"", ""input16.txt"", ""input17.txt"", ""input18.txt"", ""input19.txt"", ""input20.txt"", ""input21.txt"", ""input22.txt"", ""input23.txt"", ""input24.txt"", ""input25.txt"", ""input26.txt"", ""input27.txt"", ""input28.txt"", ""input29.txt""]",[],[],24.397698,0.813257,1.178496
matei-si-diamantele,1314237745,user_0021,1.79,java,grid_scan,1314236118,0.796296,0.994843,1.0,0.876231,0.0,0.876231,high,30,3,27,10.0,27,0,0,False,"[""input00.txt"", ""input01.txt"", ""input04.txt""]","[""input02.txt"", ""input03.txt"", ""input05.txt"", ""input06.txt"", ""input07.txt"", ""input08.txt"", ""input09.txt"", ""input10.txt"", ""input11.txt"", ""input12.txt"", ""input13.txt"", ""input14.txt"", ""input15.txt"", ""input16.txt"", ""input17.txt"", ""input18.txt"", ""input19.txt"", ""input20.txt"", ""input21.txt"", ""input22.txt"", ""input23.txt"", ""input24.txt"", ""input25.txt"", ""input26.txt"", ""input27.txt"", ""input28.txt"", ""input29.txt""]",[],[],23.570559,0.785685,1.307603
matei-si-diamantele,1323376756,user_0122,1.79,cpp,unknown,1333751390,0.0,0.895847,1.0,0.368754,0.345759,0.022995,low,30,3,27,10.0,18,9,0,False,"[""input00.txt"", ""input01.txt"", ""input04.txt""]","[""input02.txt"", ""input03.txt"", ""input05.txt"", ""input06.txt"", ""input07.txt"", ""input08.txt"", ""input09.txt"", ""input10.txt"", ""input11.txt"", ""input12.txt"", ""input13.txt"", ""input14.txt"", ""input15.txt"", ""input16.txt"", ""input17.txt"", ""input18.txt"", ""input19.txt"", ""input20.txt"", ""input21.txt"", ""input22.txt"", ""input23.txt"", ""input24.txt"", ""input25.txt"", ""input26.txt"", ""input27.txt"", ""input28.txt"", ""input29.txt""]","[""input05.txt"", ""input12.txt"", ""input20.txt"", ""input23.txt"", ""input25.txt"", ""input26.txt"", ""input27.txt"", ""input28.txt"", ""input29.txt""]",[],60.783411,2.026114,3.0
matei-si-diamantele,1323416016,user_0156,1.79,c,unknown,,0.0,0.0,0.0,0.0,0.0,0.0,no_reference,0,0,0,0.0,0,0,0,True,[],[],[],[],0.0,0.0,0.0
matei-si-diamantele,1323447461,user_0026,1.79,cpp,unknown,1333751390,0.0,0.862284,1.0,0.358685,0.335292,0.023393,low,30,1,29,3.33,5,1,23,False,"[""input04.txt""]","[""input00.txt"", ""input01.txt"", ""input02.txt"", ""input03.txt"", ""input05.txt"", ""input06.txt"", ""input07.txt"", ""input08.txt"", ""input09.txt"", ""input10.txt"", ""input11.txt"", ""input12.txt"", ""input13.txt"", ""input14.txt"", ""input15.txt"", ""input16.txt"", ""input17.txt"", ""input18.txt"", ""input19.txt"", ""input20.txt"", ""input21.txt"", ""input22.txt"", ""input23.txt"", ""input24.txt"", ""input25.txt"", ""input26.txt"", ""input27.txt"", ""input28.txt"", ""input29.txt""]","[""input13.txt""]","[""input05.txt"", ""input06.txt"", ""input07.txt"", ""input08.txt"", ""input09.txt"", ""input11.txt"", ""input12.txt"", ""input14.txt"", ""input15.txt"", ""input16.txt"", ""input17.txt"", ""input18.txt"", ""input19.txt"", ""input20.txt"", ""input21.txt"", ""input22.txt"", ""input23.txt"", ""input24.txt"", ""input25.txt"", ""input26.txt"", ""input27.txt"", ""input28.txt"", ""input29.txt""]",9.291988,0.309733,3.0
matei-si-diamantele,1323455233,user_0067,1.79,java,grid_scan,1314236118,0.501742,0.791669,1.0,0.638546,0.0,0.638546,medium,0,0,0,0.0,0,0,0,True,[],[],[],[],0.0,0.0,0.0
matei-si-diamantele,1323456318,user_0056,1.79,java,grid_scan,1314236118,0.572614,0.886757,1.0,0.709596,0.0,0.709596,high,30,3,27,10.0,27,0,0,False,"[""input00.txt"", ""input01.txt"", ""input02.txt""]","[""input03.txt"", ""input04.txt"", ""input05.txt"", ""input06.txt"", ""input07.txt"", ""input08.txt"", ""input09.txt"", ""input10.txt"", ""input11.txt"", ""input12.txt"", ""input13.txt"", ""input14.txt"", ""input15.txt"", ""input16.txt"", ""input17.txt"", ""input18.txt"", ""input19.txt"", ""input20.txt"", ""input21.txt"", ""input22.txt"", ""input23.txt"", ""input24.txt"", ""input25.txt"", ""input26.txt"", ""input27.txt"", ""input28.txt"", ""input29.txt""]",[],[],38.081523,1.269384,2.16423
matei-si-diamantele,1333751390,user_0260,1.79,cpp,bfs,1333751390,1.0,1.0,1.0,1.0,1.0,0.0,reference,30,3,27,10.0,27,0,0,False,"[""input00.txt"", ""input01.txt"", ""input04.txt""]","[""input02.txt"", ""input03.txt"", ""input05.txt"", ""input06.txt"", ""input07.txt"", ""input08.txt"", ""input09.txt"", ""input10.txt"", ""input11.txt"", ""input12.txt"", ""input13.txt"", ""input14.txt"", ""input15.txt"", ""input16.txt"", ""input17.txt"", ""input18.txt"", ""input19.txt"", ""input20.txt"", ""input21.txt"", ""input22.txt"", ""input23.txt"", ""input24.txt"", ""input25.txt"", ""input26.txt"", ""input27.txt"", ""input28.txt"", ""input29.txt""]",[],[],24.140983,0.804699,1.485422
matei-si-diamantele,1333802598,user_0051,1.79,cpp,bfs,1333751390,0.261682,0.863985,1.0,0.516205,0.35411,0.162095,medium,30,3,27,10.0,23,4,0,False,"[""input00.txt"", ""input01.txt"", ""input02.txt""]","[""input03.txt"", ""input04.txt"", ""input05.txt"", ""input06.txt"", ""input07.txt"", ""input08.txt"", ""input09.txt"", ""input10.txt"", ""input11.txt"", ""input12.txt"", ""input13.txt"", ""input14.txt"", ""input15.txt"", ""input16.txt"", ""input17.txt"", ""input18.txt"", ""input19.txt"", ""input20.txt"", ""input21.txt"", ""input22.txt"", ""input23.txt"", ""input24.txt"", ""input25.txt"", ""input26.txt"", ""input27.txt"", ""input28.txt"", ""input29.txt""]","[""input05.txt"", ""input12.txt"", ""input20.txt"", ""input23.txt""]",[],53.817557,1.793919,3.0
matei-si-diamantele,1344552482,user_0184,1.79,cpp,grid_scan,1378120312,0.254902,0.935587,1.0,0.533617,0.397,0.136617,medium,30,3,27,10.0,15,12,0,False,"[""input00.txt"", ""input01.txt"", ""input04.txt""]","[""input02.txt"", ""input03.txt"", ""input05.txt"", ""input06.txt"", ""input07.txt"", ""input08.txt"", ""input09.txt"", ""input10.txt"", ""input11.txt"", ""input12.txt"", ""input13.txt"", ""input14.txt"", ""input15.txt"", ""input16.txt"", ""input17.txt"", ""input18.txt"", ""input19.txt"", ""input20.txt"", ""input21.txt"", ""input22.txt"", ""input23.txt"", ""input24.txt"", ""input25.txt"", ""input26.txt"", ""input27.txt"", ""input28.txt"", ""input29.txt""]","[""input05.txt"", ""input07.txt"", ""input12.txt"", ""input15.txt"", ""input20.txt"", ""input21.txt"", ""input23.txt"", ""input25.txt"", ""input26.txt"", ""input27.txt"", ""input28.txt"", ""input29.txt""]",[],63.410423,2.113681,3.026971
matei-si-diamantele,1344552513,user_0184,1.79,cpp,grid_scan,1378120312,0.25,0.937046,1.0,0.531114,0.397244,0.13387,medium,30,3,27,10.0,14,13,0,False,"[""input00.txt"", ""input01.txt"", ""input04.txt""]","[""input02.txt"", ""input03.txt"", ""input05.txt"", ""input06.txt"", ""input07.txt"", ""input08.txt"", ""input09.txt"", ""input10.txt"", ""input11.txt"", ""input12.txt"", ""input13.txt"", ""input14.txt"", ""input15.txt"", ""input16.txt"", ""input17.txt"", ""input18.txt"", ""input19.txt"", ""input20.txt"", ""input21.txt"", ""input22.txt"", ""input23.txt"", ""input24.txt"", ""input25.txt"", ""input26.txt"", ""input27.txt"", ""input28.txt"", ""input29.txt""]","[""input05.txt"", ""input07.txt"", ""input08.txt"", ""input12.txt"", ""input15.txt"", ""input20.txt"", ""input21.txt"", ""input23.txt"", ""input25.txt"", ""input26.txt"", ""input27.txt"", ""input28.txt"", ""input29.txt""]",[],64.24778,2.141593,3.0
matei-si-diamantele,1344586503,user_0011,1.79,java,grid_scan,1314236118,0.657778,0.934439,1.0,0.774998,0.0,0.774998,high,30,3,27,10.0,23,4,0,False,"[""input00.txt"", ""input01.txt"", ""input02.txt""]","[""input03.txt"", ""input04.txt"", ""input05.txt"", ""input06.txt"", ""input07.txt"", ""input08.txt"", ""input09.txt"", ""input10.txt"", ""input11.txt"", ""input12.txt"", ""input13.txt"", ""input14.txt"", ""input15.txt"", ""input16.txt"", ""input17.txt"", ""input18.txt"", ""input19.txt"", ""input20.txt"", ""input21.txt"", ""input22.txt"", ""input23.txt"", ""input24.txt"", ""input25.txt"", ""input26.txt"", ""input27.txt"", ""input28.txt"", ""input29.txt""]","[""input25.txt"", ""input26.txt"", ""input28.txt"", ""input29.txt""]",[],24.283999,0.809467,3.0
matei-si-diamantele,1344637424,user_0009,1.79,cpp,grid_scan,1378120312,0.272727,0.923487,1.0,0.540682,0.397726,0.142957,medium,30,0,30,0.0,0,7,23,False,[],"[""input00.txt"", ""input01.txt"", ""input02.txt"", ""input03.txt"", ""input04.txt"", ""input05.txt"", ""input06.txt"", ""input07.txt"", ""input08.txt"", ""input09.txt"", ""input10.txt"", ""input11.txt"", ""input12.txt"", ""input13.txt"", ""input14.txt"", ""input15.txt"", ""input16.txt"", ""input17.txt"", ""input18.txt"", ""input19.txt"", ""input20.txt"", ""input21.txt"", ""input22.txt"", ""input23.txt"", ""input24.txt"", ""input25.txt"", ""input26.txt"", ""input27.txt"", ""input28.txt"", ""input29.txt""]","[""input01.txt"", ""input15.txt"", ""input16.txt"", ""input23.txt"", ""input25.txt"", ""input26.txt"", ""input29.txt""]","[""input00.txt"", ""input02.txt"", ""input03.txt"", ""input04.txt"", ""input05.txt"", ""input06.txt"", ""input07.txt"", ""input08.txt"", ""input09.txt"", ""input10.txt"", ""input11.txt"", ""input12.txt"", ""input13.txt"", ""input14.txt"", ""input17.txt"", ""input18.txt"", ""input19.txt"", ""input20.txt"", ""input21.txt"", ""input22.txt"", ""input24.txt"", ""input27.txt"", ""input28.txt""]",25.697003,0.856567,3.0
matei-si-diamantele,1344637468,user_0009,1.79,cpp,grid_scan,1378120312,0.296296,0.928334,1.0,0.556278,0.401898,0.15438,medium,30,0,30,0.0,0,4,26,False,[],"[""input00.txt"", ""input01.txt"", ""input02.txt"", ""input03.txt"", ""input04.txt"", ""input05.txt"", ""input06.txt"", ""input07.txt"", ""input08.txt"", ""input09.txt"", ""input10.txt"", ""input11.txt"", ""input12.txt"", ""input13.txt"", ""input14.txt"", ""input15.txt"", ""input16.txt"", ""input17.txt"", ""input18.txt"", ""input19.txt"", ""input20.txt"", ""input21.txt"", ""input22.txt"", ""input23.txt"", ""input24.txt"", ""input25.txt"", ""input26.txt"", ""input27.txt"", ""input28.txt"", ""input29.txt""]","[""input06.txt"", ""input19.txt"", ""input20.txt"", ""input25.txt""]","[""input00.txt"", ""input01.txt"", ""input02.txt"", ""input03.txt"", ""input04.txt"", ""input05.txt"", ""input07.txt"", ""input08.txt"", ""input09.txt"", ""input10.txt"", ""input11.txt"", ""input12.txt"", ""input13.txt"", ""input14.txt"", ""input15.txt"", ""input16.txt"", ""input17.txt"", ""input18.txt"", ""input21.txt"", ""input22.txt"", ""input23.txt"", ""input24.txt"", ""input26.txt"", ""input27.txt"", ""input28.txt"", ""input29.txt""]",17.696412,0.58988,3.0
matei-si-diamantele,1344667416,user_0070,1.79,cpp,unknown,1333751390,0.0,0.947463,1.0,0.384239,0.366478,0.017761,low,30,3,27,10.0,23,4,0,False,"[""input00.txt"", ""input01.txt"", ""input02.txt""]","[""input03.txt"", ""input04.txt"", ""input05.txt"", ""input06.txt"", ""input07.txt"", ""input08.txt"", ""input09.txt"", ""input10.txt"", ""input11.txt"", ""input12.txt"", ""input13.txt"", ""input14.txt"", ""input15.txt"", ""input16.txt"", ""input17.txt"", ""input18.txt"", ""input19.txt"", ""input20.txt"", ""input21.txt"", ""input22.txt"", ""input23.txt"", ""input24.txt"", ""input25.txt"", ""input26.txt"", ""input27.txt"", ""input28.txt"", ""input29.txt""]","[""input12.txt"", ""input20.txt"", ""input21.txt"", ""input23.txt""]",[],51.920176,1.730673,3.0
matei-si-diamantele,1361752573,user_0003,1.79,cpp,unknown,1333751390,0.0,0.871219,1.0,0.361366,0.342468,0.018898,low,30,3,27,10.0,23,4,0,False,"[""input00.txt"", ""input01.txt"", ""input04.txt""]","[""input02.txt"", ""input03.txt"", ""input05.txt"", ""input06.txt"", ""input07.txt"", ""input08.txt"", ""input09.txt"", ""input10.txt"", ""input11.txt"", ""input12.txt"", ""input13.txt"", ""input14.txt"", ""input15.txt"", ""input16.txt"", ""input17.txt"", ""input18.txt"", ""input19.txt"", ""input20.txt"", ""input21.txt"", ""input22.txt"", ""input23.txt"", ""input24.txt"", ""input25.txt"", ""input26.txt"", ""input27.txt"", ""input28.txt"", ""input29.txt""]","[""input12.txt"", ""input20.txt"", ""input21.txt"", ""input23.txt""]",[],53.73452,1.791151,3.0
matei-si-diamantele,1361903616,user_0227,1.79,cpp,grid_scan,1378120312,0.337079,0.975258,1.0,0.594825,0.376456,0.218369,medium,30,3,27,10.0,1,24,2,False,"[""input00.txt"", ""input01.txt"", ""input02.txt""]","[""input03.txt"", ""input04.txt"", ""input05.txt"", ""input06.txt"", ""input07.txt"", ""input08.txt"", ""input09.txt"", ""input10.txt"", ""input11.txt"", ""input12.txt"", ""input13.txt"", ""input14.txt"", ""input15.txt"", ""input16.txt"", ""input17.txt"", ""input18.txt"", ""input19.txt"", ""input20.txt"", ""input21.txt"", ""input22.txt"", ""input23.txt"", ""input24.txt"", ""input25.txt"", ""input26.txt"", ""input27.txt"", ""input28.txt"", ""input29.txt""]","[""input05.txt"", ""input06.txt"", ""input07.txt"", ""input08.txt"", ""input09.txt"", ""input10.txt"", ""input11.txt"", ""input12.txt"", ""input13.txt"", ""input14.txt"", ""input15.txt"", ""input16.txt"", ""input17.txt"", ""input18.txt"", ""input19.txt"", ""input20.txt"", ""input21.txt"", ""input23.txt"", ""input24.txt"", ""input25.txt"", ""input26.txt"", ""input27.txt"", ""input28.txt"", ""input29.txt""]","[""input03.txt"", ""input04.txt""]",75.087657,2.502922,3.0
matei-si-diamantele,1378117860,user_0214,1.79,java,grid_scan,1314236118,0.575107,0.879639,1.0,0.708956,0.0,0.708956,high,30,2,28,6.67,23,5,0,False,"[""input01.txt"", ""input04.txt""]","[""input00.txt"", ""input02.txt"", ""input03.txt"", ""input05.txt"", ""input06.txt"", ""input07.txt"", ""input08.txt"", ""input09.txt"", ""input10.txt"", ""input11.txt"", ""input12.txt"", ""input13.txt"", ""input14.txt"", ""input15.txt"", ""input16.txt"", ""input17.txt"", ""input18.txt"", ""input19.txt"", ""input20.txt"", ""input21.txt"", ""input22.txt"", ""input23.txt"", ""input24.txt"", ""input25.txt"", ""input26.txt"", ""input27.txt"", ""input28.txt"", ""input29.txt""]","[""input25.txt"", ""input26.txt"", ""input27.txt"", ""input28.txt"", ""input29.txt""]",[],23.330717,0.777691,3.0
matei-si-diamantele,1378120312,user_0204,1.79,cpp,grid_scan,1378120312,1.0,1.0,1.0,1.0,1.0,0.0,reference,30,3,27,10.0,14,9,4,False,"[""input00.txt"", ""input01.txt"", ""input02.txt""]","[""input03.txt"", ""input04.txt"", ""input05.txt"", ""input06.txt"", ""input07.txt"", ""input08.txt"", ""input09.txt"", ""input10.txt"", ""input11.txt"", ""input12.txt"", ""input13.txt"", ""input14.txt"", ""input15.txt"", ""input16.txt"", ""input17.txt"", ""input18.txt"", ""input19.txt"", ""input20.txt"", ""input21.txt"", ""input22.txt"", ""input23.txt"", ""input24.txt"", ""input25.txt"", ""input26.txt"", ""input27.txt"", ""input28.txt"", ""input29.txt""]","[""input07.txt"", ""input12.txt"", ""input15.txt"", ""input18.txt"", ""input20.txt"", ""input21.txt"", ""input23.txt"", ""input26.txt"", ""input27.txt""]","[""input14.txt"", ""input25.txt"", ""input28.txt"", ""input29.txt""]",61.965973,2.065532,3.01048
matei-si-diamantele,1391739609,user_0278,1.79,java,grid_scan,1314236118,0.736842,0.932089,1.0,0.821732,0.0,0.821732,high,30,3,27,10.0,4,23,0,False,"[""input00.txt"", ""input01.txt"", ""input02.txt""]","[""input03.txt"", ""input04.txt"", ""input05.txt"", ""input06.txt"", ""input07.txt"", ""input08.txt"", ""input09.txt"", ""input10.txt"", ""input11.txt"", ""input12.txt"", ""input13.txt"", ""input14.txt"", ""input15.txt"", ""input16.txt"", ""input17.txt"", ""input18.txt"", ""input19.txt"", ""input20.txt"", ""input21.txt"", ""input22.txt"", ""input23.txt"", ""input24.txt"", ""input25.txt"", ""input26.txt"", ""input27.txt"", ""input28.txt"", ""input29.txt""]","[""input05.txt"", ""input06.txt"", ""input07.txt"", ""input08.txt"", ""input09.txt"", ""input10.txt"", ""input11.txt"", ""input12.txt"", ""input13.txt"", ""input14.txt"", ""input15.txt"", ""input18.txt"", ""input19.txt"", ""input20.txt"", ""input21.txt"", ""input22.txt"", ""input23.txt"", ""input24.txt"", ""input25.txt"", ""input26.txt"", ""input27.txt"", ""input28.txt"", ""input29.txt""]",[],71.119182,2.370639,3.0
matei-si-diamantele,1391839565,user_0255,1.79,java,grid_scan,1314236118,0.728,0.989993,1.0,0.833798,0.0,0.833798,high,30,3,27,10.0,7,15,5,False,"[""input00.txt"", ""input01.txt"", ""input04.txt""]","[""input02.txt"", ""input03.txt"", ""input05.txt"", ""input06.txt"", ""input07.txt"", ""input08.txt"", ""input09.txt"", ""input10.txt"", ""input11.txt"", ""input12.txt"", ""input13.txt"", ""input14.txt"", ""input15.txt"", ""input16.txt"", ""input17.txt"", ""input18.txt"", ""input19.txt"", ""input20.txt"", ""input21.txt"", ""input22.txt"", ""input23.txt"", ""input24.txt"", ""input25.txt"", ""input26.txt"", ""input27.txt"", ""input28.txt"", ""input29.txt""]","[""input05.txt"", ""input07.txt"", ""input08.txt"", ""input09.txt"", ""input10.txt"", ""input12.txt"", ""input13.txt"", ""input14.txt"", ""input16.txt"", ""input17.txt"", ""input18.txt"", ""input19.txt"", ""input20.txt"", ""input23.txt"", ""input24.txt""]","[""input25.txt"", ""input26.txt"", ""input27.txt"", ""input28.txt"", ""input29.txt""]",50.236844,1.674561,3.0
matei-si-diamantele,1391856174,user_0278,1.79,java,grid_scan,1314236118,0.625,0.928905,1.0,0.753672,0.0,0.753672,high,30,3,27,10.0,23,4,0,False,"[""input00.txt"", ""input01.txt"", ""input04.txt""]","[""input02.txt"", ""input03.txt"", ""input05.txt"", ""input06.txt"", ""input07.txt"", ""input08.txt"", ""input09.txt"", ""input10.txt"", ""input11.txt"", ""input12.txt"", ""input13.txt"", ""input14.txt"", ""input15.txt"", ""input16.txt"", ""input17.txt"", ""input18.txt"", ""input19.txt"", ""input20.txt"", ""input21.txt"", ""input22.txt"", ""input23.txt"", ""input24.txt"", ""input25.txt"", ""input26.txt"", ""input27.txt"", ""input28.txt"", ""input29.txt""]","[""input25.txt"", ""input26.txt"", ""input28.txt"", ""input29.txt""]",[],23.434876,0.781163,3.0
matei-si-diamantele,1391856329,user_0278,1.79,java,grid_scan,1314236118,0.619469,0.931327,1.0,0.75108,0.0,0.75108,high,30,3,27,10.0,22,5,0,False,"[""input00.txt"", ""input01.txt"", ""input04.txt""]","[""input02.txt"", ""input03.txt"", ""input05.txt"", ""input06.txt"", ""input07.txt"", ""input08.txt"", ""input09.txt"", ""input10.txt"", ""input11.txt"", ""input12.txt"", ""input13.txt"", ""input14.txt"", ""input15.txt"", ""input16.txt"", ""input17.txt"", ""input18.txt"", ""input19.txt"", ""input20.txt"", ""input21.txt"", ""input22.txt"", ""input23.txt"", ""input24.txt"", ""input25.txt"", ""input26.txt"", ""input27.txt"", ""input28.txt"", ""input29.txt""]","[""input25.txt"", ""input26.txt"", ""input27.txt"", ""input28.txt"", ""input29.txt""]",[],22.8526,0.761753,3.0
matei-si-diamantele,1391934413,user_0276,1.79,cpp,grid_scan,1378120312,0.293578,0.828281,1.0,0.524631,0.370106,0.154525,medium,30,3,27,10.0,2,25,0,False,"[""input00.txt"", ""input01.txt"", ""input04.txt""]","[""input02.txt"", ""input03.txt"", ""input05.txt"", ""input06.txt"", ""input07.txt"", ""input08.txt"", ""input09.txt"", ""input10.txt"", ""input11.txt"", ""input12.txt"", ""input13.txt"", ""input14.txt"", ""input15.txt"", ""input16.txt"", ""input17.txt"", ""input18.txt"", ""input19.txt"", ""input20.txt"", ""input21.txt"", ""input22.txt"", ""input23.txt"", ""input24.txt"", ""input25.txt"", ""input26.txt"", ""input27.txt"", ""input28.txt"", ""input29.txt""]","[""input05.txt"", ""input06.txt"", ""input07.txt"", ""input08.txt"", ""input09.txt"", ""input10.txt"", ""input11.txt"", ""input12.txt"", ""input13.txt"", ""input14.txt"", ""input15.txt"", ""input16.txt"", ""input17.txt"", ""input18.txt"", ""input19.txt"", ""input20.txt"", ""input21.txt"", ""input22.txt"", ""input23.txt"", ""input24.txt"", ""input25.txt"", ""input26.txt"", ""input27.txt"", ""input28.txt"", ""input29.txt""]",[],75.586909,2.519564,3.0
matei-si-diamantele,1391967203,user_0197,1.79,cpp,grid_scan,1378120312,0.27907,0.87648,1.0,0.530386,0.389699,0.140687,medium,30,0,30,0.0,0,14,16,False,[],"[""input00.txt"", ""input01.txt"", ""input02.txt"", ""input03.txt"", ""input04.txt"", ""input05.txt"", ""input06.txt"", ""input07.txt"", ""input08.txt"", ""input09.txt"", ""input10.txt"", ""input11.txt"", ""input12.txt"", ""input13.txt"", ""input14.txt"", ""input15.txt"", ""input16.txt"", ""input17.txt"", ""input18.txt"", ""input19.txt"", ""input20.txt"", ""input21.txt"", ""input22.txt"", ""input23.txt"", ""input24.txt"", ""input25.txt"", ""input26.txt"", ""input27.txt"", ""input28.txt"", ""input29.txt""]","[""input00.txt"", ""input01.txt"", ""input02.txt"", ""input03.txt"", ""input04.txt"", ""input05.txt"", ""input06.txt"", ""input07.txt"", ""input08.txt"", ""input09.txt"", ""input15.txt"", ""input16.txt"", ""input17.txt"", ""input29.txt""]","[""input10.txt"", ""input11.txt"", ""input12.txt"", ""input13.txt"", ""input14.txt"", ""input18.txt"", ""input19.txt"", ""input20.txt"", ""input21.txt"", ""input22.txt"", ""input23.txt"", ""input24.txt"", ""input25.txt"", ""input26.txt"", ""input27.txt"", ""input28.txt""]",46.48097,1.549366,3.0
matei-si-diamantele,1314234628,user_0103,3.57,java,grid_scan,1314236118,0.688525,0.935107,0.9644,0.790087,0.0,0.790087,high,30,4,26,13.33,23,3,0,False,"[""input00.txt"", ""input01.txt"", ""input02.txt"", ""input03.txt""]","[""input04.txt"", ""input05.txt"", ""input06.txt"", ""input07.txt"", ""input08.txt"", ""input09.txt"", ""input10.txt"", ""input11.txt"", ""input12.txt"", ""input13.txt"", ""input14.txt"", ""input15.txt"", ""input16.txt"", ""input17.txt"", ""input18.txt"", ""input19.txt"", ""input20.txt"", ""input21.txt"", ""input22.txt"", ""input23.txt"", ""input24.txt"", ""input25.txt"", ""input26.txt"", ""input27.txt"", ""input28.txt"", ""input29.txt""]","[""input25.txt"", ""input28.txt"", ""input29.txt""]",[],20.926086,0.697536,3.0
matei-si-diamantele,1314234881,user_0171,3.57,java,grid_scan,1314236118,0.694215,0.915469,0.9644,0.78761,0.0,0.78761,high,30,4,26,13.33,17,0,9,False,"[""input00.txt"", ""input01.txt"", ""input04.txt"", ""input21.txt""]","[""input02.txt"", ""input03.txt"", ""input05.txt"", ""input06.txt"", ""input07.txt"", ""input08.txt"", ""input09.txt"", ""input10.txt"", ""input11.txt"", ""input12.txt"", ""input13.txt"", ""input14.txt"", ""input15.txt"", ""input16.txt"", ""input17.txt"", ""input18.txt"", ""input19.txt"", ""input20.txt"", ""input22.txt"", ""input23.txt"", ""input24.txt"", ""input25.txt"", ""input26.txt"", ""input27.txt"", ""input28.txt"", ""input29.txt""]",[],"[""input07.txt"", ""input13.txt"", ""input14.txt"", ""input18.txt"", ""input25.txt"", ""input26.txt"", ""input27.txt"", ""input28.txt"", ""input29.txt""]",13.506753,0.450225,0.720319
matei-si-diamantele,1314234901,user_0090,3.57,cpp,grid_scan,1378120312,0.347826,0.926144,0.9644,0.582979,0.373463,0.209516,medium,30,4,26,13.33,20,5,1,False,"[""input00.txt"", ""input01.txt"", ""input02.txt"", ""input10.txt""]","[""input03.txt"", ""input04.txt"", ""input05.txt"", ""input06.txt"", ""input07.txt"", ""input08.txt"", ""input09.txt"", ""input11.txt"", ""input12.txt"", ""input13.txt"", ""input14.txt"", ""input15.txt"", ""input16.txt"", ""input17.txt"", ""input18.txt"", ""input19.txt"", ""input20.txt"", ""input21.txt"", ""input22.txt"", ""input23.txt"", ""input24.txt"", ""input25.txt"", ""input26.txt"", ""input27.txt"", ""input28.txt"", ""input29.txt""]","[""input25.txt"", ""input26.txt"", ""input27.txt"", ""input28.txt"", ""input29.txt""]","[""input18.txt""]",25.203101,0.840103,3.0
matei-si-diamantele,1314234952,user_0044,3.57,cpp,unknown,1333751390,0.183206,0.874355,0.9644,0.46867,0.376816,0.091854,low,30,0,30,0.0,0,2,28,False,[],"[""input00.txt"", ""input01.txt"", ""input02.txt"", ""input03.txt"", ""input04.txt"", ""input05.txt"", ""input06.txt"", ""input07.txt"", ""input08.txt"", ""input09.txt"", ""input10.txt"", ""input11.txt"", ""input12.txt"", ""input13.txt"", ""input14.txt"", ""input15.txt"", ""input16.txt"", ""input17.txt"", ""input18.txt"", ""input19.txt"", ""input20.txt"", ""input21.txt"", ""input22.txt"", ""input23.txt"", ""input24.txt"", ""input25.txt"", ""input26.txt"", ""input27.txt"", ""input28.txt"", ""input29.txt""]","[""input14.txt"", ""input23.txt""]","[""input00.txt"", ""input01.txt"", ""input02.txt"", ""input03.txt"", ""input04.txt"", ""input05.txt"", ""input06.txt"", ""input07.txt"", ""input08.txt"", ""input09.txt"", ""input10.txt"", ""input11.txt"", ""input12.txt"", ""input13.txt"", ""input15.txt"", ""input16.txt"", ""input17.txt"", ""input18.txt"", ""input19.txt"", ""input20.txt"", ""input21.txt"", ""input22.txt"", ""input24.txt"", ""input25.txt"", ""input26.txt"", ""input27.txt"", ""input28.txt"", ""input29.txt""]",14.01368,0.467123,3.0
matei-si-diamantele,1314234981,user_0103,3.57,java,grid_scan,1314236118,0.64257,0.932752,0.9644,0.761808,0.0,0.761808,high,30,4,26,13.33,21,5,0,False,"[""input00.txt"", ""input01.txt"", ""input02.txt"", ""input03.txt""]","[""input04.txt"", ""input05.txt"", ""input06.txt"", ""input07.txt"", ""input08.txt"", ""input09.txt"", ""input10.txt"", ""input11.txt"", ""input12.txt"", ""input13.txt"", ""input14.txt"", ""input15.txt"", ""input16.txt"", ""input17.txt"", ""input18.txt"", ""input19.txt"", ""input20.txt"", ""input21.txt"", ""input22.txt"", ""input23.txt"", ""input24.txt"", ""input25.txt"", ""input26.txt"", ""input27.txt"", ""input28.txt"", ""input29.txt""]","[""input25.txt"", ""input26.txt"", ""input27.txt"", ""input28.txt"", ""input29.txt""]",[],41.963843,1.398795,3.0
matei-si-diamantele,1314235292,user_0086,3.57,java,grid_scan,1314236118,0.577406,0.924814,0.9644,0.720328,0.0,0.720328,high,30,4,26,13.33,23,3,0,False,"[""input00.txt"", ""input01.txt"", ""input02.txt"", ""input04.txt""]","[""input03.txt"", ""input05.txt"", ""input06.txt"", ""input07.txt"", ""input08.txt"", ""input09.txt"", ""input10.txt"", ""input11.txt"", ""input12.txt"", ""input13.txt"", ""input14.txt"", ""input15.txt"", ""input16.txt"", ""input17.txt"", ""input18.txt"", ""input19.txt"", ""input20.txt"", ""input21.txt"", ""input22.txt"", ""input23.txt"", ""input24.txt"", ""input25.txt"", ""input26.txt"", ""input27.txt"", ""input28.txt"", ""input29.txt""]","[""input25.txt"", ""input28.txt"", ""input29.txt""]",[],25.223387,0.84078,3.0
matei-si-diamantele,1314235446,user_0123,3.57,java,grid_scan,1314236118,0.588235,0.990312,0.9644,0.746475,0.0,0.746475,high,30,4,26,13.33,21,5,0,False,"[""input00.txt"", ""input01.txt"", ""input02.txt"", ""input04.txt""]","[""input03.txt"", ""input05.txt"", ""input06.txt"", ""input07.txt"", ""input08.txt"", ""input09.txt"", ""input10.txt"", ""input11.txt"", ""input12.txt"", ""input13.txt"", ""input14.txt"", ""input15.txt"", ""input16.txt"", ""input17.txt"", ""input18.txt"", ""input19.txt"", ""input20.txt"", ""input21.txt"", ""input22.txt"", ""input23.txt"", ""input24.txt"", ""input25.txt"", ""input26.txt"", ""input27.txt"", ""input28.txt"", ""input29.txt""]","[""input25.txt"", ""input26.txt"", ""input27.txt"", ""input28.txt"", ""input29.txt""]",[],30.558113,1.018604,3.0
matei-si-diamantele,1314235579,user_0123,3.57,java,grid_scan,1314236118,0.588235,0.995155,0.9644,0.747928,0.0,0.747928,high,30,4,26,13.33,22,4,0,False,"[""input00.txt"", ""input01.txt"", ""input02.txt"", ""input04.txt""]","[""input03.txt"", ""input05.txt"", ""input06.txt"", ""input07.txt"", ""input08.txt"", ""input09.txt"", ""input10.txt"", ""input11.txt"", ""input12.txt"", ""input13.txt"", ""input14.txt"", ""input15.txt"", ""input16.txt"", ""input17.txt"", ""input18.txt"", ""input19.txt"", ""input20.txt"", ""input21.txt"", ""input22.txt"", ""input23.txt"", ""input24.txt"", ""input25.txt"", ""input26.txt"", ""input27.txt"", ""input28.txt"", ""input29.txt""]","[""input25.txt"", ""input26.txt"", ""input28.txt"", ""input29.txt""]",[],23.996729,0.799891,3.0
matei-si-diamantele,1314236278,user_0129,3.57,cpp,unknown,1378120312,0.0,0.906326,0.9644,0.368338,0.349123,0.019215,low,30,4,26,13.33,21,5,0,False,"[""input00.txt"", ""input01.txt"", ""input02.txt"", ""input04.txt""]","[""input03.txt"", ""input05.txt"", ""input06.txt"", ""input07.txt"", ""input08.txt"", ""input09.txt"", ""input10.txt"", ""input11.txt"", ""input12.txt"", ""input13.txt"", ""input14.txt"", ""input15.txt"", ""input16.txt"", ""input17.txt"", ""input18.txt"", ""input19.txt"", ""input20.txt"", ""input21.txt"", ""input22.txt"", ""input23.txt"", ""input24.txt"", ""input25.txt"", ""input26.txt"", ""input27.txt"", ""input28.txt"", ""input29.txt""]","[""input05.txt"", ""input08.txt"", ""input15.txt"", ""input20.txt"", ""input23.txt""]",[],55.418215,1.847274,3.0
matei-si-diamantele,1314236529,user_0165,3.57,cpp,unknown,1378120312,0.0,0.91247,0.9644,0.370181,0.353384,0.016797,low,30,4,26,13.33,1,4,21,False,"[""input00.txt"", ""input01.txt"", ""input02.txt"", ""input04.txt""]","[""input03.txt"", ""input05.txt"", ""input06.txt"", ""input07.txt"", ""input08.txt"", ""input09.txt"", ""input10.txt"", ""input11.txt"", ""input12.txt"", ""input13.txt"", ""input14.txt"", ""input15.txt"", ""input16.txt"", ""input17.txt"", ""input18.txt"", ""input19.txt"", ""input20.txt"", ""input21.txt"", ""input22.txt"", ""input23.txt"", ""input24.txt"", ""input25.txt"", ""input26.txt"", ""input27.txt"", ""input28.txt"", ""input29.txt""]","[""input05.txt"", ""input09.txt"", ""input10.txt"", ""input19.txt""]","[""input06.txt"", ""input07.txt"", ""input08.txt"", ""input11.txt"", ""input12.txt"", ""input13.txt"", ""input14.txt"", ""input15.txt"", ""input16.txt"", ""input17.txt"", ""input18.txt"", ""input20.txt"", ""input21.txt"", ""input22.txt"", ""input23.txt"", ""input24.txt"", ""input25.txt"", ""input26.txt"", ""input27.txt"", ""input28.txt"", ""input29.txt""]",22.864829,0.762161,3.0
matei-si-diamantele,1314236555,user_0095,3.57,java,grid_scan,1314236118,0.735931,0.935816,0.9644,0.818743,0.0,0.818743,high,30,4,26,13.33,22,4,0,False,"[""input00.txt"", ""input01.txt"", ""input02.txt"", ""input04.txt""]","[""input03.txt"", ""input05.txt"", ""input06.txt"", ""input07.txt"", ""input08.txt"", ""input09.txt"", ""input10.txt"", ""input11.txt"", ""input12.txt"", ""input13.txt"", ""input14.txt"", ""input15.txt"", ""input16.txt"", ""input17.txt"", ""input18.txt"", ""input19.txt"", ""input20.txt"", ""input21.txt"", ""input22.txt"", ""input23.txt"", ""input24.txt"", ""input25.txt"", ""input26.txt"", ""input27.txt"", ""input28.txt"", ""input29.txt""]","[""input25.txt"", ""input26.txt"", ""input28.txt"", ""input29.txt""]",[],25.192379,0.839746,3.0
matei-si-diamantele,1314236752,user_0165,3.57,cpp,unknown,1378120312,0.0,0.910126,0.9644,0.369478,0.352878,0.0166,low,30,4,26,13.33,1,2,23,False,"[""input00.txt"", ""input01.txt"", ""input02.txt"", ""input04.txt""]","[""input03.txt"", ""input05.txt"", ""input06.txt"", ""input07.txt"", ""input08.txt"", ""input09.txt"", ""input10.txt"", ""input11.txt"", ""input12.txt"", ""input13.txt"", ""input14.txt"", ""input15.txt"", ""input16.txt"", ""input17.txt"", ""input18.txt"", ""input19.txt"", ""input20.txt"", ""input21.txt"", ""input22.txt"", ""input23.txt"", ""input24.txt"", ""input25.txt"", ""input26.txt"", ""input27.txt"", ""input28.txt"", ""input29.txt""]","[""input06.txt"", ""input20.txt""]","[""input05.txt"", ""input07.txt"", ""input08.txt"", ""input09.txt"", ""input10.txt"", ""input11.txt"", ""input12.txt"", ""input13.txt"", ""input14.txt"", ""input15.txt"", ""input16.txt"", ""input17.txt"", ""input18.txt"", ""input19.txt"", ""input21.txt"", ""input22.txt"", ""input23.txt"", ""input24.txt"", ""input25.txt"", ""input26.txt"", ""input27.txt"", ""input28.txt"", ""input29.txt""]",19.104206,0.636807,3.0
matei-si-diamantele,1314236923,user_0145,3.57,java,grid_scan,1314236118,0.731278,0.928457,0.9644,0.813744,0.0,0.813744,high,30,0,30,0.0,0,0,30,False,[],"[""input00.txt"", ""input01.txt"", ""input02.txt"", ""input03.txt"", ""input04.txt"", ""input05.txt"", ""input06.txt"", ""input07.txt"", ""input08.txt"", ""input09.txt"", ""input10.txt"", ""input11.txt"", ""input12.txt"", ""input13.txt"", ""input14.txt"", ""input15.txt"", ""input16.txt"", ""input17.txt"", ""input18.txt"", ""input19.txt"", ""input20.txt"", ""input21.txt"", ""input22.txt"", ""input23.txt"", ""input24.txt"", ""input25.txt"", ""input26.txt"", ""input27.txt"", ""input28.txt"", ""input29.txt""]",[],"[""input00.txt"", ""input01.txt"", ""input02.txt"", ""input03.txt"", ""input04.txt"", ""input05.txt"", ""input06.txt"", ""input07.txt"", ""input08.txt"", ""input09.txt"", ""input10.txt"", ""input11.txt"", ""input12.txt"", ""input13.txt"", ""input14.txt"", ""input15.txt"", ""input16.txt"", ""input17.txt"", ""input18.txt"", ""input19.txt"", ""input20.txt"", ""input21.txt"", ""input22.txt"", ""input23.txt"", ""input24.txt"", ""input25.txt"", ""input26.txt"", ""input27.txt"", ""input28.txt"", ""input29.txt""]",10.429031,0.347634,0.638983
matei-si-diamantele,1314236971,user_0145,3.57,java,grid_scan,1314236118,0.697479,0.918742,0.9644,0.79055,0.0,0.79055,high,30,0,30,0.0,0,0,30,False,[],"[""input00.txt"", ""input01.txt"", ""input02.txt"", ""input03.txt"", ""input04.txt"", ""input05.txt"", ""input06.txt"", ""input07.txt"", ""input08.txt"", ""input09.txt"", ""input10.txt"", ""input11.txt"", ""input12.txt"", ""input13.txt"", ""input14.txt"", ""input15.txt"", ""input16.txt"", ""input17.txt"", ""input18.txt"", ""input19.txt"", ""input20.txt"", ""input21.txt"", ""input22.txt"", ""input23.txt"", ""input24.txt"", ""input25.txt"", ""input26.txt"", ""input27.txt"", ""input28.txt"", ""input29.txt""]",[],"[""input00.txt"", ""input01.txt"", ""input02.txt"", ""input03.txt"", ""input04.txt"", ""input05.txt"", ""input06.txt"", ""input07.txt"", ""input08.txt"", ""input09.txt"", ""input10.txt"", ""input11.txt"", ""input12.txt"", ""input13.txt"", ""input14.txt"", ""input15.txt"", ""input16.txt"", ""input17.txt"", ""input18.txt"", ""input19.txt"", ""input20.txt"", ""input21.txt"", ""input22.txt"", ""input23.txt"", ""input24.txt"", ""input25.txt"", ""input26.txt"", ""input27.txt"", ""input28.txt"", ""input29.txt""]",9.331162,0.311039,0.564856
matei-si-diamantele,1314236997,user_0165,3.57,cpp,unknown,1378120312,0.0,0.910679,0.9644,0.369644,0.353018,0.016626,low,30,4,26,13.33,1,3,22,False,"[""input00.txt"", ""input01.txt"", ""input02.txt"", ""input04.txt""]","[""input03.txt"", ""input05.txt"", ""input06.txt"", ""input07.txt"", ""input08.txt"", ""input09.txt"", ""input10.txt"", ""input11.txt"", ""input12.txt"", ""input13.txt"", ""input14.txt"", ""input15.txt"", ""input16.txt"", ""input17.txt"", ""input18.txt"", ""input19.txt"", ""input20.txt"", ""input21.txt"", ""input22.txt"", ""input23.txt"", ""input24.txt"", ""input25.txt"", ""input26.txt"", ""input27.txt"", ""input28.txt"", ""input29.txt""]","[""input05.txt"", ""input15.txt"", ""input27.txt""]","[""input06.txt"", ""input07.txt"", ""input08.txt"", ""input09.txt"", ""input10.txt"", ""input11.txt"", ""input12.txt"", ""input13.txt"", ""input14.txt"", ""input16.txt"", ""input17.txt"", ""input18.txt"", ""input19.txt"", ""input20.txt"", ""input21.txt"", ""input22.txt"", ""input23.txt"", ""input24.txt"", ""input25.txt"", ""input26.txt"", ""input28.txt"", ""input29.txt""]",20.554178,0.685139,3.0
matei-si-diamantele,1314237040,user_0165,3.57,cpp,unknown,1378120312,0.0,0.910948,0.9644,0.369724,0.353086,0.016639,low,30,4,26,13.33,1,3,22,False,"[""input00.txt"", ""input01.txt"", ""input02.txt"", ""input04.txt""]","[""input03.txt"", ""input05.txt"", ""input06.txt"", ""input07.txt"", ""input08.txt"", ""input09.txt"", ""input10.txt"", ""input11.txt"", ""input12.txt"", ""input13.txt"", ""input14.txt"", ""input15.txt"", ""input16.txt"", ""input17.txt"", ""input18.txt"", ""input19.txt"", ""input20.txt"", ""input21.txt"", ""input22.txt"", ""input23.txt"", ""input24.txt"", ""input25.txt"", ""input26.txt"", ""input27.txt"", ""input28.txt"", ""input29.txt""]","[""input05.txt"", ""input17.txt"", ""input29.txt""]","[""input06.txt"", ""input07.txt"", ""input08.txt"", ""input09.txt"", ""input10.txt"", ""input11.txt"", ""input12.txt"", ""input13.txt"", ""input14.txt"", ""input15.txt"", ""input16.txt"", ""input18.txt"", ""input19.txt"", ""input20.txt"", ""input21.txt"", ""input22.txt"", ""input23.txt"", ""input24.txt"", ""input25.txt"", ""input26.txt"", ""input27.txt"", ""input28.txt""]",21.310246,0.710342,3.0
matei-si-diamantele,1314237060,user_0062,3.57,cpp,grid_scan,1378120312,0.237624,0.943072,0.9644,0.521936,0.365189,0.156746,medium,30,4,26,13.33,11,1,14,False,"[""input00.txt"", ""input01.txt"", ""input02.txt"", ""input03.txt""]","[""input04.txt"", ""input05.txt"", ""input06.txt"", ""input07.txt"", ""input08.txt"", ""input09.txt"", ""input10.txt"", ""input11.txt"", ""input12.txt"", ""input13.txt"", ""input14.txt"", ""input15.txt"", ""input16.txt"", ""input17.txt"", ""input18.txt"", ""input19.txt"", ""input20.txt"", ""input21.txt"", ""input22.txt"", ""input23.txt"", ""input24.txt"", ""input25.txt"", ""input26.txt"", ""input27.txt"", ""input28.txt"", ""input29.txt""]","[""input29.txt""]","[""input05.txt"", ""input07.txt"", ""input08.txt"", ""input09.txt"", ""input12.txt"", ""input15.txt"", ""input17.txt"", ""input19.txt"", ""input20.txt"", ""input21.txt"", ""input23.txt"", ""input25.txt"", ""input26.txt"", ""input28.txt""]",9.785163,0.326172,3.0
matei-si-diamantele,1314237280,user_0252,3.57,cpp,unknown,1378120312,0.0,0.906842,0.9644,0.368492,0.34722,0.021272,low,30,3,27,10.0,22,5,0,False,"[""input01.txt"", ""input02.txt"", ""input03.txt""]","[""input00.txt"", ""input04.txt"", ""input05.txt"", ""input06.txt"", ""input07.txt"", ""input08.txt"", ""input09.txt"", ""input10.txt"", ""input11.txt"", ""input12.txt"", ""input13.txt"", ""input14.txt"", ""input15.txt"", ""input16.txt"", ""input17.txt"", ""input18.txt"", ""input19.txt"", ""input20.txt"", ""input21.txt"", ""input22.txt"", ""input23.txt"", ""input24.txt"", ""input25.txt"", ""input26.txt"", ""input27.txt"", ""input28.txt"", ""input29.txt""]","[""input05.txt"", ""input12.txt"", ""input20.txt"", ""input21.txt"", ""input23.txt""]",[],53.047071,1.768236,3.0
matei-si-diamantele,1314237400,user_0252,3.57,cpp,unknown,1378120312,0.0,0.909731,0.9644,0.369359,0.348428,0.020931,low,30,4,26,13.33,21,5,0,False,"[""input00.txt"", ""input01.txt"", ""input02.txt"", ""input03.txt""]","[""input04.txt"", ""input05.txt"", ""input06.txt"", ""input07.txt"", ""input08.txt"", ""input09.txt"", ""input10.txt"", ""input11.txt"", ""input12.txt"", ""input13.txt"", ""input14.txt"", ""input15.txt"", ""input16.txt"", ""input17.txt"", ""input18.txt"", ""input19.txt"", ""input20.txt"", ""input21.txt"", ""input22.txt"", ""input23.txt"", ""input24.txt"", ""input25.txt"", ""input26.txt"", ""input27.txt"", ""input28.txt"", ""input29.txt""]","[""input05.txt"", ""input12.txt"", ""input20.txt"", ""input21.txt"", ""input23.txt""]",[],52.689675,1.756322,3.0
matei-si-diamantele,1314237427,user_0252,3.57,cpp,unknown,1378120312,0.0,0.909731,0.9644,0.369359,0.348428,0.020931,low,30,4,26,13.33,22,4,0,False,"[""input00.txt"", ""input01.txt"", ""input02.txt"", ""input03.txt""]","[""input04.txt"", ""input05.txt"", ""input06.txt"", ""input07.txt"", ""input08.txt"", ""input09.txt"", ""input10.txt"", ""input11.txt"", ""input12.txt"", ""input13.txt"", ""input14.txt"", ""input15.txt"", ""input16.txt"", ""input17.txt"", ""input18.txt"", ""input19.txt"", ""input20.txt"", ""input21.txt"", ""input22.txt"", ""input23.txt"", ""input24.txt"", ""input25.txt"", ""input26.txt"", ""input27.txt"", ""input28.txt"", ""input29.txt""]","[""input12.txt"", ""input20.txt"", ""input21.txt"", ""input23.txt""]",[],53.214986,1.773833,3.0
matei-si-diamantele,1314237664,user_0252,3.57,cpp,unknown,1378120312,0.0,0.902593,0.9644,0.367218,0.346444,0.020774,low,30,4,26,13.33,20,6,0,False,"[""input00.txt"", ""input01.txt"", ""input02.txt"", ""input03.txt""]","[""input04.txt"", ""input05.txt"", ""input06.txt"", ""input07.txt"", ""input08.txt"", ""input09.txt"", ""input10.txt"", ""input11.txt"", ""input12.txt"", ""input13.txt"", ""input14.txt"", ""input15.txt"", ""input16.txt"", ""input17.txt"", ""input18.txt"", ""input19.txt"", ""input20.txt"", ""input21.txt"", ""input22.txt"", ""input23.txt"", ""input24.txt"", ""input25.txt"", ""input26.txt"", ""input27.txt"", ""input28.txt"", ""input29.txt""]","[""input05.txt"", ""input07.txt"", ""input12.txt"", ""input20.txt"", ""input21.txt"", ""input23.txt""]",[],53.889711,1.796324,3.0
matei-si-diamantele,1314237686,user_0139,3.57,java,grid_scan,1314236118,0.697095,0.928267,0.9644,0.793177,0.0,0.793177,high,30,4,26,13.33,26,0,0,False,"[""input00.txt"", ""input01.txt"", ""input02.txt"", ""input03.txt""]","[""input04.txt"", ""input05.txt"", ""input06.txt"", ""input07.txt"", ""input08.txt"", ""input09.txt"", ""input10.txt"", ""input11.txt"", ""input12.txt"", ""input13.txt"", ""input14.txt"", ""input15.txt"", ""input16.txt"", ""input17.txt"", ""input18.txt"", ""input19.txt"", ""input20.txt"", ""input21.txt"", ""input22.txt"", ""input23.txt"", ""input24.txt"", ""input25.txt"", ""input26.txt"", ""input27.txt"", ""input28.txt"", ""input29.txt""]",[],[],15.450517,0.515017,0.835253
matei-si-diamantele,1323389180,user_0075,3.57,cpp,grid_scan,1378120312,0.307692,0.922912,0.9644,0.557929,0.356449,0.20148,medium,30,4,26,13.33,1,14,11,False,"[""input00.txt"", ""input01.txt"", ""input02.txt"", ""input04.txt""]","[""input03.txt"", ""input05.txt"", ""input06.txt"", ""input07.txt"", ""input08.txt"", ""input09.txt"", ""input10.txt"", ""input11.txt"", ""input12.txt"", ""input13.txt"", ""input14.txt"", ""input15.txt"", ""input16.txt"", ""input17.txt"", ""input18.txt"", ""input19.txt"", ""input20.txt"", ""input21.txt"", ""input22.txt"", ""input23.txt"", ""input24.txt"", ""input25.txt"", ""input26.txt"", ""input27.txt"", ""input28.txt"", ""input29.txt""]","[""input05.txt"", ""input06.txt"", ""input07.txt"", ""input08.txt"", ""input09.txt"", ""input10.txt"", ""input11.txt"", ""input12.txt"", ""input13.txt"", ""input14.txt"", ""input15.txt"", ""input16.txt"", ""input22.txt"", ""input23.txt""]","[""input17.txt"", ""input18.txt"", ""input19.txt"", ""input20.txt"", ""input21.txt"", ""input24.txt"", ""input25.txt"", ""input26.txt"", ""input27.txt"", ""input28.txt"", ""input29.txt""]",45.096151,1.503205,3.0
matei-si-diamantele,1323404029,user_0228,3.57,java,grid_scan,1314236118,0.666667,0.871045,0.9644,0.757753,0.0,0.757753,high,30,4,26,13.33,21,5,0,False,"[""input00.txt"", ""input01.txt"", ""input02.txt"", ""input03.txt""]","[""input04.txt"", ""input05.txt"", ""input06.txt"", ""input07.txt"", ""input08.txt"", ""input09.txt"", ""input10.txt"", ""input11.txt"", ""input12.txt"", ""input13.txt"", ""input14.txt"", ""input15.txt"", ""input16.txt"", ""input17.txt"", ""input18.txt"", ""input19.txt"", ""input20.txt"", ""input21.txt"", ""input22.txt"", ""input23.txt"", ""input24.txt"", ""input25.txt"", ""input26.txt"", ""input27.txt"", ""input28.txt"", ""input29.txt""]","[""input25.txt"", ""input26.txt"", ""input27.txt"", ""input28.txt"", ""input29.txt""]",[],23.932303,0.797743,3.0
matei-si-diamantele,1323405525,user_0154,3.57,cpp,unknown,1333751390,0.0,0.874519,0.9644,0.358796,0.347448,0.011347,low,30,3,27,10.0,19,5,3,False,"[""input00.txt"", ""input02.txt"", ""input04.txt""]","[""input01.txt"", ""input03.txt"", ""input05.txt"", ""input06.txt"", ""input07.txt"", ""input08.txt"", ""input09.txt"", ""input10.txt"", ""input11.txt"", ""input12.txt"", ""input13.txt"", ""input14.txt"", ""input15.txt"", ""input16.txt"", ""input17.txt"", ""input18.txt"", ""input19.txt"", ""input20.txt"", ""input21.txt"", ""input22.txt"", ""input23.txt"", ""input24.txt"", ""input25.txt"", ""input26.txt"", ""input27.txt"", ""input28.txt"", ""input29.txt""]","[""input12.txt"", ""input20.txt"", ""input23.txt"", ""input25.txt"", ""input27.txt""]","[""input26.txt"", ""input28.txt"", ""input29.txt""]",58.047543,1.934918,3.0
matei-si-diamantele,1323405550,user_0154,3.57,cpp,unknown,1333751390,0.0,0.87553,0.9644,0.359099,0.349932,0.009167,low,30,3,27,10.0,19,4,4,False,"[""input00.txt"", ""input02.txt"", ""input04.txt""]","[""input01.txt"", ""input03.txt"", ""input05.txt"", ""input06.txt"", ""input07.txt"", ""input08.txt"", ""input09.txt"", ""input10.txt"", ""input11.txt"", ""input12.txt"", ""input13.txt"", ""input14.txt"", ""input15.txt"", ""input16.txt"", ""input17.txt"", ""input18.txt"", ""input19.txt"", ""input20.txt"", ""input21.txt"", ""input22.txt"", ""input23.txt"", ""input24.txt"", ""input25.txt"", ""input26.txt"", ""input27.txt"", ""input28.txt"", ""input29.txt""]","[""input12.txt"", ""input20.txt"", ""input23.txt"", ""input25.txt""]","[""input26.txt"", ""input27.txt"", ""input28.txt"", ""input29.txt""]",57.372869,1.912429,3.052193
matei-si-diamantele,1323451749,user_0085,3.57,cpp,unknown,1314234411,0.282353,0.924969,0.0714,0.454042,0.366763,0.087279,low,30,4,26,13.33,6,3,17,False,"[""input00.txt"", ""input01.txt"", ""input02.txt"", ""input03.txt""]","[""input04.txt"", ""input05.txt"", ""input06.txt"", ""input07.txt"", ""input08.txt"", ""input09.txt"", ""input10.txt"", ""input11.txt"", ""input12.txt"", ""input13.txt"", ""input14.txt"", ""input15.txt"", ""input16.txt"", ""input17.txt"", ""input18.txt"", ""input19.txt"", ""input20.txt"", ""input21.txt"", ""input22.txt"", ""input23.txt"", ""input24.txt"", ""input25.txt"", ""input26.txt"", ""input27.txt"", ""input28.txt"", ""input29.txt""]","[""input19.txt"", ""input20.txt"", ""input23.txt""]","[""input05.txt"", ""input07.txt"", ""input08.txt"", ""input09.txt"", ""input10.txt"", ""input12.txt"", ""input13.txt"", ""input14.txt"", ""input15.txt"", ""input17.txt"", ""input21.txt"", ""input24.txt"", ""input25.txt"", ""input26.txt"", ""input27.txt"", ""input28.txt"", ""input29.txt""]",19.638913,0.65463,3.0
matei-si-diamantele,1323455316,user_0067,3.57,java,grid_scan,1314236118,0.494845,0.794713,0.9644,0.631761,0.0,0.631761,medium,0,0,0,0.0,0,0,0,True,[],[],[],[],0.0,0.0,0.0
matei-si-diamantele,1332673226,user_0068,3.57,java,grid_scan,1314236118,0.658824,0.923437,0.9644,0.768765,0.0,0.768765,high,30,4,26,13.33,15,0,11,False,"[""input00.txt"", ""input01.txt"", ""input02.txt"", ""input04.txt""]","[""input03.txt"", ""input05.txt"", ""input06.txt"", ""input07.txt"", ""input08.txt"", ""input09.txt"", ""input10.txt"", ""input11.txt"", ""input12.txt"", ""input13.txt"", ""input14.txt"", ""input15.txt"", ""input16.txt"", ""input17.txt"", ""input18.txt"", ""input19.txt"", ""input20.txt"", ""input21.txt"", ""input22.txt"", ""input23.txt"", ""input24.txt"", ""input25.txt"", ""input26.txt"", ""input27.txt"", ""input28.txt"", ""input29.txt""]",[],"[""input06.txt"", ""input07.txt"", ""input09.txt"", ""input13.txt"", ""input14.txt"", ""input15.txt"", ""input25.txt"", ""input26.txt"", ""input27.txt"", ""input28.txt"", ""input29.txt""]",12.189062,0.406302,0.685898
matei-si-diamantele,1344635137,user_0189,3.57,cpp,unknown,1378117542,0.320755,0.879213,0.0714,0.463357,0.375107,0.088249,low,30,4,26,13.33,17,9,0,False,"[""input00.txt"", ""input01.txt"", ""input02.txt"", ""input13.txt""]","[""input03.txt"", ""input04.txt"", ""input05.txt"", ""input06.txt"", ""input07.txt"", ""input08.txt"", ""input09.txt"", ""input10.txt"", ""input11.txt"", ""input12.txt"", ""input14.txt"", ""input15.txt"", ""input16.txt"", ""input17.txt"", ""input18.txt"", ""input19.txt"", ""input20.txt"", ""input21.txt"", ""input22.txt"", ""input23.txt"", ""input24.txt"", ""input25.txt"", ""input26.txt"", ""input27.txt"", ""input28.txt"", ""input29.txt""]","[""input05.txt"", ""input12.txt"", ""input20.txt"", ""input23.txt"", ""input25.txt"", ""input26.txt"", ""input27.txt"", ""input28.txt"", ""input29.txt""]",[],61.571025,2.052367,3.0
matei-si-diamantele,1314234878,user_0040,5.36,java,grid_scan,1314236118,0.542636,0.872382,0.9286,0.680156,0.0,0.680156,medium,30,5,25,16.67,20,0,5,False,"[""input00.txt"", ""input01.txt"", ""input02.txt"", ""input03.txt"", ""input15.txt""]","[""input04.txt"", ""input05.txt"", ""input06.txt"", ""input07.txt"", ""input08.txt"", ""input09.txt"", ""input10.txt"", ""input11.txt"", ""input12.txt"", ""input13.txt"", ""input14.txt"", ""input16.txt"", ""input17.txt"", ""input18.txt"", ""input19.txt"", ""input20.txt"", ""input21.txt"", ""input22.txt"", ""input23.txt"", ""input24.txt"", ""input25.txt"", ""input26.txt"", ""input27.txt"", ""input28.txt"", ""input29.txt""]",[],"[""input25.txt"", ""input26.txt"", ""input27.txt"", ""input28.txt"", ""input29.txt""]",12.404518,0.413484,0.662619
matei-si-diamantele,1314235007,user_0126,5.36,java,grid_scan,1314236118,0.581967,0.921377,0.9286,0.718454,0.0,0.718454,high,30,5,25,16.67,21,4,0,False,"[""input00.txt"", ""input01.txt"", ""input02.txt"", ""input03.txt"", ""input04.txt""]","[""input05.txt"", ""input06.txt"", ""input07.txt"", ""input08.txt"", ""input09.txt"", ""input10.txt"", ""input11.txt"", ""input12.txt"", ""input13.txt"", ""input14.txt"", ""input15.txt"", ""input16.txt"", ""input17.txt"", ""input18.txt"", ""input19.txt"", ""input20.txt"", ""input21.txt"", ""input22.txt"", ""input23.txt"", ""input24.txt"", ""input25.txt"", ""input26.txt"", ""input27.txt"", ""input28.txt"", ""input29.txt""]","[""input25.txt"", ""input26.txt"", ""input28.txt"", ""input29.txt""]",[],33.618577,1.120619,3.0
matei-si-diamantele,1314235068,user_0126,5.36,java,grid_scan,1314236118,0.574899,0.911059,0.9286,0.711117,0.0,0.711117,high,30,5,25,16.67,21,4,0,False,"[""input00.txt"", ""input01.txt"", ""input02.txt"", ""input03.txt"", ""input04.txt""]","[""input05.txt"", ""input06.txt"", ""input07.txt"", ""input08.txt"", ""input09.txt"", ""input10.txt"", ""input11.txt"", ""input12.txt"", ""input13.txt"", ""input14.txt"", ""input15.txt"", ""input16.txt"", ""input17.txt"", ""input18.txt"", ""input19.txt"", ""input20.txt"", ""input21.txt"", ""input22.txt"", ""input23.txt"", ""input24.txt"", ""input25.txt"", ""input26.txt"", ""input27.txt"", ""input28.txt"", ""input29.txt""]","[""input25.txt"", ""input26.txt"", ""input28.txt"", ""input29.txt""]",[],24.826818,0.827561,3.0
matei-si-diamantele,1314235196,user_0126,5.36,java,grid_scan,1314236118,0.574899,0.911176,0.9286,0.711152,0.0,0.711152,high,30,5,25,16.67,21,4,0,False,"[""input00.txt"", ""input01.txt"", ""input02.txt"", ""input03.txt"", ""input04.txt""]","[""input05.txt"", ""input06.txt"", ""input07.txt"", ""input08.txt"", ""input09.txt"", ""input10.txt"", ""input11.txt"", ""input12.txt"", ""input13.txt"", ""input14.txt"", ""input15.txt"", ""input16.txt"", ""input17.txt"", ""input18.txt"", ""input19.txt"", ""input20.txt"", ""input21.txt"", ""input22.txt"", ""input23.txt"", ""input24.txt"", ""input25.txt"", ""input26.txt"", ""input27.txt"", ""input28.txt"", ""input29.txt""]","[""input25.txt"", ""input26.txt"", ""input28.txt"", ""input29.txt""]",[],24.501105,0.816704,3.0
matei-si-diamantele,1314235247,user_0103,5.36,java,grid_scan,1314236118,0.617761,0.894913,0.9286,0.73199,0.0,0.73199,high,30,5,25,16.67,20,5,0,False,"[""input00.txt"", ""input01.txt"", ""input02.txt"", ""input03.txt"", ""input04.txt""]","[""input05.txt"", ""input06.txt"", ""input07.txt"", ""input08.txt"", ""input09.txt"", ""input10.txt"", ""input11.txt"", ""input12.txt"", ""input13.txt"", ""input14.txt"", ""input15.txt"", ""input16.txt"", ""input17.txt"", ""input18.txt"", ""input19.txt"", ""input20.txt"", ""input21.txt"", ""input22.txt"", ""input23.txt"", ""input24.txt"", ""input25.txt"", ""input26.txt"", ""input27.txt"", ""input28.txt"", ""input29.txt""]","[""input25.txt"", ""input26.txt"", ""input27.txt"", ""input28.txt"", ""input29.txt""]",[],26.784154,0.892805,3.0
matei-si-diamantele,1314235322,user_0246,5.36,cpp,unknown,1378120312,0.0,0.942375,0.9286,0.375572,0.360151,0.015421,low,30,5,25,16.67,1,2,22,False,"[""input00.txt"", ""input01.txt"", ""input02.txt"", ""input03.txt"", ""input04.txt""]","[""input05.txt"", ""input06.txt"", ""input07.txt"", ""input08.txt"", ""input09.txt"", ""input10.txt"", ""input11.txt"", ""input12.txt"", ""input13.txt"", ""input14.txt"", ""input15.txt"", ""input16.txt"", ""input17.txt"", ""input18.txt"", ""input19.txt"", ""input20.txt"", ""input21.txt"", ""input22.txt"", ""input23.txt"", ""input24.txt"", ""input25.txt"", ""input26.txt"", ""input27.txt"", ""input28.txt"", ""input29.txt""]","[""input24.txt"", ""input25.txt""]","[""input05.txt"", ""input06.txt"", ""input07.txt"", ""input08.txt"", ""input09.txt"", ""input11.txt"", ""input12.txt"", ""input13.txt"", ""input14.txt"", ""input15.txt"", ""input16.txt"", ""input17.txt"", ""input18.txt"", ""input19.txt"", ""input20.txt"", ""input21.txt"", ""input22.txt"", ""input23.txt"", ""input26.txt"", ""input27.txt"", ""input28.txt"", ""input29.txt""]",10.832402,0.36108,3.0
matei-si-diamantele,1314235519,user_0130,5.36,cpp,unknown,1378120312,0.0,0.95074,0.9286,0.378082,0.357513,0.020569,low,30,5,25,16.67,19,0,6,False,"[""input00.txt"", ""input01.txt"", ""input02.txt"", ""input03.txt"", ""input04.txt""]","[""input05.txt"", ""input06.txt"", ""input07.txt"", ""input08.txt"", ""input09.txt"", ""input10.txt"", ""input11.txt"", ""input12.txt"", ""input13.txt"", ""input14.txt"", ""input15.txt"", ""input16.txt"", ""input17.txt"", ""input18.txt"", ""input19.txt"", ""input20.txt"", ""input21.txt"", ""input22.txt"", ""input23.txt"", ""input24.txt"", ""input25.txt"", ""input26.txt"", ""input27.txt"", ""input28.txt"", ""input29.txt""]",[],"[""input18.txt"", ""input25.txt"", ""input26.txt"", ""input27.txt"", ""input28.txt"", ""input29.txt""]",24.565533,0.818851,1.447155
matei-si-diamantele,1314235597,user_0180,5.36,cpp,unknown,1378120312,0.0,0.874071,0.9286,0.355081,0.342688,0.012394,low,30,0,30,0.0,0,7,23,False,[],"[""input00.txt"", ""input01.txt"", ""input02.txt"", ""input03.txt"", ""input04.txt"", ""input05.txt"", ""input06.txt"", ""input07.txt"", ""input08.txt"", ""input09.txt"", ""input10.txt"", ""input11.txt"", ""input12.txt"", ""input13.txt"", ""input14.txt"", ""input15.txt"", ""input16.txt"", ""input17.txt"", ""input18.txt"", ""input19.txt"", ""input20.txt"", ""input21.txt"", ""input22.txt"", ""input23.txt"", ""input24.txt"", ""input25.txt"", ""input26.txt"", ""input27.txt"", ""input28.txt"", ""input29.txt""]","[""input00.txt"", ""input01.txt"", ""input02.txt"", ""input07.txt"", ""input13.txt"", ""input24.txt"", ""input26.txt""]","[""input03.txt"", ""input04.txt"", ""input05.txt"", ""input06.txt"", ""input08.txt"", ""input09.txt"", ""input10.txt"", ""input11.txt"", ""input12.txt"", ""input14.txt"", ""input15.txt"", ""input16.txt"", ""input17.txt"", ""input18.txt"", ""input19.txt"", ""input20.txt"", ""input21.txt"", ""input22.txt"", ""input23.txt"", ""input25.txt"", ""input27.txt"", ""input28.txt"", ""input29.txt""]",25.588561,0.852952,3.0
matei-si-diamantele,1314235622,user_0242,5.36,cpp,unknown,1378120312,0.0,0.92748,0.9286,0.371104,0.365864,0.00524,low,30,5,25,16.67,14,7,4,False,"[""input00.txt"", ""input01.txt"", ""input02.txt"", ""input04.txt"", ""input21.txt""]","[""input03.txt"", ""input05.txt"", ""input06.txt"", ""input07.txt"", ""input08.txt"", ""input09.txt"", ""input10.txt"", ""input11.txt"", ""input12.txt"", ""input13.txt"", ""input14.txt"", ""input15.txt"", ""input16.txt"", ""input17.txt"", ""input18.txt"", ""input19.txt"", ""input20.txt"", ""input22.txt"", ""input23.txt"", ""input24.txt"", ""input25.txt"", ""input26.txt"", ""input27.txt"", ""input28.txt"", ""input29.txt""]","[""input07.txt"", ""input12.txt"", ""input18.txt"", ""input20.txt"", ""input23.txt"", ""input26.txt"", ""input28.txt""]","[""input14.txt"", ""input25.txt"", ""input27.txt"", ""input29.txt""]",58.300839,1.943361,3.0
matei-si-diamantele,1314235667,user_0246,5.36,cpp,unknown,1378120312,0.0,0.941878,0.9286,0.375423,0.360056,0.015368,low,30,5,25,16.67,1,1,23,False,"[""input00.txt"", ""input01.txt"", ""input02.txt"", ""input03.txt"", ""input04.txt""]","[""input05.txt"", ""input06.txt"", ""input07.txt"", ""input08.txt"", ""input09.txt"", ""input10.txt"", ""input11.txt"", ""input12.txt"", ""input13.txt"", ""input14.txt"", ""input15.txt"", ""input16.txt"", ""input17.txt"", ""input18.txt"", ""input19.txt"", ""input20.txt"", ""input21.txt"", ""input22.txt"", ""input23.txt"", ""input24.txt"", ""input25.txt"", ""input26.txt"", ""input27.txt"", ""input28.txt"", ""input29.txt""]","[""input16.txt""]","[""input05.txt"", ""input06.txt"", ""input07.txt"", ""input08.txt"", ""input09.txt"", ""input11.txt"", ""input12.txt"", ""input13.txt"", ""input14.txt"", ""input15.txt"", ""input17.txt"", ""input18.txt"", ""input19.txt"", ""input20.txt"", ""input21.txt"", ""input22.txt"", ""input23.txt"", ""input24.txt"", ""input25.txt"", ""input26.txt"", ""input27.txt"", ""input28.txt"", ""input29.txt""]",8.174945,0.272498,3.0
matei-si-diamantele,1314235715,user_0158,5.36,cpp,unknown,1378120312,0.0,0.920146,0.9286,0.368904,0.357247,0.011657,low,30,5,25,16.67,9,8,8,False,"[""input00.txt"", ""input01.txt"", ""input02.txt"", ""input03.txt"", ""input04.txt""]","[""input05.txt"", ""input06.txt"", ""input07.txt"", ""input08.txt"", ""input09.txt"", ""input10.txt"", ""input11.txt"", ""input12.txt"", ""input13.txt"", ""input14.txt"", ""input15.txt"", ""input16.txt"", ""input17.txt"", ""input18.txt"", ""input19.txt"", ""input20.txt"", ""input21.txt"", ""input22.txt"", ""input23.txt"", ""input24.txt"", ""input25.txt"", ""input26.txt"", ""input27.txt"", ""input28.txt"", ""input29.txt""]","[""input05.txt"", ""input07.txt"", ""input08.txt"", ""input12.txt"", ""input15.txt"", ""input17.txt"", ""input19.txt"", ""input29.txt""]","[""input09.txt"", ""input20.txt"", ""input21.txt"", ""input23.txt"", ""input25.txt"", ""input26.txt"", ""input27.txt"", ""input28.txt""]",42.84058,1.428019,3.0
matei-si-diamantele,1314236299,user_0246,5.36,cpp,unknown,1378120312,0.0,0.930319,0.9286,0.371956,0.357177,0.014779,low,30,5,25,16.67,1,5,19,False,"[""input00.txt"", ""input01.txt"", ""input02.txt"", ""input03.txt"", ""input04.txt""]","[""input05.txt"", ""input06.txt"", ""input07.txt"", ""input08.txt"", ""input09.txt"", ""input10.txt"", ""input11.txt"", ""input12.txt"", ""input13.txt"", ""input14.txt"", ""input15.txt"", ""input16.txt"", ""input17.txt"", ""input18.txt"", ""input19.txt"", ""input20.txt"", ""input21.txt"", ""input22.txt"", ""input23.txt"", ""input24.txt"", ""input25.txt"", ""input26.txt"", ""input27.txt"", ""input28.txt"", ""input29.txt""]","[""input05.txt"", ""input06.txt"", ""input07.txt"", ""input27.txt"", ""input28.txt""]","[""input08.txt"", ""input09.txt"", ""input11.txt"", ""input12.txt"", ""input13.txt"", ""input14.txt"", ""input15.txt"", ""input16.txt"", ""input17.txt"", ""input18.txt"", ""input19.txt"", ""input20.txt"", ""input21.txt"", ""input22.txt"", ""input23.txt"", ""input24.txt"", ""input25.txt"", ""input26.txt"", ""input29.txt""]",20.036033,0.667868,3.0
matei-si-diamantele,1314236550,user_0004,5.36,java,grid_scan,1314236118,0.75,0.988503,0.9286,0.839411,0.0,0.839411,high,30,4,26,13.33,15,0,11,False,"[""input01.txt"", ""input02.txt"", ""input03.txt"", ""input04.txt""]","[""input00.txt"", ""input05.txt"", ""input06.txt"", ""input07.txt"", ""input08.txt"", ""input09.txt"", ""input10.txt"", ""input11.txt"", ""input12.txt"", ""input13.txt"", ""input14.txt"", ""input15.txt"", ""input16.txt"", ""input17.txt"", ""input18.txt"", ""input19.txt"", ""input20.txt"", ""input21.txt"", ""input22.txt"", ""input23.txt"", ""input24.txt"", ""input25.txt"", ""input26.txt"", ""input27.txt"", ""input28.txt"", ""input29.txt""]",[],"[""input07.txt"", ""input12.txt"", ""input13.txt"", ""input14.txt"", ""input18.txt"", ""input23.txt"", ""input25.txt"", ""input26.txt"", ""input27.txt"", ""input28.txt"", ""input29.txt""]",14.08093,0.469364,0.759341
matei-si-diamantele,1314236661,user_0246,5.36,cpp,unknown,1378120312,0.0,0.932262,0.9286,0.372539,0.357985,0.014554,low,30,5,25,16.67,0,3,22,False,"[""input00.txt"", ""input01.txt"", ""input02.txt"", ""input03.txt"", ""input04.txt""]","[""input05.txt"", ""input06.txt"", ""input07.txt"", ""input08.txt"", ""input09.txt"", ""input10.txt"", ""input11.txt"", ""input12.txt"", ""input13.txt"", ""input14.txt"", ""input15.txt"", ""input16.txt"", ""input17.txt"", ""input18.txt"", ""input19.txt"", ""input20.txt"", ""input21.txt"", ""input22.txt"", ""input23.txt"", ""input24.txt"", ""input25.txt"", ""input26.txt"", ""input27.txt"", ""input28.txt"", ""input29.txt""]","[""input15.txt"", ""input20.txt"", ""input21.txt""]","[""input05.txt"", ""input06.txt"", ""input07.txt"", ""input08.txt"", ""input09.txt"", ""input10.txt"", ""input11.txt"", ""input12.txt"", ""input13.txt"", ""input14.txt"", ""input16.txt"", ""input17.txt"", ""input18.txt"", ""input19.txt"", ""input22.txt"", ""input23.txt"", ""input24.txt"", ""input25.txt"", ""input26.txt"", ""input27.txt"", ""input28.txt"", ""input29.txt""]",13.37961,0.445987,3.0
matei-si-diamantele,1314236662,user_0004,5.36,java,grid_scan,1314236118,0.724138,0.986804,0.9286,0.823384,0.0,0.823384,high,30,4,26,13.33,15,0,11,False,"[""input01.txt"", ""input02.txt"", ""input03.txt"", ""input04.txt""]","[""input00.txt"", ""input05.txt"", ""input06.txt"", ""input07.txt"", ""input08.txt"", ""input09.txt"", ""input10.txt"", ""input11.txt"", ""input12.txt"", ""input13.txt"", ""input14.txt"", ""input15.txt"", ""input16.txt"", ""input17.txt"", ""input18.txt"", ""input19.txt"", ""input20.txt"", ""input21.txt"", ""input22.txt"", ""input23.txt"", ""input24.txt"", ""input25.txt"", ""input26.txt"", ""input27.txt"", ""input28.txt"", ""input29.txt""]",[],"[""input07.txt"", ""input12.txt"", ""input13.txt"", ""input14.txt"", ""input18.txt"", ""input23.txt"", ""input25.txt"", ""input26.txt"", ""input27.txt"", ""input28.txt"", ""input29.txt""]",12.757991,0.425266,0.617677
matei-si-diamantele,1314236921,user_0261,5.36,java,grid_scan,1314236118,0.640693,0.986717,0.9286,0.773291,0.0,0.773291,high,30,5,25,16.67,25,0,0,False,"[""input00.txt"", ""input01.txt"", ""input02.txt"", ""input03.txt"", ""input04.txt""]","[""input05.txt"", ""input06.txt"", ""input07.txt"", ""input08.txt"", ""input09.txt"", ""input10.txt"", ""input11.txt"", ""input12.txt"", ""input13.txt"", ""input14.txt"", ""input15.txt"", ""input16.txt"", ""input17.txt"", ""input18.txt"", ""input19.txt"", ""input20.txt"", ""input21.txt"", ""input22.txt"", ""input23.txt"", ""input24.txt"", ""input25.txt"", ""input26.txt"", ""input27.txt"", ""input28.txt"", ""input29.txt""]",[],[],14.251503,0.47505,0.791852
matei-si-diamantele,1314236973,user_0004,5.36,java,grid_scan,1314236118,0.688525,0.984804,0.9286,0.801416,0.0,0.801416,high,30,5,25,16.67,14,0,11,False,"[""input00.txt"", ""input01.txt"", ""input02.txt"", ""input03.txt"", ""input04.txt""]","[""input05.txt"", ""input06.txt"", ""input07.txt"", ""input08.txt"", ""input09.txt"", ""input10.txt"", ""input11.txt"", ""input12.txt"", ""input13.txt"", ""input14.txt"", ""input15.txt"", ""input16.txt"", ""input17.txt"", ""input18.txt"", ""input19.txt"", ""input20.txt"", ""input21.txt"", ""input22.txt"", ""input23.txt"", ""input24.txt"", ""input25.txt"", ""input26.txt"", ""input27.txt"", ""input28.txt"", ""input29.txt""]",[],"[""input07.txt"", ""input12.txt"", ""input13.txt"", ""input14.txt"", ""input18.txt"", ""input23.txt"", ""input25.txt"", ""input26.txt"", ""input27.txt"", ""input28.txt"", ""input29.txt""]",14.760519,0.492017,0.74924
matei-si-diamantele,1314237030,user_0145,5.36,java,grid_scan,1314236118,0.694561,0.918855,0.9286,0.785253,0.0,0.785253,high,30,0,30,0.0,0,0,30,False,[],"[""input00.txt"", ""input01.txt"", ""input02.txt"", ""input03.txt"", ""input04.txt"", ""input05.txt"", ""input06.txt"", ""input07.txt"", ""input08.txt"", ""input09.txt"", ""input10.txt"", ""input11.txt"", ""input12.txt"", ""input13.txt"", ""input14.txt"", ""input15.txt"", ""input16.txt"", ""input17.txt"", ""input18.txt"", ""input19.txt"", ""input20.txt"", ""input21.txt"", ""input22.txt"", ""input23.txt"", ""input24.txt"", ""input25.txt"", ""input26.txt"", ""input27.txt"", ""input28.txt"", ""input29.txt""]",[],"[""input00.txt"", ""input01.txt"", ""input02.txt"", ""input03.txt"", ""input04.txt"", ""input05.txt"", ""input06.txt"", ""input07.txt"", ""input08.txt"", ""input09.txt"", ""input10.txt"", ""input11.txt"", ""input12.txt"", ""input13.txt"", ""input14.txt"", ""input15.txt"", ""input16.txt"", ""input17.txt"", ""input18.txt"", ""input19.txt"", ""input20.txt"", ""input21.txt"", ""input22.txt"", ""input23.txt"", ""input24.txt"", ""input25.txt"", ""input26.txt"", ""input27.txt"", ""input28.txt"", ""input29.txt""]",10.380139,0.346005,0.643605
matei-si-diamantele,1314237112,user_0226,5.36,java,grid_scan,1314236118,0.807692,0.926793,0.9286,0.855513,0.0,0.855513,high,30,5,25,16.67,14,0,11,False,"[""input00.txt"", ""input01.txt"", ""input02.txt"", ""input04.txt"", ""input21.txt""]","[""input03.txt"", ""input05.txt"", ""input06.txt"", ""input07.txt"", ""input08.txt"", ""input09.txt"", ""input10.txt"", ""input11.txt"", ""input12.txt"", ""input13.txt"", ""input14.txt"", ""input15.txt"", ""input16.txt"", ""input17.txt"", ""input18.txt"", ""input19.txt"", ""input20.txt"", ""input22.txt"", ""input23.txt"", ""input24.txt"", ""input25.txt"", ""input26.txt"", ""input27.txt"", ""input28.txt"", ""input29.txt""]",[],"[""input07.txt"", ""input12.txt"", ""input13.txt"", ""input14.txt"", ""input18.txt"", ""input23.txt"", ""input25.txt"", ""input26.txt"", ""input27.txt"", ""input28.txt"", ""input29.txt""]",13.90111,0.46337,0.762685
matei-si-diamantele,1314237181,user_0062,5.36,cpp,grid_scan,1378120312,0.212389,0.937922,0.9286,0.50167,0.360595,0.141076,medium,30,5,25,16.67,10,3,12,False,"[""input00.txt"", ""input01.txt"", ""input02.txt"", ""input03.txt"", ""input04.txt""]","[""input05.txt"", ""input06.txt"", ""input07.txt"", ""input08.txt"", ""input09.txt"", ""input10.txt"", ""input11.txt"", ""input12.txt"", ""input13.txt"", ""input14.txt"", ""input15.txt"", ""input16.txt"", ""input17.txt"", ""input18.txt"", ""input19.txt"", ""input20.txt"", ""input21.txt"", ""input22.txt"", ""input23.txt"", ""input24.txt"", ""input25.txt"", ""input26.txt"", ""input27.txt"", ""input28.txt"", ""input29.txt""]","[""input07.txt"", ""input15.txt"", ""input29.txt""]","[""input05.txt"", ""input08.txt"", ""input09.txt"", ""input12.txt"", ""input17.txt"", ""input19.txt"", ""input20.txt"", ""input21.txt"", ""input23.txt"", ""input25.txt"", ""input26.txt"", ""input28.txt""]",15.642022,0.521401,3.0
matei-si-diamantele,1314237250,user_0062,5.36,cpp,unknown,1378120312,0.0,0.921721,0.9286,0.369376,0.356797,0.012579,low,30,5,25,16.67,10,3,12,False,"[""input00.txt"", ""input01.txt"", ""input02.txt"", ""input03.txt"", ""input04.txt""]","[""input05.txt"", ""input06.txt"", ""input07.txt"", ""input08.txt"", ""input09.txt"", ""input10.txt"", ""input11.txt"", ""input12.txt"", ""input13.txt"", ""input14.txt"", ""input15.txt"", ""input16.txt"", ""input17.txt"", ""input18.txt"", ""input19.txt"", ""input20.txt"", ""input21.txt"", ""input22.txt"", ""input23.txt"", ""input24.txt"", ""input25.txt"", ""input26.txt"", ""input27.txt"", ""input28.txt"", ""input29.txt""]","[""input12.txt"", ""input26.txt"", ""input29.txt""]","[""input05.txt"", ""input07.txt"", ""input08.txt"", ""input09.txt"", ""input15.txt"", ""input17.txt"", ""input19.txt"", ""input20.txt"", ""input21.txt"", ""input23.txt"", ""input25.txt"", ""input28.txt""]",15.015395,0.500513,3.0
matei-si-diamantele,1314237283,user_0261,5.36,java,grid_scan,1314236118,0.643478,0.986717,0.9286,0.774962,0.0,0.774962,high,30,5,25,16.67,21,4,0,False,"[""input00.txt"", ""input01.txt"", ""input02.txt"", ""input03.txt"", ""input04.txt""]","[""input05.txt"", ""input06.txt"", ""input07.txt"", ""input08.txt"", ""input09.txt"", ""input10.txt"", ""input11.txt"", ""input12.txt"", ""input13.txt"", ""input14.txt"", ""input15.txt"", ""input16.txt"", ""input17.txt"", ""input18.txt"", ""input19.txt"", ""input20.txt"", ""input21.txt"", ""input22.txt"", ""input23.txt"", ""input24.txt"", ""input25.txt"", ""input26.txt"", ""input27.txt"", ""input28.txt"", ""input29.txt""]","[""input25.txt"", ""input26.txt"", ""input28.txt"", ""input29.txt""]",[],26.346645,0.878222,3.0
matei-si-diamantele,1314237335,user_0048,5.36,cpp,grid_scan,1378120312,0.272727,0.953792,0.9286,0.542634,0.357057,0.185576,medium,30,4,26,13.33,10,4,12,False,"[""input00.txt"", ""input01.txt"", ""input02.txt"", ""input04.txt""]","[""input03.txt"", ""input05.txt"", ""input06.txt"", ""input07.txt"", ""input08.txt"", ""input09.txt"", ""input10.txt"", ""input11.txt"", ""input12.txt"", ""input13.txt"", ""input14.txt"", ""input15.txt"", ""input16.txt"", ""input17.txt"", ""input18.txt"", ""input19.txt"", ""input20.txt"", ""input21.txt"", ""input22.txt"", ""input23.txt"", ""input24.txt"", ""input25.txt"", ""input26.txt"", ""input27.txt"", ""input28.txt"", ""input29.txt""]","[""input05.txt"", ""input12.txt"", ""input15.txt"", ""input23.txt""]","[""input07.txt"", ""input08.txt"", ""input09.txt"", ""input17.txt"", ""input19.txt"", ""input20.txt"", ""input21.txt"", ""input25.txt"", ""input26.txt"", ""input27.txt"", ""input28.txt"", ""input29.txt""]",31.348112,1.044937,3.0
matei-si-diamantele,1314237818,user_0139,5.36,java,grid_scan,1314236118,0.702929,0.928315,0.9286,0.793112,0.0,0.793112,high,30,5,25,16.67,25,0,0,False,"[""input00.txt"", ""input01.txt"", ""input02.txt"", ""input03.txt"", ""input29.txt""]","[""input04.txt"", ""input05.txt"", ""input06.txt"", ""input07.txt"", ""input08.txt"", ""input09.txt"", ""input10.txt"", ""input11.txt"", ""input12.txt"", ""input13.txt"", ""input14.txt"", ""input15.txt"", ""input16.txt"", ""input17.txt"", ""input18.txt"", ""input19.txt"", ""input20.txt"", ""input21.txt"", ""input22.txt"", ""input23.txt"", ""input24.txt"", ""input25.txt"", ""input26.txt"", ""input27.txt"", ""input28.txt""]",[],[],12.298089,0.409936,0.663469
matei-si-diamantele,1323404045,user_0228,5.36,java,grid_scan,1314236118,0.656371,0.869454,0.9286,0.747519,0.0,0.747519,high,30,5,25,16.67,20,5,0,False,"[""input00.txt"", ""input01.txt"", ""input02.txt"", ""input03.txt"", ""input04.txt""]","[""input05.txt"", ""input06.txt"", ""input07.txt"", ""input08.txt"", ""input09.txt"", ""input10.txt"", ""input11.txt"", ""input12.txt"", ""input13.txt"", ""input14.txt"", ""input15.txt"", ""input16.txt"", ""input17.txt"", ""input18.txt"", ""input19.txt"", ""input20.txt"", ""input21.txt"", ""input22.txt"", ""input23.txt"", ""input24.txt"", ""input25.txt"", ""input26.txt"", ""input27.txt"", ""input28.txt"", ""input29.txt""]","[""input25.txt"", ""input26.txt"", ""input27.txt"", ""input28.txt"", ""input29.txt""]",[],22.997514,0.766584,3.0
matei-si-diamantele,1323404065,user_0228,5.36,java,grid_scan,1314236118,0.555556,0.863273,0.9286,0.685175,0.0,0.685175,medium,30,5,25,16.67,20,5,0,False,"[""input00.txt"", ""input01.txt"", ""input02.txt"", ""input03.txt"", ""input04.txt""]","[""input05.txt"", ""input06.txt"", ""input07.txt"", ""input08.txt"", ""input09.txt"", ""input10.txt"", ""input11.txt"", ""input12.txt"", ""input13.txt"", ""input14.txt"", ""input15.txt"", ""input16.txt"", ""input17.txt"", ""input18.txt"", ""input19.txt"", ""input20.txt"", ""input21.txt"", ""input22.txt"", ""input23.txt"", ""input24.txt"", ""input25.txt"", ""input26.txt"", ""input27.txt"", ""input28.txt"", ""input29.txt""]","[""input25.txt"", ""input26.txt"", ""input27.txt"", ""input28.txt"", ""input29.txt""]",[],25.403426,0.846781,3.0
matei-si-diamantele,1323404825,user_0054,5.36,java,grid_scan,1314236118,0.656827,0.873738,0.9286,0.749077,0.0,0.749077,high,30,5,25,16.67,19,0,6,False,"[""input00.txt"", ""input01.txt"", ""input02.txt"", ""input03.txt"", ""input04.txt""]","[""input05.txt"", ""input06.txt"", ""input07.txt"", ""input08.txt"", ""input09.txt"", ""input10.txt"", ""input11.txt"", ""input12.txt"", ""input13.txt"", ""input14.txt"", ""input15.txt"", ""input16.txt"", ""input17.txt"", ""input18.txt"", ""input19.txt"", ""input20.txt"", ""input21.txt"", ""input22.txt"", ""input23.txt"", ""input24.txt"", ""input25.txt"", ""input26.txt"", ""input27.txt"", ""input28.txt"", ""input29.txt""]",[],"[""input07.txt"", ""input25.txt"", ""input26.txt"", ""input27.txt"", ""input28.txt"", ""input29.txt""]",12.832614,0.427754,0.74479
matei-si-diamantele,1323421310,user_0065,5.36,java,grid_scan,1314236118,0.7,0.915131,0.9286,0.787399,0.0,0.787399,high,30,5,25,16.67,20,5,0,False,"[""input00.txt"", ""input01.txt"", ""input02.txt"", ""input03.txt"", ""input04.txt""]","[""input05.txt"", ""input06.txt"", ""input07.txt"", ""input08.txt"", ""input09.txt"", ""input10.txt"", ""input11.txt"", ""input12.txt"", ""input13.txt"", ""input14.txt"", ""input15.txt"", ""input16.txt"", ""input17.txt"", ""input18.txt"", ""input19.txt"", ""input20.txt"", ""input21.txt"", ""input22.txt"", ""input23.txt"", ""input24.txt"", ""input25.txt"", ""input26.txt"", ""input27.txt"", ""input28.txt"", ""input29.txt""]","[""input25.txt"", ""input26.txt"", ""input27.txt"", ""input28.txt"", ""input29.txt""]",[],25.560835,0.852028,3.0
matei-si-diamantele,1323451826,user_0085,5.36,cpp,unknown,1314234411,0.282353,0.925126,0.1072,0.45767,0.363198,0.094471,low,30,5,25,16.67,4,2,19,False,"[""input00.txt"", ""input01.txt"", ""input02.txt"", ""input03.txt"", ""input04.txt""]","[""input05.txt"", ""input06.txt"", ""input07.txt"", ""input08.txt"", ""input09.txt"", ""input10.txt"", ""input11.txt"", ""input12.txt"", ""input13.txt"", ""input14.txt"", ""input15.txt"", ""input16.txt"", ""input17.txt"", ""input18.txt"", ""input19.txt"", ""input20.txt"", ""input21.txt"", ""input22.txt"", ""input23.txt"", ""input24.txt"", ""input25.txt"", ""input26.txt"", ""input27.txt"", ""input28.txt"", ""input29.txt""]","[""input12.txt"", ""input27.txt""]","[""input05.txt"", ""input07.txt"", ""input08.txt"", ""input09.txt"", ""input10.txt"", ""input13.txt"", ""input14.txt"", ""input15.txt"", ""input17.txt"", ""input19.txt"", ""input20.txt"", ""input21.txt"", ""input22.txt"", ""input23.txt"", ""input24.txt"", ""input25.txt"", ""input26.txt"", ""input28.txt"", ""input29.txt""]",20.002559,0.666752,3.0
matei-si-diamantele,1323452275,user_0085,5.36,cpp,unknown,1314234411,0.27907,0.855414,0.1072,0.434786,0.341897,0.092889,low,30,5,25,16.67,2,2,21,False,"[""input00.txt"", ""input01.txt"", ""input02.txt"", ""input03.txt"", ""input04.txt""]","[""input05.txt"", ""input06.txt"", ""input07.txt"", ""input08.txt"", ""input09.txt"", ""input10.txt"", ""input11.txt"", ""input12.txt"", ""input13.txt"", ""input14.txt"", ""input15.txt"", ""input16.txt"", ""input17.txt"", ""input18.txt"", ""input19.txt"", ""input20.txt"", ""input21.txt"", ""input22.txt"", ""input23.txt"", ""input24.txt"", ""input25.txt"", ""input26.txt"", ""input27.txt"", ""input28.txt"", ""input29.txt""]","[""input27.txt"", ""input28.txt""]","[""input05.txt"", ""input06.txt"", ""input07.txt"", ""input08.txt"", ""input09.txt"", ""input11.txt"", ""input12.txt"", ""input13.txt"", ""input14.txt"", ""input15.txt"", ""input16.txt"", ""input17.txt"", ""input19.txt"", ""input20.txt"", ""input21.txt"", ""input22.txt"", ""input23.txt"", ""input24.txt"", ""input25.txt"", ""input26.txt"", ""input29.txt""]",16.700224,0.556674,3.0
matei-si-diamantele,1323456288,user_0056,5.36,java,grid_scan,1314236118,0.563265,0.887605,0.9286,0.697101,0.0,0.697101,medium,30,5,25,16.67,25,0,0,False,"[""input00.txt"", ""input01.txt"", ""input02.txt"", ""input03.txt"", ""input04.txt""]","[""input05.txt"", ""input06.txt"", ""input07.txt"", ""input08.txt"", ""input09.txt"", ""input10.txt"", ""input11.txt"", ""input12.txt"", ""input13.txt"", ""input14.txt"", ""input15.txt"", ""input16.txt"", ""input17.txt"", ""input18.txt"", ""input19.txt"", ""input20.txt"", ""input21.txt"", ""input22.txt"", ""input23.txt"", ""input24.txt"", ""input25.txt"", ""input26.txt"", ""input27.txt"", ""input28.txt"", ""input29.txt""]",[],[],37.269894,1.24233,2.104134
matei-si-diamantele,1323456385,user_0056,5.36,java,grid_scan,1314236118,0.577406,0.886523,0.9286,0.705261,0.0,0.705261,high,30,5,25,16.67,25,0,0,False,"[""input00.txt"", ""input01.txt"", ""input02.txt"", ""input03.txt"", ""input04.txt""]","[""input05.txt"", ""input06.txt"", ""input07.txt"", ""input08.txt"", ""input09.txt"", ""input10.txt"", ""input11.txt"", ""input12.txt"", ""input13.txt"", ""input14.txt"", ""input15.txt"", ""input16.txt"", ""input17.txt"", ""input18.txt"", ""input19.txt"", ""input20.txt"", ""input21.txt"", ""input22.txt"", ""input23.txt"", ""input24.txt"", ""input25.txt"", ""input26.txt"", ""input27.txt"", ""input28.txt"", ""input29.txt""]",[],[],38.301375,1.276713,2.343848
matei-si-diamantele,1332386790,user_0079,5.36,cpp,unknown,1378120312,0.0,0.944148,0.9286,0.376104,0.371645,0.00446,low,30,5,25,16.67,9,7,9,False,"[""input00.txt"", ""input01.txt"", ""input02.txt"", ""input03.txt"", ""input04.txt""]","[""input05.txt"", ""input06.txt"", ""input07.txt"", ""input08.txt"", ""input09.txt"", ""input10.txt"", ""input11.txt"", ""input12.txt"", ""input13.txt"", ""input14.txt"", ""input15.txt"", ""input16.txt"", ""input17.txt"", ""input18.txt"", ""input19.txt"", ""input20.txt"", ""input21.txt"", ""input22.txt"", ""input23.txt"", ""input24.txt"", ""input25.txt"", ""input26.txt"", ""input27.txt"", ""input28.txt"", ""input29.txt""]","[""input07.txt"", ""input08.txt"", ""input15.txt"", ""input17.txt"", ""input19.txt"", ""input27.txt"", ""input29.txt""]","[""input05.txt"", ""input09.txt"", ""input12.txt"", ""input20.txt"", ""input21.txt"", ""input23.txt"", ""input25.txt"", ""input26.txt"", ""input28.txt""]",38.478842,1.282628,3.0
matei-si-diamantele,1332673234,user_0068,5.36,java,grid_scan,1314236118,0.664032,0.905966,0.9286,0.763069,0.0,0.763069,high,30,5,25,16.67,14,0,11,False,"[""input00.txt"", ""input01.txt"", ""input02.txt"", ""input03.txt"", ""input04.txt""]","[""input05.txt"", ""input06.txt"", ""input07.txt"", ""input08.txt"", ""input09.txt"", ""input10.txt"", ""input11.txt"", ""input12.txt"", ""input13.txt"", ""input14.txt"", ""input15.txt"", ""input16.txt"", ""input17.txt"", ""input18.txt"", ""input19.txt"", ""input20.txt"", ""input21.txt"", ""input22.txt"", ""input23.txt"", ""input24.txt"", ""input25.txt"", ""input26.txt"", ""input27.txt"", ""input28.txt"", ""input29.txt""]",[],"[""input06.txt"", ""input07.txt"", ""input09.txt"", ""input13.txt"", ""input14.txt"", ""input15.txt"", ""input25.txt"", ""input26.txt"", ""input27.txt"", ""input28.txt"", ""input29.txt""]",12.365275,0.412176,0.614541
matei-si-diamantele,1344626582,user_0043,5.36,java,grid_scan,1314236118,0.616667,0.821994,0.9286,0.709458,0.0,0.709458,high,30,5,25,16.67,19,0,6,False,"[""input00.txt"", ""input01.txt"", ""input02.txt"", ""input03.txt"", ""input15.txt""]","[""input04.txt"", ""input05.txt"", ""input06.txt"", ""input07.txt"", ""input08.txt"", ""input09.txt"", ""input10.txt"", ""input11.txt"", ""input12.txt"", ""input13.txt"", ""input14.txt"", ""input16.txt"", ""input17.txt"", ""input18.txt"", ""input19.txt"", ""input20.txt"", ""input21.txt"", ""input22.txt"", ""input23.txt"", ""input24.txt"", ""input25.txt"", ""input26.txt"", ""input27.txt"", ""input28.txt"", ""input29.txt""]",[],"[""input07.txt"", ""input25.txt"", ""input26.txt"", ""input27.txt"", ""input28.txt"", ""input29.txt""]",11.411085,0.380369,0.646997
matei-si-diamantele,1344635640,user_0010,5.36,cpp,grid_scan,1378120312,0.285714,0.923206,0.9286,0.54125,0.407387,0.133864,medium,30,0,30,0.0,0,6,24,False,[],"[""input00.txt"", ""input01.txt"", ""input02.txt"", ""input03.txt"", ""input04.txt"", ""input05.txt"", ""input06.txt"", ""input07.txt"", ""input08.txt"", ""input09.txt"", ""input10.txt"", ""input11.txt"", ""input12.txt"", ""input13.txt"", ""input14.txt"", ""input15.txt"", ""input16.txt"", ""input17.txt"", ""input18.txt"", ""input19.txt"", ""input20.txt"", ""input21.txt"", ""input22.txt"", ""input23.txt"", ""input24.txt"", ""input25.txt"", ""input26.txt"", ""input27.txt"", ""input28.txt"", ""input29.txt""]","[""input00.txt"", ""input01.txt"", ""input02.txt"", ""input11.txt"", ""input19.txt"", ""input20.txt""]","[""input03.txt"", ""input04.txt"", ""input05.txt"", ""input06.txt"", ""input07.txt"", ""input08.txt"", ""input09.txt"", ""input10.txt"", ""input12.txt"", ""input13.txt"", ""input14.txt"", ""input15.txt"", ""input16.txt"", ""input17.txt"", ""input18.txt"", ""input21.txt"", ""input22.txt"", ""input23.txt"", ""input24.txt"", ""input25.txt"", ""input26.txt"", ""input27.txt"", ""input28.txt"", ""input29.txt""]",22.764328,0.758811,3.0
matei-si-diamantele,1344637288,user_0009,5.36,cpp,grid_scan,1378120312,0.3,0.936169,0.9286,0.553711,0.412061,0.14165,medium,30,0,30,0.0,0,1,29,False,[],"[""input00.txt"", ""input01.txt"", ""input02.txt"", ""input03.txt"", ""input04.txt"", ""input05.txt"", ""input06.txt"", ""input07.txt"", ""input08.txt"", ""input09.txt"", ""input10.txt"", ""input11.txt"", ""input12.txt"", ""input13.txt"", ""input14.txt"", ""input15.txt"", ""input16.txt"", ""input17.txt"", ""input18.txt"", ""input19.txt"", ""input20.txt"", ""input21.txt"", ""input22.txt"", ""input23.txt"", ""input24.txt"", ""input25.txt"", ""input26.txt"", ""input27.txt"", ""input28.txt"", ""input29.txt""]","[""input25.txt""]","[""input00.txt"", ""input01.txt"", ""input02.txt"", ""input03.txt"", ""input04.txt"", ""input05.txt"", ""input06.txt"", ""input07.txt"", ""input08.txt"", ""input09.txt"", ""input10.txt"", ""input11.txt"", ""input12.txt"", ""input13.txt"", ""input14.txt"", ""input15.txt"", ""input16.txt"", ""input17.txt"", ""input18.txt"", ""input19.txt"", ""input20.txt"", ""input21.txt"", ""input22.txt"", ""input23.txt"", ""input24.txt"", ""input26.txt"", ""input27.txt"", ""input28.txt"", ""input29.txt""]",8.84391,0.294797,3.0
matei-si-diamantele,1344637296,user_0009,5.36,cpp,grid_scan,1378120312,0.282353,0.923487,0.9286,0.539318,0.406748,0.13257,medium,30,0,30,0.0,0,1,29,False,[],"[""input00.txt"", ""input01.txt"", ""input02.txt"", ""input03.txt"", ""input04.txt"", ""input05.txt"", ""input06.txt"", ""input07.txt"", ""input08.txt"", ""input09.txt"", ""input10.txt"", ""input11.txt"", ""input12.txt"", ""input13.txt"", ""input14.txt"", ""input15.txt"", ""input16.txt"", ""input17.txt"", ""input18.txt"", ""input19.txt"", ""input20.txt"", ""input21.txt"", ""input22.txt"", ""input23.txt"", ""input24.txt"", ""input25.txt"", ""input26.txt"", ""input27.txt"", ""input28.txt"", ""input29.txt""]","[""input10.txt""]","[""input00.txt"", ""input01.txt"", ""input02.txt"", ""input03.txt"", ""input04.txt"", ""input05.txt"", ""input06.txt"", ""input07.txt"", ""input08.txt"", ""input09.txt"", ""input11.txt"", ""input12.txt"", ""input13.txt"", ""input14.txt"", ""input15.txt"", ""input16.txt"", ""input17.txt"", ""input18.txt"", ""input19.txt"", ""input20.txt"", ""input21.txt"", ""input22.txt"", ""input23.txt"", ""input24.txt"", ""input25.txt"", ""input26.txt"", ""input27.txt"", ""input28.txt"", ""input29.txt""]",9.696396,0.323213,3.0
matei-si-diamantele,1344667444,user_0070,5.36,cpp,unknown,1333751390,0.0,0.947554,0.9286,0.377126,0.359423,0.017703,low,30,5,25,16.67,21,4,0,False,"[""input00.txt"", ""input01.txt"", ""input02.txt"", ""input03.txt"", ""input04.txt""]","[""input05.txt"", ""input06.txt"", ""input07.txt"", ""input08.txt"", ""input09.txt"", ""input10.txt"", ""input11.txt"", ""input12.txt"", ""input13.txt"", ""input14.txt"", ""input15.txt"", ""input16.txt"", ""input17.txt"", ""input18.txt"", ""input19.txt"", ""input20.txt"", ""input21.txt"", ""input22.txt"", ""input23.txt"", ""input24.txt"", ""input25.txt"", ""input26.txt"", ""input27.txt"", ""input28.txt"", ""input29.txt""]","[""input12.txt"", ""input20.txt"", ""input21.txt"", ""input23.txt""]",[],51.910512,1.73035,3.0
matei-si-diamantele,1378112393,user_0213,5.36,java,grid_scan,1314236118,0.713115,0.918086,0.9286,0.796155,0.0,0.796155,high,30,5,25,16.67,5,14,6,False,"[""input00.txt"", ""input01.txt"", ""input02.txt"", ""input03.txt"", ""input04.txt""]","[""input05.txt"", ""input06.txt"", ""input07.txt"", ""input08.txt"", ""input09.txt"", ""input10.txt"", ""input11.txt"", ""input12.txt"", ""input13.txt"", ""input14.txt"", ""input15.txt"", ""input16.txt"", ""input17.txt"", ""input18.txt"", ""input19.txt"", ""input20.txt"", ""input21.txt"", ""input22.txt"", ""input23.txt"", ""input24.txt"", ""input25.txt"", ""input26.txt"", ""input27.txt"", ""input28.txt"", ""input29.txt""]","[""input05.txt"", ""input07.txt"", ""input08.txt"", ""input09.txt"", ""input10.txt"", ""input12.txt"", ""input13.txt"", ""input14.txt"", ""input16.txt"", ""input17.txt"", ""input19.txt"", ""input20.txt"", ""input23.txt"", ""input24.txt""]","[""input18.txt"", ""input25.txt"", ""input26.txt"", ""input27.txt"", ""input28.txt"", ""input29.txt""]",47.721013,1.5907,3.0
matei-si-diamantele,1378146502,user_0208,5.36,java,grid_scan,1314236118,0.604317,0.91134,0.9286,0.728852,0.0,0.728852,high,30,5,25,16.67,20,4,1,False,"[""input00.txt"", ""input01.txt"", ""input02.txt"", ""input03.txt"", ""input04.txt""]","[""input05.txt"", ""input06.txt"", ""input07.txt"", ""input08.txt"", ""input09.txt"", ""input10.txt"", ""input11.txt"", ""input12.txt"", ""input13.txt"", ""input14.txt"", ""input15.txt"", ""input16.txt"", ""input17.txt"", ""input18.txt"", ""input19.txt"", ""input20.txt"", ""input21.txt"", ""input22.txt"", ""input23.txt"", ""input24.txt"", ""input25.txt"", ""input26.txt"", ""input27.txt"", ""input28.txt"", ""input29.txt""]","[""input25.txt"", ""input26.txt"", ""input28.txt"", ""input29.txt""]","[""input07.txt""]",31.814199,1.060473,3.0
matei-si-diamantele,1391824959,user_0162,5.36,cpp,grid_scan,1378120312,0.361446,0.905486,0.9286,0.581373,0.350639,0.230734,medium,30,4,26,13.33,1,25,0,False,"[""input00.txt"", ""input01.txt"", ""input02.txt"", ""input03.txt""]","[""input04.txt"", ""input05.txt"", ""input06.txt"", ""input07.txt"", ""input08.txt"", ""input09.txt"", ""input10.txt"", ""input11.txt"", ""input12.txt"", ""input13.txt"", ""input14.txt"", ""input15.txt"", ""input16.txt"", ""input17.txt"", ""input18.txt"", ""input19.txt"", ""input20.txt"", ""input21.txt"", ""input22.txt"", ""input23.txt"", ""input24.txt"", ""input25.txt"", ""input26.txt"", ""input27.txt"", ""input28.txt"", ""input29.txt""]","[""input05.txt"", ""input06.txt"", ""input07.txt"", ""input08.txt"", ""input09.txt"", ""input10.txt"", ""input11.txt"", ""input12.txt"", ""input13.txt"", ""input14.txt"", ""input15.txt"", ""input16.txt"", ""input17.txt"", ""input18.txt"", ""input19.txt"", ""input20.txt"", ""input21.txt"", ""input22.txt"", ""input23.txt"", ""input24.txt"", ""input25.txt"", ""input26.txt"", ""input27.txt"", ""input28.txt"", ""input29.txt""]",[],75.437107,2.51457,3.0
matei-si-diamantele,1391962165,user_0272,5.36,c,unknown,,0.0,0.0,0.0,0.0,0.0,0.0,no_reference,0,0,0,0.0,0,0,0,True,[],[],[],[],0.0,0.0,0.0
matei-si-diamantele,1391962226,user_0272,5.36,c,unknown,,0.0,0.0,0.0,0.0,0.0,0.0,no_reference,0,0,0,0.0,0,0,0,True,[],[],[],[],0.0,0.0,0.0
matei-si-diamantele,1408569415,user_0249,5.36,cpp,unknown,1378117542,0.231884,0.896777,0.1072,0.418883,0.351146,0.067738,low,30,4,26,13.33,26,0,0,False,"[""input00.txt"", ""input02.txt"", ""input03.txt"", ""input04.txt""]","[""input01.txt"", ""input05.txt"", ""input06.txt"", ""input07.txt"", ""input08.txt"", ""input09.txt"", ""input10.txt"", ""input11.txt"", ""input12.txt"", ""input13.txt"", ""input14.txt"", ""input15.txt"", ""input16.txt"", ""input17.txt"", ""input18.txt"", ""input19.txt"", ""input20.txt"", ""input21.txt"", ""input22.txt"", ""input23.txt"", ""input24.txt"", ""input25.txt"", ""input26.txt"", ""input27.txt"", ""input28.txt"", ""input29.txt""]",[],[],6.222438,0.207415,0.347398
matei-si-diamantele,1314235222,user_0182,7.14,java,grid_scan,1314236118,0.565217,0.900739,0.893,0.698652,0.0,0.698652,medium,30,6,24,20.0,24,0,0,False,"[""input00.txt"", ""input01.txt"", ""input02.txt"", ""input04.txt"", ""input13.txt"", ""input21.txt""]","[""input03.txt"", ""input05.txt"", ""input06.txt"", ""input07.txt"", ""input08.txt"", ""input09.txt"", ""input10.txt"", ""input11.txt"", ""input12.txt"", ""input14.txt"", ""input15.txt"", ""input16.txt"", ""input17.txt"", ""input18.txt"", ""input19.txt"", ""input20.txt"", ""input22.txt"", ""input23.txt"", ""input24.txt"", ""input25.txt"", ""input26.txt"", ""input27.txt"", ""input28.txt"", ""input29.txt""]",[],[],12.127534,0.404251,0.706688
matei-si-diamantele,1314235422,user_0182,7.14,java,grid_scan,1314236118,0.494297,0.893759,0.893,0.654006,0.0,0.654006,medium,30,6,24,20.0,19,0,5,False,"[""input00.txt"", ""input01.txt"", ""input02.txt"", ""input04.txt"", ""input13.txt"", ""input21.txt""]","[""input03.txt"", ""input05.txt"", ""input06.txt"", ""input07.txt"", ""input08.txt"", ""input09.txt"", ""input10.txt"", ""input11.txt"", ""input12.txt"", ""input14.txt"", ""input15.txt"", ""input16.txt"", ""input17.txt"", ""input18.txt"", ""input19.txt"", ""input20.txt"", ""input22.txt"", ""input23.txt"", ""input24.txt"", ""input25.txt"", ""input26.txt"", ""input27.txt"", ""input28.txt"", ""input29.txt""]",[],"[""input25.txt"", ""input26.txt"", ""input27.txt"", ""input28.txt"", ""input29.txt""]",14.823469,0.494116,0.870116
matei-si-diamantele,1314236744,user_0246,7.14,cpp,unknown,1378120312,0.0,0.932407,0.893,0.369022,0.354418,0.014604,low,30,5,25,16.67,0,2,23,False,"[""input00.txt"", ""input01.txt"", ""input02.txt"", ""input03.txt"", ""input04.txt""]","[""input05.txt"", ""input06.txt"", ""input07.txt"", ""input08.txt"", ""input09.txt"", ""input10.txt"", ""input11.txt"", ""input12.txt"", ""input13.txt"", ""input14.txt"", ""input15.txt"", ""input16.txt"", ""input17.txt"", ""input18.txt"", ""input19.txt"", ""input20.txt"", ""input21.txt"", ""input22.txt"", ""input23.txt"", ""input24.txt"", ""input25.txt"", ""input26.txt"", ""input27.txt"", ""input28.txt"", ""input29.txt""]","[""input18.txt"", ""input19.txt""]","[""input05.txt"", ""input06.txt"", ""input07.txt"", ""input08.txt"", ""input09.txt"", ""input10.txt"", ""input11.txt"", ""input12.txt"", ""input13.txt"", ""input14.txt"", ""input15.txt"", ""input16.txt"", ""input17.txt"", ""input20.txt"", ""input21.txt"", ""input22.txt"", ""input23.txt"", ""input24.txt"", ""input25.txt"", ""input26.txt"", ""input27.txt"", ""input28.txt"", ""input29.txt""]",11.737809,0.39126,3.0
matei-si-diamantele,1314236884,user_0246,7.14,cpp,unknown,1378120312,0.0,0.932112,0.893,0.368933,0.352884,0.016049,low,30,5,25,16.67,0,3,22,False,"[""input00.txt"", ""input01.txt"", ""input02.txt"", ""input03.txt"", ""input04.txt""]","[""input05.txt"", ""input06.txt"", ""input07.txt"", ""input08.txt"", ""input09.txt"", ""input10.txt"", ""input11.txt"", ""input12.txt"", ""input13.txt"", ""input14.txt"", ""input15.txt"", ""input16.txt"", ""input17.txt"", ""input18.txt"", ""input19.txt"", ""input20.txt"", ""input21.txt"", ""input22.txt"", ""input23.txt"", ""input24.txt"", ""input25.txt"", ""input26.txt"", ""input27.txt"", ""input28.txt"", ""input29.txt""]","[""input05.txt"", ""input23.txt"", ""input27.txt""]","[""input06.txt"", ""input07.txt"", ""input08.txt"", ""input09.txt"", ""input10.txt"", ""input11.txt"", ""input12.txt"", ""input13.txt"", ""input14.txt"", ""input15.txt"", ""input16.txt"", ""input17.txt"", ""input18.txt"", ""input19.txt"", ""input20.txt"", ""input21.txt"", ""input22.txt"", ""input24.txt"", ""input25.txt"", ""input26.txt"", ""input28.txt"", ""input29.txt""]",14.325865,0.477529,3.0
matei-si-diamantele,1323400210,user_0039,7.14,java,unknown,1314236118,0.0,0.895357,0.893,0.357907,0.0,0.357907,low,0,0,0,0.0,0,0,0,True,[],[],[],[],0.0,0.0,0.0
matei-si-diamantele,1323404864,user_0054,7.14,java,grid_scan,1314236118,0.656827,0.873738,0.893,0.745517,0.0,0.745517,high,30,6,24,20.0,21,0,3,False,"[""input00.txt"", ""input01.txt"", ""input02.txt"", ""input03.txt"", ""input04.txt"", ""input21.txt""]","[""input05.txt"", ""input06.txt"", ""input07.txt"", ""input08.txt"", ""input09.txt"", ""input10.txt"", ""input11.txt"", ""input12.txt"", ""input13.txt"", ""input14.txt"", ""input15.txt"", ""input16.txt"", ""input17.txt"", ""input18.txt"", ""input19.txt"", ""input20.txt"", ""input22.txt"", ""input23.txt"", ""input24.txt"", ""input25.txt"", ""input26.txt"", ""input27.txt"", ""input28.txt"", ""input29.txt""]",[],"[""input07.txt"", ""input26.txt"", ""input27.txt""]",13.138397,0.437947,0.814507
matei-si-diamantele,1323420938,user_0093,7.14,cpp,unknown,1333751390,0.0,0.951274,0.893,0.374682,0.352869,0.021813,low,30,5,25,16.67,11,13,1,False,"[""input00.txt"", ""input01.txt"", ""input02.txt"", ""input04.txt"", ""input28.txt""]","[""input03.txt"", ""input05.txt"", ""input06.txt"", ""input07.txt"", ""input08.txt"", ""input09.txt"", ""input10.txt"", ""input11.txt"", ""input12.txt"", ""input13.txt"", ""input14.txt"", ""input15.txt"", ""input16.txt"", ""input17.txt"", ""input18.txt"", ""input19.txt"", ""input20.txt"", ""input21.txt"", ""input22.txt"", ""input23.txt"", ""input24.txt"", ""input25.txt"", ""input26.txt"", ""input27.txt"", ""input29.txt""]","[""input06.txt"", ""input09.txt"", ""input12.txt"", ""input15.txt"", ""input16.txt"", ""input19.txt"", ""input20.txt"", ""input21.txt"", ""input23.txt"", ""input24.txt"", ""input25.txt"", ""input26.txt"", ""input29.txt""]","[""input27.txt""]",63.851342,2.128378,3.0
matei-si-diamantele,1323421018,user_0093,7.14,cpp,unknown,1333751390,0.0,0.951274,0.893,0.374682,0.352869,0.021813,low,30,4,26,13.33,11,11,4,False,"[""input00.txt"", ""input01.txt"", ""input02.txt"", ""input04.txt""]","[""input03.txt"", ""input05.txt"", ""input06.txt"", ""input07.txt"", ""input08.txt"", ""input09.txt"", ""input10.txt"", ""input11.txt"", ""input12.txt"", ""input13.txt"", ""input14.txt"", ""input15.txt"", ""input16.txt"", ""input17.txt"", ""input18.txt"", ""input19.txt"", ""input20.txt"", ""input21.txt"", ""input22.txt"", ""input23.txt"", ""input24.txt"", ""input25.txt"", ""input26.txt"", ""input27.txt"", ""input28.txt"", ""input29.txt""]","[""input06.txt"", ""input09.txt"", ""input12.txt"", ""input20.txt"", ""input21.txt"", ""input23.txt"", ""input24.txt"", ""input25.txt"", ""input26.txt"", ""input28.txt"", ""input29.txt""]","[""input15.txt"", ""input16.txt"", ""input19.txt"", ""input27.txt""]",63.215811,2.107194,3.0
matei-si-diamantele,1332609417,user_0260,7.14,cpp,unknown,1378120312,0.0,0.885483,0.893,0.354945,0.343669,0.011276,low,30,7,23,23.33,0,22,1,False,"[""input00.txt"", ""input01.txt"", ""input02.txt"", ""input03.txt"", ""input04.txt"", ""input15.txt"", ""input22.txt""]","[""input05.txt"", ""input06.txt"", ""input07.txt"", ""input08.txt"", ""input09.txt"", ""input10.txt"", ""input11.txt"", ""input12.txt"", ""input13.txt"", ""input14.txt"", ""input16.txt"", ""input17.txt"", ""input18.txt"", ""input19.txt"", ""input20.txt"", ""input21.txt"", ""input23.txt"", ""input24.txt"", ""input25.txt"", ""input26.txt"", ""input27.txt"", ""input28.txt"", ""input29.txt""]","[""input05.txt"", ""input06.txt"", ""input07.txt"", ""input08.txt"", ""input09.txt"", ""input10.txt"", ""input11.txt"", ""input12.txt"", ""input13.txt"", ""input14.txt"", ""input16.txt"", ""input17.txt"", ""input18.txt"", ""input19.txt"", ""input20.txt"", ""input21.txt"", ""input23.txt"", ""input24.txt"", ""input25.txt"", ""input26.txt"", ""input28.txt"", ""input29.txt""]","[""input27.txt""]",74.182949,2.472765,3.0
matei-si-diamantele,1332615765,user_0032,7.14,java,grid_scan,1314236118,0.760181,0.965136,0.893,0.834949,0.0,0.834949,high,30,6,24,20.0,23,0,1,False,"[""input00.txt"", ""input01.txt"", ""input02.txt"", ""input04.txt"", ""input07.txt"", ""input21.txt""]","[""input03.txt"", ""input05.txt"", ""input06.txt"", ""input08.txt"", ""input09.txt"", ""input10.txt"", ""input11.txt"", ""input12.txt"", ""input13.txt"", ""input14.txt"", ""input15.txt"", ""input16.txt"", ""input17.txt"", ""input18.txt"", ""input19.txt"", ""input20.txt"", ""input22.txt"", ""input23.txt"", ""input24.txt"", ""input25.txt"", ""input26.txt"", ""input27.txt"", ""input28.txt"", ""input29.txt""]",[],"[""input13.txt""]",13.80615,0.460205,0.707678
matei-si-diamantele,1332763523,user_0107,7.14,cpp,grid_scan,1378120312,0.375,0.987804,0.893,0.610641,0.440705,0.169936,medium,30,5,25,16.67,0,25,0,False,"[""input00.txt"", ""input01.txt"", ""input02.txt"", ""input03.txt"", ""input04.txt""]","[""input05.txt"", ""input06.txt"", ""input07.txt"", ""input08.txt"", ""input09.txt"", ""input10.txt"", ""input11.txt"", ""input12.txt"", ""input13.txt"", ""input14.txt"", ""input15.txt"", ""input16.txt"", ""input17.txt"", ""input18.txt"", ""input19.txt"", ""input20.txt"", ""input21.txt"", ""input22.txt"", ""input23.txt"", ""input24.txt"", ""input25.txt"", ""input26.txt"", ""input27.txt"", ""input28.txt"", ""input29.txt""]","[""input05.txt"", ""input06.txt"", ""input07.txt"", ""input08.txt"", ""input09.txt"", ""input10.txt"", ""input11.txt"", ""input12.txt"", ""input13.txt"", ""input14.txt"", ""input15.txt"", ""input16.txt"", ""input17.txt"", ""input18.txt"", ""input19.txt"", ""input20.txt"", ""input21.txt"", ""input22.txt"", ""input23.txt"", ""input24.txt"", ""input25.txt"", ""input26.txt"", ""input27.txt"", ""input28.txt"", ""input29.txt""]",[],75.678852,2.522628,3.0
matei-si-diamantele,1332763863,user_0117,7.14,java,grid_scan,1314236118,0.708861,0.926962,0.893,0.792705,0.0,0.792705,high,30,6,24,20.0,24,0,0,False,"[""input00.txt"", ""input01.txt"", ""input02.txt"", ""input07.txt"", ""input13.txt"", ""input21.txt""]","[""input03.txt"", ""input04.txt"", ""input05.txt"", ""input06.txt"", ""input08.txt"", ""input09.txt"", ""input10.txt"", ""input11.txt"", ""input12.txt"", ""input14.txt"", ""input15.txt"", ""input16.txt"", ""input17.txt"", ""input18.txt"", ""input19.txt"", ""input20.txt"", ""input22.txt"", ""input23.txt"", ""input24.txt"", ""input25.txt"", ""input26.txt"", ""input27.txt"", ""input28.txt"", ""input29.txt""]",[],[],14.6949,0.48983,0.734285
matei-si-diamantele,1391941229,user_0164,7.14,cpp,grid_scan,1378120312,0.386364,0.987678,0.893,0.617422,0.36545,0.251971,medium,30,5,25,16.67,14,11,0,False,"[""input00.txt"", ""input01.txt"", ""input02.txt"", ""input04.txt"", ""input13.txt""]","[""input03.txt"", ""input05.txt"", ""input06.txt"", ""input07.txt"", ""input08.txt"", ""input09.txt"", ""input10.txt"", ""input11.txt"", ""input12.txt"", ""input14.txt"", ""input15.txt"", ""input16.txt"", ""input17.txt"", ""input18.txt"", ""input19.txt"", ""input20.txt"", ""input21.txt"", ""input22.txt"", ""input23.txt"", ""input24.txt"", ""input25.txt"", ""input26.txt"", ""input27.txt"", ""input28.txt"", ""input29.txt""]","[""input05.txt"", ""input08.txt"", ""input12.txt"", ""input20.txt"", ""input21.txt"", ""input23.txt"", ""input25.txt"", ""input26.txt"", ""input27.txt"", ""input28.txt"", ""input29.txt""]",[],61.940563,2.064685,3.0
matei-si-diamantele,1314234797,user_0116,8.93,java,grid_scan,1314236118,0.603774,0.976247,0.8572,0.740858,0.0,0.740858,high,30,7,23,23.33,23,0,0,False,"[""input00.txt"", ""input01.txt"", ""input25.txt"", ""input26.txt"", ""input27.txt"", ""input28.txt"", ""input29.txt""]","[""input02.txt"", ""input03.txt"", ""input04.txt"", ""input05.txt"", ""input06.txt"", ""input07.txt"", ""input08.txt"", ""input09.txt"", ""input10.txt"", ""input11.txt"", ""input12.txt"", ""input13.txt"", ""input14.txt"", ""input15.txt"", ""input16.txt"", ""input17.txt"", ""input18.txt"", ""input19.txt"", ""input20.txt"", ""input21.txt"", ""input22.txt"", ""input23.txt"", ""input24.txt""]",[],[],12.451961,0.415065,0.761265
matei-si-diamantele,1314234838,user_0105,8.93,java,grid_scan,1314236118,0.473868,0.84169,0.8572,0.622548,0.0,0.622548,medium,30,7,23,23.33,18,0,5,False,"[""input00.txt"", ""input01.txt"", ""input02.txt"", ""input03.txt"", ""input08.txt"", ""input14.txt"", ""input21.txt""]","[""input04.txt"", ""input05.txt"", ""input06.txt"", ""input07.txt"", ""input09.txt"", ""input10.txt"", ""input11.txt"", ""input12.txt"", ""input13.txt"", ""input15.txt"", ""input16.txt"", ""input17.txt"", ""input18.txt"", ""input19.txt"", ""input20.txt"", ""input22.txt"", ""input23.txt"", ""input24.txt"", ""input25.txt"", ""input26.txt"", ""input27.txt"", ""input28.txt"", ""input29.txt""]",[],"[""input25.txt"", ""input26.txt"", ""input27.txt"", ""input28.txt"", ""input29.txt""]",13.664915,0.455497,0.728199
matei-si-diamantele,1314234943,user_0105,8.93,java,grid_scan,1314236118,0.480565,0.852818,0.8572,0.629905,0.0,0.629905,medium,30,7,23,23.33,18,0,5,False,"[""input00.txt"", ""input01.txt"", ""input02.txt"", ""input03.txt"", ""input08.txt"", ""input14.txt"", ""input21.txt""]","[""input04.txt"", ""input05.txt"", ""input06.txt"", ""input07.txt"", ""input09.txt"", ""input10.txt"", ""input11.txt"", ""input12.txt"", ""input13.txt"", ""input15.txt"", ""input16.txt"", ""input17.txt"", ""input18.txt"", ""input19.txt"", ""input20.txt"", ""input22.txt"", ""input23.txt"", ""input24.txt"", ""input25.txt"", ""input26.txt"", ""input27.txt"", ""input28.txt"", ""input29.txt""]",[],"[""input25.txt"", ""input26.txt"", ""input27.txt"", ""input28.txt"", ""input29.txt""]",21.037864,0.701262,2.008046
matei-si-diamantele,1314235004,user_0116,8.93,java,grid_scan,1314236118,0.599251,0.974071,0.8572,0.737492,0.0,0.737492,high,30,7,23,23.33,23,0,0,False,"[""input00.txt"", ""input01.txt"", ""input25.txt"", ""input26.txt"", ""input27.txt"", ""input28.txt"", ""input29.txt""]","[""input02.txt"", ""input03.txt"", ""input04.txt"", ""input05.txt"", ""input06.txt"", ""input07.txt"", ""input08.txt"", ""input09.txt"", ""input10.txt"", ""input11.txt"", ""input12.txt"", ""input13.txt"", ""input14.txt"", ""input15.txt"", ""input16.txt"", ""input17.txt"", ""input18.txt"", ""input19.txt"", ""input20.txt"", ""input21.txt"", ""input22.txt"", ""input23.txt"", ""input24.txt""]",[],[],28.724705,0.95749,2.211529
matei-si-diamantele,1314235226,user_0040,8.93,java,grid_scan,1314236118,0.590717,0.880855,0.8572,0.704407,0.0,0.704407,high,30,7,23,23.33,18,0,5,False,"[""input00.txt"", ""input01.txt"", ""input02.txt"", ""input04.txt"", ""input13.txt"", ""input15.txt"", ""input21.txt""]","[""input03.txt"", ""input05.txt"", ""input06.txt"", ""input07.txt"", ""input08.txt"", ""input09.txt"", ""input10.txt"", ""input11.txt"", ""input12.txt"", ""input14.txt"", ""input16.txt"", ""input17.txt"", ""input18.txt"", ""input19.txt"", ""input20.txt"", ""input22.txt"", ""input23.txt"", ""input24.txt"", ""input25.txt"", ""input26.txt"", ""input27.txt"", ""input28.txt"", ""input29.txt""]",[],"[""input25.txt"", ""input26.txt"", ""input27.txt"", ""input28.txt"", ""input29.txt""]",13.52877,0.450959,0.769868
matei-si-diamantele,1314235693,user_0116,8.93,java,grid_scan,1314236118,0.601504,0.977132,0.8572,0.739762,0.0,0.739762,high,30,7,23,23.33,23,0,0,False,"[""input00.txt"", ""input01.txt"", ""input25.txt"", ""input26.txt"", ""input27.txt"", ""input28.txt"", ""input29.txt""]","[""input02.txt"", ""input03.txt"", ""input04.txt"", ""input05.txt"", ""input06.txt"", ""input07.txt"", ""input08.txt"", ""input09.txt"", ""input10.txt"", ""input11.txt"", ""input12.txt"", ""input13.txt"", ""input14.txt"", ""input15.txt"", ""input16.txt"", ""input17.txt"", ""input18.txt"", ""input19.txt"", ""input20.txt"", ""input21.txt"", ""input22.txt"", ""input23.txt"", ""input24.txt""]",[],[],18.709792,0.62366,1.181221
matei-si-diamantele,1314237848,user_0019,8.93,java,grid_scan,1314236118,0.680328,0.920332,0.8572,0.770016,0.0,0.770016,high,30,7,23,23.33,3,14,6,False,"[""input00.txt"", ""input01.txt"", ""input02.txt"", ""input03.txt"", ""input11.txt"", ""input21.txt"", ""input22.txt""]","[""input04.txt"", ""input05.txt"", ""input06.txt"", ""input07.txt"", ""input08.txt"", ""input09.txt"", ""input10.txt"", ""input12.txt"", ""input13.txt"", ""input14.txt"", ""input15.txt"", ""input16.txt"", ""input17.txt"", ""input18.txt"", ""input19.txt"", ""input20.txt"", ""input23.txt"", ""input24.txt"", ""input25.txt"", ""input26.txt"", ""input27.txt"", ""input28.txt"", ""input29.txt""]","[""input05.txt"", ""input07.txt"", ""input08.txt"", ""input09.txt"", ""input10.txt"", ""input12.txt"", ""input14.txt"", ""input16.txt"", ""input17.txt"", ""input18.txt"", ""input19.txt"", ""input20.txt"", ""input23.txt"", ""input24.txt""]","[""input13.txt"", ""input25.txt"", ""input26.txt"", ""input27.txt"", ""input28.txt"", ""input29.txt""]",48.144523,1.604817,3.0
matei-si-diamantele,1314238008,user_0223,8.93,cpp,unknown,1378120312,0.0,0.856786,0.8572,0.342756,0.319251,0.023504,low,30,5,25,16.67,25,0,0,False,"[""input25.txt"", ""input26.txt"", ""input27.txt"", ""input28.txt"", ""input29.txt""]","[""input00.txt"", ""input01.txt"", ""input02.txt"", ""input03.txt"", ""input04.txt"", ""input05.txt"", ""input06.txt"", ""input07.txt"", ""input08.txt"", ""input09.txt"", ""input10.txt"", ""input11.txt"", ""input12.txt"", ""input13.txt"", ""input14.txt"", ""input15.txt"", ""input16.txt"", ""input17.txt"", ""input18.txt"", ""input19.txt"", ""input20.txt"", ""input21.txt"", ""input22.txt"", ""input23.txt"", ""input24.txt""]",[],[],22.664121,0.755471,1.549592
matei-si-diamantele,1323070546,user_0115,8.93,cpp,unknown,1391825752,0.222222,0.897133,0.3572,0.438193,0.349328,0.088865,low,30,6,24,20.0,20,4,0,False,"[""input01.txt"", ""input25.txt"", ""input26.txt"", ""input27.txt"", ""input28.txt"", ""input29.txt""]","[""input00.txt"", ""input02.txt"", ""input03.txt"", ""input04.txt"", ""input05.txt"", ""input06.txt"", ""input07.txt"", ""input08.txt"", ""input09.txt"", ""input10.txt"", ""input11.txt"", ""input12.txt"", ""input13.txt"", ""input14.txt"", ""input15.txt"", ""input16.txt"", ""input17.txt"", ""input18.txt"", ""input19.txt"", ""input20.txt"", ""input21.txt"", ""input22.txt"", ""input23.txt"", ""input24.txt""]","[""input12.txt"", ""input20.txt"", ""input21.txt"", ""input23.txt""]",[],54.656573,1.821886,3.0
matei-si-diamantele,1323405532,user_0033,8.93,cpp,unknown,1378120312,0.0,0.920704,0.8572,0.361931,0.337626,0.024305,low,30,6,24,20.0,0,20,4,False,"[""input00.txt"", ""input01.txt"", ""input02.txt"", ""input03.txt"", ""input04.txt"", ""input22.txt""]","[""input05.txt"", ""input06.txt"", ""input07.txt"", ""input08.txt"", ""input09.txt"", ""input10.txt"", ""input11.txt"", ""input12.txt"", ""input13.txt"", ""input14.txt"", ""input15.txt"", ""input16.txt"", ""input17.txt"", ""input18.txt"", ""input19.txt"", ""input20.txt"", ""input21.txt"", ""input23.txt"", ""input24.txt"", ""input25.txt"", ""input26.txt"", ""input27.txt"", ""input28.txt"", ""input29.txt""]","[""input05.txt"", ""input06.txt"", ""input07.txt"", ""input08.txt"", ""input10.txt"", ""input11.txt"", ""input12.txt"", ""input13.txt"", ""input14.txt"", ""input15.txt"", ""input16.txt"", ""input17.txt"", ""input20.txt"", ""input21.txt"", ""input23.txt"", ""input24.txt"", ""input26.txt"", ""input27.txt"", ""input28.txt"", ""input29.txt""]","[""input09.txt"", ""input18.txt"", ""input19.txt"", ""input25.txt""]",71.284038,2.376135,3.0
matei-si-diamantele,1323405756,user_0154,8.93,cpp,unknown,1333751390,0.0,0.841627,0.8572,0.338208,0.330624,0.007584,low,30,5,25,16.67,20,5,0,False,"[""input25.txt"", ""input26.txt"", ""input27.txt"", ""input28.txt"", ""input29.txt""]","[""input00.txt"", ""input01.txt"", ""input02.txt"", ""input03.txt"", ""input04.txt"", ""input05.txt"", ""input06.txt"", ""input07.txt"", ""input08.txt"", ""input09.txt"", ""input10.txt"", ""input11.txt"", ""input12.txt"", ""input13.txt"", ""input14.txt"", ""input15.txt"", ""input16.txt"", ""input17.txt"", ""input18.txt"", ""input19.txt"", ""input20.txt"", ""input21.txt"", ""input22.txt"", ""input23.txt"", ""input24.txt""]","[""input05.txt"", ""input07.txt"", ""input12.txt"", ""input20.txt"", ""input23.txt""]",[],54.645808,1.821527,3.008467
matei-si-diamantele,1323418578,user_0138,8.93,java,grid_scan,1314236118,0.526316,0.929774,0.8572,0.680442,0.0,0.680442,medium,30,7,23,23.33,18,0,5,False,"[""input00.txt"", ""input01.txt"", ""input02.txt"", ""input03.txt"", ""input04.txt"", ""input13.txt"", ""input21.txt""]","[""input05.txt"", ""input06.txt"", ""input07.txt"", ""input08.txt"", ""input09.txt"", ""input10.txt"", ""input11.txt"", ""input12.txt"", ""input14.txt"", ""input15.txt"", ""input16.txt"", ""input17.txt"", ""input18.txt"", ""input19.txt"", ""input20.txt"", ""input22.txt"", ""input23.txt"", ""input24.txt"", ""input25.txt"", ""input26.txt"", ""input27.txt"", ""input28.txt"", ""input29.txt""]",[],"[""input25.txt"", ""input26.txt"", ""input27.txt"", ""input28.txt"", ""input29.txt""]",13.581833,0.452728,0.763961
matei-si-diamantele,1323421354,user_0138,8.93,java,grid_scan,1314236118,0.510949,0.860481,0.8572,0.650434,0.0,0.650434,medium,30,7,23,23.33,18,0,5,False,"[""input00.txt"", ""input01.txt"", ""input02.txt"", ""input03.txt"", ""input04.txt"", ""input13.txt"", ""input21.txt""]","[""input05.txt"", ""input06.txt"", ""input07.txt"", ""input08.txt"", ""input09.txt"", ""input10.txt"", ""input11.txt"", ""input12.txt"", ""input14.txt"", ""input15.txt"", ""input16.txt"", ""input17.txt"", ""input18.txt"", ""input19.txt"", ""input20.txt"", ""input22.txt"", ""input23.txt"", ""input24.txt"", ""input25.txt"", ""input26.txt"", ""input27.txt"", ""input28.txt"", ""input29.txt""]",[],"[""input25.txt"", ""input26.txt"", ""input27.txt"", ""input28.txt"", ""input29.txt""]",12.537629,0.417921,0.575854
matei-si-diamantele,1323448310,user_0138,8.93,java,grid_scan,1314236118,0.612613,0.936035,0.8572,0.734098,0.0,0.734098,high,30,5,25,16.67,25,0,0,False,"[""input25.txt"", ""input26.txt"", ""input27.txt"", ""input28.txt"", ""input29.txt""]","[""input00.txt"", ""input01.txt"", ""input02.txt"", ""input03.txt"", ""input04.txt"", ""input05.txt"", ""input06.txt"", ""input07.txt"", ""input08.txt"", ""input09.txt"", ""input10.txt"", ""input11.txt"", ""input12.txt"", ""input13.txt"", ""input14.txt"", ""input15.txt"", ""input16.txt"", ""input17.txt"", ""input18.txt"", ""input19.txt"", ""input20.txt"", ""input21.txt"", ""input22.txt"", ""input23.txt"", ""input24.txt""]",[],[],15.714844,0.523828,1.101117
matei-si-diamantele,1323452268,user_0065,8.93,java,grid_scan,1314236118,0.435986,0.890082,0.8572,0.614336,0.0,0.614336,medium,30,7,23,23.33,23,0,0,False,"[""input00.txt"", ""input01.txt"", ""input25.txt"", ""input26.txt"", ""input27.txt"", ""input28.txt"", ""input29.txt""]","[""input02.txt"", ""input03.txt"", ""input04.txt"", ""input05.txt"", ""input06.txt"", ""input07.txt"", ""input08.txt"", ""input09.txt"", ""input10.txt"", ""input11.txt"", ""input12.txt"", ""input13.txt"", ""input14.txt"", ""input15.txt"", ""input16.txt"", ""input17.txt"", ""input18.txt"", ""input19.txt"", ""input20.txt"", ""input21.txt"", ""input22.txt"", ""input23.txt"", ""input24.txt""]",[],[],20.620713,0.687357,1.060833
matei-si-diamantele,1323452315,user_0065,8.93,java,grid_scan,1314236118,0.435986,0.890082,0.8572,0.614336,0.0,0.614336,medium,30,7,23,23.33,23,0,0,False,"[""input00.txt"", ""input01.txt"", ""input25.txt"", ""input26.txt"", ""input27.txt"", ""input28.txt"", ""input29.txt""]","[""input02.txt"", ""input03.txt"", ""input04.txt"", ""input05.txt"", ""input06.txt"", ""input07.txt"", ""input08.txt"", ""input09.txt"", ""input10.txt"", ""input11.txt"", ""input12.txt"", ""input13.txt"", ""input14.txt"", ""input15.txt"", ""input16.txt"", ""input17.txt"", ""input18.txt"", ""input19.txt"", ""input20.txt"", ""input21.txt"", ""input22.txt"", ""input23.txt"", ""input24.txt""]",[],[],20.534905,0.684497,1.011826
matei-si-diamantele,1323508018,user_0152,8.93,cpp,unknown,1333751390,0.0,0.957608,0.8572,0.373002,0.352804,0.020199,low,30,5,25,16.67,20,5,0,False,"[""input25.txt"", ""input26.txt"", ""input27.txt"", ""input28.txt"", ""input29.txt""]","[""input00.txt"", ""input01.txt"", ""input02.txt"", ""input03.txt"", ""input04.txt"", ""input05.txt"", ""input06.txt"", ""input07.txt"", ""input08.txt"", ""input09.txt"", ""input10.txt"", ""input11.txt"", ""input12.txt"", ""input13.txt"", ""input14.txt"", ""input15.txt"", ""input16.txt"", ""input17.txt"", ""input18.txt"", ""input19.txt"", ""input20.txt"", ""input21.txt"", ""input22.txt"", ""input23.txt"", ""input24.txt""]","[""input05.txt"", ""input12.txt"", ""input20.txt"", ""input21.txt"", ""input23.txt""]",[],49.443381,1.648113,3.0
matei-si-diamantele,1332673192,user_0068,8.93,java,grid_scan,1314236118,0.697095,0.912111,0.8572,0.777611,0.0,0.777611,high,30,7,23,23.33,22,0,1,False,"[""input00.txt"", ""input01.txt"", ""input25.txt"", ""input26.txt"", ""input27.txt"", ""input28.txt"", ""input29.txt""]","[""input02.txt"", ""input03.txt"", ""input04.txt"", ""input05.txt"", ""input06.txt"", ""input07.txt"", ""input08.txt"", ""input09.txt"", ""input10.txt"", ""input11.txt"", ""input12.txt"", ""input13.txt"", ""input14.txt"", ""input15.txt"", ""input16.txt"", ""input17.txt"", ""input18.txt"", ""input19.txt"", ""input20.txt"", ""input21.txt"", ""input22.txt"", ""input23.txt"", ""input24.txt""]",[],"[""input13.txt""]",13.226695,0.44089,0.665941
matei-si-diamantele,1332673206,user_0068,8.93,java,grid_scan,1314236118,0.691358,0.929553,0.8572,0.779401,0.0,0.779401,high,30,7,23,23.33,22,0,1,False,"[""input00.txt"", ""input01.txt"", ""input25.txt"", ""input26.txt"", ""input27.txt"", ""input28.txt"", ""input29.txt""]","[""input02.txt"", ""input03.txt"", ""input04.txt"", ""input05.txt"", ""input06.txt"", ""input07.txt"", ""input08.txt"", ""input09.txt"", ""input10.txt"", ""input11.txt"", ""input12.txt"", ""input13.txt"", ""input14.txt"", ""input15.txt"", ""input16.txt"", ""input17.txt"", ""input18.txt"", ""input19.txt"", ""input20.txt"", ""input21.txt"", ""input22.txt"", ""input23.txt"", ""input24.txt""]",[],"[""input13.txt""]",13.000539,0.433351,0.695805
matei-si-diamantele,1333803659,user_0051,8.93,cpp,bfs,1333751390,0.259259,0.86498,0.8572,0.500769,0.34025,0.16052,medium,30,6,24,20.0,14,8,2,False,"[""input00.txt"", ""input01.txt"", ""input02.txt"", ""input03.txt"", ""input15.txt"", ""input22.txt""]","[""input04.txt"", ""input05.txt"", ""input06.txt"", ""input07.txt"", ""input08.txt"", ""input09.txt"", ""input10.txt"", ""input11.txt"", ""input12.txt"", ""input13.txt"", ""input14.txt"", ""input16.txt"", ""input17.txt"", ""input18.txt"", ""input19.txt"", ""input20.txt"", ""input21.txt"", ""input23.txt"", ""input24.txt"", ""input25.txt"", ""input26.txt"", ""input27.txt"", ""input28.txt"", ""input29.txt""]","[""input05.txt"", ""input12.txt"", ""input20.txt"", ""input21.txt"", ""input23.txt"", ""input25.txt"", ""input26.txt"", ""input27.txt""]","[""input28.txt"", ""input29.txt""]",58.274222,1.942474,3.0
matei-si-diamantele,1333804278,user_0051,8.93,cpp,unknown,1333751390,0.259259,0.854411,0.8572,0.497599,0.35462,0.142978,low,30,6,24,20.0,15,5,4,False,"[""input00.txt"", ""input01.txt"", ""input02.txt"", ""input03.txt"", ""input15.txt"", ""input22.txt""]","[""input04.txt"", ""input05.txt"", ""input06.txt"", ""input07.txt"", ""input08.txt"", ""input09.txt"", ""input10.txt"", ""input11.txt"", ""input12.txt"", ""input13.txt"", ""input14.txt"", ""input16.txt"", ""input17.txt"", ""input18.txt"", ""input19.txt"", ""input20.txt"", ""input21.txt"", ""input23.txt"", ""input24.txt"", ""input25.txt"", ""input26.txt"", ""input27.txt"", ""input28.txt"", ""input29.txt""]","[""input12.txt"", ""input20.txt"", ""input21.txt"", ""input23.txt"", ""input25.txt""]","[""input26.txt"", ""input27.txt"", ""input28.txt"", ""input29.txt""]",55.768703,1.858957,3.0
matei-si-diamantele,1344372748,user_0259,8.93,cpp,unknown,1314234411,0.311688,0.936155,0.1786,0.485719,0.425583,0.060136,low,30,0,30,0.0,0,7,23,False,[],"[""input00.txt"", ""input01.txt"", ""input02.txt"", ""input03.txt"", ""input04.txt"", ""input05.txt"", ""input06.txt"", ""input07.txt"", ""input08.txt"", ""input09.txt"", ""input10.txt"", ""input11.txt"", ""input12.txt"", ""input13.txt"", ""input14.txt"", ""input15.txt"", ""input16.txt"", ""input17.txt"", ""input18.txt"", ""input19.txt"", ""input20.txt"", ""input21.txt"", ""input22.txt"", ""input23.txt"", ""input24.txt"", ""input25.txt"", ""input26.txt"", ""input27.txt"", ""input28.txt"", ""input29.txt""]","[""input00.txt"", ""input01.txt"", ""input02.txt"", ""input03.txt"", ""input17.txt"", ""input18.txt"", ""input20.txt""]","[""input04.txt"", ""input05.txt"", ""input06.txt"", ""input07.txt"", ""input08.txt"", ""input09.txt"", ""input10.txt"", ""input11.txt"", ""input12.txt"", ""input13.txt"", ""input14.txt"", ""input15.txt"", ""input16.txt"", ""input19.txt"", ""input21.txt"", ""input22.txt"", ""input23.txt"", ""input24.txt"", ""input25.txt"", ""input26.txt"", ""input27.txt"", ""input28.txt"", ""input29.txt""]",25.68395,0.856132,3.0
matei-si-diamantele,1361359788,user_0265,8.93,cpp,grid_scan,1314234411,0.754098,0.977103,0.1786,0.76345,0.421526,0.341924,high,30,0,30,0.0,0,2,28,False,[],"[""input00.txt"", ""input01.txt"", ""input02.txt"", ""input03.txt"", ""input04.txt"", ""input05.txt"", ""input06.txt"", ""input07.txt"", ""input08.txt"", ""input09.txt"", ""input10.txt"", ""input11.txt"", ""input12.txt"", ""input13.txt"", ""input14.txt"", ""input15.txt"", ""input16.txt"", ""input17.txt"", ""input18.txt"", ""input19.txt"", ""input20.txt"", ""input21.txt"", ""input22.txt"", ""input23.txt"", ""input24.txt"", ""input25.txt"", ""input26.txt"", ""input27.txt"", ""input28.txt"", ""input29.txt""]","[""input00.txt"", ""input01.txt""]","[""input02.txt"", ""input03.txt"", ""input04.txt"", ""input05.txt"", ""input06.txt"", ""input07.txt"", ""input08.txt"", ""input09.txt"", ""input10.txt"", ""input11.txt"", ""input12.txt"", ""input13.txt"", ""input14.txt"", ""input15.txt"", ""input16.txt"", ""input17.txt"", ""input18.txt"", ""input19.txt"", ""input20.txt"", ""input21.txt"", ""input22.txt"", ""input23.txt"", ""input24.txt"", ""input25.txt"", ""input26.txt"", ""input27.txt"", ""input28.txt"", ""input29.txt""]",11.444601,0.381487,3.0
matei-si-diamantele,1361770423,user_0190,8.93,cpp,grid_scan,1378120312,0.363636,0.907291,0.8572,0.576089,0.382933,0.193156,medium,30,0,30,0.0,0,8,22,False,[],"[""input00.txt"", ""input01.txt"", ""input02.txt"", ""input03.txt"", ""input04.txt"", ""input05.txt"", ""input06.txt"", ""input07.txt"", ""input08.txt"", ""input09.txt"", ""input10.txt"", ""input11.txt"", ""input12.txt"", ""input13.txt"", ""input14.txt"", ""input15.txt"", ""input16.txt"", ""input17.txt"", ""input18.txt"", ""input19.txt"", ""input20.txt"", ""input21.txt"", ""input22.txt"", ""input23.txt"", ""input24.txt"", ""input25.txt"", ""input26.txt"", ""input27.txt"", ""input28.txt"", ""input29.txt""]","[""input00.txt"", ""input01.txt"", ""input02.txt"", ""input03.txt"", ""input04.txt"", ""input05.txt"", ""input23.txt"", ""input24.txt""]","[""input06.txt"", ""input07.txt"", ""input08.txt"", ""input09.txt"", ""input10.txt"", ""input11.txt"", ""input12.txt"", ""input13.txt"", ""input14.txt"", ""input15.txt"", ""input16.txt"", ""input17.txt"", ""input18.txt"", ""input19.txt"", ""input20.txt"", ""input21.txt"", ""input22.txt"", ""input25.txt"", ""input26.txt"", ""input27.txt"", ""input28.txt"", ""input29.txt""]",27.653022,0.921767,3.0
matei-si-diamantele,1378120012,user_0204,8.93,cpp,grid_scan,1378120312,0.301887,0.859331,0.8572,0.524651,0.456605,0.068046,medium,30,2,28,6.67,3,25,0,False,"[""input00.txt"", ""input01.txt""]","[""input02.txt"", ""input03.txt"", ""input04.txt"", ""input05.txt"", ""input06.txt"", ""input07.txt"", ""input08.txt"", ""input09.txt"", ""input10.txt"", ""input11.txt"", ""input12.txt"", ""input13.txt"", ""input14.txt"", ""input15.txt"", ""input16.txt"", ""input17.txt"", ""input18.txt"", ""input19.txt"", ""input20.txt"", ""input21.txt"", ""input22.txt"", ""input23.txt"", ""input24.txt"", ""input25.txt"", ""input26.txt"", ""input27.txt"", ""input28.txt"", ""input29.txt""]","[""input05.txt"", ""input06.txt"", ""input07.txt"", ""input08.txt"", ""input09.txt"", ""input10.txt"", ""input11.txt"", ""input12.txt"", ""input13.txt"", ""input14.txt"", ""input15.txt"", ""input16.txt"", ""input17.txt"", ""input18.txt"", ""input19.txt"", ""input20.txt"", ""input21.txt"", ""input22.txt"", ""input23.txt"", ""input24.txt"", ""input25.txt"", ""input26.txt"", ""input27.txt"", ""input28.txt"", ""input29.txt""]",[],75.497488,2.516583,3.0
matei-si-diamantele,1378121757,user_0206,8.93,java,grid_scan,1314236118,0.675325,0.971403,0.8572,0.782336,0.0,0.782336,high,30,7,23,23.33,23,0,0,False,"[""input00.txt"", ""input01.txt"", ""input02.txt"", ""input04.txt"", ""input07.txt"", ""input13.txt"", ""input21.txt""]","[""input03.txt"", ""input05.txt"", ""input06.txt"", ""input08.txt"", ""input09.txt"", ""input10.txt"", ""input11.txt"", ""input12.txt"", ""input14.txt"", ""input15.txt"", ""input16.txt"", ""input17.txt"", ""input18.txt"", ""input19.txt"", ""input20.txt"", ""input22.txt"", ""input23.txt"", ""input24.txt"", ""input25.txt"", ""input26.txt"", ""input27.txt"", ""input28.txt"", ""input29.txt""]",[],[],24.012968,0.800432,1.832588
matei-si-diamantele,1378159125,user_0215,8.93,cpp,grid_scan,1378120312,0.38961,0.927455,0.8572,0.597723,0.336337,0.261385,medium,30,5,25,16.67,21,4,0,False,"[""input25.txt"", ""input26.txt"", ""input27.txt"", ""input28.txt"", ""input29.txt""]","[""input00.txt"", ""input01.txt"", ""input02.txt"", ""input03.txt"", ""input04.txt"", ""input05.txt"", ""input06.txt"", ""input07.txt"", ""input08.txt"", ""input09.txt"", ""input10.txt"", ""input11.txt"", ""input12.txt"", ""input13.txt"", ""input14.txt"", ""input15.txt"", ""input16.txt"", ""input17.txt"", ""input18.txt"", ""input19.txt"", ""input20.txt"", ""input21.txt"", ""input22.txt"", ""input23.txt"", ""input24.txt""]","[""input12.txt"", ""input20.txt"", ""input21.txt"", ""input23.txt""]",[],56.871413,1.895714,3.049576
matei-si-diamantele,1378159176,user_0215,8.93,cpp,grid_scan,1391825752,0.632911,0.930847,0.3572,0.694721,0.336337,0.358383,medium,30,5,25,16.67,20,5,0,False,"[""input25.txt"", ""input26.txt"", ""input27.txt"", ""input28.txt"", ""input29.txt""]","[""input00.txt"", ""input01.txt"", ""input02.txt"", ""input03.txt"", ""input04.txt"", ""input05.txt"", ""input06.txt"", ""input07.txt"", ""input08.txt"", ""input09.txt"", ""input10.txt"", ""input11.txt"", ""input12.txt"", ""input13.txt"", ""input14.txt"", ""input15.txt"", ""input16.txt"", ""input17.txt"", ""input18.txt"", ""input19.txt"", ""input20.txt"", ""input21.txt"", ""input22.txt"", ""input23.txt"", ""input24.txt""]","[""input05.txt"", ""input12.txt"", ""input20.txt"", ""input21.txt"", ""input23.txt""]",[],55.418725,1.847291,3.0
matei-si-diamantele,1378159190,user_0215,8.93,cpp,grid_scan,1378120312,0.37037,0.901778,0.8572,0.578476,0.329424,0.249052,medium,30,5,25,16.67,21,4,0,False,"[""input25.txt"", ""input26.txt"", ""input27.txt"", ""input28.txt"", ""input29.txt""]","[""input00.txt"", ""input01.txt"", ""input02.txt"", ""input03.txt"", ""input04.txt"", ""input05.txt"", ""input06.txt"", ""input07.txt"", ""input08.txt"", ""input09.txt"", ""input10.txt"", ""input11.txt"", ""input12.txt"", ""input13.txt"", ""input14.txt"", ""input15.txt"", ""input16.txt"", ""input17.txt"", ""input18.txt"", ""input19.txt"", ""input20.txt"", ""input21.txt"", ""input22.txt"", ""input23.txt"", ""input24.txt""]","[""input12.txt"", ""input20.txt"", ""input21.txt"", ""input23.txt""]",[],56.103137,1.870105,3.0
matei-si-diamantele,1378159448,user_0216,8.93,cpp,bfs,1378117542,0.547009,0.994497,0.1786,0.644414,0.35395,0.290465,medium,30,5,25,16.67,20,5,0,False,"[""input25.txt"", ""input26.txt"", ""input27.txt"", ""input28.txt"", ""input29.txt""]","[""input00.txt"", ""input01.txt"", ""input02.txt"", ""input03.txt"", ""input04.txt"", ""input05.txt"", ""input06.txt"", ""input07.txt"", ""input08.txt"", ""input09.txt"", ""input10.txt"", ""input11.txt"", ""input12.txt"", ""input13.txt"", ""input14.txt"", ""input15.txt"", ""input16.txt"", ""input17.txt"", ""input18.txt"", ""input19.txt"", ""input20.txt"", ""input21.txt"", ""input22.txt"", ""input23.txt"", ""input24.txt""]","[""input05.txt"", ""input12.txt"", ""input20.txt"", ""input21.txt"", ""input23.txt""]",[],57.071923,1.902397,3.0
matei-si-diamantele,1378160778,user_0202,8.93,cpp,grid_scan,1378120312,0.421053,0.932233,0.8572,0.618021,0.472522,0.1455,medium,30,6,24,20.0,15,9,0,False,"[""input00.txt"", ""input01.txt"", ""input02.txt"", ""input04.txt"", ""input07.txt"", ""input13.txt""]","[""input03.txt"", ""input05.txt"", ""input06.txt"", ""input08.txt"", ""input09.txt"", ""input10.txt"", ""input11.txt"", ""input12.txt"", ""input14.txt"", ""input15.txt"", ""input16.txt"", ""input17.txt"", ""input18.txt"", ""input19.txt"", ""input20.txt"", ""input21.txt"", ""input22.txt"", ""input23.txt"", ""input24.txt"", ""input25.txt"", ""input26.txt"", ""input27.txt"", ""input28.txt"", ""input29.txt""]","[""input05.txt"", ""input12.txt"", ""input20.txt"", ""input21.txt"", ""input23.txt"", ""input25.txt"", ""input26.txt"", ""input28.txt"", ""input29.txt""]",[],59.794404,1.993147,3.019825
matei-si-diamantele,1314234927,user_0090,10.71,cpp,grid_scan,1378120312,0.347826,0.926144,0.8216,0.568699,0.359183,0.209516,medium,30,8,22,26.67,17,5,0,False,"[""input00.txt"", ""input01.txt"", ""input02.txt"", ""input03.txt"", ""input10.txt"", ""input11.txt"", ""input15.txt"", ""input22.txt""]","[""input04.txt"", ""input05.txt"", ""input06.txt"", ""input07.txt"", ""input08.txt"", ""input09.txt"", ""input12.txt"", ""input13.txt"", ""input14.txt"", ""input16.txt"", ""input17.txt"", ""input18.txt"", ""input19.txt"", ""input20.txt"", ""input21.txt"", ""input23.txt"", ""input24.txt"", ""input25.txt"", ""input26.txt"", ""input27.txt"", ""input28.txt"", ""input29.txt""]","[""input25.txt"", ""input26.txt"", ""input27.txt"", ""input28.txt"", ""input29.txt""]",[],24.43188,0.814396,3.0
matei-si-diamantele,1314235427,user_0040,10.71,java,grid_scan,1314236118,0.590717,0.878429,0.8216,0.700119,0.0,0.700119,high,30,8,22,26.67,17,0,5,False,"[""input00.txt"", ""input01.txt"", ""input02.txt"", ""input03.txt"", ""input04.txt"", ""input13.txt"", ""input15.txt"", ""input21.txt""]","[""input05.txt"", ""input06.txt"", ""input07.txt"", ""input08.txt"", ""input09.txt"", ""input10.txt"", ""input11.txt"", ""input12.txt"", ""input14.txt"", ""input16.txt"", ""input17.txt"", ""input18.txt"", ""input19.txt"", ""input20.txt"", ""input22.txt"", ""input23.txt"", ""input24.txt"", ""input25.txt"", ""input26.txt"", ""input27.txt"", ""input28.txt"", ""input29.txt""]",[],"[""input25.txt"", ""input26.txt"", ""input27.txt"", ""input28.txt"", ""input29.txt""]",15.334218,0.511141,0.746911
matei-si-diamantele,1314235601,user_0040,10.71,java,grid_scan,1314236118,0.566667,0.871522,0.8216,0.683617,0.0,0.683617,medium,30,8,22,26.67,17,0,5,False,"[""input00.txt"", ""input01.txt"", ""input02.txt"", ""input03.txt"", ""input04.txt"", ""input13.txt"", ""input15.txt"", ""input21.txt""]","[""input05.txt"", ""input06.txt"", ""input07.txt"", ""input08.txt"", ""input09.txt"", ""input10.txt"", ""input11.txt"", ""input12.txt"", ""input14.txt"", ""input16.txt"", ""input17.txt"", ""input18.txt"", ""input19.txt"", ""input20.txt"", ""input22.txt"", ""input23.txt"", ""input24.txt"", ""input25.txt"", ""input26.txt"", ""input27.txt"", ""input28.txt"", ""input29.txt""]",[],"[""input25.txt"", ""input26.txt"", ""input27.txt"", ""input28.txt"", ""input29.txt""]",13.224421,0.440814,0.841298
matei-si-diamantele,1314235605,user_0244,10.71,cpp,grid_scan,1314234411,0.311688,0.974801,0.2142,0.500873,0.416185,0.084689,medium,30,6,24,20.0,10,3,11,False,"[""input00.txt"", ""input01.txt"", ""input02.txt"", ""input03.txt"", ""input04.txt"", ""input27.txt""]","[""input05.txt"", ""input06.txt"", ""input07.txt"", ""input08.txt"", ""input09.txt"", ""input10.txt"", ""input11.txt"", ""input12.txt"", ""input13.txt"", ""input14.txt"", ""input15.txt"", ""input16.txt"", ""input17.txt"", ""input18.txt"", ""input19.txt"", ""input20.txt"", ""input21.txt"", ""input22.txt"", ""input23.txt"", ""input24.txt"", ""input25.txt"", ""input26.txt"", ""input28.txt"", ""input29.txt""]","[""input05.txt"", ""input09.txt"", ""input28.txt""]","[""input07.txt"", ""input08.txt"", ""input12.txt"", ""input15.txt"", ""input17.txt"", ""input19.txt"", ""input20.txt"", ""input21.txt"", ""input23.txt"", ""input25.txt"", ""input26.txt""]",29.881645,0.996055,3.0
matei-si-diamantele,1314235712,user_0153,10.71,cpp,grid_scan,1378120312,0.292683,0.863766,0.8216,0.516899,0.336443,0.180456,medium,30,7,23,23.33,12,6,5,False,"[""input00.txt"", ""input01.txt"", ""input02.txt"", ""input03.txt"", ""input04.txt"", ""input06.txt"", ""input15.txt""]","[""input05.txt"", ""input07.txt"", ""input08.txt"", ""input09.txt"", ""input10.txt"", ""input11.txt"", ""input12.txt"", ""input13.txt"", ""input14.txt"", ""input16.txt"", ""input17.txt"", ""input18.txt"", ""input19.txt"", ""input20.txt"", ""input21.txt"", ""input22.txt"", ""input23.txt"", ""input24.txt"", ""input25.txt"", ""input26.txt"", ""input27.txt"", ""input28.txt"", ""input29.txt""]","[""input07.txt"", ""input12.txt"", ""input20.txt"", ""input21.txt"", ""input23.txt"", ""input25.txt""]","[""input13.txt"", ""input26.txt"", ""input27.txt"", ""input28.txt"", ""input29.txt""]",57.66179,1.92206,3.0
matei-si-diamantele,1314235964,user_0086,10.71,java,grid_scan,1314236118,0.549801,0.867511,0.8216,0.672294,0.0,0.672294,medium,30,8,22,26.67,1,14,7,False,"[""input00.txt"", ""input01.txt"", ""input02.txt"", ""input03.txt"", ""input06.txt"", ""input15.txt"", ""input21.txt"", ""input22.txt""]","[""input04.txt"", ""input05.txt"", ""input07.txt"", ""input08.txt"", ""input09.txt"", ""input10.txt"", ""input11.txt"", ""input12.txt"", ""input13.txt"", ""input14.txt"", ""input16.txt"", ""input17.txt"", ""input18.txt"", ""input19.txt"", ""input20.txt"", ""input23.txt"", ""input24.txt"", ""input25.txt"", ""input26.txt"", ""input27.txt"", ""input28.txt"", ""input29.txt""]","[""input05.txt"", ""input08.txt"", ""input09.txt"", ""input10.txt"", ""input11.txt"", ""input12.txt"", ""input13.txt"", ""input16.txt"", ""input17.txt"", ""input18.txt"", ""input19.txt"", ""input20.txt"", ""input23.txt"", ""input24.txt""]","[""input07.txt"", ""input14.txt"", ""input25.txt"", ""input26.txt"", ""input27.txt"", ""input28.txt"", ""input29.txt""]",51.439324,1.714644,3.0
matei-si-diamantele,1323422341,user_0138,10.71,java,grid_scan,1314236118,0.501818,0.857025,0.8216,0.640358,0.0,0.640358,medium,30,8,22,26.67,17,0,5,False,"[""input00.txt"", ""input01.txt"", ""input02.txt"", ""input03.txt"", ""input04.txt"", ""input13.txt"", ""input15.txt"", ""input21.txt""]","[""input05.txt"", ""input06.txt"", ""input07.txt"", ""input08.txt"", ""input09.txt"", ""input10.txt"", ""input11.txt"", ""input12.txt"", ""input14.txt"", ""input16.txt"", ""input17.txt"", ""input18.txt"", ""input19.txt"", ""input20.txt"", ""input22.txt"", ""input23.txt"", ""input24.txt"", ""input25.txt"", ""input26.txt"", ""input27.txt"", ""input28.txt"", ""input29.txt""]",[],"[""input25.txt"", ""input26.txt"", ""input27.txt"", ""input28.txt"", ""input29.txt""]",12.740246,0.424675,0.681357
matei-si-diamantele,1323451903,user_0065,10.71,java,grid_scan,1314236118,0.442105,0.894116,0.8216,0.615658,0.0,0.615658,medium,30,8,22,26.67,20,0,2,False,"[""input00.txt"", ""input01.txt"", ""input02.txt"", ""input03.txt"", ""input04.txt"", ""input25.txt"", ""input27.txt"", ""input29.txt""]","[""input05.txt"", ""input06.txt"", ""input07.txt"", ""input08.txt"", ""input09.txt"", ""input10.txt"", ""input11.txt"", ""input12.txt"", ""input13.txt"", ""input14.txt"", ""input15.txt"", ""input16.txt"", ""input17.txt"", ""input18.txt"", ""input19.txt"", ""input20.txt"", ""input21.txt"", ""input22.txt"", ""input23.txt"", ""input24.txt"", ""input26.txt"", ""input28.txt""]",[],"[""input26.txt"", ""input28.txt""]",16.976678,0.565889,0.845175
matei-si-diamantele,1323455420,user_0067,10.71,java,grid_scan,1314236118,0.494845,0.794912,0.8216,0.617541,0.0,0.617541,medium,0,0,0,0.0,0,0,0,True,[],[],[],[],0.0,0.0,0.0
matei-si-diamantele,1332673244,user_0068,10.71,java,grid_scan,1314236118,0.664032,0.905843,0.8216,0.752332,0.0,0.752332,high,30,8,22,26.67,19,0,3,False,"[""input00.txt"", ""input01.txt"", ""input02.txt"", ""input03.txt"", ""input04.txt"", ""input25.txt"", ""input27.txt"", ""input29.txt""]","[""input05.txt"", ""input06.txt"", ""input07.txt"", ""input08.txt"", ""input09.txt"", ""input10.txt"", ""input11.txt"", ""input12.txt"", ""input13.txt"", ""input14.txt"", ""input15.txt"", ""input16.txt"", ""input17.txt"", ""input18.txt"", ""input19.txt"", ""input20.txt"", ""input21.txt"", ""input22.txt"", ""input23.txt"", ""input24.txt"", ""input26.txt"", ""input28.txt""]",[],"[""input13.txt"", ""input26.txt"", ""input28.txt""]",12.497067,0.416569,0.64915
matei-si-diamantele,1344604046,user_0119,10.71,java,grid_scan,1314236118,0.583333,0.937231,0.8216,0.713329,0.0,0.713329,high,30,8,22,26.67,17,0,5,False,"[""input00.txt"", ""input01.txt"", ""input02.txt"", ""input03.txt"", ""input06.txt"", ""input11.txt"", ""input15.txt"", ""input22.txt""]","[""input04.txt"", ""input05.txt"", ""input07.txt"", ""input08.txt"", ""input09.txt"", ""input10.txt"", ""input12.txt"", ""input13.txt"", ""input14.txt"", ""input16.txt"", ""input17.txt"", ""input18.txt"", ""input19.txt"", ""input20.txt"", ""input21.txt"", ""input23.txt"", ""input24.txt"", ""input25.txt"", ""input26.txt"", ""input27.txt"", ""input28.txt"", ""input29.txt""]",[],"[""input25.txt"", ""input26.txt"", ""input27.txt"", ""input28.txt"", ""input29.txt""]",12.365994,0.4122,0.663175
matei-si-diamantele,1344604075,user_0119,10.71,java,grid_scan,1314236118,0.566802,0.943217,0.8216,0.705206,0.0,0.705206,high,30,8,22,26.67,17,0,5,False,"[""input00.txt"", ""input01.txt"", ""input02.txt"", ""input03.txt"", ""input06.txt"", ""input11.txt"", ""input15.txt"", ""input22.txt""]","[""input04.txt"", ""input05.txt"", ""input07.txt"", ""input08.txt"", ""input09.txt"", ""input10.txt"", ""input12.txt"", ""input13.txt"", ""input14.txt"", ""input16.txt"", ""input17.txt"", ""input18.txt"", ""input19.txt"", ""input20.txt"", ""input21.txt"", ""input23.txt"", ""input24.txt"", ""input25.txt"", ""input26.txt"", ""input27.txt"", ""input28.txt"", ""input29.txt""]",[],"[""input25.txt"", ""input26.txt"", ""input27.txt"", ""input28.txt"", ""input29.txt""]",11.741478,0.391383,0.761444
matei-si-diamantele,1344697220,user_0161,10.71,cpp,unknown,1378120312,0.23301,0.904888,0.8216,0.493432,0.399227,0.094205,low,30,7,23,23.33,7,3,13,False,"[""input00.txt"", ""input01.txt"", ""input02.txt"", ""input03.txt"", ""input10.txt"", ""input11.txt"", ""input22.txt""]","[""input04.txt"", ""input05.txt"", ""input06.txt"", ""input07.txt"", ""input08.txt"", ""input09.txt"", ""input12.txt"", ""input13.txt"", ""input14.txt"", ""input15.txt"", ""input16.txt"", ""input17.txt"", ""input18.txt"", ""input19.txt"", ""input20.txt"", ""input21.txt"", ""input23.txt"", ""input24.txt"", ""input25.txt"", ""input26.txt"", ""input27.txt"", ""input28.txt"", ""input29.txt""]","[""input05.txt"", ""input25.txt"", ""input29.txt""]","[""input07.txt"", ""input08.txt"", ""input09.txt"", ""input12.txt"", ""input15.txt"", ""input17.txt"", ""input19.txt"", ""input20.txt"", ""input21.txt"", ""input23.txt"", ""input26.txt"", ""input27.txt"", ""input28.txt""]",27.211251,0.907042,3.0
matei-si-diamantele,1378040345,user_0210,10.71,cpp,unknown,1378120312,0.230769,0.881231,0.8216,0.484991,0.464535,0.020456,low,30,8,22,26.67,20,2,0,False,"[""input00.txt"", ""input01.txt"", ""input02.txt"", ""input03.txt"", ""input10.txt"", ""input11.txt"", ""input15.txt"", ""input22.txt""]","[""input04.txt"", ""input05.txt"", ""input06.txt"", ""input07.txt"", ""input08.txt"", ""input09.txt"", ""input12.txt"", ""input13.txt"", ""input14.txt"", ""input16.txt"", ""input17.txt"", ""input18.txt"", ""input19.txt"", ""input20.txt"", ""input21.txt"", ""input23.txt"", ""input24.txt"", ""input25.txt"", ""input26.txt"", ""input27.txt"", ""input28.txt"", ""input29.txt""]","[""input20.txt"", ""input23.txt""]",[],53.27414,1.775805,3.044027
matei-si-diamantele,1378117607,user_0217,10.71,cpp,bfs,1378117542,0.333333,0.942958,0.2142,0.504308,0.343867,0.16044,medium,30,8,22,26.67,17,5,0,False,"[""input00.txt"", ""input01.txt"", ""input04.txt"", ""input25.txt"", ""input26.txt"", ""input27.txt"", ""input28.txt"", ""input29.txt""]","[""input02.txt"", ""input03.txt"", ""input05.txt"", ""input06.txt"", ""input07.txt"", ""input08.txt"", ""input09.txt"", ""input10.txt"", ""input11.txt"", ""input12.txt"", ""input13.txt"", ""input14.txt"", ""input15.txt"", ""input16.txt"", ""input17.txt"", ""input18.txt"", ""input19.txt"", ""input20.txt"", ""input21.txt"", ""input22.txt"", ""input23.txt"", ""input24.txt""]","[""input05.txt"", ""input07.txt"", ""input12.txt"", ""input20.txt"", ""input23.txt""]",[],54.541312,1.818044,3.0
matei-si-diamantele,1314234704,user_0038,12.5,java,grid_scan,1314236118,0.60262,0.934078,0.7858,0.720376,0.0,0.720376,high,30,9,21,30.0,16,0,5,False,"[""input00.txt"", ""input01.txt"", ""input02.txt"", ""input03.txt"", ""input04.txt"", ""input15.txt"", ""input21.txt"", ""input22.txt"", ""input23.txt""]","[""input05.txt"", ""input06.txt"", ""input07.txt"", ""input08.txt"", ""input09.txt"", ""input10.txt"", ""input11.txt"", ""input12.txt"", ""input13.txt"", ""input14.txt"", ""input16.txt"", ""input17.txt"", ""input18.txt"", ""input19.txt"", ""input20.txt"", ""input24.txt"", ""input25.txt"", ""input26.txt"", ""input27.txt"", ""input28.txt"", ""input29.txt""]",[],"[""input25.txt"", ""input26.txt"", ""input27.txt"", ""input28.txt"", ""input29.txt""]",12.719591,0.423986,0.601089
matei-si-diamantele,1314234805,user_0040,12.5,java,grid_scan,1314236118,0.544747,0.901392,0.7858,0.675846,0.0,0.675846,medium,30,9,21,30.0,1,15,5,False,"[""input00.txt"", ""input01.txt"", ""input02.txt"", ""input03.txt"", ""input06.txt"", ""input11.txt"", ""input15.txt"", ""input21.txt"", ""input22.txt""]","[""input04.txt"", ""input05.txt"", ""input07.txt"", ""input08.txt"", ""input09.txt"", ""input10.txt"", ""input12.txt"", ""input13.txt"", ""input14.txt"", ""input16.txt"", ""input17.txt"", ""input18.txt"", ""input19.txt"", ""input20.txt"", ""input23.txt"", ""input24.txt"", ""input25.txt"", ""input26.txt"", ""input27.txt"", ""input28.txt"", ""input29.txt""]","[""input05.txt"", ""input07.txt"", ""input08.txt"", ""input09.txt"", ""input10.txt"", ""input12.txt"", ""input13.txt"", ""input14.txt"", ""input16.txt"", ""input17.txt"", ""input18.txt"", ""input19.txt"", ""input20.txt"", ""input23.txt"", ""input24.txt""]","[""input25.txt"", ""input26.txt"", ""input27.txt"", ""input28.txt"", ""input29.txt""]",50.408579,1.680286,3.0
matei-si-diamantele,1314234944,user_0027,12.5,java,grid_scan,1314236118,0.658824,0.876574,0.7858,0.736846,0.0,0.736846,high,30,9,21,30.0,1,19,1,False,"[""input00.txt"", ""input01.txt"", ""input02.txt"", ""input03.txt"", ""input04.txt"", ""input06.txt"", ""input11.txt"", ""input21.txt"", ""input22.txt""]","[""input05.txt"", ""input07.txt"", ""input08.txt"", ""input09.txt"", ""input10.txt"", ""input12.txt"", ""input13.txt"", ""input14.txt"", ""input15.txt"", ""input16.txt"", ""input17.txt"", ""input18.txt"", ""input19.txt"", ""input20.txt"", ""input23.txt"", ""input24.txt"", ""input25.txt"", ""input26.txt"", ""input27.txt"", ""input28.txt"", ""input29.txt""]","[""input05.txt"", ""input08.txt"", ""input09.txt"", ""input10.txt"", ""input12.txt"", ""input13.txt"", ""input14.txt"", ""input16.txt"", ""input17.txt"", ""input18.txt"", ""input19.txt"", ""input20.txt"", ""input23.txt"", ""input24.txt"", ""input25.txt"", ""input26.txt"", ""input27.txt"", ""input28.txt"", ""input29.txt""]","[""input07.txt""]",61.948302,2.064943,3.0
matei-si-diamantele,1314235033,user_0105,12.5,java,grid_scan,1314236118,0.473868,0.867224,0.7858,0.623068,0.0,0.623068,medium,30,9,21,30.0,1,15,5,False,"[""input00.txt"", ""input01.txt"", ""input02.txt"", ""input03.txt"", ""input06.txt"", ""input11.txt"", ""input15.txt"", ""input21.txt"", ""input22.txt""]","[""input04.txt"", ""input05.txt"", ""input07.txt"", ""input08.txt"", ""input09.txt"", ""input10.txt"", ""input12.txt"", ""input13.txt"", ""input14.txt"", ""input16.txt"", ""input17.txt"", ""input18.txt"", ""input19.txt"", ""input20.txt"", ""input23.txt"", ""input24.txt"", ""input25.txt"", ""input26.txt"", ""input27.txt"", ""input28.txt"", ""input29.txt""]","[""input05.txt"", ""input07.txt"", ""input08.txt"", ""input09.txt"", ""input10.txt"", ""input12.txt"", ""input13.txt"", ""input14.txt"", ""input16.txt"", ""input17.txt"", ""input18.txt"", ""input19.txt"", ""input20.txt"", ""input23.txt"", ""input24.txt""]","[""input25.txt"", ""input26.txt"", ""input27.txt"", ""input28.txt"", ""input29.txt""]",51.26521,1.70884,3.0
matei-si-diamantele,1314235103,user_0076,12.5,cpp,unknown,1378120312,0.0,0.869795,0.7858,0.339518,0.339047,0.000472,low,30,9,21,30.0,0,5,16,False,"[""input00.txt"", ""input01.txt"", ""input02.txt"", ""input03.txt"", ""input04.txt"", ""input06.txt"", ""input15.txt"", ""input21.txt"", ""input22.txt""]","[""input05.txt"", ""input07.txt"", ""input08.txt"", ""input09.txt"", ""input10.txt"", ""input11.txt"", ""input12.txt"", ""input13.txt"", ""input14.txt"", ""input16.txt"", ""input17.txt"", ""input18.txt"", ""input19.txt"", ""input20.txt"", ""input23.txt"", ""input24.txt"", ""input25.txt"", ""input26.txt"", ""input27.txt"", ""input28.txt"", ""input29.txt""]","[""input05.txt"", ""input14.txt"", ""input16.txt"", ""input23.txt"", ""input26.txt""]","[""input07.txt"", ""input08.txt"", ""input09.txt"", ""input10.txt"", ""input11.txt"", ""input12.txt"", ""input13.txt"", ""input17.txt"", ""input18.txt"", ""input19.txt"", ""input20.txt"", ""input24.txt"", ""input25.txt"", ""input27.txt"", ""input28.txt"", ""input29.txt""]",38.531664,1.284389,3.0
matei-si-diamantele,1314235686,user_0086,12.5,java,grid_scan,1314236118,0.587234,0.897108,0.7858,0.700053,0.0,0.700053,high,30,9,21,30.0,1,13,7,False,"[""input00.txt"", ""input01.txt"", ""input02.txt"", ""input03.txt"", ""input06.txt"", ""input11.txt"", ""input15.txt"", ""input21.txt"", ""input22.txt""]","[""input04.txt"", ""input05.txt"", ""input07.txt"", ""input08.txt"", ""input09.txt"", ""input10.txt"", ""input12.txt"", ""input13.txt"", ""input14.txt"", ""input16.txt"", ""input17.txt"", ""input18.txt"", ""input19.txt"", ""input20.txt"", ""input23.txt"", ""input24.txt"", ""input25.txt"", ""input26.txt"", ""input27.txt"", ""input28.txt"", ""input29.txt""]","[""input05.txt"", ""input08.txt"", ""input09.txt"", ""input10.txt"", ""input12.txt"", ""input13.txt"", ""input16.txt"", ""input17.txt"", ""input18.txt"", ""input19.txt"", ""input20.txt"", ""input23.txt"", ""input24.txt""]","[""input07.txt"", ""input14.txt"", ""input25.txt"", ""input26.txt"", ""input27.txt"", ""input28.txt"", ""input29.txt""]",47.368876,1.578963,3.0
matei-si-diamantele,1314236008,user_0086,12.5,java,grid_scan,1314236118,0.587234,0.896777,0.7858,0.699954,0.0,0.699954,medium,30,9,21,30.0,1,13,7,False,"[""input00.txt"", ""input01.txt"", ""input02.txt"", ""input03.txt"", ""input06.txt"", ""input11.txt"", ""input15.txt"", ""input21.txt"", ""input22.txt""]","[""input04.txt"", ""input05.txt"", ""input07.txt"", ""input08.txt"", ""input09.txt"", ""input10.txt"", ""input12.txt"", ""input13.txt"", ""input14.txt"", ""input16.txt"", ""input17.txt"", ""input18.txt"", ""input19.txt"", ""input20.txt"", ""input23.txt"", ""input24.txt"", ""input25.txt"", ""input26.txt"", ""input27.txt"", ""input28.txt"", ""input29.txt""]","[""input05.txt"", ""input08.txt"", ""input09.txt"", ""input10.txt"", ""input12.txt"", ""input13.txt"", ""input16.txt"", ""input17.txt"", ""input18.txt"", ""input19.txt"", ""input20.txt"", ""input23.txt"", ""input24.txt""]","[""input07.txt"", ""input14.txt"", ""input25.txt"", ""input26.txt"", ""input27.txt"", ""input28.txt"", ""input29.txt""]",46.396199,1.54654,3.0
matei-si-diamantele,1314237765,user_0019,12.5,java,grid_scan,1314236118,0.83105,0.936035,0.7858,0.858021,0.0,0.858021,high,30,9,21,30.0,1,13,7,False,"[""input00.txt"", ""input01.txt"", ""input02.txt"", ""input03.txt"", ""input06.txt"", ""input11.txt"", ""input15.txt"", ""input21.txt"", ""input22.txt""]","[""input04.txt"", ""input05.txt"", ""input07.txt"", ""input08.txt"", ""input09.txt"", ""input10.txt"", ""input12.txt"", ""input13.txt"", ""input14.txt"", ""input16.txt"", ""input17.txt"", ""input18.txt"", ""input19.txt"", ""input20.txt"", ""input23.txt"", ""input24.txt"", ""input25.txt"", ""input26.txt"", ""input27.txt"", ""input28.txt"", ""input29.txt""]","[""input05.txt"", ""input08.txt"", ""input09.txt"", ""input10.txt"", ""input12.txt"", ""input14.txt"", ""input16.txt"", ""input17.txt"", ""input18.txt"", ""input19.txt"", ""input20.txt"", ""input23.txt"", ""input24.txt""]","[""input07.txt"", ""input13.txt"", ""input25.txt"", ""input26.txt"", ""input27.txt"", ""input28.txt"", ""input29.txt""]",45.302387,1.51008,3.0
matei-si-diamantele,1314265771,user_0134,12.5,c,unknown,,0.0,0.0,0.0,0.0,0.0,0.0,no_reference,0,0,0,0.0,0,0,0,True,[],[],[],[],0.0,0.0,0.0
matei-si-diamantele,1323077370,user_0115,12.5,cpp,unknown,1333751390,0.0,0.933323,0.7858,0.358577,0.343476,0.015101,low,30,9,21,30.0,1,16,4,False,"[""input00.txt"", ""input01.txt"", ""input02.txt"", ""input03.txt"", ""input06.txt"", ""input11.txt"", ""input15.txt"", ""input21.txt"", ""input22.txt""]","[""input04.txt"", ""input05.txt"", ""input07.txt"", ""input08.txt"", ""input09.txt"", ""input10.txt"", ""input12.txt"", ""input13.txt"", ""input14.txt"", ""input16.txt"", ""input17.txt"", ""input18.txt"", ""input19.txt"", ""input20.txt"", ""input23.txt"", ""input24.txt"", ""input25.txt"", ""input26.txt"", ""input27.txt"", ""input28.txt"", ""input29.txt""]","[""input05.txt"", ""input07.txt"", ""input08.txt"", ""input09.txt"", ""input10.txt"", ""input12.txt"", ""input13.txt"", ""input14.txt"", ""input16.txt"", ""input17.txt"", ""input18.txt"", ""input19.txt"", ""input20.txt"", ""input23.txt"", ""input24.txt"", ""input26.txt""]","[""input25.txt"", ""input27.txt"", ""input28.txt"", ""input29.txt""]",66.695571,2.223186,3.0
matei-si-diamantele,1323405634,user_0154,12.5,cpp,unknown,1333751390,0.0,0.875513,0.7858,0.341234,0.340727,0.000506,low,30,9,21,30.0,16,5,0,False,"[""input00.txt"", ""input01.txt"", ""input02.txt"", ""input04.txt"", ""input25.txt"", ""input26.txt"", ""input27.txt"", ""input28.txt"", ""input29.txt""]","[""input03.txt"", ""input05.txt"", ""input06.txt"", ""input07.txt"", ""input08.txt"", ""input09.txt"", ""input10.txt"", ""input11.txt"", ""input12.txt"", ""input13.txt"", ""input14.txt"", ""input15.txt"", ""input16.txt"", ""input17.txt"", ""input18.txt"", ""input19.txt"", ""input20.txt"", ""input21.txt"", ""input22.txt"", ""input23.txt"", ""input24.txt""]","[""input05.txt"", ""input12.txt"", ""input20.txt"", ""input21.txt"", ""input23.txt""]",[],55.094136,1.836471,3.0
matei-si-diamantele,1323449703,user_0167,12.5,cpp,unknown,1378120312,0.0,0.780584,0.7858,0.312755,0.308457,0.004298,low,30,6,24,20.0,13,6,5,False,"[""input00.txt"", ""input01.txt"", ""input02.txt"", ""input03.txt"", ""input04.txt"", ""input13.txt""]","[""input05.txt"", ""input06.txt"", ""input07.txt"", ""input08.txt"", ""input09.txt"", ""input10.txt"", ""input11.txt"", ""input12.txt"", ""input14.txt"", ""input15.txt"", ""input16.txt"", ""input17.txt"", ""input18.txt"", ""input19.txt"", ""input20.txt"", ""input21.txt"", ""input22.txt"", ""input23.txt"", ""input24.txt"", ""input25.txt"", ""input26.txt"", ""input27.txt"", ""input28.txt"", ""input29.txt""]","[""input05.txt"", ""input12.txt"", ""input15.txt"", ""input20.txt"", ""input21.txt"", ""input23.txt""]","[""input25.txt"", ""input26.txt"", ""input27.txt"", ""input28.txt"", ""input29.txt""]",60.525105,2.017504,3.069898
matei-si-diamantele,1332626136,user_0069,12.5,java,grid_scan,1314236118,0.653992,0.915534,0.7858,0.745636,0.0,0.745636,high,30,9,21,30.0,1,15,5,False,"[""input00.txt"", ""input01.txt"", ""input02.txt"", ""input03.txt"", ""input06.txt"", ""input11.txt"", ""input15.txt"", ""input21.txt"", ""input22.txt""]","[""input04.txt"", ""input05.txt"", ""input07.txt"", ""input08.txt"", ""input09.txt"", ""input10.txt"", ""input12.txt"", ""input13.txt"", ""input14.txt"", ""input16.txt"", ""input17.txt"", ""input18.txt"", ""input19.txt"", ""input20.txt"", ""input23.txt"", ""input24.txt"", ""input25.txt"", ""input26.txt"", ""input27.txt"", ""input28.txt"", ""input29.txt""]","[""input05.txt"", ""input07.txt"", ""input08.txt"", ""input09.txt"", ""input10.txt"", ""input12.txt"", ""input13.txt"", ""input14.txt"", ""input16.txt"", ""input17.txt"", ""input18.txt"", ""input19.txt"", ""input20.txt"", ""input23.txt"", ""input24.txt""]","[""input25.txt"", ""input26.txt"", ""input27.txt"", ""input28.txt"", ""input29.txt""]",51.112288,1.703743,3.0
matei-si-diamantele,1344603953,user_0119,12.5,java,grid_scan,1314236118,0.59322,0.986421,0.7858,0.730439,0.0,0.730439,high,30,9,21,30.0,1,15,5,False,"[""input00.txt"", ""input01.txt"", ""input02.txt"", ""input03.txt"", ""input06.txt"", ""input11.txt"", ""input15.txt"", ""input21.txt"", ""input22.txt""]","[""input04.txt"", ""input05.txt"", ""input07.txt"", ""input08.txt"", ""input09.txt"", ""input10.txt"", ""input12.txt"", ""input13.txt"", ""input14.txt"", ""input16.txt"", ""input17.txt"", ""input18.txt"", ""input19.txt"", ""input20.txt"", ""input23.txt"", ""input24.txt"", ""input25.txt"", ""input26.txt"", ""input27.txt"", ""input28.txt"", ""input29.txt""]","[""input05.txt"", ""input07.txt"", ""input08.txt"", ""input09.txt"", ""input10.txt"", ""input12.txt"", ""input13.txt"", ""input14.txt"", ""input16.txt"", ""input17.txt"", ""input18.txt"", ""input19.txt"", ""input20.txt"", ""input23.txt"", ""input24.txt""]","[""input25.txt"", ""input26.txt"", ""input27.txt"", ""input28.txt"", ""input29.txt""]",50.677321,1.689244,3.0
matei-si-diamantele,1344626377,user_0043,12.5,java,grid_scan,1314236118,0.724138,0.875428,0.7858,0.775691,0.0,0.775691,high,30,9,21,30.0,1,14,6,False,"[""input00.txt"", ""input01.txt"", ""input02.txt"", ""input03.txt"", ""input06.txt"", ""input11.txt"", ""input15.txt"", ""input21.txt"", ""input22.txt""]","[""input04.txt"", ""input05.txt"", ""input07.txt"", ""input08.txt"", ""input09.txt"", ""input10.txt"", ""input12.txt"", ""input13.txt"", ""input14.txt"", ""input16.txt"", ""input17.txt"", ""input18.txt"", ""input19.txt"", ""input20.txt"", ""input23.txt"", ""input24.txt"", ""input25.txt"", ""input26.txt"", ""input27.txt"", ""input28.txt"", ""input29.txt""]","[""input05.txt"", ""input08.txt"", ""input09.txt"", ""input10.txt"", ""input12.txt"", ""input13.txt"", ""input14.txt"", ""input16.txt"", ""input17.txt"", ""input18.txt"", ""input19.txt"", ""input20.txt"", ""input23.txt"", ""input24.txt""]","[""input07.txt"", ""input25.txt"", ""input26.txt"", ""input27.txt"", ""input28.txt"", ""input29.txt""]",49.495243,1.649841,3.0
matei-si-diamantele,1344667888,user_0070,12.5,cpp,unknown,1333751390,0.0,0.943675,0.7858,0.361683,0.342409,0.019274,low,30,9,21,30.0,1,14,6,False,"[""input00.txt"", ""input01.txt"", ""input02.txt"", ""input03.txt"", ""input06.txt"", ""input11.txt"", ""input15.txt"", ""input21.txt"", ""input22.txt""]","[""input04.txt"", ""input05.txt"", ""input07.txt"", ""input08.txt"", ""input09.txt"", ""input10.txt"", ""input12.txt"", ""input13.txt"", ""input14.txt"", ""input16.txt"", ""input17.txt"", ""input18.txt"", ""input19.txt"", ""input20.txt"", ""input23.txt"", ""input24.txt"", ""input25.txt"", ""input26.txt"", ""input27.txt"", ""input28.txt"", ""input29.txt""]","[""input05.txt"", ""input07.txt"", ""input08.txt"", ""input09.txt"", ""input10.txt"", ""input12.txt"", ""input13.txt"", ""input14.txt"", ""input16.txt"", ""input17.txt"", ""input19.txt"", ""input20.txt"", ""input23.txt"", ""input24.txt""]","[""input18.txt"", ""input25.txt"", ""input26.txt"", ""input27.txt"", ""input28.txt"", ""input29.txt""]",63.508243,2.116941,3.0
matei-si-diamantele,1378078710,user_0140,12.5,cpp,unknown,1378120312,0.183206,0.868041,0.7858,0.448916,0.332636,0.11628,low,30,9,21,30.0,16,5,0,False,"[""input00.txt"", ""input01.txt"", ""input02.txt"", ""input03.txt"", ""input04.txt"", ""input05.txt"", ""input09.txt"", ""input21.txt"", ""input22.txt""]","[""input06.txt"", ""input07.txt"", ""input08.txt"", ""input10.txt"", ""input11.txt"", ""input12.txt"", ""input13.txt"", ""input14.txt"", ""input15.txt"", ""input16.txt"", ""input17.txt"", ""input18.txt"", ""input19.txt"", ""input20.txt"", ""input23.txt"", ""input24.txt"", ""input25.txt"", ""input26.txt"", ""input27.txt"", ""input28.txt"", ""input29.txt""]","[""input25.txt"", ""input26.txt"", ""input27.txt"", ""input28.txt"", ""input29.txt""]",[],33.09862,1.103287,3.0
matei-si-diamantele,1378159378,user_0218,12.5,cpp,unknown,1333751390,0.222222,0.835054,0.7858,0.462429,0.34107,0.121359,low,30,8,22,26.67,1,20,1,False,"[""input00.txt"", ""input01.txt"", ""input02.txt"", ""input03.txt"", ""input06.txt"", ""input11.txt"", ""input15.txt"", ""input22.txt""]","[""input04.txt"", ""input05.txt"", ""input07.txt"", ""input08.txt"", ""input09.txt"", ""input10.txt"", ""input12.txt"", ""input13.txt"", ""input14.txt"", ""input16.txt"", ""input17.txt"", ""input18.txt"", ""input19.txt"", ""input20.txt"", ""input21.txt"", ""input23.txt"", ""input24.txt"", ""input25.txt"", ""input26.txt"", ""input27.txt"", ""input28.txt"", ""input29.txt""]","[""input05.txt"", ""input07.txt"", ""input08.txt"", ""input09.txt"", ""input10.txt"", ""input12.txt"", ""input13.txt"", ""input14.txt"", ""input16.txt"", ""input17.txt"", ""input18.txt"", ""input19.txt"", ""input20.txt"", ""input21.txt"", ""input23.txt"", ""input24.txt"", ""input25.txt"", ""input26.txt"", ""input27.txt"", ""input28.txt""]","[""input29.txt""]",71.184309,2.37281,3.0
matei-si-diamantele,1314234542,user_0038,14.29,java,grid_scan,1314236118,0.60262,0.932324,0.75,0.716269,0.0,0.716269,high,30,10,20,33.33,0,15,5,False,"[""input00.txt"", ""input01.txt"", ""input02.txt"", ""input03.txt"", ""input04.txt"", ""input06.txt"", ""input11.txt"", ""input15.txt"", ""input21.txt"", ""input22.txt""]","[""input05.txt"", ""input07.txt"", ""input08.txt"", ""input09.txt"", ""input10.txt"", ""input12.txt"", ""input13.txt"", ""input14.txt"", ""input16.txt"", ""input17.txt"", ""input18.txt"", ""input19.txt"", ""input20.txt"", ""input23.txt"", ""input24.txt"", ""input25.txt"", ""input26.txt"", ""input27.txt"", ""input28.txt"", ""input29.txt""]","[""input05.txt"", ""input07.txt"", ""input08.txt"", ""input09.txt"", ""input10.txt"", ""input12.txt"", ""input13.txt"", ""input14.txt"", ""input16.txt"", ""input17.txt"", ""input18.txt"", ""input19.txt"", ""input20.txt"", ""input23.txt"", ""input24.txt""]","[""input25.txt"", ""input26.txt"", ""input27.txt"", ""input28.txt"", ""input29.txt""]",50.329029,1.677634,3.0
matei-si-diamantele,1314234951,user_0153,14.29,cpp,unknown,1378120312,0.0,0.9131,0.75,0.34893,0.340207,0.008723,low,30,0,30,0.0,0,3,27,False,[],"[""input00.txt"", ""input01.txt"", ""input02.txt"", ""input03.txt"", ""input04.txt"", ""input05.txt"", ""input06.txt"", ""input07.txt"", ""input08.txt"", ""input09.txt"", ""input10.txt"", ""input11.txt"", ""input12.txt"", ""input13.txt"", ""input14.txt"", ""input15.txt"", ""input16.txt"", ""input17.txt"", ""input18.txt"", ""input19.txt"", ""input20.txt"", ""input21.txt"", ""input22.txt"", ""input23.txt"", ""input24.txt"", ""input25.txt"", ""input26.txt"", ""input27.txt"", ""input28.txt"", ""input29.txt""]","[""input06.txt"", ""input20.txt"", ""input25.txt""]","[""input00.txt"", ""input01.txt"", ""input02.txt"", ""input03.txt"", ""input04.txt"", ""input05.txt"", ""input07.txt"", ""input08.txt"", ""input09.txt"", ""input10.txt"", ""input11.txt"", ""input12.txt"", ""input13.txt"", ""input14.txt"", ""input15.txt"", ""input16.txt"", ""input17.txt"", ""input18.txt"", ""input19.txt"", ""input21.txt"", ""input22.txt"", ""input23.txt"", ""input24.txt"", ""input26.txt"", ""input27.txt"", ""input28.txt"", ""input29.txt""]",15.721249,0.524042,3.0
matei-si-diamantele,1314235287,user_0040,14.29,java,grid_scan,1314236118,0.590717,0.906983,0.75,0.701525,0.0,0.701525,high,30,10,20,33.33,0,15,5,False,"[""input00.txt"", ""input01.txt"", ""input02.txt"", ""input03.txt"", ""input04.txt"", ""input06.txt"", ""input11.txt"", ""input15.txt"", ""input21.txt"", ""input22.txt""]","[""input05.txt"", ""input07.txt"", ""input08.txt"", ""input09.txt"", ""input10.txt"", ""input12.txt"", ""input13.txt"", ""input14.txt"", ""input16.txt"", ""input17.txt"", ""input18.txt"", ""input19.txt"", ""input20.txt"", ""input23.txt"", ""input24.txt"", ""input25.txt"", ""input26.txt"", ""input27.txt"", ""input28.txt"", ""input29.txt""]","[""input05.txt"", ""input07.txt"", ""input08.txt"", ""input09.txt"", ""input10.txt"", ""input12.txt"", ""input13.txt"", ""input14.txt"", ""input16.txt"", ""input17.txt"", ""input18.txt"", ""input19.txt"", ""input20.txt"", ""input23.txt"", ""input24.txt""]","[""input25.txt"", ""input26.txt"", ""input27.txt"", ""input28.txt"", ""input29.txt""]",50.714272,1.690476,3.0
matei-si-diamantele,1314235969,user_0137,14.29,java,grid_scan,1314236118,0.558704,0.872214,0.75,0.671887,0.0,0.671887,medium,30,10,20,33.33,0,15,5,False,"[""input00.txt"", ""input01.txt"", ""input02.txt"", ""input03.txt"", ""input04.txt"", ""input06.txt"", ""input11.txt"", ""input15.txt"", ""input21.txt"", ""input22.txt""]","[""input05.txt"", ""input07.txt"", ""input08.txt"", ""input09.txt"", ""input10.txt"", ""input12.txt"", ""input13.txt"", ""input14.txt"", ""input16.txt"", ""input17.txt"", ""input18.txt"", ""input19.txt"", ""input20.txt"", ""input23.txt"", ""input24.txt"", ""input25.txt"", ""input26.txt"", ""input27.txt"", ""input28.txt"", ""input29.txt""]","[""input05.txt"", ""input07.txt"", ""input08.txt"", ""input09.txt"", ""input10.txt"", ""input12.txt"", ""input13.txt"", ""input14.txt"", ""input16.txt"", ""input17.txt"", ""input18.txt"", ""input19.txt"", ""input20.txt"", ""input23.txt"", ""input24.txt""]","[""input25.txt"", ""input26.txt"", ""input27.txt"", ""input28.txt"", ""input29.txt""]",53.044553,1.768152,3.0
matei-si-diamantele,1314236045,user_0151,14.29,java,grid_scan,1314236118,0.627737,0.808728,0.75,0.694261,0.0,0.694261,medium,30,10,20,33.33,20,0,0,False,"[""input00.txt"", ""input01.txt"", ""input02.txt"", ""input03.txt"", ""input04.txt"", ""input25.txt"", ""input26.txt"", ""input27.txt"", ""input28.txt"", ""input29.txt""]","[""input05.txt"", ""input06.txt"", ""input07.txt"", ""input08.txt"", ""input09.txt"", ""input10.txt"", ""input11.txt"", ""input12.txt"", ""input13.txt"", ""input14.txt"", ""input15.txt"", ""input16.txt"", ""input17.txt"", ""input18.txt"", ""input19.txt"", ""input20.txt"", ""input21.txt"", ""input22.txt"", ""input23.txt"", ""input24.txt""]",[],[],22.294905,0.743163,1.243188
matei-si-diamantele,1314236105,user_0137,14.29,java,grid_scan,1314236118,0.560976,0.872512,0.75,0.673339,0.0,0.673339,medium,30,10,20,33.33,0,15,5,False,"[""input00.txt"", ""input01.txt"", ""input02.txt"", ""input03.txt"", ""input04.txt"", ""input06.txt"", ""input11.txt"", ""input15.txt"", ""input21.txt"", ""input22.txt""]","[""input05.txt"", ""input07.txt"", ""input08.txt"", ""input09.txt"", ""input10.txt"", ""input12.txt"", ""input13.txt"", ""input14.txt"", ""input16.txt"", ""input17.txt"", ""input18.txt"", ""input19.txt"", ""input20.txt"", ""input23.txt"", ""input24.txt"", ""input25.txt"", ""input26.txt"", ""input27.txt"", ""input28.txt"", ""input29.txt""]","[""input05.txt"", ""input07.txt"", ""input08.txt"", ""input09.txt"", ""input10.txt"", ""input12.txt"", ""input13.txt"", ""input14.txt"", ""input16.txt"", ""input17.txt"", ""input18.txt"", ""input19.txt"", ""input20.txt"", ""input23.txt"", ""input24.txt""]","[""input25.txt"", ""input26.txt"", ""input27.txt"", ""input28.txt"", ""input29.txt""]",50.900326,1.696678,3.0
matei-si-diamantele,1314237409,user_0145,14.29,java,grid_scan,1314236118,0.683128,0.916763,0.75,0.759905,0.0,0.759905,high,30,0,30,0.0,0,0,30,False,[],"[""input00.txt"", ""input01.txt"", ""input02.txt"", ""input03.txt"", ""input04.txt"", ""input05.txt"", ""input06.txt"", ""input07.txt"", ""input08.txt"", ""input09.txt"", ""input10.txt"", ""input11.txt"", ""input12.txt"", ""input13.txt"", ""input14.txt"", ""input15.txt"", ""input16.txt"", ""input17.txt"", ""input18.txt"", ""input19.txt"", ""input20.txt"", ""input21.txt"", ""input22.txt"", ""input23.txt"", ""input24.txt"", ""input25.txt"", ""input26.txt"", ""input27.txt"", ""input28.txt"", ""input29.txt""]",[],"[""input00.txt"", ""input01.txt"", ""input02.txt"", ""input03.txt"", ""input04.txt"", ""input05.txt"", ""input06.txt"", ""input07.txt"", ""input08.txt"", ""input09.txt"", ""input10.txt"", ""input11.txt"", ""input12.txt"", ""input13.txt"", ""input14.txt"", ""input15.txt"", ""input16.txt"", ""input17.txt"", ""input18.txt"", ""input19.txt"", ""input20.txt"", ""input21.txt"", ""input22.txt"", ""input23.txt"", ""input24.txt"", ""input25.txt"", ""input26.txt"", ""input27.txt"", ""input28.txt"", ""input29.txt""]",7.830312,0.26101,0.446527
matei-si-diamantele,1314265677,user_0134,14.29,c,unknown,,0.0,0.0,0.0,0.0,0.0,0.0,no_reference,0,0,0,0.0,0,0,0,True,[],[],[],[],0.0,0.0,0.0
matei-si-diamantele,1323070598,user_0115,14.29,cpp,unknown,1391825752,0.222222,0.897133,0.4644,0.448913,0.338608,0.110305,low,30,10,20,33.33,16,4,0,False,"[""input00.txt"", ""input01.txt"", ""input02.txt"", ""input03.txt"", ""input04.txt"", ""input25.txt"", ""input26.txt"", ""input27.txt"", ""input28.txt"", ""input29.txt""]","[""input05.txt"", ""input06.txt"", ""input07.txt"", ""input08.txt"", ""input09.txt"", ""input10.txt"", ""input11.txt"", ""input12.txt"", ""input13.txt"", ""input14.txt"", ""input15.txt"", ""input16.txt"", ""input17.txt"", ""input18.txt"", ""input19.txt"", ""input20.txt"", ""input21.txt"", ""input22.txt"", ""input23.txt"", ""input24.txt""]","[""input12.txt"", ""input20.txt"", ""input21.txt"", ""input23.txt""]",[],54.413082,1.813769,3.0
matei-si-diamantele,1323376847,user_0122,14.29,cpp,unknown,1333751390,0.0,0.89674,0.75,0.344022,0.327273,0.016749,low,30,10,20,33.33,16,4,0,False,"[""input00.txt"", ""input01.txt"", ""input02.txt"", ""input03.txt"", ""input04.txt"", ""input25.txt"", ""input26.txt"", ""input27.txt"", ""input28.txt"", ""input29.txt""]","[""input05.txt"", ""input06.txt"", ""input07.txt"", ""input08.txt"", ""input09.txt"", ""input10.txt"", ""input11.txt"", ""input12.txt"", ""input13.txt"", ""input14.txt"", ""input15.txt"", ""input16.txt"", ""input17.txt"", ""input18.txt"", ""input19.txt"", ""input20.txt"", ""input21.txt"", ""input22.txt"", ""input23.txt"", ""input24.txt""]","[""input05.txt"", ""input12.txt"", ""input20.txt"", ""input23.txt""]",[],53.775624,1.792521,3.0
matei-si-diamantele,1323401347,user_0108,14.29,cpp,unknown,1333751390,0.0,0.945721,0.75,0.358716,0.340591,0.018126,low,30,10,20,33.33,0,18,2,False,"[""input00.txt"", ""input01.txt"", ""input02.txt"", ""input03.txt"", ""input04.txt"", ""input06.txt"", ""input11.txt"", ""input15.txt"", ""input21.txt"", ""input22.txt""]","[""input05.txt"", ""input07.txt"", ""input08.txt"", ""input09.txt"", ""input10.txt"", ""input12.txt"", ""input13.txt"", ""input14.txt"", ""input16.txt"", ""input17.txt"", ""input18.txt"", ""input19.txt"", ""input20.txt"", ""input23.txt"", ""input24.txt"", ""input25.txt"", ""input26.txt"", ""input27.txt"", ""input28.txt"", ""input29.txt""]","[""input05.txt"", ""input07.txt"", ""input08.txt"", ""input09.txt"", ""input10.txt"", ""input12.txt"", ""input13.txt"", ""input14.txt"", ""input16.txt"", ""input17.txt"", ""input18.txt"", ""input19.txt"", ""input20.txt"", ""input23.txt"", ""input24.txt"", ""input26.txt"", ""input28.txt"", ""input29.txt""]","[""input25.txt"", ""input27.txt""]",68.498491,2.283283,3.012565
matei-si-diamantele,1323405516,user_0033,14.29,cpp,unknown,1378120312,0.0,0.920704,0.75,0.351211,0.326906,0.024305,low,30,9,21,30.0,0,19,2,False,"[""input00.txt"", ""input01.txt"", ""input02.txt"", ""input03.txt"", ""input04.txt"", ""input06.txt"", ""input11.txt"", ""input15.txt"", ""input22.txt""]","[""input05.txt"", ""input07.txt"", ""input08.txt"", ""input09.txt"", ""input10.txt"", ""input12.txt"", ""input13.txt"", ""input14.txt"", ""input16.txt"", ""input17.txt"", ""input18.txt"", ""input19.txt"", ""input20.txt"", ""input21.txt"", ""input23.txt"", ""input24.txt"", ""input25.txt"", ""input26.txt"", ""input27.txt"", ""input28.txt"", ""input29.txt""]","[""input05.txt"", ""input07.txt"", ""input08.txt"", ""input09.txt"", ""input10.txt"", ""input12.txt"", ""input13.txt"", ""input14.txt"", ""input16.txt"", ""input17.txt"", ""input18.txt"", ""input19.txt"", ""input20.txt"", ""input21.txt"", ""input23.txt"", ""input24.txt"", ""input25.txt"", ""input26.txt"", ""input27.txt""]","[""input28.txt"", ""input29.txt""]",70.031541,2.334385,3.0
matei-si-diamantele,1323418080,user_0138,14.29,java,grid_scan,1314236118,0.540541,0.984364,0.75,0.694633,0.0,0.694633,medium,30,10,20,33.33,0,15,5,False,"[""input00.txt"", ""input01.txt"", ""input02.txt"", ""input03.txt"", ""input04.txt"", ""input06.txt"", ""input11.txt"", ""input15.txt"", ""input21.txt"", ""input22.txt""]","[""input05.txt"", ""input07.txt"", ""input08.txt"", ""input09.txt"", ""input10.txt"", ""input12.txt"", ""input13.txt"", ""input14.txt"", ""input16.txt"", ""input17.txt"", ""input18.txt"", ""input19.txt"", ""input20.txt"", ""input23.txt"", ""input24.txt"", ""input25.txt"", ""input26.txt"", ""input27.txt"", ""input28.txt"", ""input29.txt""]","[""input05.txt"", ""input07.txt"", ""input08.txt"", ""input09.txt"", ""input10.txt"", ""input12.txt"", ""input13.txt"", ""input14.txt"", ""input16.txt"", ""input17.txt"", ""input18.txt"", ""input19.txt"", ""input20.txt"", ""input23.txt"", ""input24.txt""]","[""input25.txt"", ""input26.txt"", ""input27.txt"", ""input28.txt"", ""input29.txt""]",51.619488,1.72065,3.0
matei-si-diamantele,1323423511,user_0269,14.29,java,grid_scan,1314236118,0.520755,0.858742,0.75,0.645076,0.0,0.645076,medium,30,10,20,33.33,15,0,5,False,"[""input00.txt"", ""input01.txt"", ""input02.txt"", ""input03.txt"", ""input04.txt"", ""input06.txt"", ""input07.txt"", ""input12.txt"", ""input15.txt"", ""input21.txt""]","[""input05.txt"", ""input08.txt"", ""input09.txt"", ""input10.txt"", ""input11.txt"", ""input13.txt"", ""input14.txt"", ""input16.txt"", ""input17.txt"", ""input18.txt"", ""input19.txt"", ""input20.txt"", ""input22.txt"", ""input23.txt"", ""input24.txt"", ""input25.txt"", ""input26.txt"", ""input27.txt"", ""input28.txt"", ""input29.txt""]",[],"[""input25.txt"", ""input26.txt"", ""input27.txt"", ""input28.txt"", ""input29.txt""]",12.70812,0.423604,0.667572
matei-si-diamantele,1323449662,user_0167,14.29,cpp,unknown,1378120312,0.0,0.816386,0.75,0.319916,0.304489,0.015427,low,30,9,21,30.0,0,18,3,False,"[""input00.txt"", ""input01.txt"", ""input02.txt"", ""input03.txt"", ""input04.txt"", ""input06.txt"", ""input11.txt"", ""input15.txt"", ""input22.txt""]","[""input05.txt"", ""input07.txt"", ""input08.txt"", ""input09.txt"", ""input10.txt"", ""input12.txt"", ""input13.txt"", ""input14.txt"", ""input16.txt"", ""input17.txt"", ""input18.txt"", ""input19.txt"", ""input20.txt"", ""input21.txt"", ""input23.txt"", ""input24.txt"", ""input25.txt"", ""input26.txt"", ""input27.txt"", ""input28.txt"", ""input29.txt""]","[""input05.txt"", ""input07.txt"", ""input08.txt"", ""input09.txt"", ""input10.txt"", ""input12.txt"", ""input13.txt"", ""input14.txt"", ""input16.txt"", ""input17.txt"", ""input18.txt"", ""input19.txt"", ""input20.txt"", ""input21.txt"", ""input23.txt"", ""input24.txt"", ""input26.txt"", ""input27.txt""]","[""input25.txt"", ""input28.txt"", ""input29.txt""]",70.248048,2.341602,3.0
matei-si-diamantele,1323450102,user_0138,14.29,java,grid_scan,1314236118,0.472222,0.826029,0.75,0.606142,0.0,0.606142,medium,30,10,20,33.33,19,0,1,False,"[""input00.txt"", ""input01.txt"", ""input02.txt"", ""input03.txt"", ""input04.txt"", ""input25.txt"", ""input26.txt"", ""input27.txt"", ""input28.txt"", ""input29.txt""]","[""input05.txt"", ""input06.txt"", ""input07.txt"", ""input08.txt"", ""input09.txt"", ""input10.txt"", ""input11.txt"", ""input12.txt"", ""input13.txt"", ""input14.txt"", ""input15.txt"", ""input16.txt"", ""input17.txt"", ""input18.txt"", ""input19.txt"", ""input20.txt"", ""input21.txt"", ""input22.txt"", ""input23.txt"", ""input24.txt""]",[],"[""input07.txt""]",15.994448,0.533148,0.934578
matei-si-diamantele,1323452118,user_0065,14.29,java,grid_scan,1314236118,0.442105,0.894116,0.75,0.608498,0.0,0.608498,medium,30,10,20,33.33,20,0,0,False,"[""input00.txt"", ""input01.txt"", ""input02.txt"", ""input03.txt"", ""input04.txt"", ""input25.txt"", ""input26.txt"", ""input27.txt"", ""input28.txt"", ""input29.txt""]","[""input05.txt"", ""input06.txt"", ""input07.txt"", ""input08.txt"", ""input09.txt"", ""input10.txt"", ""input11.txt"", ""input12.txt"", ""input13.txt"", ""input14.txt"", ""input15.txt"", ""input16.txt"", ""input17.txt"", ""input18.txt"", ""input19.txt"", ""input20.txt"", ""input21.txt"", ""input22.txt"", ""input23.txt"", ""input24.txt""]",[],[],16.940043,0.564668,0.987097
matei-si-diamantele,1332673197,user_0068,14.29,java,grid_scan,1314236118,0.697095,0.912111,0.75,0.766891,0.0,0.766891,high,30,9,21,30.0,20,0,1,False,"[""input01.txt"", ""input02.txt"", ""input03.txt"", ""input04.txt"", ""input25.txt"", ""input26.txt"", ""input27.txt"", ""input28.txt"", ""input29.txt""]","[""input00.txt"", ""input05.txt"", ""input06.txt"", ""input07.txt"", ""input08.txt"", ""input09.txt"", ""input10.txt"", ""input11.txt"", ""input12.txt"", ""input13.txt"", ""input14.txt"", ""input15.txt"", ""input16.txt"", ""input17.txt"", ""input18.txt"", ""input19.txt"", ""input20.txt"", ""input21.txt"", ""input22.txt"", ""input23.txt"", ""input24.txt""]",[],"[""input13.txt""]",12.602951,0.420098,0.640193
matei-si-diamantele,1332757017,user_0131,14.29,cpp,unknown,1378120312,0.0,0.959268,0.75,0.36278,0.343302,0.019478,low,30,0,30,0.0,0,12,18,False,[],"[""input00.txt"", ""input01.txt"", ""input02.txt"", ""input03.txt"", ""input04.txt"", ""input05.txt"", ""input06.txt"", ""input07.txt"", ""input08.txt"", ""input09.txt"", ""input10.txt"", ""input11.txt"", ""input12.txt"", ""input13.txt"", ""input14.txt"", ""input15.txt"", ""input16.txt"", ""input17.txt"", ""input18.txt"", ""input19.txt"", ""input20.txt"", ""input21.txt"", ""input22.txt"", ""input23.txt"", ""input24.txt"", ""input25.txt"", ""input26.txt"", ""input27.txt"", ""input28.txt"", ""input29.txt""]","[""input00.txt"", ""input19.txt"", ""input20.txt"", ""input21.txt"", ""input22.txt"", ""input23.txt"", ""input24.txt"", ""input25.txt"", ""input26.txt"", ""input27.txt"", ""input28.txt"", ""input29.txt""]","[""input01.txt"", ""input02.txt"", ""input03.txt"", ""input04.txt"", ""input05.txt"", ""input06.txt"", ""input07.txt"", ""input08.txt"", ""input09.txt"", ""input10.txt"", ""input11.txt"", ""input12.txt"", ""input13.txt"", ""input14.txt"", ""input15.txt"", ""input16.txt"", ""input17.txt"", ""input18.txt""]",38.813161,1.293772,3.0
matei-si-diamantele,1333805488,user_0232,14.29,cpp,unknown,1378117542,0.252252,0.924236,0.2858,0.457202,0.437458,0.019744,low,30,9,21,30.0,0,21,0,False,"[""input00.txt"", ""input01.txt"", ""input02.txt"", ""input03.txt"", ""input04.txt"", ""input06.txt"", ""input11.txt"", ""input15.txt"", ""input22.txt""]","[""input05.txt"", ""input07.txt"", ""input08.txt"", ""input09.txt"", ""input10.txt"", ""input12.txt"", ""input13.txt"", ""input14.txt"", ""input16.txt"", ""input17.txt"", ""input18.txt"", ""input19.txt"", ""input20.txt"", ""input21.txt"", ""input23.txt"", ""input24.txt"", ""input25.txt"", ""input26.txt"", ""input27.txt"", ""input28.txt"", ""input29.txt""]","[""input05.txt"", ""input07.txt"", ""input08.txt"", ""input09.txt"", ""input10.txt"", ""input12.txt"", ""input13.txt"", ""input14.txt"", ""input16.txt"", ""input17.txt"", ""input18.txt"", ""input19.txt"", ""input20.txt"", ""input21.txt"", ""input23.txt"", ""input24.txt"", ""input25.txt"", ""input26.txt"", ""input27.txt"", ""input28.txt"", ""input29.txt""]",[],72.57843,2.419281,3.0
matei-si-diamantele,1333805519,user_0232,14.29,cpp,unknown,1378117542,0.252252,0.924349,0.2858,0.457236,0.437322,0.019914,low,30,9,21,30.0,0,21,0,False,"[""input00.txt"", ""input01.txt"", ""input02.txt"", ""input03.txt"", ""input04.txt"", ""input06.txt"", ""input11.txt"", ""input15.txt"", ""input22.txt""]","[""input05.txt"", ""input07.txt"", ""input08.txt"", ""input09.txt"", ""input10.txt"", ""input12.txt"", ""input13.txt"", ""input14.txt"", ""input16.txt"", ""input17.txt"", ""input18.txt"", ""input19.txt"", ""input20.txt"", ""input21.txt"", ""input23.txt"", ""input24.txt"", ""input25.txt"", ""input26.txt"", ""input27.txt"", ""input28.txt"", ""input29.txt""]","[""input05.txt"", ""input07.txt"", ""input08.txt"", ""input09.txt"", ""input10.txt"", ""input12.txt"", ""input13.txt"", ""input14.txt"", ""input16.txt"", ""input17.txt"", ""input18.txt"", ""input19.txt"", ""input20.txt"", ""input21.txt"", ""input23.txt"", ""input24.txt"", ""input25.txt"", ""input26.txt"", ""input27.txt"", ""input28.txt"", ""input29.txt""]",[],72.509003,2.416967,3.0
matei-si-diamantele,1344594910,user_0155,14.29,java,grid_scan,1314236118,0.669528,0.862461,0.75,0.735455,0.0,0.735455,high,30,0,30,0.0,0,0,30,False,[],"[""input00.txt"", ""input01.txt"", ""input02.txt"", ""input03.txt"", ""input04.txt"", ""input05.txt"", ""input06.txt"", ""input07.txt"", ""input08.txt"", ""input09.txt"", ""input10.txt"", ""input11.txt"", ""input12.txt"", ""input13.txt"", ""input14.txt"", ""input15.txt"", ""input16.txt"", ""input17.txt"", ""input18.txt"", ""input19.txt"", ""input20.txt"", ""input21.txt"", ""input22.txt"", ""input23.txt"", ""input24.txt"", ""input25.txt"", ""input26.txt"", ""input27.txt"", ""input28.txt"", ""input29.txt""]",[],"[""input00.txt"", ""input01.txt"", ""input02.txt"", ""input03.txt"", ""input04.txt"", ""input05.txt"", ""input06.txt"", ""input07.txt"", ""input08.txt"", ""input09.txt"", ""input10.txt"", ""input11.txt"", ""input12.txt"", ""input13.txt"", ""input14.txt"", ""input15.txt"", ""input16.txt"", ""input17.txt"", ""input18.txt"", ""input19.txt"", ""input20.txt"", ""input21.txt"", ""input22.txt"", ""input23.txt"", ""input24.txt"", ""input25.txt"", ""input26.txt"", ""input27.txt"", ""input28.txt"", ""input29.txt""]",10.020503,0.334017,0.504018
matei-si-diamantele,1344668157,user_0070,14.29,cpp,unknown,1333751390,0.0,0.949415,0.75,0.359824,0.342021,0.017804,low,30,10,20,33.33,0,18,2,False,"[""input00.txt"", ""input01.txt"", ""input02.txt"", ""input03.txt"", ""input04.txt"", ""input06.txt"", ""input11.txt"", ""input15.txt"", ""input21.txt"", ""input22.txt""]","[""input05.txt"", ""input07.txt"", ""input08.txt"", ""input09.txt"", ""input10.txt"", ""input12.txt"", ""input13.txt"", ""input14.txt"", ""input16.txt"", ""input17.txt"", ""input18.txt"", ""input19.txt"", ""input20.txt"", ""input23.txt"", ""input24.txt"", ""input25.txt"", ""input26.txt"", ""input27.txt"", ""input28.txt"", ""input29.txt""]","[""input05.txt"", ""input07.txt"", ""input08.txt"", ""input09.txt"", ""input10.txt"", ""input12.txt"", ""input13.txt"", ""input14.txt"", ""input16.txt"", ""input17.txt"", ""input19.txt"", ""input20.txt"", ""input23.txt"", ""input24.txt"", ""input25.txt"", ""input26.txt"", ""input28.txt"", ""input29.txt""]","[""input18.txt"", ""input27.txt""]",67.813693,2.260456,3.0
matei-si-diamantele,1361579499,user_0230,14.29,cpp,unknown,1378120312,0.0,0.916458,0.75,0.349937,0.331693,0.018244,low,30,9,21,30.0,0,16,5,False,"[""input00.txt"", ""input01.txt"", ""input02.txt"", ""input03.txt"", ""input04.txt"", ""input06.txt"", ""input11.txt"", ""input15.txt"", ""input22.txt""]","[""input05.txt"", ""input07.txt"", ""input08.txt"", ""input09.txt"", ""input10.txt"", ""input12.txt"", ""input13.txt"", ""input14.txt"", ""input16.txt"", ""input17.txt"", ""input18.txt"", ""input19.txt"", ""input20.txt"", ""input21.txt"", ""input23.txt"", ""input24.txt"", ""input25.txt"", ""input26.txt"", ""input27.txt"", ""input28.txt"", ""input29.txt""]","[""input05.txt"", ""input07.txt"", ""input08.txt"", ""input09.txt"", ""input10.txt"", ""input12.txt"", ""input13.txt"", ""input14.txt"", ""input16.txt"", ""input17.txt"", ""input18.txt"", ""input19.txt"", ""input20.txt"", ""input21.txt"", ""input23.txt"", ""input24.txt""]","[""input25.txt"", ""input26.txt"", ""input27.txt"", ""input28.txt"", ""input29.txt""]",64.886637,2.162888,3.0
matei-si-diamantele,1361579640,user_0230,14.29,cpp,unknown,1333751390,0.0,0.915856,0.75,0.349757,0.333038,0.016719,low,30,9,21,30.0,0,21,0,False,"[""input00.txt"", ""input01.txt"", ""input02.txt"", ""input03.txt"", ""input04.txt"", ""input06.txt"", ""input11.txt"", ""input15.txt"", ""input22.txt""]","[""input05.txt"", ""input07.txt"", ""input08.txt"", ""input09.txt"", ""input10.txt"", ""input12.txt"", ""input13.txt"", ""input14.txt"", ""input16.txt"", ""input17.txt"", ""input18.txt"", ""input19.txt"", ""input20.txt"", ""input21.txt"", ""input23.txt"", ""input24.txt"", ""input25.txt"", ""input26.txt"", ""input27.txt"", ""input28.txt"", ""input29.txt""]","[""input05.txt"", ""input07.txt"", ""input08.txt"", ""input09.txt"", ""input10.txt"", ""input12.txt"", ""input13.txt"", ""input14.txt"", ""input16.txt"", ""input17.txt"", ""input18.txt"", ""input19.txt"", ""input20.txt"", ""input21.txt"", ""input23.txt"", ""input24.txt"", ""input25.txt"", ""input26.txt"", ""input27.txt"", ""input28.txt"", ""input29.txt""]",[],71.48286,2.382762,3.0
matei-si-diamantele,1361659374,user_0277,14.29,cpp,unknown,1378117542,0.270833,0.797625,0.2858,0.430368,0.340121,0.090246,low,30,9,21,30.0,0,16,5,False,"[""input00.txt"", ""input01.txt"", ""input02.txt"", ""input03.txt"", ""input04.txt"", ""input06.txt"", ""input11.txt"", ""input15.txt"", ""input22.txt""]","[""input05.txt"", ""input07.txt"", ""input08.txt"", ""input09.txt"", ""input10.txt"", ""input12.txt"", ""input13.txt"", ""input14.txt"", ""input16.txt"", ""input17.txt"", ""input18.txt"", ""input19.txt"", ""input20.txt"", ""input21.txt"", ""input23.txt"", ""input24.txt"", ""input25.txt"", ""input26.txt"", ""input27.txt"", ""input28.txt"", ""input29.txt""]","[""input05.txt"", ""input07.txt"", ""input08.txt"", ""input09.txt"", ""input10.txt"", ""input12.txt"", ""input13.txt"", ""input14.txt"", ""input16.txt"", ""input17.txt"", ""input18.txt"", ""input19.txt"", ""input20.txt"", ""input21.txt"", ""input23.txt"", ""input24.txt""]","[""input25.txt"", ""input26.txt"", ""input27.txt"", ""input28.txt"", ""input29.txt""]",65.74885,2.191628,3.0
matei-si-diamantele,1361805995,user_0283,14.29,java,grid_scan,1314236118,0.697095,0.815565,0.75,0.737927,0.0,0.737927,high,30,10,20,33.33,0,15,5,False,"[""input00.txt"", ""input01.txt"", ""input02.txt"", ""input03.txt"", ""input04.txt"", ""input06.txt"", ""input11.txt"", ""input15.txt"", ""input21.txt"", ""input22.txt""]","[""input05.txt"", ""input07.txt"", ""input08.txt"", ""input09.txt"", ""input10.txt"", ""input12.txt"", ""input13.txt"", ""input14.txt"", ""input16.txt"", ""input17.txt"", ""input18.txt"", ""input19.txt"", ""input20.txt"", ""input23.txt"", ""input24.txt"", ""input25.txt"", ""input26.txt"", ""input27.txt"", ""input28.txt"", ""input29.txt""]","[""input05.txt"", ""input07.txt"", ""input08.txt"", ""input09.txt"", ""input10.txt"", ""input12.txt"", ""input13.txt"", ""input14.txt"", ""input16.txt"", ""input17.txt"", ""input18.txt"", ""input19.txt"", ""input20.txt"", ""input23.txt"", ""input24.txt""]","[""input25.txt"", ""input26.txt"", ""input27.txt"", ""input28.txt"", ""input29.txt""]",51.765169,1.725506,3.0
matei-si-diamantele,1378117387,user_0217,14.29,cpp,bfs,1378117542,0.342857,0.894008,0.2858,0.502497,0.364278,0.138219,medium,30,9,21,30.0,0,20,1,False,"[""input00.txt"", ""input01.txt"", ""input02.txt"", ""input03.txt"", ""input04.txt"", ""input06.txt"", ""input11.txt"", ""input15.txt"", ""input22.txt""]","[""input05.txt"", ""input07.txt"", ""input08.txt"", ""input09.txt"", ""input10.txt"", ""input12.txt"", ""input13.txt"", ""input14.txt"", ""input16.txt"", ""input17.txt"", ""input18.txt"", ""input19.txt"", ""input20.txt"", ""input21.txt"", ""input23.txt"", ""input24.txt"", ""input25.txt"", ""input26.txt"", ""input27.txt"", ""input28.txt"", ""input29.txt""]","[""input05.txt"", ""input07.txt"", ""input08.txt"", ""input09.txt"", ""input10.txt"", ""input12.txt"", ""input13.txt"", ""input14.txt"", ""input16.txt"", ""input17.txt"", ""input18.txt"", ""input19.txt"", ""input20.txt"", ""input21.txt"", ""input23.txt"", ""input24.txt"", ""input25.txt"", ""input26.txt"", ""input27.txt"", ""input29.txt""]","[""input28.txt""]",71.58413,2.386138,3.0
matei-si-diamantele,1378117703,user_0214,14.29,java,grid_scan,1314236118,0.63964,0.893219,0.75,0.72675,0.0,0.72675,high,30,10,20,33.33,0,15,5,False,"[""input00.txt"", ""input01.txt"", ""input02.txt"", ""input03.txt"", ""input04.txt"", ""input06.txt"", ""input11.txt"", ""input15.txt"", ""input21.txt"", ""input22.txt""]","[""input05.txt"", ""input07.txt"", ""input08.txt"", ""input09.txt"", ""input10.txt"", ""input12.txt"", ""input13.txt"", ""input14.txt"", ""input16.txt"", ""input17.txt"", ""input18.txt"", ""input19.txt"", ""input20.txt"", ""input23.txt"", ""input24.txt"", ""input25.txt"", ""input26.txt"", ""input27.txt"", ""input28.txt"", ""input29.txt""]","[""input05.txt"", ""input07.txt"", ""input08.txt"", ""input09.txt"", ""input10.txt"", ""input12.txt"", ""input13.txt"", ""input14.txt"", ""input16.txt"", ""input17.txt"", ""input18.txt"", ""input19.txt"", ""input20.txt"", ""input23.txt"", ""input24.txt""]","[""input25.txt"", ""input26.txt"", ""input27.txt"", ""input28.txt"", ""input29.txt""]",53.445888,1.78153,3.0
matei-si-diamantele,1378148212,user_0219,14.29,cpp,unknown,1378120312,0.0,0.930292,0.75,0.354088,0.351748,0.002339,low,30,8,22,26.67,1,17,4,False,"[""input00.txt"", ""input02.txt"", ""input03.txt"", ""input04.txt"", ""input06.txt"", ""input11.txt"", ""input15.txt"", ""input22.txt""]","[""input01.txt"", ""input05.txt"", ""input07.txt"", ""input08.txt"", ""input09.txt"", ""input10.txt"", ""input12.txt"", ""input13.txt"", ""input14.txt"", ""input16.txt"", ""input17.txt"", ""input18.txt"", ""input19.txt"", ""input20.txt"", ""input21.txt"", ""input23.txt"", ""input24.txt"", ""input25.txt"", ""input26.txt"", ""input27.txt"", ""input28.txt"", ""input29.txt""]","[""input05.txt"", ""input07.txt"", ""input08.txt"", ""input09.txt"", ""input10.txt"", ""input12.txt"", ""input13.txt"", ""input14.txt"", ""input16.txt"", ""input17.txt"", ""input19.txt"", ""input20.txt"", ""input21.txt"", ""input23.txt"", ""input24.txt"", ""input25.txt"", ""input28.txt""]","[""input18.txt"", ""input26.txt"", ""input27.txt"", ""input29.txt""]",66.834097,2.227803,3.0
matei-si-diamantele,1378148490,user_0219,14.29,cpp,unknown,1378120312,0.0,0.927679,0.75,0.353304,0.351344,0.00196,low,30,9,21,30.0,0,17,4,False,"[""input00.txt"", ""input01.txt"", ""input02.txt"", ""input03.txt"", ""input04.txt"", ""input06.txt"", ""input11.txt"", ""input15.txt"", ""input22.txt""]","[""input05.txt"", ""input07.txt"", ""input08.txt"", ""input09.txt"", ""input10.txt"", ""input12.txt"", ""input13.txt"", ""input14.txt"", ""input16.txt"", ""input17.txt"", ""input18.txt"", ""input19.txt"", ""input20.txt"", ""input21.txt"", ""input23.txt"", ""input24.txt"", ""input25.txt"", ""input26.txt"", ""input27.txt"", ""input28.txt"", ""input29.txt""]","[""input05.txt"", ""input07.txt"", ""input08.txt"", ""input09.txt"", ""input10.txt"", ""input12.txt"", ""input13.txt"", ""input14.txt"", ""input16.txt"", ""input17.txt"", ""input19.txt"", ""input20.txt"", ""input21.txt"", ""input23.txt"", ""input24.txt"", ""input25.txt"", ""input28.txt""]","[""input18.txt"", ""input26.txt"", ""input27.txt"", ""input29.txt""]",65.996418,2.199881,3.0
matei-si-diamantele,1378149143,user_0219,14.29,cpp,unknown,1378120312,0.0,0.924061,0.75,0.352218,0.350328,0.00189,low,30,9,21,30.0,0,18,3,False,"[""input00.txt"", ""input01.txt"", ""input02.txt"", ""input03.txt"", ""input04.txt"", ""input06.txt"", ""input11.txt"", ""input15.txt"", ""input22.txt""]","[""input05.txt"", ""input07.txt"", ""input08.txt"", ""input09.txt"", ""input10.txt"", ""input12.txt"", ""input13.txt"", ""input14.txt"", ""input16.txt"", ""input17.txt"", ""input18.txt"", ""input19.txt"", ""input20.txt"", ""input21.txt"", ""input23.txt"", ""input24.txt"", ""input25.txt"", ""input26.txt"", ""input27.txt"", ""input28.txt"", ""input29.txt""]","[""input05.txt"", ""input07.txt"", ""input08.txt"", ""input09.txt"", ""input10.txt"", ""input12.txt"", ""input13.txt"", ""input14.txt"", ""input16.txt"", ""input17.txt"", ""input19.txt"", ""input20.txt"", ""input21.txt"", ""input23.txt"", ""input24.txt"", ""input25.txt"", ""input26.txt"", ""input27.txt""]","[""input18.txt"", ""input28.txt"", ""input29.txt""]",67.790103,2.25967,3.0
matei-si-diamantele,1378159486,user_0218,14.29,cpp,unknown,1333751390,0.230769,0.832293,0.75,0.463149,0.392575,0.070574,low,30,9,21,30.0,0,20,1,False,"[""input00.txt"", ""input01.txt"", ""input02.txt"", ""input03.txt"", ""input04.txt"", ""input06.txt"", ""input11.txt"", ""input15.txt"", ""input22.txt""]","[""input05.txt"", ""input07.txt"", ""input08.txt"", ""input09.txt"", ""input10.txt"", ""input12.txt"", ""input13.txt"", ""input14.txt"", ""input16.txt"", ""input17.txt"", ""input18.txt"", ""input19.txt"", ""input20.txt"", ""input21.txt"", ""input23.txt"", ""input24.txt"", ""input25.txt"", ""input26.txt"", ""input27.txt"", ""input28.txt"", ""input29.txt""]","[""input05.txt"", ""input07.txt"", ""input08.txt"", ""input09.txt"", ""input10.txt"", ""input12.txt"", ""input13.txt"", ""input14.txt"", ""input16.txt"", ""input17.txt"", ""input18.txt"", ""input19.txt"", ""input20.txt"", ""input21.txt"", ""input23.txt"", ""input24.txt"", ""input25.txt"", ""input26.txt"", ""input27.txt"", ""input29.txt""]","[""input28.txt""]",71.605155,2.386838,3.0
matei-si-diamantele,1378159507,user_0218,14.29,cpp,unknown,1333751390,0.214286,0.831898,0.75,0.453141,0.391653,0.061488,low,30,9,21,30.0,0,17,4,False,"[""input00.txt"", ""input01.txt"", ""input02.txt"", ""input03.txt"", ""input04.txt"", ""input06.txt"", ""input11.txt"", ""input15.txt"", ""input22.txt""]","[""input05.txt"", ""input07.txt"", ""input08.txt"", ""input09.txt"", ""input10.txt"", ""input12.txt"", ""input13.txt"", ""input14.txt"", ""input16.txt"", ""input17.txt"", ""input18.txt"", ""input19.txt"", ""input20.txt"", ""input21.txt"", ""input23.txt"", ""input24.txt"", ""input25.txt"", ""input26.txt"", ""input27.txt"", ""input28.txt"", ""input29.txt""]","[""input05.txt"", ""input07.txt"", ""input08.txt"", ""input09.txt"", ""input10.txt"", ""input12.txt"", ""input13.txt"", ""input14.txt"", ""input16.txt"", ""input17.txt"", ""input18.txt"", ""input19.txt"", ""input20.txt"", ""input21.txt"", ""input23.txt"", ""input24.txt"", ""input25.txt""]","[""input26.txt"", ""input27.txt"", ""input28.txt"", ""input29.txt""]",67.282687,2.242756,3.0
matei-si-diamantele,1378159510,user_0218,14.29,cpp,unknown,1333751390,0.230769,0.832293,0.75,0.463149,0.392575,0.070574,low,30,9,21,30.0,0,16,5,False,"[""input00.txt"", ""input01.txt"", ""input02.txt"", ""input03.txt"", ""input04.txt"", ""input06.txt"", ""input11.txt"", ""input15.txt"", ""input22.txt""]","[""input05.txt"", ""input07.txt"", ""input08.txt"", ""input09.txt"", ""input10.txt"", ""input12.txt"", ""input13.txt"", ""input14.txt"", ""input16.txt"", ""input17.txt"", ""input18.txt"", ""input19.txt"", ""input20.txt"", ""input21.txt"", ""input23.txt"", ""input24.txt"", ""input25.txt"", ""input26.txt"", ""input27.txt"", ""input28.txt"", ""input29.txt""]","[""input05.txt"", ""input07.txt"", ""input08.txt"", ""input09.txt"", ""input10.txt"", ""input12.txt"", ""input13.txt"", ""input14.txt"", ""input16.txt"", ""input17.txt"", ""input18.txt"", ""input19.txt"", ""input20.txt"", ""input21.txt"", ""input23.txt"", ""input24.txt""]","[""input25.txt"", ""input26.txt"", ""input27.txt"", ""input28.txt"", ""input29.txt""]",66.407501,2.213583,3.0
matei-si-diamantele,1391802279,user_0196,14.29,cpp,unknown,1333751390,0.0,0.923254,0.75,0.351976,0.346324,0.005652,low,30,10,20,33.33,0,17,3,False,"[""input00.txt"", ""input01.txt"", ""input02.txt"", ""input03.txt"", ""input04.txt"", ""input06.txt"", ""input11.txt"", ""input15.txt"", ""input21.txt"", ""input22.txt""]","[""input05.txt"", ""input07.txt"", ""input08.txt"", ""input09.txt"", ""input10.txt"", ""input12.txt"", ""input13.txt"", ""input14.txt"", ""input16.txt"", ""input17.txt"", ""input18.txt"", ""input19.txt"", ""input20.txt"", ""input23.txt"", ""input24.txt"", ""input25.txt"", ""input26.txt"", ""input27.txt"", ""input28.txt"", ""input29.txt""]","[""input05.txt"", ""input07.txt"", ""input08.txt"", ""input09.txt"", ""input10.txt"", ""input12.txt"", ""input13.txt"", ""input14.txt"", ""input16.txt"", ""input17.txt"", ""input18.txt"", ""input19.txt"", ""input20.txt"", ""input23.txt"", ""input24.txt"", ""input25.txt"", ""input29.txt""]","[""input26.txt"", ""input27.txt"", ""input28.txt""]",59.68306,1.989435,3.0
matei-si-diamantele,1391802299,user_0196,14.29,cpp,unknown,1333751390,0.0,0.903442,0.75,0.346033,0.338393,0.00764,low,30,10,20,33.33,2,15,3,False,"[""input00.txt"", ""input01.txt"", ""input02.txt"", ""input03.txt"", ""input04.txt"", ""input07.txt"", ""input09.txt"", ""input15.txt"", ""input21.txt"", ""input22.txt""]","[""input05.txt"", ""input06.txt"", ""input08.txt"", ""input10.txt"", ""input11.txt"", ""input12.txt"", ""input13.txt"", ""input14.txt"", ""input16.txt"", ""input17.txt"", ""input18.txt"", ""input19.txt"", ""input20.txt"", ""input23.txt"", ""input24.txt"", ""input25.txt"", ""input26.txt"", ""input27.txt"", ""input28.txt"", ""input29.txt""]","[""input05.txt"", ""input08.txt"", ""input10.txt"", ""input12.txt"", ""input13.txt"", ""input14.txt"", ""input16.txt"", ""input17.txt"", ""input18.txt"", ""input19.txt"", ""input20.txt"", ""input23.txt"", ""input24.txt"", ""input25.txt"", ""input26.txt""]","[""input27.txt"", ""input28.txt"", ""input29.txt""]",55.883372,1.862779,3.0
matei-si-diamantele,1391934832,user_0290,14.29,cpp,unknown,1333751390,0.0,0.898648,0.75,0.344594,0.322259,0.022335,low,30,9,21,30.0,0,21,0,False,"[""input00.txt"", ""input01.txt"", ""input02.txt"", ""input03.txt"", ""input04.txt"", ""input06.txt"", ""input11.txt"", ""input15.txt"", ""input22.txt""]","[""input05.txt"", ""input07.txt"", ""input08.txt"", ""input09.txt"", ""input10.txt"", ""input12.txt"", ""input13.txt"", ""input14.txt"", ""input16.txt"", ""input17.txt"", ""input18.txt"", ""input19.txt"", ""input20.txt"", ""input21.txt"", ""input23.txt"", ""input24.txt"", ""input25.txt"", ""input26.txt"", ""input27.txt"", ""input28.txt"", ""input29.txt""]","[""input05.txt"", ""input07.txt"", ""input08.txt"", ""input09.txt"", ""input10.txt"", ""input12.txt"", ""input13.txt"", ""input14.txt"", ""input16.txt"", ""input17.txt"", ""input18.txt"", ""input19.txt"", ""input20.txt"", ""input21.txt"", ""input23.txt"", ""input24.txt"", ""input25.txt"", ""input26.txt"", ""input27.txt"", ""input28.txt"", ""input29.txt""]",[],71.521783,2.384059,3.0
matei-si-diamantele,1391941482,user_0164,14.29,cpp,unknown,1378120312,0.232143,0.850155,0.75,0.469332,0.355566,0.113767,low,30,9,21,30.0,0,21,0,False,"[""input00.txt"", ""input01.txt"", ""input02.txt"", ""input03.txt"", ""input04.txt"", ""input06.txt"", ""input11.txt"", ""input15.txt"", ""input22.txt""]","[""input05.txt"", ""input07.txt"", ""input08.txt"", ""input09.txt"", ""input10.txt"", ""input12.txt"", ""input13.txt"", ""input14.txt"", ""input16.txt"", ""input17.txt"", ""input18.txt"", ""input19.txt"", ""input20.txt"", ""input21.txt"", ""input23.txt"", ""input24.txt"", ""input25.txt"", ""input26.txt"", ""input27.txt"", ""input28.txt"", ""input29.txt""]","[""input05.txt"", ""input07.txt"", ""input08.txt"", ""input09.txt"", ""input10.txt"", ""input12.txt"", ""input13.txt"", ""input14.txt"", ""input16.txt"", ""input17.txt"", ""input18.txt"", ""input19.txt"", ""input20.txt"", ""input21.txt"", ""input23.txt"", ""input24.txt"", ""input25.txt"", ""input26.txt"", ""input27.txt"", ""input28.txt"", ""input29.txt""]",[],71.408114,2.38027,3.0
matei-si-diamantele,1391971153,user_0192,14.29,cpp,grid_scan,1378120312,0.414634,0.898646,0.75,0.593374,0.368654,0.22472,medium,30,9,21,30.0,0,21,0,False,"[""input00.txt"", ""input01.txt"", ""input02.txt"", ""input03.txt"", ""input04.txt"", ""input06.txt"", ""input11.txt"", ""input15.txt"", ""input22.txt""]","[""input05.txt"", ""input07.txt"", ""input08.txt"", ""input09.txt"", ""input10.txt"", ""input12.txt"", ""input13.txt"", ""input14.txt"", ""input16.txt"", ""input17.txt"", ""input18.txt"", ""input19.txt"", ""input20.txt"", ""input21.txt"", ""input23.txt"", ""input24.txt"", ""input25.txt"", ""input26.txt"", ""input27.txt"", ""input28.txt"", ""input29.txt""]","[""input05.txt"", ""input07.txt"", ""input08.txt"", ""input09.txt"", ""input10.txt"", ""input12.txt"", ""input13.txt"", ""input14.txt"", ""input16.txt"", ""input17.txt"", ""input18.txt"", ""input19.txt"", ""input20.txt"", ""input21.txt"", ""input23.txt"", ""input24.txt"", ""input25.txt"", ""input26.txt"", ""input27.txt"", ""input28.txt"", ""input29.txt""]",[],72.183701,2.406123,3.063447
matei-si-diamantele,1391971205,user_0192,14.29,cpp,grid_scan,1378120312,0.372093,0.910061,0.75,0.571274,0.371316,0.199958,medium,30,9,21,30.0,0,21,0,False,"[""input00.txt"", ""input01.txt"", ""input02.txt"", ""input03.txt"", ""input04.txt"", ""input06.txt"", ""input11.txt"", ""input15.txt"", ""input22.txt""]","[""input05.txt"", ""input07.txt"", ""input08.txt"", ""input09.txt"", ""input10.txt"", ""input12.txt"", ""input13.txt"", ""input14.txt"", ""input16.txt"", ""input17.txt"", ""input18.txt"", ""input19.txt"", ""input20.txt"", ""input21.txt"", ""input23.txt"", ""input24.txt"", ""input25.txt"", ""input26.txt"", ""input27.txt"", ""input28.txt"", ""input29.txt""]","[""input05.txt"", ""input07.txt"", ""input08.txt"", ""input09.txt"", ""input10.txt"", ""input12.txt"", ""input13.txt"", ""input14.txt"", ""input16.txt"", ""input17.txt"", ""input18.txt"", ""input19.txt"", ""input20.txt"", ""input21.txt"", ""input23.txt"", ""input24.txt"", ""input25.txt"", ""input26.txt"", ""input27.txt"", ""input28.txt"", ""input29.txt""]",[],72.039368,2.401312,3.0
matei-si-diamantele,1391971885,user_0282,14.29,java,grid_scan,1314236118,0.527076,0.91044,0.75,0.664378,0.0,0.664378,medium,30,10,20,33.33,0,20,0,False,"[""input00.txt"", ""input01.txt"", ""input02.txt"", ""input03.txt"", ""input04.txt"", ""input06.txt"", ""input11.txt"", ""input15.txt"", ""input21.txt"", ""input22.txt""]","[""input05.txt"", ""input07.txt"", ""input08.txt"", ""input09.txt"", ""input10.txt"", ""input12.txt"", ""input13.txt"", ""input14.txt"", ""input16.txt"", ""input17.txt"", ""input18.txt"", ""input19.txt"", ""input20.txt"", ""input23.txt"", ""input24.txt"", ""input25.txt"", ""input26.txt"", ""input27.txt"", ""input28.txt"", ""input29.txt""]","[""input05.txt"", ""input07.txt"", ""input08.txt"", ""input09.txt"", ""input10.txt"", ""input12.txt"", ""input13.txt"", ""input14.txt"", ""input16.txt"", ""input17.txt"", ""input18.txt"", ""input19.txt"", ""input20.txt"", ""input23.txt"", ""input24.txt"", ""input25.txt"", ""input26.txt"", ""input27.txt"", ""input28.txt"", ""input29.txt""]",[],65.774706,2.19249,3.0
matei-si-diamantele,1392034696,user_0274,14.29,cpp,grid_scan,1378120312,0.306122,0.871578,0.75,0.520147,0.337986,0.182161,medium,30,9,21,30.0,0,21,0,False,"[""input00.txt"", ""input01.txt"", ""input02.txt"", ""input03.txt"", ""input04.txt"", ""input06.txt"", ""input11.txt"", ""input15.txt"", ""input22.txt""]","[""input05.txt"", ""input07.txt"", ""input08.txt"", ""input09.txt"", ""input10.txt"", ""input12.txt"", ""input13.txt"", ""input14.txt"", ""input16.txt"", ""input17.txt"", ""input18.txt"", ""input19.txt"", ""input20.txt"", ""input21.txt"", ""input23.txt"", ""input24.txt"", ""input25.txt"", ""input26.txt"", ""input27.txt"", ""input28.txt"", ""input29.txt""]","[""input05.txt"", ""input07.txt"", ""input08.txt"", ""input09.txt"", ""input10.txt"", ""input12.txt"", ""input13.txt"", ""input14.txt"", ""input16.txt"", ""input17.txt"", ""input18.txt"", ""input19.txt"", ""input20.txt"", ""input21.txt"", ""input23.txt"", ""input24.txt"", ""input25.txt"", ""input26.txt"", ""input27.txt"", ""input28.txt"", ""input29.txt""]",[],71.841122,2.394704,3.0
matei-si-diamantele,1392034728,user_0274,14.29,cpp,grid_scan,1378120312,0.306122,0.871578,0.75,0.520147,0.337986,0.182161,medium,30,10,20,33.33,0,20,0,False,"[""input00.txt"", ""input01.txt"", ""input02.txt"", ""input03.txt"", ""input04.txt"", ""input06.txt"", ""input11.txt"", ""input15.txt"", ""input21.txt"", ""input22.txt""]","[""input05.txt"", ""input07.txt"", ""input08.txt"", ""input09.txt"", ""input10.txt"", ""input12.txt"", ""input13.txt"", ""input14.txt"", ""input16.txt"", ""input17.txt"", ""input18.txt"", ""input19.txt"", ""input20.txt"", ""input23.txt"", ""input24.txt"", ""input25.txt"", ""input26.txt"", ""input27.txt"", ""input28.txt"", ""input29.txt""]","[""input05.txt"", ""input07.txt"", ""input08.txt"", ""input09.txt"", ""input10.txt"", ""input12.txt"", ""input13.txt"", ""input14.txt"", ""input16.txt"", ""input17.txt"", ""input18.txt"", ""input19.txt"", ""input20.txt"", ""input23.txt"", ""input24.txt"", ""input25.txt"", ""input26.txt"", ""input27.txt"", ""input28.txt"", ""input29.txt""]",[],71.67042,2.389014,3.003347
matei-si-diamantele,1408522644,user_0256,14.29,cpp,grid_scan,1378120312,0.343434,0.838581,0.75,0.532635,0.364281,0.168354,medium,30,9,21,30.0,0,21,0,False,"[""input00.txt"", ""input01.txt"", ""input02.txt"", ""input03.txt"", ""input04.txt"", ""input06.txt"", ""input11.txt"", ""input15.txt"", ""input22.txt""]","[""input05.txt"", ""input07.txt"", ""input08.txt"", ""input09.txt"", ""input10.txt"", ""input12.txt"", ""input13.txt"", ""input14.txt"", ""input16.txt"", ""input17.txt"", ""input18.txt"", ""input19.txt"", ""input20.txt"", ""input21.txt"", ""input23.txt"", ""input24.txt"", ""input25.txt"", ""input26.txt"", ""input27.txt"", ""input28.txt"", ""input29.txt""]","[""input05.txt"", ""input07.txt"", ""input08.txt"", ""input09.txt"", ""input10.txt"", ""input12.txt"", ""input13.txt"", ""input14.txt"", ""input16.txt"", ""input17.txt"", ""input18.txt"", ""input19.txt"", ""input20.txt"", ""input21.txt"", ""input23.txt"", ""input24.txt"", ""input25.txt"", ""input26.txt"", ""input27.txt"", ""input28.txt"", ""input29.txt""]",[],71.826185,2.394206,3.0
matei-si-diamantele,1314234559,user_0031,16.07,java,grid_scan,1314236118,0.817391,0.875344,0.7144,0.824478,0.0,0.824478,high,30,11,19,36.67,14,0,5,False,"[""input00.txt"", ""input01.txt"", ""input02.txt"", ""input03.txt"", ""input04.txt"", ""input08.txt"", ""input13.txt"", ""input14.txt"", ""input15.txt"", ""input16.txt"", ""input21.txt""]","[""input05.txt"", ""input06.txt"", ""input07.txt"", ""input09.txt"", ""input10.txt"", ""input11.txt"", ""input12.txt"", ""input17.txt"", ""input18.txt"", ""input19.txt"", ""input20.txt"", ""input22.txt"", ""input23.txt"", ""input24.txt"", ""input25.txt"", ""input26.txt"", ""input27.txt"", ""input28.txt"", ""input29.txt""]",[],"[""input25.txt"", ""input26.txt"", ""input27.txt"", ""input28.txt"", ""input29.txt""]",12.706796,0.42356,0.651059
matei-si-diamantele,1314234719,user_0031,16.07,java,grid_scan,1314236118,0.787879,0.875525,0.7144,0.806825,0.0,0.806825,high,30,11,19,36.67,14,0,5,False,"[""input00.txt"", ""input01.txt"", ""input02.txt"", ""input03.txt"", ""input04.txt"", ""input08.txt"", ""input13.txt"", ""input14.txt"", ""input15.txt"", ""input16.txt"", ""input21.txt""]","[""input05.txt"", ""input06.txt"", ""input07.txt"", ""input09.txt"", ""input10.txt"", ""input11.txt"", ""input12.txt"", ""input17.txt"", ""input18.txt"", ""input19.txt"", ""input20.txt"", ""input22.txt"", ""input23.txt"", ""input24.txt"", ""input25.txt"", ""input26.txt"", ""input27.txt"", ""input28.txt"", ""input29.txt""]",[],"[""input25.txt"", ""input26.txt"", ""input27.txt"", ""input28.txt"", ""input29.txt""]",14.199459,0.473315,0.76749
matei-si-diamantele,1314234837,user_0031,16.07,java,grid_scan,1314236118,0.791304,0.8706,0.7144,0.807403,0.0,0.807403,high,30,11,19,36.67,14,0,5,False,"[""input00.txt"", ""input01.txt"", ""input02.txt"", ""input03.txt"", ""input04.txt"", ""input08.txt"", ""input13.txt"", ""input14.txt"", ""input15.txt"", ""input16.txt"", ""input21.txt""]","[""input05.txt"", ""input06.txt"", ""input07.txt"", ""input09.txt"", ""input10.txt"", ""input11.txt"", ""input12.txt"", ""input17.txt"", ""input18.txt"", ""input19.txt"", ""input20.txt"", ""input22.txt"", ""input23.txt"", ""input24.txt"", ""input25.txt"", ""input26.txt"", ""input27.txt"", ""input28.txt"", ""input29.txt""]",[],"[""input25.txt"", ""input26.txt"", ""input27.txt"", ""input28.txt"", ""input29.txt""]",11.358714,0.378624,0.604652
matei-si-diamantele,1314235171,user_0105,16.07,java,grid_scan,1314236118,0.467354,0.835663,0.7144,0.602551,0.0,0.602551,medium,30,11,19,36.67,14,0,5,False,"[""input00.txt"", ""input01.txt"", ""input02.txt"", ""input03.txt"", ""input04.txt"", ""input08.txt"", ""input13.txt"", ""input14.txt"", ""input16.txt"", ""input17.txt"", ""input21.txt""]","[""input05.txt"", ""input06.txt"", ""input07.txt"", ""input09.txt"", ""input10.txt"", ""input11.txt"", ""input12.txt"", ""input15.txt"", ""input18.txt"", ""input19.txt"", ""input20.txt"", ""input22.txt"", ""input23.txt"", ""input24.txt"", ""input25.txt"", ""input26.txt"", ""input27.txt"", ""input28.txt"", ""input29.txt""]",[],"[""input25.txt"", ""input26.txt"", ""input27.txt"", ""input28.txt"", ""input29.txt""]",12.015239,0.400508,0.578899
matei-si-diamantele,1314235225,user_0031,16.07,java,grid_scan,1314236118,0.793103,0.870789,0.7144,0.808539,0.0,0.808539,high,30,11,19,36.67,14,0,5,False,"[""input00.txt"", ""input01.txt"", ""input02.txt"", ""input03.txt"", ""input04.txt"", ""input08.txt"", ""input13.txt"", ""input14.txt"", ""input15.txt"", ""input16.txt"", ""input21.txt""]","[""input05.txt"", ""input06.txt"", ""input07.txt"", ""input09.txt"", ""input10.txt"", ""input11.txt"", ""input12.txt"", ""input17.txt"", ""input18.txt"", ""input19.txt"", ""input20.txt"", ""input22.txt"", ""input23.txt"", ""input24.txt"", ""input25.txt"", ""input26.txt"", ""input27.txt"", ""input28.txt"", ""input29.txt""]",[],"[""input25.txt"", ""input26.txt"", ""input27.txt"", ""input28.txt"", ""input29.txt""]",12.505498,0.41685,0.622231
matei-si-diamantele,1314235415,user_0105,16.07,java,grid_scan,1314236118,0.467354,0.839066,0.7144,0.603572,0.0,0.603572,medium,30,11,19,36.67,14,0,5,False,"[""input00.txt"", ""input01.txt"", ""input02.txt"", ""input03.txt"", ""input04.txt"", ""input08.txt"", ""input13.txt"", ""input14.txt"", ""input15.txt"", ""input16.txt"", ""input17.txt""]","[""input05.txt"", ""input06.txt"", ""input07.txt"", ""input09.txt"", ""input10.txt"", ""input11.txt"", ""input12.txt"", ""input18.txt"", ""input19.txt"", ""input20.txt"", ""input21.txt"", ""input22.txt"", ""input23.txt"", ""input24.txt"", ""input25.txt"", ""input26.txt"", ""input27.txt"", ""input28.txt"", ""input29.txt""]",[],"[""input25.txt"", ""input26.txt"", ""input27.txt"", ""input28.txt"", ""input29.txt""]",14.931412,0.497714,0.758022
matei-si-diamantele,1314235577,user_0182,16.07,java,grid_scan,1314236118,0.494297,0.893759,0.7144,0.636146,0.0,0.636146,medium,30,11,19,36.67,19,0,0,False,"[""input00.txt"", ""input01.txt"", ""input02.txt"", ""input04.txt"", ""input13.txt"", ""input21.txt"", ""input25.txt"", ""input26.txt"", ""input27.txt"", ""input28.txt"", ""input29.txt""]","[""input03.txt"", ""input05.txt"", ""input06.txt"", ""input07.txt"", ""input08.txt"", ""input09.txt"", ""input10.txt"", ""input11.txt"", ""input12.txt"", ""input14.txt"", ""input15.txt"", ""input16.txt"", ""input17.txt"", ""input18.txt"", ""input19.txt"", ""input20.txt"", ""input22.txt"", ""input23.txt"", ""input24.txt""]",[],[],13.336079,0.444536,0.85068
matei-si-diamantele,1314235801,user_0182,16.07,java,grid_scan,1314236118,0.472727,0.891071,0.7144,0.622398,0.0,0.622398,medium,30,11,19,36.67,19,0,0,False,"[""input00.txt"", ""input01.txt"", ""input02.txt"", ""input10.txt"", ""input15.txt"", ""input18.txt"", ""input25.txt"", ""input26.txt"", ""input27.txt"", ""input28.txt"", ""input29.txt""]","[""input03.txt"", ""input04.txt"", ""input05.txt"", ""input06.txt"", ""input07.txt"", ""input08.txt"", ""input09.txt"", ""input11.txt"", ""input12.txt"", ""input13.txt"", ""input14.txt"", ""input16.txt"", ""input17.txt"", ""input19.txt"", ""input20.txt"", ""input21.txt"", ""input22.txt"", ""input23.txt"", ""input24.txt""]",[],[],17.434638,0.581155,1.036971
matei-si-diamantele,1332763749,user_0107,16.07,cpp,unknown,1378120312,0.0,0.972324,0.7144,0.363137,0.347715,0.015422,low,30,10,20,33.33,0,20,0,False,"[""input00.txt"", ""input01.txt"", ""input02.txt"", ""input03.txt"", ""input04.txt"", ""input25.txt"", ""input26.txt"", ""input27.txt"", ""input28.txt"", ""input29.txt""]","[""input05.txt"", ""input06.txt"", ""input07.txt"", ""input08.txt"", ""input09.txt"", ""input10.txt"", ""input11.txt"", ""input12.txt"", ""input13.txt"", ""input14.txt"", ""input15.txt"", ""input16.txt"", ""input17.txt"", ""input18.txt"", ""input19.txt"", ""input20.txt"", ""input21.txt"", ""input22.txt"", ""input23.txt"", ""input24.txt""]","[""input05.txt"", ""input06.txt"", ""input07.txt"", ""input08.txt"", ""input09.txt"", ""input10.txt"", ""input11.txt"", ""input12.txt"", ""input13.txt"", ""input14.txt"", ""input15.txt"", ""input16.txt"", ""input17.txt"", ""input18.txt"", ""input19.txt"", ""input20.txt"", ""input21.txt"", ""input22.txt"", ""input23.txt"", ""input24.txt""]",[],68.34288,2.278096,3.0
matei-si-diamantele,1344604177,user_0119,16.07,java,grid_scan,1314236118,0.562249,0.941561,0.7144,0.691258,0.0,0.691258,medium,30,11,19,36.67,14,0,5,False,"[""input00.txt"", ""input01.txt"", ""input02.txt"", ""input03.txt"", ""input04.txt"", ""input06.txt"", ""input11.txt"", ""input13.txt"", ""input15.txt"", ""input21.txt"", ""input22.txt""]","[""input05.txt"", ""input07.txt"", ""input08.txt"", ""input09.txt"", ""input10.txt"", ""input12.txt"", ""input14.txt"", ""input16.txt"", ""input17.txt"", ""input18.txt"", ""input19.txt"", ""input20.txt"", ""input23.txt"", ""input24.txt"", ""input25.txt"", ""input26.txt"", ""input27.txt"", ""input28.txt"", ""input29.txt""]",[],"[""input25.txt"", ""input26.txt"", ""input27.txt"", ""input28.txt"", ""input29.txt""]",11.444104,0.38147,0.619177
matei-si-diamantele,1361903196,user_0227,16.07,cpp,grid_scan,1378120312,0.294737,0.870765,0.7144,0.509512,0.327336,0.182176,medium,30,10,20,33.33,0,19,1,False,"[""input00.txt"", ""input01.txt"", ""input02.txt"", ""input03.txt"", ""input04.txt"", ""input06.txt"", ""input11.txt"", ""input15.txt"", ""input21.txt"", ""input22.txt""]","[""input05.txt"", ""input07.txt"", ""input08.txt"", ""input09.txt"", ""input10.txt"", ""input12.txt"", ""input13.txt"", ""input14.txt"", ""input16.txt"", ""input17.txt"", ""input18.txt"", ""input19.txt"", ""input20.txt"", ""input23.txt"", ""input24.txt"", ""input25.txt"", ""input26.txt"", ""input27.txt"", ""input28.txt"", ""input29.txt""]","[""input05.txt"", ""input07.txt"", ""input08.txt"", ""input09.txt"", ""input10.txt"", ""input12.txt"", ""input13.txt"", ""input14.txt"", ""input16.txt"", ""input17.txt"", ""input18.txt"", ""input19.txt"", ""input20.txt"", ""input23.txt"", ""input24.txt"", ""input25.txt"", ""input26.txt"", ""input28.txt"", ""input29.txt""]","[""input27.txt""]",69.628847,2.320962,3.0
matei-si-diamantele,1378034785,user_0222,16.07,cpp,grid_scan,1378120312,0.282353,0.899861,0.7144,0.51081,0.341797,0.169013,medium,30,9,21,30.0,0,21,0,False,"[""input00.txt"", ""input01.txt"", ""input02.txt"", ""input03.txt"", ""input04.txt"", ""input06.txt"", ""input11.txt"", ""input15.txt"", ""input22.txt""]","[""input05.txt"", ""input07.txt"", ""input08.txt"", ""input09.txt"", ""input10.txt"", ""input12.txt"", ""input13.txt"", ""input14.txt"", ""input16.txt"", ""input17.txt"", ""input18.txt"", ""input19.txt"", ""input20.txt"", ""input21.txt"", ""input23.txt"", ""input24.txt"", ""input25.txt"", ""input26.txt"", ""input27.txt"", ""input28.txt"", ""input29.txt""]","[""input05.txt"", ""input07.txt"", ""input08.txt"", ""input09.txt"", ""input10.txt"", ""input12.txt"", ""input13.txt"", ""input14.txt"", ""input16.txt"", ""input17.txt"", ""input18.txt"", ""input19.txt"", ""input20.txt"", ""input21.txt"", ""input23.txt"", ""input24.txt"", ""input25.txt"", ""input26.txt"", ""input27.txt"", ""input28.txt"", ""input29.txt""]",[],71.517509,2.383917,3.0
matei-si-diamantele,1378117331,user_0214,16.07,java,grid_scan,1314236118,0.700855,0.940448,0.7144,0.774087,0.0,0.774087,high,30,9,21,30.0,1,15,5,False,"[""input00.txt"", ""input02.txt"", ""input03.txt"", ""input04.txt"", ""input06.txt"", ""input11.txt"", ""input15.txt"", ""input21.txt"", ""input22.txt""]","[""input01.txt"", ""input05.txt"", ""input07.txt"", ""input08.txt"", ""input09.txt"", ""input10.txt"", ""input12.txt"", ""input13.txt"", ""input14.txt"", ""input16.txt"", ""input17.txt"", ""input18.txt"", ""input19.txt"", ""input20.txt"", ""input23.txt"", ""input24.txt"", ""input25.txt"", ""input26.txt"", ""input27.txt"", ""input28.txt"", ""input29.txt""]","[""input05.txt"", ""input07.txt"", ""input08.txt"", ""input09.txt"", ""input10.txt"", ""input12.txt"", ""input13.txt"", ""input14.txt"", ""input16.txt"", ""input17.txt"", ""input18.txt"", ""input19.txt"", ""input20.txt"", ""input23.txt"", ""input24.txt""]","[""input25.txt"", ""input26.txt"", ""input27.txt"", ""input28.txt"", ""input29.txt""]",53.594842,1.786495,3.0
matei-si-diamantele,1378117897,user_0217,16.07,cpp,unknown,1378117542,0.302521,0.91765,0.3214,0.488948,0.333949,0.154998,low,30,9,21,30.0,0,20,1,False,"[""input00.txt"", ""input01.txt"", ""input02.txt"", ""input03.txt"", ""input04.txt"", ""input06.txt"", ""input11.txt"", ""input15.txt"", ""input22.txt""]","[""input05.txt"", ""input07.txt"", ""input08.txt"", ""input09.txt"", ""input10.txt"", ""input12.txt"", ""input13.txt"", ""input14.txt"", ""input16.txt"", ""input17.txt"", ""input18.txt"", ""input19.txt"", ""input20.txt"", ""input21.txt"", ""input23.txt"", ""input24.txt"", ""input25.txt"", ""input26.txt"", ""input27.txt"", ""input28.txt"", ""input29.txt""]","[""input05.txt"", ""input07.txt"", ""input08.txt"", ""input09.txt"", ""input10.txt"", ""input12.txt"", ""input13.txt"", ""input14.txt"", ""input16.txt"", ""input17.txt"", ""input18.txt"", ""input19.txt"", ""input20.txt"", ""input21.txt"", ""input23.txt"", ""input24.txt"", ""input25.txt"", ""input26.txt"", ""input28.txt"", ""input29.txt""]","[""input27.txt""]",70.417216,2.347241,3.0
matei-si-diamantele,1378118133,user_0214,16.07,java,grid_scan,1314236118,0.682927,0.892055,0.7144,0.748813,0.0,0.748813,high,30,11,19,36.67,0,19,0,False,"[""input00.txt"", ""input01.txt"", ""input02.txt"", ""input03.txt"", ""input04.txt"", ""input06.txt"", ""input07.txt"", ""input11.txt"", ""input15.txt"", ""input21.txt"", ""input22.txt""]","[""input05.txt"", ""input08.txt"", ""input09.txt"", ""input10.txt"", ""input12.txt"", ""input13.txt"", ""input14.txt"", ""input16.txt"", ""input17.txt"", ""input18.txt"", ""input19.txt"", ""input20.txt"", ""input23.txt"", ""input24.txt"", ""input25.txt"", ""input26.txt"", ""input27.txt"", ""input28.txt"", ""input29.txt""]","[""input05.txt"", ""input08.txt"", ""input09.txt"", ""input10.txt"", ""input12.txt"", ""input13.txt"", ""input14.txt"", ""input16.txt"", ""input17.txt"", ""input18.txt"", ""input19.txt"", ""input20.txt"", ""input23.txt"", ""input24.txt"", ""input25.txt"", ""input26.txt"", ""input27.txt"", ""input28.txt"", ""input29.txt""]",[],61.119009,2.0373,3.0
matei-si-diamantele,1314234741,user_0090,17.86,cpp,unknown,1378120312,0.22069,0.825552,0.6786,0.44794,0.352756,0.095183,low,30,11,19,36.67,0,19,0,False,"[""input00.txt"", ""input01.txt"", ""input02.txt"", ""input03.txt"", ""input04.txt"", ""input06.txt"", ""input07.txt"", ""input11.txt"", ""input15.txt"", ""input21.txt"", ""input22.txt""]","[""input05.txt"", ""input08.txt"", ""input09.txt"", ""input10.txt"", ""input12.txt"", ""input13.txt"", ""input14.txt"", ""input16.txt"", ""input17.txt"", ""input18.txt"", ""input19.txt"", ""input20.txt"", ""input23.txt"", ""input24.txt"", ""input25.txt"", ""input26.txt"", ""input27.txt"", ""input28.txt"", ""input29.txt""]","[""input05.txt"", ""input08.txt"", ""input09.txt"", ""input10.txt"", ""input12.txt"", ""input13.txt"", ""input14.txt"", ""input16.txt"", ""input17.txt"", ""input18.txt"", ""input19.txt"", ""input20.txt"", ""input23.txt"", ""input24.txt"", ""input25.txt"", ""input26.txt"", ""input27.txt"", ""input28.txt"", ""input29.txt""]",[],65.258353,2.175278,3.0
matei-si-diamantele,1314235268,user_0038,17.86,java,grid_scan,1314236118,0.513011,0.890408,0.6786,0.642789,0.0,0.642789,medium,30,12,18,40.0,0,18,0,False,"[""input00.txt"", ""input01.txt"", ""input02.txt"", ""input03.txt"", ""input04.txt"", ""input06.txt"", ""input07.txt"", ""input09.txt"", ""input11.txt"", ""input15.txt"", ""input21.txt"", ""input22.txt""]","[""input05.txt"", ""input08.txt"", ""input10.txt"", ""input12.txt"", ""input13.txt"", ""input14.txt"", ""input16.txt"", ""input17.txt"", ""input18.txt"", ""input19.txt"", ""input20.txt"", ""input23.txt"", ""input24.txt"", ""input25.txt"", ""input26.txt"", ""input27.txt"", ""input28.txt"", ""input29.txt""]","[""input05.txt"", ""input08.txt"", ""input10.txt"", ""input12.txt"", ""input13.txt"", ""input14.txt"", ""input16.txt"", ""input17.txt"", ""input18.txt"", ""input19.txt"", ""input20.txt"", ""input23.txt"", ""input24.txt"", ""input25.txt"", ""input26.txt"", ""input27.txt"", ""input28.txt"", ""input29.txt""]",[],59.260813,1.97536,3.0
matei-si-diamantele,1314235477,user_0050,17.86,java,grid_scan,1314236118,0.730435,0.86679,0.6786,0.766158,0.0,0.766158,high,30,12,18,40.0,11,5,2,False,"[""input00.txt"", ""input01.txt"", ""input02.txt"", ""input04.txt"", ""input05.txt"", ""input06.txt"", ""input09.txt"", ""input15.txt"", ""input18.txt"", ""input21.txt"", ""input22.txt"", ""input23.txt""]","[""input03.txt"", ""input07.txt"", ""input08.txt"", ""input10.txt"", ""input11.txt"", ""input12.txt"", ""input13.txt"", ""input14.txt"", ""input16.txt"", ""input17.txt"", ""input19.txt"", ""input20.txt"", ""input24.txt"", ""input25.txt"", ""input26.txt"", ""input27.txt"", ""input28.txt"", ""input29.txt""]","[""input25.txt"", ""input26.txt"", ""input27.txt"", ""input28.txt"", ""input29.txt""]","[""input07.txt"", ""input14.txt""]",26.575326,0.885844,3.0
matei-si-diamantele,1361653778,user_0186,17.86,cpp,unknown,1323450132,0.174419,0.905835,0.75,0.451402,0.424477,0.026925,low,30,0,30,0.0,0,1,29,False,[],"[""input00.txt"", ""input01.txt"", ""input02.txt"", ""input03.txt"", ""input04.txt"", ""input05.txt"", ""input06.txt"", ""input07.txt"", ""input08.txt"", ""input09.txt"", ""input10.txt"", ""input11.txt"", ""input12.txt"", ""input13.txt"", ""input14.txt"", ""input15.txt"", ""input16.txt"", ""input17.txt"", ""input18.txt"", ""input19.txt"", ""input20.txt"", ""input21.txt"", ""input22.txt"", ""input23.txt"", ""input24.txt"", ""input25.txt"", ""input26.txt"", ""input27.txt"", ""input28.txt"", ""input29.txt""]","[""input00.txt""]","[""input01.txt"", ""input02.txt"", ""input03.txt"", ""input04.txt"", ""input05.txt"", ""input06.txt"", ""input07.txt"", ""input08.txt"", ""input09.txt"", ""input10.txt"", ""input11.txt"", ""input12.txt"", ""input13.txt"", ""input14.txt"", ""input15.txt"", ""input16.txt"", ""input17.txt"", ""input18.txt"", ""input19.txt"", ""input20.txt"", ""input21.txt"", ""input22.txt"", ""input23.txt"", ""input24.txt"", ""input25.txt"", ""input26.txt"", ""input27.txt"", ""input28.txt"", ""input29.txt""]",8.83386,0.294462,3.0
matei-si-diamantele,1378065070,user_0207,17.86,cpp,unknown,1378117542,0.231884,0.940913,0.3572,0.457124,0.348218,0.108906,low,0,0,0,0.0,0,0,0,True,[],[],[],[],0.0,0.0,0.0
matei-si-diamantele,1323401607,user_0108,19.64,cpp,unknown,1333751390,0.0,0.954595,0.643,0.350679,0.342278,0.0084,low,30,10,20,33.33,11,6,3,False,"[""input00.txt"", ""input01.txt"", ""input02.txt"", ""input03.txt"", ""input04.txt"", ""input05.txt"", ""input09.txt"", ""input11.txt"", ""input15.txt"", ""input22.txt""]","[""input06.txt"", ""input07.txt"", ""input08.txt"", ""input10.txt"", ""input12.txt"", ""input13.txt"", ""input14.txt"", ""input16.txt"", ""input17.txt"", ""input18.txt"", ""input19.txt"", ""input20.txt"", ""input21.txt"", ""input23.txt"", ""input24.txt"", ""input25.txt"", ""input26.txt"", ""input27.txt"", ""input28.txt"", ""input29.txt""]","[""input12.txt"", ""input20.txt"", ""input21.txt"", ""input23.txt"", ""input25.txt"", ""input26.txt""]","[""input27.txt"", ""input28.txt"", ""input29.txt""]",55.657757,1.855259,3.013188
matei-si-diamantele,1391941265,user_0164,19.64,cpp,grid_scan,1378120312,0.346939,0.97554,0.643,0.565125,0.342118,0.223008,medium,30,9,21,30.0,0,21,0,False,"[""input00.txt"", ""input01.txt"", ""input02.txt"", ""input03.txt"", ""input04.txt"", ""input06.txt"", ""input11.txt"", ""input15.txt"", ""input22.txt""]","[""input05.txt"", ""input07.txt"", ""input08.txt"", ""input09.txt"", ""input10.txt"", ""input12.txt"", ""input13.txt"", ""input14.txt"", ""input16.txt"", ""input17.txt"", ""input18.txt"", ""input19.txt"", ""input20.txt"", ""input21.txt"", ""input23.txt"", ""input24.txt"", ""input25.txt"", ""input26.txt"", ""input27.txt"", ""input28.txt"", ""input29.txt""]","[""input05.txt"", ""input07.txt"", ""input08.txt"", ""input09.txt"", ""input10.txt"", ""input12.txt"", ""input13.txt"", ""input14.txt"", ""input16.txt"", ""input17.txt"", ""input18.txt"", ""input19.txt"", ""input20.txt"", ""input21.txt"", ""input23.txt"", ""input24.txt"", ""input25.txt"", ""input26.txt"", ""input27.txt"", ""input28.txt"", ""input29.txt""]",[],72.35307,2.411769,3.0
matei-si-diamantele,1391941294,user_0164,19.64,cpp,unknown,1378120312,0.222222,0.965454,0.643,0.48727,0.342431,0.144839,low,30,9,21,30.0,0,21,0,False,"[""input00.txt"", ""input01.txt"", ""input02.txt"", ""input03.txt"", ""input04.txt"", ""input06.txt"", ""input11.txt"", ""input15.txt"", ""input22.txt""]","[""input05.txt"", ""input07.txt"", ""input08.txt"", ""input09.txt"", ""input10.txt"", ""input12.txt"", ""input13.txt"", ""input14.txt"", ""input16.txt"", ""input17.txt"", ""input18.txt"", ""input19.txt"", ""input20.txt"", ""input21.txt"", ""input23.txt"", ""input24.txt"", ""input25.txt"", ""input26.txt"", ""input27.txt"", ""input28.txt"", ""input29.txt""]","[""input05.txt"", ""input07.txt"", ""input08.txt"", ""input09.txt"", ""input10.txt"", ""input12.txt"", ""input13.txt"", ""input14.txt"", ""input16.txt"", ""input17.txt"", ""input18.txt"", ""input19.txt"", ""input20.txt"", ""input21.txt"", ""input23.txt"", ""input24.txt"", ""input25.txt"", ""input26.txt"", ""input27.txt"", ""input28.txt"", ""input29.txt""]",[],72.253566,2.408452,3.0
matei-si-diamantele,1323448728,user_0269,23.21,java,grid_scan,1314236118,0.484211,0.859154,0.5716,0.605432,0.0,0.605432,medium,30,15,15,50.0,15,0,0,False,"[""input00.txt"", ""input01.txt"", ""input02.txt"", ""input03.txt"", ""input04.txt"", ""input06.txt"", ""input07.txt"", ""input12.txt"", ""input15.txt"", ""input21.txt"", ""input25.txt"", ""input26.txt"", ""input27.txt"", ""input28.txt"", ""input29.txt""]","[""input05.txt"", ""input08.txt"", ""input09.txt"", ""input10.txt"", ""input11.txt"", ""input13.txt"", ""input14.txt"", ""input16.txt"", ""input17.txt"", ""input18.txt"", ""input19.txt"", ""input20.txt"", ""input22.txt"", ""input23.txt"", ""input24.txt""]",[],[],16.742477,0.558083,1.003979
matei-si-diamantele,1323450110,user_0078,23.21,cpp,dfs,1323450132,1.0,1.0,0.857,0.9857,0.402336,0.583364,high,30,7,23,23.33,5,1,17,False,"[""input00.txt"", ""input01.txt"", ""input02.txt"", ""input03.txt"", ""input04.txt"", ""input27.txt"", ""input29.txt""]","[""input05.txt"", ""input06.txt"", ""input07.txt"", ""input08.txt"", ""input09.txt"", ""input10.txt"", ""input11.txt"", ""input12.txt"", ""input13.txt"", ""input14.txt"", ""input15.txt"", ""input16.txt"", ""input17.txt"", ""input18.txt"", ""input19.txt"", ""input20.txt"", ""input21.txt"", ""input22.txt"", ""input23.txt"", ""input24.txt"", ""input25.txt"", ""input26.txt"", ""input28.txt""]","[""input28.txt""]","[""input05.txt"", ""input07.txt"", ""input08.txt"", ""input09.txt"", ""input11.txt"", ""input12.txt"", ""input13.txt"", ""input15.txt"", ""input16.txt"", ""input17.txt"", ""input19.txt"", ""input20.txt"", ""input21.txt"", ""input22.txt"", ""input23.txt"", ""input25.txt"", ""input26.txt""]",23.272071,0.775736,3.0
matei-si-diamantele,1391825349,user_0162,23.21,cpp,grid_scan,1391825752,0.31068,0.92302,0.6428,0.527594,0.328903,0.198691,medium,30,13,17,43.33,8,9,0,False,"[""input00.txt"", ""input01.txt"", ""input02.txt"", ""input03.txt"", ""input06.txt"", ""input08.txt"", ""input10.txt"", ""input11.txt"", ""input14.txt"", ""input15.txt"", ""input18.txt"", ""input22.txt"", ""input24.txt""]","[""input04.txt"", ""input05.txt"", ""input07.txt"", ""input09.txt"", ""input12.txt"", ""input13.txt"", ""input16.txt"", ""input17.txt"", ""input19.txt"", ""input20.txt"", ""input21.txt"", ""input23.txt"", ""input25.txt"", ""input26.txt"", ""input27.txt"", ""input28.txt"", ""input29.txt""]","[""input12.txt"", ""input20.txt"", ""input21.txt"", ""input23.txt"", ""input25.txt"", ""input26.txt"", ""input27.txt"", ""input28.txt"", ""input29.txt""]",[],60.017445,2.000581,3.0
matei-si-diamantele,1391825514,user_0258,28.57,cpp,unknown,1391825752,0.0,0.982706,0.75,0.369812,0.359443,0.010369,low,30,9,21,30.0,0,20,1,False,"[""input00.txt"", ""input01.txt"", ""input02.txt"", ""input03.txt"", ""input04.txt"", ""input10.txt"", ""input11.txt"", ""input14.txt"", ""input18.txt""]","[""input05.txt"", ""input06.txt"", ""input07.txt"", ""input08.txt"", ""input09.txt"", ""input12.txt"", ""input13.txt"", ""input15.txt"", ""input16.txt"", ""input17.txt"", ""input19.txt"", ""input20.txt"", ""input21.txt"", ""input22.txt"", ""input23.txt"", ""input24.txt"", ""input25.txt"", ""input26.txt"", ""input27.txt"", ""input28.txt"", ""input29.txt""]","[""input05.txt"", ""input06.txt"", ""input07.txt"", ""input08.txt"", ""input09.txt"", ""input12.txt"", ""input13.txt"", ""input15.txt"", ""input17.txt"", ""input19.txt"", ""input20.txt"", ""input21.txt"", ""input22.txt"", ""input23.txt"", ""input24.txt"", ""input25.txt"", ""input26.txt"", ""input27.txt"", ""input28.txt"", ""input29.txt""]","[""input16.txt""]",71.48479,2.382826,3.0
matei-si-diamantele,1314235325,user_0147,30.36,cpp,unknown,1391825752,0.0,0.9689,0.7858,0.36925,0.363835,0.005415,low,30,11,19,36.67,1,1,17,False,"[""input00.txt"", ""input01.txt"", ""input02.txt"", ""input03.txt"", ""input04.txt"", ""input06.txt"", ""input10.txt"", ""input11.txt"", ""input16.txt"", ""input22.txt"", ""input24.txt""]","[""input05.txt"", ""input07.txt"", ""input08.txt"", ""input09.txt"", ""input12.txt"", ""input13.txt"", ""input14.txt"", ""input15.txt"", ""input17.txt"", ""input18.txt"", ""input19.txt"", ""input20.txt"", ""input21.txt"", ""input23.txt"", ""input25.txt"", ""input26.txt"", ""input27.txt"", ""input28.txt"", ""input29.txt""]","[""input18.txt""]","[""input05.txt"", ""input07.txt"", ""input08.txt"", ""input09.txt"", ""input12.txt"", ""input14.txt"", ""input15.txt"", ""input17.txt"", ""input19.txt"", ""input20.txt"", ""input21.txt"", ""input23.txt"", ""input25.txt"", ""input26.txt"", ""input27.txt"", ""input28.txt"", ""input29.txt""]",23.189255,0.772975,3.0
matei-si-diamantele,1314236392,user_0171,30.36,java,grid_scan,1314236118,0.717949,0.91348,0.4286,0.747673,0.0,0.747673,high,30,19,11,63.33,0,0,11,False,"[""input00.txt"", ""input01.txt"", ""input02.txt"", ""input03.txt"", ""input04.txt"", ""input05.txt"", ""input06.txt"", ""input08.txt"", ""input09.txt"", ""input10.txt"", ""input11.txt"", ""input15.txt"", ""input16.txt"", ""input17.txt"", ""input19.txt"", ""input20.txt"", ""input21.txt"", ""input22.txt"", ""input24.txt""]","[""input07.txt"", ""input12.txt"", ""input13.txt"", ""input14.txt"", ""input18.txt"", ""input23.txt"", ""input25.txt"", ""input26.txt"", ""input27.txt"", ""input28.txt"", ""input29.txt""]",[],"[""input07.txt"", ""input12.txt"", ""input13.txt"", ""input14.txt"", ""input18.txt"", ""input23.txt"", ""input25.txt"", ""input26.txt"", ""input27.txt"", ""input28.txt"", ""input29.txt""]",18.630377,0.621013,2.133513
matei-si-diamantele,1314237213,user_0226,30.36,java,grid_scan,1314236118,0.8,0.943291,0.4286,0.805847,0.0,0.805847,high,30,19,11,63.33,0,0,11,False,"[""input00.txt"", ""input01.txt"", ""input02.txt"", ""input03.txt"", ""input04.txt"", ""input05.txt"", ""input06.txt"", ""input08.txt"", ""input09.txt"", ""input10.txt"", ""input11.txt"", ""input15.txt"", ""input16.txt"", ""input17.txt"", ""input19.txt"", ""input20.txt"", ""input21.txt"", ""input22.txt"", ""input24.txt""]","[""input07.txt"", ""input12.txt"", ""input13.txt"", ""input14.txt"", ""input18.txt"", ""input23.txt"", ""input25.txt"", ""input26.txt"", ""input27.txt"", ""input28.txt"", ""input29.txt""]",[],"[""input07.txt"", ""input12.txt"", ""input13.txt"", ""input14.txt"", ""input18.txt"", ""input23.txt"", ""input25.txt"", ""input26.txt"", ""input27.txt"", ""input28.txt"", ""input29.txt""]",15.475309,0.515844,0.929993
matei-si-diamantele,1323404910,user_0054,30.36,java,grid_scan,1314236118,0.644928,0.892091,0.4286,0.697444,0.0,0.697444,medium,30,19,11,63.33,0,0,11,False,"[""input00.txt"", ""input01.txt"", ""input02.txt"", ""input03.txt"", ""input04.txt"", ""input05.txt"", ""input06.txt"", ""input08.txt"", ""input09.txt"", ""input10.txt"", ""input11.txt"", ""input15.txt"", ""input16.txt"", ""input17.txt"", ""input19.txt"", ""input20.txt"", ""input21.txt"", ""input22.txt"", ""input24.txt""]","[""input07.txt"", ""input12.txt"", ""input13.txt"", ""input14.txt"", ""input18.txt"", ""input23.txt"", ""input25.txt"", ""input26.txt"", ""input27.txt"", ""input28.txt"", ""input29.txt""]",[],"[""input07.txt"", ""input12.txt"", ""input13.txt"", ""input14.txt"", ""input18.txt"", ""input23.txt"", ""input25.txt"", ""input26.txt"", ""input27.txt"", ""input28.txt"", ""input29.txt""]",13.949185,0.464973,0.808336
matei-si-diamantele,1323447222,user_0046,30.36,cpp,unknown,1314234411,0.255319,0.832829,0.6072,0.46376,0.441633,0.022127,low,30,6,24,20.0,0,5,19,False,"[""input00.txt"", ""input01.txt"", ""input02.txt"", ""input03.txt"", ""input04.txt"", ""input10.txt""]","[""input05.txt"", ""input06.txt"", ""input07.txt"", ""input08.txt"", ""input09.txt"", ""input11.txt"", ""input12.txt"", ""input13.txt"", ""input14.txt"", ""input15.txt"", ""input16.txt"", ""input17.txt"", ""input18.txt"", ""input19.txt"", ""input20.txt"", ""input21.txt"", ""input22.txt"", ""input23.txt"", ""input24.txt"", ""input25.txt"", ""input26.txt"", ""input27.txt"", ""input28.txt"", ""input29.txt""]","[""input05.txt"", ""input06.txt"", ""input07.txt"", ""input08.txt"", ""input27.txt""]","[""input09.txt"", ""input11.txt"", ""input12.txt"", ""input13.txt"", ""input14.txt"", ""input15.txt"", ""input16.txt"", ""input17.txt"", ""input18.txt"", ""input19.txt"", ""input20.txt"", ""input21.txt"", ""input22.txt"", ""input23.txt"", ""input24.txt"", ""input25.txt"", ""input26.txt"", ""input28.txt"", ""input29.txt""]",34.7072,1.156907,3.0
matei-si-diamantele,1323450132,user_0078,30.36,cpp,dfs,1323450132,1.0,1.0,1.0,1.0,1.0,0.0,reference,30,8,22,26.67,4,1,17,False,"[""input00.txt"", ""input01.txt"", ""input02.txt"", ""input03.txt"", ""input04.txt"", ""input06.txt"", ""input27.txt"", ""input29.txt""]","[""input05.txt"", ""input07.txt"", ""input08.txt"", ""input09.txt"", ""input10.txt"", ""input11.txt"", ""input12.txt"", ""input13.txt"", ""input14.txt"", ""input15.txt"", ""input16.txt"", ""input17.txt"", ""input18.txt"", ""input19.txt"", ""input20.txt"", ""input21.txt"", ""input22.txt"", ""input23.txt"", ""input24.txt"", ""input25.txt"", ""input26.txt"", ""input28.txt""]","[""input28.txt""]","[""input05.txt"", ""input07.txt"", ""input08.txt"", ""input09.txt"", ""input11.txt"", ""input12.txt"", ""input13.txt"", ""input15.txt"", ""input16.txt"", ""input17.txt"", ""input19.txt"", ""input20.txt"", ""input21.txt"", ""input22.txt"", ""input23.txt"", ""input25.txt"", ""input26.txt""]",25.25492,0.841831,3.0
matei-si-diamantele,1323450205,user_0078,30.36,cpp,dfs,1323450132,0.943925,0.998989,1.0,0.966052,0.343565,0.622487,high,30,8,22,26.67,4,1,17,False,"[""input00.txt"", ""input01.txt"", ""input02.txt"", ""input03.txt"", ""input04.txt"", ""input06.txt"", ""input27.txt"", ""input29.txt""]","[""input05.txt"", ""input07.txt"", ""input08.txt"", ""input09.txt"", ""input10.txt"", ""input11.txt"", ""input12.txt"", ""input13.txt"", ""input14.txt"", ""input15.txt"", ""input16.txt"", ""input17.txt"", ""input18.txt"", ""input19.txt"", ""input20.txt"", ""input21.txt"", ""input22.txt"", ""input23.txt"", ""input24.txt"", ""input25.txt"", ""input26.txt"", ""input28.txt""]","[""input07.txt""]","[""input05.txt"", ""input08.txt"", ""input09.txt"", ""input11.txt"", ""input12.txt"", ""input13.txt"", ""input15.txt"", ""input16.txt"", ""input17.txt"", ""input19.txt"", ""input20.txt"", ""input21.txt"", ""input22.txt"", ""input23.txt"", ""input25.txt"", ""input26.txt"", ""input28.txt""]",25.481427,0.849381,3.0
matei-si-diamantele,1333805547,user_0232,30.36,cpp,unknown,1378117542,0.239316,0.970705,0.6072,0.495521,0.449528,0.045993,low,30,17,13,56.67,0,8,5,False,"[""input00.txt"", ""input01.txt"", ""input02.txt"", ""input03.txt"", ""input04.txt"", ""input05.txt"", ""input06.txt"", ""input08.txt"", ""input09.txt"", ""input10.txt"", ""input11.txt"", ""input15.txt"", ""input16.txt"", ""input17.txt"", ""input19.txt"", ""input22.txt"", ""input24.txt""]","[""input07.txt"", ""input12.txt"", ""input13.txt"", ""input14.txt"", ""input18.txt"", ""input20.txt"", ""input21.txt"", ""input23.txt"", ""input25.txt"", ""input26.txt"", ""input27.txt"", ""input28.txt"", ""input29.txt""]","[""input12.txt"", ""input13.txt"", ""input20.txt"", ""input21.txt"", ""input23.txt"", ""input25.txt"", ""input26.txt"", ""input27.txt""]","[""input07.txt"", ""input14.txt"", ""input18.txt"", ""input28.txt"", ""input29.txt""]",59.708402,1.99028,3.0
matei-si-diamantele,1344694827,user_0161,30.36,cpp,grid_scan,1314234411,0.337349,0.968949,0.6072,0.553814,0.454092,0.099723,medium,30,11,19,36.67,1,11,7,False,"[""input00.txt"", ""input01.txt"", ""input02.txt"", ""input03.txt"", ""input04.txt"", ""input06.txt"", ""input10.txt"", ""input11.txt"", ""input16.txt"", ""input22.txt"", ""input24.txt""]","[""input05.txt"", ""input07.txt"", ""input08.txt"", ""input09.txt"", ""input12.txt"", ""input13.txt"", ""input14.txt"", ""input15.txt"", ""input17.txt"", ""input18.txt"", ""input19.txt"", ""input20.txt"", ""input21.txt"", ""input23.txt"", ""input25.txt"", ""input26.txt"", ""input27.txt"", ""input28.txt"", ""input29.txt""]","[""input07.txt"", ""input08.txt"", ""input12.txt"", ""input14.txt"", ""input15.txt"", ""input18.txt"", ""input19.txt"", ""input20.txt"", ""input23.txt"", ""input25.txt"", ""input29.txt""]","[""input05.txt"", ""input09.txt"", ""input17.txt"", ""input21.txt"", ""input26.txt"", ""input27.txt"", ""input28.txt""]",47.660852,1.588695,3.0
matei-si-diamantele,1344694860,user_0161,30.36,cpp,grid_scan,1314234411,0.314607,0.942514,0.6072,0.532238,0.44766,0.084578,medium,30,11,19,36.67,1,10,8,False,"[""input00.txt"", ""input01.txt"", ""input02.txt"", ""input03.txt"", ""input04.txt"", ""input06.txt"", ""input10.txt"", ""input11.txt"", ""input16.txt"", ""input22.txt"", ""input24.txt""]","[""input05.txt"", ""input07.txt"", ""input08.txt"", ""input09.txt"", ""input12.txt"", ""input13.txt"", ""input14.txt"", ""input15.txt"", ""input17.txt"", ""input18.txt"", ""input19.txt"", ""input20.txt"", ""input21.txt"", ""input23.txt"", ""input25.txt"", ""input26.txt"", ""input27.txt"", ""input28.txt"", ""input29.txt""]","[""input05.txt"", ""input07.txt"", ""input08.txt"", ""input09.txt"", ""input12.txt"", ""input14.txt"", ""input23.txt"", ""input25.txt"", ""input27.txt"", ""input28.txt""]","[""input15.txt"", ""input17.txt"", ""input18.txt"", ""input19.txt"", ""input20.txt"", ""input21.txt"", ""input26.txt"", ""input29.txt""]",45.586496,1.51955,3.0
matei-si-diamantele,1391856779,user_0278,32.14,java,grid_scan,1314236118,0.55336,0.905672,0.393,0.643017,0.0,0.643017,medium,30,20,10,66.67,10,0,0,False,"[""input00.txt"", ""input01.txt"", ""input02.txt"", ""input04.txt"", ""input06.txt"", ""input07.txt"", ""input08.txt"", ""input13.txt"", ""input14.txt"", ""input16.txt"", ""input17.txt"", ""input18.txt"", ""input19.txt"", ""input20.txt"", ""input21.txt"", ""input23.txt"", ""input25.txt"", ""input26.txt"", ""input27.txt"", ""input28.txt""]","[""input03.txt"", ""input05.txt"", ""input09.txt"", ""input10.txt"", ""input11.txt"", ""input12.txt"", ""input15.txt"", ""input22.txt"", ""input24.txt"", ""input29.txt""]",[],[],9.377979,0.312599,0.461151
matei-si-diamantele,1323404984,user_0054,33.93,java,grid_scan,1314236118,0.644928,0.892237,0.3572,0.690348,0.0,0.690348,medium,30,21,9,70.0,1,0,8,False,"[""input00.txt"", ""input01.txt"", ""input02.txt"", ""input03.txt"", ""input04.txt"", ""input05.txt"", ""input06.txt"", ""input08.txt"", ""input09.txt"", ""input10.txt"", ""input11.txt"", ""input12.txt"", ""input15.txt"", ""input16.txt"", ""input17.txt"", ""input19.txt"", ""input20.txt"", ""input21.txt"", ""input22.txt"", ""input23.txt"", ""input24.txt""]","[""input07.txt"", ""input13.txt"", ""input14.txt"", ""input18.txt"", ""input25.txt"", ""input26.txt"", ""input27.txt"", ""input28.txt"", ""input29.txt""]",[],"[""input07.txt"", ""input13.txt"", ""input14.txt"", ""input25.txt"", ""input26.txt"", ""input27.txt"", ""input28.txt"", ""input29.txt""]",13.321892,0.444063,0.63857
matei-si-diamantele,1314234605,user_0266,35.71,java,grid_scan,1314236118,0.506024,0.927055,0.3216,0.613891,0.0,0.613891,medium,30,22,8,73.33,0,5,3,False,"[""input00.txt"", ""input01.txt"", ""input02.txt"", ""input03.txt"", ""input04.txt"", ""input05.txt"", ""input06.txt"", ""input08.txt"", ""input09.txt"", ""input10.txt"", ""input11.txt"", ""input12.txt"", ""input15.txt"", ""input16.txt"", ""input17.txt"", ""input18.txt"", ""input19.txt"", ""input20.txt"", ""input21.txt"", ""input22.txt"", ""input23.txt"", ""input24.txt""]","[""input07.txt"", ""input13.txt"", ""input14.txt"", ""input25.txt"", ""input26.txt"", ""input27.txt"", ""input28.txt"", ""input29.txt""]","[""input25.txt"", ""input26.txt"", ""input27.txt"", ""input28.txt"", ""input29.txt""]","[""input07.txt"", ""input13.txt"", ""input14.txt""]",25.004187,0.833473,3.0
matei-si-diamantele,1314234882,user_0015,35.71,cpp,unknown,1391825752,0.0,0.96234,0.8928,0.377982,0.346539,0.031443,low,0,0,0,0.0,0,0,0,True,[],[],[],[],0.0,0.0,0.0
matei-si-diamantele,1314234957,user_0045,35.71,cpp,unknown,1333751390,0.25,0.916151,0.3216,0.457005,0.388069,0.068936,low,0,0,0,0.0,0,0,0,True,[],[],[],[],0.0,0.0,0.0
matei-si-diamantele,1314235088,user_0042,35.71,java,grid_scan,1314236118,0.658228,0.932476,0.3216,0.70684,0.0,0.70684,high,30,22,8,73.33,0,0,8,False,"[""input00.txt"", ""input01.txt"", ""input02.txt"", ""input03.txt"", ""input04.txt"", ""input05.txt"", ""input06.txt"", ""input07.txt"", ""input08.txt"", ""input09.txt"", ""input10.txt"", ""input11.txt"", ""input13.txt"", ""input14.txt"", ""input15.txt"", ""input16.txt"", ""input17.txt"", ""input19.txt"", ""input20.txt"", ""input21.txt"", ""input22.txt"", ""input24.txt""]","[""input12.txt"", ""input18.txt"", ""input23.txt"", ""input25.txt"", ""input26.txt"", ""input27.txt"", ""input28.txt"", ""input29.txt""]",[],"[""input12.txt"", ""input18.txt"", ""input23.txt"", ""input25.txt"", ""input26.txt"", ""input27.txt"", ""input28.txt"", ""input29.txt""]",12.432177,0.414406,0.791453
matei-si-diamantele,1314235752,user_0042,35.71,cpp,grid_scan,1314234411,0.32,0.941418,0.7142,0.545845,0.45396,0.091885,medium,30,13,17,43.33,0,8,9,False,"[""input00.txt"", ""input01.txt"", ""input02.txt"", ""input03.txt"", ""input04.txt"", ""input06.txt"", ""input10.txt"", ""input11.txt"", ""input13.txt"", ""input14.txt"", ""input16.txt"", ""input22.txt"", ""input24.txt""]","[""input05.txt"", ""input07.txt"", ""input08.txt"", ""input09.txt"", ""input12.txt"", ""input15.txt"", ""input17.txt"", ""input18.txt"", ""input19.txt"", ""input20.txt"", ""input21.txt"", ""input23.txt"", ""input25.txt"", ""input26.txt"", ""input27.txt"", ""input28.txt"", ""input29.txt""]","[""input05.txt"", ""input07.txt"", ""input08.txt"", ""input09.txt"", ""input12.txt"", ""input15.txt"", ""input23.txt"", ""input25.txt""]","[""input17.txt"", ""input18.txt"", ""input19.txt"", ""input20.txt"", ""input21.txt"", ""input26.txt"", ""input27.txt"", ""input28.txt"", ""input29.txt""]",46.005229,1.533508,3.0
matei-si-diamantele,1323447383,user_0046,35.71,cpp,unknown,1314234411,0.228571,0.835398,0.7142,0.459182,0.442169,0.017013,low,30,6,24,20.0,0,6,18,False,"[""input00.txt"", ""input01.txt"", ""input02.txt"", ""input03.txt"", ""input04.txt"", ""input10.txt""]","[""input05.txt"", ""input06.txt"", ""input07.txt"", ""input08.txt"", ""input09.txt"", ""input11.txt"", ""input12.txt"", ""input13.txt"", ""input14.txt"", ""input15.txt"", ""input16.txt"", ""input17.txt"", ""input18.txt"", ""input19.txt"", ""input20.txt"", ""input21.txt"", ""input22.txt"", ""input23.txt"", ""input24.txt"", ""input25.txt"", ""input26.txt"", ""input27.txt"", ""input28.txt"", ""input29.txt""]","[""input06.txt"", ""input07.txt"", ""input16.txt"", ""input23.txt"", ""input25.txt"", ""input26.txt""]","[""input05.txt"", ""input08.txt"", ""input09.txt"", ""input11.txt"", ""input12.txt"", ""input13.txt"", ""input14.txt"", ""input15.txt"", ""input17.txt"", ""input18.txt"", ""input19.txt"", ""input20.txt"", ""input21.txt"", ""input22.txt"", ""input24.txt"", ""input27.txt"", ""input28.txt"", ""input29.txt""]",37.613238,1.253775,3.0
matei-si-diamantele,1333805066,user_0247,35.71,java,grid_scan,1314236118,0.57037,0.719078,0.3216,0.590106,0.0,0.590106,medium,30,30,0,100.0,0,0,0,False,"[""input00.txt"", ""input01.txt"", ""input02.txt"", ""input03.txt"", ""input04.txt"", ""input05.txt"", ""input06.txt"", ""input07.txt"", ""input08.txt"", ""input09.txt"", ""input10.txt"", ""input11.txt"", ""input12.txt"", ""input13.txt"", ""input14.txt"", ""input15.txt"", ""input16.txt"", ""input17.txt"", ""input18.txt"", ""input19.txt"", ""input20.txt"", ""input21.txt"", ""input22.txt"", ""input23.txt"", ""input24.txt"", ""input25.txt"", ""input26.txt"", ""input27.txt"", ""input28.txt"", ""input29.txt""]",[],[],[],28.407396,0.946913,1.654352
matei-si-diamantele,1333805552,user_0232,35.71,cpp,unknown,1378117542,0.227642,0.950166,0.7142,0.493055,0.447555,0.0455,low,30,19,11,63.33,0,9,2,False,"[""input00.txt"", ""input01.txt"", ""input02.txt"", ""input03.txt"", ""input04.txt"", ""input06.txt"", ""input07.txt"", ""input08.txt"", ""input09.txt"", ""input10.txt"", ""input11.txt"", ""input13.txt"", ""input14.txt"", ""input15.txt"", ""input16.txt"", ""input17.txt"", ""input19.txt"", ""input22.txt"", ""input24.txt""]","[""input05.txt"", ""input12.txt"", ""input18.txt"", ""input20.txt"", ""input21.txt"", ""input23.txt"", ""input25.txt"", ""input26.txt"", ""input27.txt"", ""input28.txt"", ""input29.txt""]","[""input05.txt"", ""input12.txt"", ""input20.txt"", ""input21.txt"", ""input23.txt"", ""input25.txt"", ""input27.txt"", ""input28.txt"", ""input29.txt""]","[""input18.txt"", ""input26.txt""]",60.256886,2.008563,3.0
matei-si-diamantele,1344697577,user_0070,35.71,cpp,unknown,1323450132,0.0,0.908476,0.893,0.361843,0.351,0.010842,low,30,21,9,70.0,0,9,0,False,"[""input00.txt"", ""input01.txt"", ""input02.txt"", ""input03.txt"", ""input04.txt"", ""input05.txt"", ""input06.txt"", ""input07.txt"", ""input08.txt"", ""input09.txt"", ""input10.txt"", ""input11.txt"", ""input13.txt"", ""input14.txt"", ""input15.txt"", ""input16.txt"", ""input17.txt"", ""input19.txt"", ""input21.txt"", ""input22.txt"", ""input24.txt""]","[""input12.txt"", ""input18.txt"", ""input20.txt"", ""input23.txt"", ""input25.txt"", ""input26.txt"", ""input27.txt"", ""input28.txt"", ""input29.txt""]","[""input12.txt"", ""input18.txt"", ""input20.txt"", ""input23.txt"", ""input25.txt"", ""input26.txt"", ""input27.txt"", ""input28.txt"", ""input29.txt""]",[],60.928106,2.030937,3.0
matei-si-diamantele,1378120328,user_0204,35.71,cpp,grid_scan,1378120312,1.0,1.0,0.3216,0.93216,0.349272,0.582888,high,30,16,14,53.33,0,10,4,False,"[""input00.txt"", ""input01.txt"", ""input02.txt"", ""input03.txt"", ""input04.txt"", ""input06.txt"", ""input08.txt"", ""input09.txt"", ""input10.txt"", ""input11.txt"", ""input13.txt"", ""input16.txt"", ""input17.txt"", ""input19.txt"", ""input22.txt"", ""input24.txt""]","[""input05.txt"", ""input07.txt"", ""input12.txt"", ""input14.txt"", ""input15.txt"", ""input18.txt"", ""input20.txt"", ""input21.txt"", ""input23.txt"", ""input25.txt"", ""input26.txt"", ""input27.txt"", ""input28.txt"", ""input29.txt""]","[""input05.txt"", ""input07.txt"", ""input12.txt"", ""input14.txt"", ""input15.txt"", ""input18.txt"", ""input20.txt"", ""input21.txt"", ""input23.txt"", ""input28.txt""]","[""input25.txt"", ""input26.txt"", ""input27.txt"", ""input29.txt""]",60.589944,2.019665,3.015952
matei-si-diamantele,1391739813,user_0278,35.71,java,grid_scan,1314236118,0.664062,0.908015,0.3216,0.703002,0.0,0.703002,high,30,22,8,73.33,0,0,8,False,"[""input00.txt"", ""input01.txt"", ""input02.txt"", ""input03.txt"", ""input04.txt"", ""input05.txt"", ""input06.txt"", ""input08.txt"", ""input09.txt"", ""input10.txt"", ""input11.txt"", ""input12.txt"", ""input15.txt"", ""input16.txt"", ""input17.txt"", ""input18.txt"", ""input19.txt"", ""input20.txt"", ""input21.txt"", ""input22.txt"", ""input23.txt"", ""input24.txt""]","[""input07.txt"", ""input13.txt"", ""input14.txt"", ""input25.txt"", ""input26.txt"", ""input27.txt"", ""input28.txt"", ""input29.txt""]",[],"[""input07.txt"", ""input13.txt"", ""input14.txt"", ""input25.txt"", ""input26.txt"", ""input27.txt"", ""input28.txt"", ""input29.txt""]",10.628183,0.354273,0.564787
matei-si-diamantele,1391856787,user_0278,35.71,java,grid_scan,1314236118,0.55336,0.905672,0.3216,0.635877,0.0,0.635877,medium,30,22,8,73.33,8,0,0,False,"[""input00.txt"", ""input01.txt"", ""input02.txt"", ""input04.txt"", ""input06.txt"", ""input07.txt"", ""input08.txt"", ""input10.txt"", ""input13.txt"", ""input14.txt"", ""input15.txt"", ""input16.txt"", ""input17.txt"", ""input18.txt"", ""input19.txt"", ""input20.txt"", ""input21.txt"", ""input23.txt"", ""input25.txt"", ""input26.txt"", ""input27.txt"", ""input28.txt""]","[""input03.txt"", ""input05.txt"", ""input09.txt"", ""input11.txt"", ""input12.txt"", ""input22.txt"", ""input24.txt"", ""input29.txt""]",[],[],13.447164,0.448239,0.886313
matei-si-diamantele,1314234751,user_0045,37.5,cpp,unknown,1333751390,0.222222,0.863673,0.2858,0.421015,0.376232,0.044783,low,0,0,0,0.0,0,0,0,True,[],[],[],[],0.0,0.0,0.0
matei-si-diamantele,1314234772,user_0045,37.5,cpp,unknown,1333751390,0.220183,0.863925,0.2858,0.419868,0.376301,0.043567,low,0,0,0,0.0,0,0,0,True,[],[],[],[],0.0,0.0,0.0
matei-si-diamantele,1314236341,user_0045,37.5,cpp,unknown,1333751390,0.230769,0.905029,0.2858,0.43855,0.388526,0.050024,low,0,0,0,0.0,0,0,0,True,[],[],[],[],0.0,0.0,0.0
matei-si-diamantele,1323404960,user_0054,37.5,java,grid_scan,1314236118,0.644928,0.892237,0.2858,0.683208,0.0,0.683208,medium,30,23,7,76.67,7,0,0,False,"[""input00.txt"", ""input01.txt"", ""input02.txt"", ""input03.txt"", ""input04.txt"", ""input05.txt"", ""input06.txt"", ""input08.txt"", ""input09.txt"", ""input10.txt"", ""input11.txt"", ""input13.txt"", ""input14.txt"", ""input15.txt"", ""input16.txt"", ""input17.txt"", ""input19.txt"", ""input20.txt"", ""input21.txt"", ""input22.txt"", ""input23.txt"", ""input24.txt"", ""input26.txt""]","[""input07.txt"", ""input12.txt"", ""input18.txt"", ""input25.txt"", ""input27.txt"", ""input28.txt"", ""input29.txt""]",[],[],13.677905,0.45593,0.87226
matei-si-diamantele,1323405139,user_0054,37.5,java,grid_scan,1314236118,0.528169,0.884048,0.2858,0.610696,0.0,0.610696,medium,30,23,7,76.67,1,0,6,False,"[""input00.txt"", ""input01.txt"", ""input02.txt"", ""input03.txt"", ""input04.txt"", ""input05.txt"", ""input06.txt"", ""input08.txt"", ""input09.txt"", ""input10.txt"", ""input11.txt"", ""input12.txt"", ""input15.txt"", ""input16.txt"", ""input17.txt"", ""input19.txt"", ""input20.txt"", ""input21.txt"", ""input22.txt"", ""input23.txt"", ""input24.txt"", ""input26.txt"", ""input29.txt""]","[""input07.txt"", ""input13.txt"", ""input14.txt"", ""input18.txt"", ""input25.txt"", ""input27.txt"", ""input28.txt""]",[],"[""input07.txt"", ""input13.txt"", ""input14.txt"", ""input25.txt"", ""input27.txt"", ""input28.txt""]",13.683284,0.456109,0.734509
matei-si-diamantele,1323447453,user_0046,37.5,cpp,unknown,1314234411,0.205128,0.831166,0.75,0.447427,0.439282,0.008145,low,30,6,24,20.0,0,3,21,False,"[""input00.txt"", ""input01.txt"", ""input02.txt"", ""input03.txt"", ""input04.txt"", ""input10.txt""]","[""input05.txt"", ""input06.txt"", ""input07.txt"", ""input08.txt"", ""input09.txt"", ""input11.txt"", ""input12.txt"", ""input13.txt"", ""input14.txt"", ""input15.txt"", ""input16.txt"", ""input17.txt"", ""input18.txt"", ""input19.txt"", ""input20.txt"", ""input21.txt"", ""input22.txt"", ""input23.txt"", ""input24.txt"", ""input25.txt"", ""input26.txt"", ""input27.txt"", ""input28.txt"", ""input29.txt""]","[""input05.txt"", ""input06.txt"", ""input12.txt""]","[""input07.txt"", ""input08.txt"", ""input09.txt"", ""input11.txt"", ""input13.txt"", ""input14.txt"", ""input15.txt"", ""input16.txt"", ""input17.txt"", ""input18.txt"", ""input19.txt"", ""input20.txt"", ""input21.txt"", ""input22.txt"", ""input23.txt"", ""input24.txt"", ""input25.txt"", ""input26.txt"", ""input27.txt"", ""input28.txt"", ""input29.txt""]",31.292349,1.043078,3.0
matei-si-diamantele,1332661224,user_0069,37.5,java,grid_scan,1314236118,0.730435,0.939436,0.2858,0.748672,0.0,0.748672,high,30,23,7,76.67,0,0,7,False,"[""input00.txt"", ""input01.txt"", ""input02.txt"", ""input03.txt"", ""input04.txt"", ""input05.txt"", ""input06.txt"", ""input08.txt"", ""input09.txt"", ""input10.txt"", ""input11.txt"", ""input12.txt"", ""input13.txt"", ""input15.txt"", ""input16.txt"", ""input17.txt"", ""input18.txt"", ""input19.txt"", ""input20.txt"", ""input21.txt"", ""input22.txt"", ""input23.txt"", ""input24.txt""]","[""input07.txt"", ""input14.txt"", ""input25.txt"", ""input26.txt"", ""input27.txt"", ""input28.txt"", ""input29.txt""]",[],"[""input07.txt"", ""input14.txt"", ""input25.txt"", ""input26.txt"", ""input27.txt"", ""input28.txt"", ""input29.txt""]",12.802785,0.42676,0.621093
matei-si-diamantele,1332673446,user_0068,37.5,java,grid_scan,1314236118,0.733624,0.932191,0.2858,0.748412,0.0,0.748412,high,30,23,7,76.67,1,5,1,False,"[""input00.txt"", ""input01.txt"", ""input02.txt"", ""input03.txt"", ""input04.txt"", ""input05.txt"", ""input06.txt"", ""input07.txt"", ""input08.txt"", ""input09.txt"", ""input10.txt"", ""input11.txt"", ""input12.txt"", ""input14.txt"", ""input16.txt"", ""input17.txt"", ""input18.txt"", ""input19.txt"", ""input20.txt"", ""input21.txt"", ""input22.txt"", ""input23.txt"", ""input24.txt""]","[""input13.txt"", ""input15.txt"", ""input25.txt"", ""input26.txt"", ""input27.txt"", ""input28.txt"", ""input29.txt""]","[""input25.txt"", ""input26.txt"", ""input27.txt"", ""input28.txt"", ""input29.txt""]","[""input13.txt""]",25.869765,0.862325,3.0
matei-si-diamantele,1332711292,user_0069,37.5,java,grid_scan,1314236118,0.640693,0.939995,0.2858,0.694994,0.0,0.694994,medium,30,23,7,76.67,0,0,7,False,"[""input00.txt"", ""input01.txt"", ""input02.txt"", ""input03.txt"", ""input04.txt"", ""input05.txt"", ""input06.txt"", ""input08.txt"", ""input09.txt"", ""input10.txt"", ""input11.txt"", ""input12.txt"", ""input13.txt"", ""input15.txt"", ""input16.txt"", ""input17.txt"", ""input18.txt"", ""input19.txt"", ""input20.txt"", ""input21.txt"", ""input22.txt"", ""input23.txt"", ""input24.txt""]","[""input07.txt"", ""input14.txt"", ""input25.txt"", ""input26.txt"", ""input27.txt"", ""input28.txt"", ""input29.txt""]",[],"[""input07.txt"", ""input14.txt"", ""input25.txt"", ""input26.txt"", ""input27.txt"", ""input28.txt"", ""input29.txt""]",11.992539,0.399751,0.610898
matei-si-diamantele,1332711394,user_0069,37.5,java,grid_scan,1314236118,0.624473,0.934789,0.2858,0.6837,0.0,0.6837,medium,30,23,7,76.67,0,0,7,False,"[""input00.txt"", ""input01.txt"", ""input02.txt"", ""input03.txt"", ""input04.txt"", ""input05.txt"", ""input06.txt"", ""input08.txt"", ""input09.txt"", ""input10.txt"", ""input11.txt"", ""input12.txt"", ""input13.txt"", ""input15.txt"", ""input16.txt"", ""input17.txt"", ""input18.txt"", ""input19.txt"", ""input20.txt"", ""input21.txt"", ""input22.txt"", ""input23.txt"", ""input24.txt""]","[""input07.txt"", ""input14.txt"", ""input25.txt"", ""input26.txt"", ""input27.txt"", ""input28.txt"", ""input29.txt""]",[],"[""input07.txt"", ""input14.txt"", ""input25.txt"", ""input26.txt"", ""input27.txt"", ""input28.txt"", ""input29.txt""]",11.549837,0.384995,0.663858
matei-si-diamantele,1333796493,user_0141,37.5,cpp,grid_scan,1391825752,0.293578,0.843142,0.9286,0.521949,0.369549,0.1524,medium,30,18,12,60.0,0,12,0,False,"[""input00.txt"", ""input01.txt"", ""input02.txt"", ""input03.txt"", ""input04.txt"", ""input05.txt"", ""input06.txt"", ""input09.txt"", ""input10.txt"", ""input11.txt"", ""input13.txt"", ""input15.txt"", ""input16.txt"", ""input17.txt"", ""input18.txt"", ""input19.txt"", ""input22.txt"", ""input24.txt""]","[""input07.txt"", ""input08.txt"", ""input12.txt"", ""input14.txt"", ""input20.txt"", ""input21.txt"", ""input23.txt"", ""input25.txt"", ""input26.txt"", ""input27.txt"", ""input28.txt"", ""input29.txt""]","[""input07.txt"", ""input08.txt"", ""input12.txt"", ""input14.txt"", ""input20.txt"", ""input21.txt"", ""input23.txt"", ""input25.txt"", ""input26.txt"", ""input27.txt"", ""input28.txt"", ""input29.txt""]",[],63.960094,2.132003,3.0
matei-si-diamantele,1314234735,user_0045,39.29,cpp,unknown,1333751390,0.222222,0.863673,0.25,0.417435,0.379812,0.037623,low,0,0,0,0.0,0,0,0,True,[],[],[],[],0.0,0.0,0.0
matei-si-diamantele,1323448964,user_0269,39.29,java,grid_scan,1314236118,0.440895,0.862002,0.25,0.548137,0.0,0.548137,medium,30,24,6,80.0,0,0,6,False,"[""input00.txt"", ""input01.txt"", ""input02.txt"", ""input03.txt"", ""input04.txt"", ""input05.txt"", ""input06.txt"", ""input08.txt"", ""input09.txt"", ""input10.txt"", ""input11.txt"", ""input15.txt"", ""input16.txt"", ""input17.txt"", ""input19.txt"", ""input20.txt"", ""input21.txt"", ""input22.txt"", ""input24.txt"", ""input25.txt"", ""input26.txt"", ""input27.txt"", ""input28.txt"", ""input29.txt""]","[""input07.txt"", ""input12.txt"", ""input13.txt"", ""input14.txt"", ""input18.txt"", ""input23.txt""]",[],"[""input07.txt"", ""input12.txt"", ""input13.txt"", ""input14.txt"", ""input18.txt"", ""input23.txt""]",16.804924,0.560164,0.875079
matei-si-diamantele,1344373500,user_0259,39.29,cpp,grid_scan,1314234411,0.289157,0.946977,0.7858,0.536167,0.48035,0.055817,medium,30,0,30,0.0,0,3,27,False,[],"[""input00.txt"", ""input01.txt"", ""input02.txt"", ""input03.txt"", ""input04.txt"", ""input05.txt"", ""input06.txt"", ""input07.txt"", ""input08.txt"", ""input09.txt"", ""input10.txt"", ""input11.txt"", ""input12.txt"", ""input13.txt"", ""input14.txt"", ""input15.txt"", ""input16.txt"", ""input17.txt"", ""input18.txt"", ""input19.txt"", ""input20.txt"", ""input21.txt"", ""input22.txt"", ""input23.txt"", ""input24.txt"", ""input25.txt"", ""input26.txt"", ""input27.txt"", ""input28.txt"", ""input29.txt""]","[""input10.txt"", ""input15.txt"", ""input18.txt""]","[""input00.txt"", ""input01.txt"", ""input02.txt"", ""input03.txt"", ""input04.txt"", ""input05.txt"", ""input06.txt"", ""input07.txt"", ""input08.txt"", ""input09.txt"", ""input11.txt"", ""input12.txt"", ""input13.txt"", ""input14.txt"", ""input16.txt"", ""input17.txt"", ""input19.txt"", ""input20.txt"", ""input21.txt"", ""input22.txt"", ""input23.txt"", ""input24.txt"", ""input25.txt"", ""input26.txt"", ""input27.txt"", ""input28.txt"", ""input29.txt""]",14.753688,0.49179,3.0
matei-si-diamantele,1344697187,user_0161,39.29,cpp,grid_scan,1314234411,0.277228,0.908972,0.7858,0.517608,0.421098,0.096511,medium,30,13,17,43.33,1,3,13,False,"[""input00.txt"", ""input01.txt"", ""input02.txt"", ""input03.txt"", ""input04.txt"", ""input06.txt"", ""input10.txt"", ""input11.txt"", ""input14.txt"", ""input16.txt"", ""input18.txt"", ""input22.txt"", ""input24.txt""]","[""input05.txt"", ""input07.txt"", ""input08.txt"", ""input09.txt"", ""input12.txt"", ""input13.txt"", ""input15.txt"", ""input17.txt"", ""input19.txt"", ""input20.txt"", ""input21.txt"", ""input23.txt"", ""input25.txt"", ""input26.txt"", ""input27.txt"", ""input28.txt"", ""input29.txt""]","[""input12.txt"", ""input17.txt"", ""input29.txt""]","[""input05.txt"", ""input07.txt"", ""input08.txt"", ""input09.txt"", ""input15.txt"", ""input19.txt"", ""input20.txt"", ""input21.txt"", ""input23.txt"", ""input25.txt"", ""input26.txt"", ""input27.txt"", ""input28.txt""]",26.923861,0.897462,3.0
matei-si-diamantele,1391933787,user_0271,39.29,java,grid_scan,1314236118,0.666667,0.985247,0.25,0.720574,0.0,0.720574,high,30,23,7,76.67,2,5,0,False,"[""input00.txt"", ""input02.txt"", ""input03.txt"", ""input04.txt"", ""input05.txt"", ""input06.txt"", ""input08.txt"", ""input09.txt"", ""input10.txt"", ""input11.txt"", ""input12.txt"", ""input13.txt"", ""input14.txt"", ""input15.txt"", ""input16.txt"", ""input17.txt"", ""input18.txt"", ""input19.txt"", ""input20.txt"", ""input21.txt"", ""input22.txt"", ""input23.txt"", ""input24.txt""]","[""input01.txt"", ""input07.txt"", ""input25.txt"", ""input26.txt"", ""input27.txt"", ""input28.txt"", ""input29.txt""]","[""input25.txt"", ""input26.txt"", ""input27.txt"", ""input28.txt"", ""input29.txt""]",[],27.308012,0.910267,3.0
matei-si-diamantele,1391933920,user_0271,39.29,java,grid_scan,1314236118,0.743363,0.988943,0.25,0.767701,0.0,0.767701,high,30,24,6,80.0,1,5,0,False,"[""input00.txt"", ""input01.txt"", ""input02.txt"", ""input03.txt"", ""input04.txt"", ""input05.txt"", ""input06.txt"", ""input08.txt"", ""input09.txt"", ""input10.txt"", ""input11.txt"", ""input12.txt"", ""input13.txt"", ""input14.txt"", ""input15.txt"", ""input16.txt"", ""input17.txt"", ""input18.txt"", ""input19.txt"", ""input20.txt"", ""input21.txt"", ""input22.txt"", ""input23.txt"", ""input24.txt""]","[""input07.txt"", ""input25.txt"", ""input26.txt"", ""input27.txt"", ""input28.txt"", ""input29.txt""]","[""input25.txt"", ""input26.txt"", ""input27.txt"", ""input28.txt"", ""input29.txt""]",[],23.59741,0.78658,3.0
matei-si-diamantele,1314234652,user_0266,41.07,java,grid_scan,1314236118,0.506024,0.927055,0.2144,0.603171,0.0,0.603171,medium,30,25,5,83.33,0,5,0,False,"[""input00.txt"", ""input01.txt"", ""input02.txt"", ""input03.txt"", ""input04.txt"", ""input05.txt"", ""input06.txt"", ""input07.txt"", ""input08.txt"", ""input09.txt"", ""input10.txt"", ""input11.txt"", ""input12.txt"", ""input13.txt"", ""input14.txt"", ""input15.txt"", ""input16.txt"", ""input17.txt"", ""input18.txt"", ""input19.txt"", ""input20.txt"", ""input21.txt"", ""input22.txt"", ""input23.txt"", ""input24.txt""]","[""input25.txt"", ""input26.txt"", ""input27.txt"", ""input28.txt"", ""input29.txt""]","[""input25.txt"", ""input26.txt"", ""input27.txt"", ""input28.txt"", ""input29.txt""]",[],22.405414,0.746847,3.0
matei-si-diamantele,1314234695,user_0266,41.07,java,grid_scan,1314236118,0.494118,0.929632,0.2144,0.5968,0.0,0.5968,medium,30,25,5,83.33,0,5,0,False,"[""input00.txt"", ""input01.txt"", ""input02.txt"", ""input03.txt"", ""input04.txt"", ""input05.txt"", ""input06.txt"", ""input07.txt"", ""input08.txt"", ""input09.txt"", ""input10.txt"", ""input11.txt"", ""input12.txt"", ""input13.txt"", ""input14.txt"", ""input15.txt"", ""input16.txt"", ""input17.txt"", ""input18.txt"", ""input19.txt"", ""input20.txt"", ""input21.txt"", ""input22.txt"", ""input23.txt"", ""input24.txt""]","[""input25.txt"", ""input26.txt"", ""input27.txt"", ""input28.txt"", ""input29.txt""]","[""input25.txt"", ""input26.txt"", ""input27.txt"", ""input28.txt"", ""input29.txt""]",[],24.762584,0.825419,3.0
matei-si-diamantele,1314234699,user_0045,41.07,cpp,unknown,1333751390,0.242424,0.905046,0.2144,0.438408,0.395814,0.042594,low,0,0,0,0.0,0,0,0,True,[],[],[],[],0.0,0.0,0.0
matei-si-diamantele,1314234757,user_0266,41.07,java,grid_scan,1314236118,0.479087,0.926655,0.2144,0.586889,0.0,0.586889,medium,30,25,5,83.33,0,5,0,False,"[""input00.txt"", ""input01.txt"", ""input02.txt"", ""input03.txt"", ""input04.txt"", ""input05.txt"", ""input06.txt"", ""input07.txt"", ""input08.txt"", ""input09.txt"", ""input10.txt"", ""input11.txt"", ""input12.txt"", ""input13.txt"", ""input14.txt"", ""input15.txt"", ""input16.txt"", ""input17.txt"", ""input18.txt"", ""input19.txt"", ""input20.txt"", ""input21.txt"", ""input22.txt"", ""input23.txt"", ""input24.txt""]","[""input25.txt"", ""input26.txt"", ""input27.txt"", ""input28.txt"", ""input29.txt""]","[""input25.txt"", ""input26.txt"", ""input27.txt"", ""input28.txt"", ""input29.txt""]",[],26.551178,0.885039,3.0
matei-si-diamantele,1314234803,user_0045,41.07,cpp,unknown,1333751390,0.220183,0.863411,0.2144,0.412573,0.383301,0.029272,low,0,0,0,0.0,0,0,0,True,[],[],[],[],0.0,0.0,0.0
matei-si-diamantele,1314234840,user_0045,41.07,cpp,unknown,1333751390,0.23301,0.889982,0.2144,0.42824,0.391333,0.036907,low,0,0,0,0.0,0,0,0,True,[],[],[],[],0.0,0.0,0.0
matei-si-diamantele,1314234890,user_0045,41.07,cpp,unknown,1333751390,0.235294,0.889694,0.2144,0.429525,0.391268,0.038256,low,0,0,0,0.0,0,0,0,True,[],[],[],[],0.0,0.0,0.0
matei-si-diamantele,1314234907,user_0241,41.07,java,grid_scan,1314236118,0.792453,0.94559,0.2144,0.780589,0.0,0.780589,high,30,25,5,83.33,0,5,0,False,"[""input00.txt"", ""input01.txt"", ""input02.txt"", ""input03.txt"", ""input04.txt"", ""input05.txt"", ""input06.txt"", ""input07.txt"", ""input08.txt"", ""input09.txt"", ""input10.txt"", ""input11.txt"", ""input12.txt"", ""input13.txt"", ""input14.txt"", ""input15.txt"", ""input16.txt"", ""input17.txt"", ""input18.txt"", ""input19.txt"", ""input20.txt"", ""input21.txt"", ""input22.txt"", ""input23.txt"", ""input24.txt""]","[""input25.txt"", ""input26.txt"", ""input27.txt"", ""input28.txt"", ""input29.txt""]","[""input25.txt"", ""input26.txt"", ""input27.txt"", ""input28.txt"", ""input29.txt""]",[],28.015049,0.933835,3.0
matei-si-diamantele,1314234950,user_0015,41.07,cpp,unknown,1391825752,0.0,0.96234,1.0,0.388702,0.3359,0.052802,low,0,0,0,0.0,0,0,0,True,[],[],[],[],0.0,0.0,0.0
matei-si-diamantele,1314235016,user_0015,41.07,cpp,unknown,1391825752,0.0,0.962378,1.0,0.388713,0.335902,0.052812,low,0,0,0,0.0,0,0,0,True,[],[],[],[],0.0,0.0,0.0
matei-si-diamantele,1314235395,user_0147,41.07,cpp,unknown,1391825752,0.0,0.96401,1.0,0.389203,0.34217,0.047033,low,30,14,16,46.67,0,6,10,False,"[""input00.txt"", ""input01.txt"", ""input02.txt"", ""input03.txt"", ""input04.txt"", ""input06.txt"", ""input10.txt"", ""input11.txt"", ""input13.txt"", ""input14.txt"", ""input16.txt"", ""input18.txt"", ""input22.txt"", ""input24.txt""]","[""input05.txt"", ""input07.txt"", ""input08.txt"", ""input09.txt"", ""input12.txt"", ""input15.txt"", ""input17.txt"", ""input19.txt"", ""input20.txt"", ""input21.txt"", ""input23.txt"", ""input25.txt"", ""input26.txt"", ""input27.txt"", ""input28.txt"", ""input29.txt""]","[""input05.txt"", ""input12.txt"", ""input17.txt"", ""input19.txt"", ""input27.txt"", ""input29.txt""]","[""input07.txt"", ""input08.txt"", ""input09.txt"", ""input15.txt"", ""input20.txt"", ""input21.txt"", ""input23.txt"", ""input25.txt"", ""input26.txt"", ""input28.txt""]",35.671489,1.18905,3.0
matei-si-diamantele,1314235410,user_0158,41.07,java,grid_scan,1314236118,0.503597,0.947795,0.2144,0.607937,0.0,0.607937,medium,30,25,5,83.33,0,5,0,False,"[""input00.txt"", ""input01.txt"", ""input02.txt"", ""input03.txt"", ""input04.txt"", ""input05.txt"", ""input06.txt"", ""input07.txt"", ""input08.txt"", ""input09.txt"", ""input10.txt"", ""input11.txt"", ""input12.txt"", ""input13.txt"", ""input14.txt"", ""input15.txt"", ""input16.txt"", ""input17.txt"", ""input18.txt"", ""input19.txt"", ""input20.txt"", ""input21.txt"", ""input22.txt"", ""input23.txt"", ""input24.txt""]","[""input25.txt"", ""input26.txt"", ""input27.txt"", ""input28.txt"", ""input29.txt""]","[""input25.txt"", ""input26.txt"", ""input27.txt"", ""input28.txt"", ""input29.txt""]",[],24.222737,0.807425,3.0
matei-si-diamantele,1314235829,user_0049,41.07,java,grid_scan,1314236118,0.523985,0.917891,0.2144,0.611199,0.0,0.611199,medium,30,25,5,83.33,0,5,0,False,"[""input00.txt"", ""input01.txt"", ""input02.txt"", ""input03.txt"", ""input04.txt"", ""input05.txt"", ""input06.txt"", ""input07.txt"", ""input08.txt"", ""input09.txt"", ""input10.txt"", ""input11.txt"", ""input12.txt"", ""input13.txt"", ""input14.txt"", ""input15.txt"", ""input16.txt"", ""input17.txt"", ""input18.txt"", ""input19.txt"", ""input20.txt"", ""input21.txt"", ""input22.txt"", ""input23.txt"", ""input24.txt""]","[""input25.txt"", ""input26.txt"", ""input27.txt"", ""input28.txt"", ""input29.txt""]","[""input25.txt"", ""input26.txt"", ""input27.txt"", ""input28.txt"", ""input29.txt""]",[],35.839979,1.194666,3.0
matei-si-diamantele,1314236304,user_0045,41.07,cpp,unknown,1333751390,0.224299,0.889431,0.2144,0.422849,0.390951,0.031898,low,0,0,0,0.0,0,0,0,True,[],[],[],[],0.0,0.0,0.0
matei-si-diamantele,1314236326,user_0045,41.07,cpp,unknown,1333751390,0.218182,0.875275,0.2144,0.414932,0.386625,0.028306,low,0,0,0,0.0,0,0,0,True,[],[],[],[],0.0,0.0,0.0
matei-si-diamantele,1314236430,user_0171,41.07,java,grid_scan,1314236118,0.7,0.897016,0.2144,0.710545,0.0,0.710545,high,30,25,5,83.33,0,5,0,False,"[""input00.txt"", ""input01.txt"", ""input02.txt"", ""input03.txt"", ""input04.txt"", ""input05.txt"", ""input06.txt"", ""input07.txt"", ""input08.txt"", ""input09.txt"", ""input10.txt"", ""input11.txt"", ""input12.txt"", ""input13.txt"", ""input14.txt"", ""input15.txt"", ""input16.txt"", ""input17.txt"", ""input18.txt"", ""input19.txt"", ""input20.txt"", ""input21.txt"", ""input22.txt"", ""input23.txt"", ""input24.txt""]","[""input25.txt"", ""input26.txt"", ""input27.txt"", ""input28.txt"", ""input29.txt""]","[""input25.txt"", ""input26.txt"", ""input27.txt"", ""input28.txt"", ""input29.txt""]",[],25.119714,0.837324,3.0
matei-si-diamantele,1314236524,user_0171,41.07,java,grid_scan,1314236118,0.688525,0.899126,0.2144,0.704293,0.0,0.704293,high,30,25,5,83.33,0,5,0,False,"[""input00.txt"", ""input01.txt"", ""input02.txt"", ""input03.txt"", ""input04.txt"", ""input05.txt"", ""input06.txt"", ""input07.txt"", ""input08.txt"", ""input09.txt"", ""input10.txt"", ""input11.txt"", ""input12.txt"", ""input13.txt"", ""input14.txt"", ""input15.txt"", ""input16.txt"", ""input17.txt"", ""input18.txt"", ""input19.txt"", ""input20.txt"", ""input21.txt"", ""input22.txt"", ""input23.txt"", ""input24.txt""]","[""input25.txt"", ""input26.txt"", ""input27.txt"", ""input28.txt"", ""input29.txt""]","[""input25.txt"", ""input26.txt"", ""input27.txt"", ""input28.txt"", ""input29.txt""]",[],26.132334,0.871078,3.0
matei-si-diamantele,1314237251,user_0147,41.07,cpp,unknown,1391825752,0.0,0.96401,1.0,0.389203,0.34217,0.047033,low,30,21,9,70.0,0,9,0,False,"[""input00.txt"", ""input01.txt"", ""input02.txt"", ""input03.txt"", ""input04.txt"", ""input05.txt"", ""input06.txt"", ""input07.txt"", ""input08.txt"", ""input09.txt"", ""input10.txt"", ""input11.txt"", ""input13.txt"", ""input14.txt"", ""input15.txt"", ""input16.txt"", ""input17.txt"", ""input18.txt"", ""input19.txt"", ""input22.txt"", ""input24.txt""]","[""input12.txt"", ""input20.txt"", ""input21.txt"", ""input23.txt"", ""input25.txt"", ""input26.txt"", ""input27.txt"", ""input28.txt"", ""input29.txt""]","[""input12.txt"", ""input20.txt"", ""input21.txt"", ""input23.txt"", ""input25.txt"", ""input26.txt"", ""input27.txt"", ""input28.txt"", ""input29.txt""]",[],58.917684,1.963923,3.0
matei-si-diamantele,1314237741,user_0147,41.07,cpp,unknown,1391825752,0.0,0.959418,1.0,0.387825,0.342062,0.045764,low,30,21,9,70.0,0,9,0,False,"[""input00.txt"", ""input01.txt"", ""input02.txt"", ""input03.txt"", ""input04.txt"", ""input06.txt"", ""input07.txt"", ""input08.txt"", ""input09.txt"", ""input10.txt"", ""input11.txt"", ""input12.txt"", ""input13.txt"", ""input14.txt"", ""input15.txt"", ""input16.txt"", ""input17.txt"", ""input18.txt"", ""input19.txt"", ""input22.txt"", ""input24.txt""]","[""input05.txt"", ""input20.txt"", ""input21.txt"", ""input23.txt"", ""input25.txt"", ""input26.txt"", ""input27.txt"", ""input28.txt"", ""input29.txt""]","[""input05.txt"", ""input20.txt"", ""input21.txt"", ""input23.txt"", ""input25.txt"", ""input26.txt"", ""input27.txt"", ""input28.txt"", ""input29.txt""]",[],58.876995,1.962567,3.010303
matei-si-diamantele,1323404068,user_0238,41.07,cpp,unknown,1391825752,0.0,0.877676,1.0,0.363303,0.316015,0.047287,low,30,20,10,66.67,0,7,3,False,"[""input00.txt"", ""input01.txt"", ""input02.txt"", ""input03.txt"", ""input04.txt"", ""input06.txt"", ""input07.txt"", ""input08.txt"", ""input09.txt"", ""input10.txt"", ""input11.txt"", ""input13.txt"", ""input14.txt"", ""input15.txt"", ""input16.txt"", ""input17.txt"", ""input18.txt"", ""input19.txt"", ""input22.txt"", ""input24.txt""]","[""input05.txt"", ""input12.txt"", ""input20.txt"", ""input21.txt"", ""input23.txt"", ""input25.txt"", ""input26.txt"", ""input27.txt"", ""input28.txt"", ""input29.txt""]","[""input05.txt"", ""input12.txt"", ""input20.txt"", ""input21.txt"", ""input23.txt"", ""input27.txt"", ""input29.txt""]","[""input25.txt"", ""input26.txt"", ""input28.txt""]",58.856541,1.961885,3.0
matei-si-diamantele,1323404104,user_0238,41.07,cpp,unknown,1391825752,0.0,0.866802,1.0,0.360041,0.323975,0.036065,low,30,20,10,66.67,0,6,4,False,"[""input00.txt"", ""input01.txt"", ""input02.txt"", ""input03.txt"", ""input04.txt"", ""input06.txt"", ""input07.txt"", ""input08.txt"", ""input09.txt"", ""input10.txt"", ""input11.txt"", ""input13.txt"", ""input14.txt"", ""input15.txt"", ""input16.txt"", ""input17.txt"", ""input18.txt"", ""input19.txt"", ""input22.txt"", ""input24.txt""]","[""input05.txt"", ""input12.txt"", ""input20.txt"", ""input21.txt"", ""input23.txt"", ""input25.txt"", ""input26.txt"", ""input27.txt"", ""input28.txt"", ""input29.txt""]","[""input05.txt"", ""input12.txt"", ""input20.txt"", ""input21.txt"", ""input23.txt"", ""input28.txt""]","[""input25.txt"", ""input26.txt"", ""input27.txt"", ""input29.txt""]",56.951642,1.898388,3.035501
matei-si-diamantele,1323405696,user_0154,41.07,cpp,unknown,1378117542,0.0,0.884394,0.8214,0.347458,0.345023,0.002435,low,30,19,11,63.33,7,4,0,False,"[""input02.txt"", ""input04.txt"", ""input06.txt"", ""input07.txt"", ""input08.txt"", ""input09.txt"", ""input13.txt"", ""input14.txt"", ""input16.txt"", ""input17.txt"", ""input18.txt"", ""input19.txt"", ""input21.txt"", ""input24.txt"", ""input25.txt"", ""input26.txt"", ""input27.txt"", ""input28.txt"", ""input29.txt""]","[""input00.txt"", ""input01.txt"", ""input03.txt"", ""input05.txt"", ""input10.txt"", ""input11.txt"", ""input12.txt"", ""input15.txt"", ""input20.txt"", ""input22.txt"", ""input23.txt""]","[""input05.txt"", ""input12.txt"", ""input20.txt"", ""input23.txt""]",[],54.305882,1.810196,3.0
matei-si-diamantele,1323405769,user_0154,41.07,cpp,unknown,1378117542,0.0,0.884057,0.8214,0.347357,0.346109,0.001248,low,30,20,10,66.67,5,5,0,False,"[""input00.txt"", ""input01.txt"", ""input02.txt"", ""input04.txt"", ""input06.txt"", ""input07.txt"", ""input08.txt"", ""input09.txt"", ""input13.txt"", ""input14.txt"", ""input16.txt"", ""input17.txt"", ""input18.txt"", ""input19.txt"", ""input24.txt"", ""input25.txt"", ""input26.txt"", ""input27.txt"", ""input28.txt"", ""input29.txt""]","[""input03.txt"", ""input05.txt"", ""input10.txt"", ""input11.txt"", ""input12.txt"", ""input15.txt"", ""input20.txt"", ""input21.txt"", ""input22.txt"", ""input23.txt""]","[""input05.txt"", ""input12.txt"", ""input20.txt"", ""input21.txt"", ""input23.txt""]",[],53.933353,1.797778,3.0
matei-si-diamantele,1323447535,user_0046,41.07,cpp,unknown,1314234411,0.206897,0.837833,0.8214,0.457628,0.442863,0.014765,low,30,6,24,20.0,0,0,24,False,"[""input00.txt"", ""input01.txt"", ""input02.txt"", ""input03.txt"", ""input04.txt"", ""input10.txt""]","[""input05.txt"", ""input06.txt"", ""input07.txt"", ""input08.txt"", ""input09.txt"", ""input11.txt"", ""input12.txt"", ""input13.txt"", ""input14.txt"", ""input15.txt"", ""input16.txt"", ""input17.txt"", ""input18.txt"", ""input19.txt"", ""input20.txt"", ""input21.txt"", ""input22.txt"", ""input23.txt"", ""input24.txt"", ""input25.txt"", ""input26.txt"", ""input27.txt"", ""input28.txt"", ""input29.txt""]",[],"[""input05.txt"", ""input06.txt"", ""input07.txt"", ""input08.txt"", ""input09.txt"", ""input11.txt"", ""input12.txt"", ""input13.txt"", ""input14.txt"", ""input15.txt"", ""input16.txt"", ""input17.txt"", ""input18.txt"", ""input19.txt"", ""input20.txt"", ""input21.txt"", ""input22.txt"", ""input23.txt"", ""input24.txt"", ""input25.txt"", ""input26.txt"", ""input27.txt"", ""input28.txt"", ""input29.txt""]",22.956936,0.765231,2.891232
matei-si-diamantele,1323447806,user_0046,41.07,cpp,unknown,1314234411,0.206897,0.839202,0.8214,0.458038,0.443086,0.014953,low,30,6,24,20.0,0,3,21,False,"[""input00.txt"", ""input01.txt"", ""input02.txt"", ""input03.txt"", ""input04.txt"", ""input10.txt""]","[""input05.txt"", ""input06.txt"", ""input07.txt"", ""input08.txt"", ""input09.txt"", ""input11.txt"", ""input12.txt"", ""input13.txt"", ""input14.txt"", ""input15.txt"", ""input16.txt"", ""input17.txt"", ""input18.txt"", ""input19.txt"", ""input20.txt"", ""input21.txt"", ""input22.txt"", ""input23.txt"", ""input24.txt"", ""input25.txt"", ""input26.txt"", ""input27.txt"", ""input28.txt"", ""input29.txt""]","[""input17.txt"", ""input18.txt"", ""input26.txt""]","[""input05.txt"", ""input06.txt"", ""input07.txt"", ""input08.txt"", ""input09.txt"", ""input11.txt"", ""input12.txt"", ""input13.txt"", ""input14.txt"", ""input15.txt"", ""input16.txt"", ""input19.txt"", ""input20.txt"", ""input21.txt"", ""input22.txt"", ""input23.txt"", ""input24.txt"", ""input25.txt"", ""input27.txt"", ""input28.txt"", ""input29.txt""]",31.391263,1.046375,3.0
matei-si-diamantele,1323448135,user_0046,41.07,cpp,unknown,1314234411,0.188976,0.87588,0.8214,0.45829,0.425906,0.032383,low,30,6,24,20.0,0,2,22,False,"[""input00.txt"", ""input01.txt"", ""input02.txt"", ""input03.txt"", ""input04.txt"", ""input10.txt""]","[""input05.txt"", ""input06.txt"", ""input07.txt"", ""input08.txt"", ""input09.txt"", ""input11.txt"", ""input12.txt"", ""input13.txt"", ""input14.txt"", ""input15.txt"", ""input16.txt"", ""input17.txt"", ""input18.txt"", ""input19.txt"", ""input20.txt"", ""input21.txt"", ""input22.txt"", ""input23.txt"", ""input24.txt"", ""input25.txt"", ""input26.txt"", ""input27.txt"", ""input28.txt"", ""input29.txt""]","[""input26.txt"", ""input28.txt""]","[""input05.txt"", ""input06.txt"", ""input07.txt"", ""input08.txt"", ""input09.txt"", ""input11.txt"", ""input12.txt"", ""input13.txt"", ""input14.txt"", ""input15.txt"", ""input16.txt"", ""input17.txt"", ""input18.txt"", ""input19.txt"", ""input20.txt"", ""input21.txt"", ""input22.txt"", ""input23.txt"", ""input24.txt"", ""input25.txt"", ""input27.txt"", ""input29.txt""]",29.208216,0.973607,3.0
matei-si-diamantele,1323448212,user_0046,41.07,cpp,unknown,1314234411,0.2,0.871736,0.8214,0.463661,0.440737,0.022924,low,30,6,24,20.0,0,1,23,False,"[""input00.txt"", ""input01.txt"", ""input02.txt"", ""input03.txt"", ""input04.txt"", ""input10.txt""]","[""input05.txt"", ""input06.txt"", ""input07.txt"", ""input08.txt"", ""input09.txt"", ""input11.txt"", ""input12.txt"", ""input13.txt"", ""input14.txt"", ""input15.txt"", ""input16.txt"", ""input17.txt"", ""input18.txt"", ""input19.txt"", ""input20.txt"", ""input21.txt"", ""input22.txt"", ""input23.txt"", ""input24.txt"", ""input25.txt"", ""input26.txt"", ""input27.txt"", ""input28.txt"", ""input29.txt""]","[""input16.txt""]","[""input05.txt"", ""input06.txt"", ""input07.txt"", ""input08.txt"", ""input09.txt"", ""input11.txt"", ""input12.txt"", ""input13.txt"", ""input14.txt"", ""input15.txt"", ""input17.txt"", ""input18.txt"", ""input19.txt"", ""input20.txt"", ""input21.txt"", ""input22.txt"", ""input23.txt"", ""input24.txt"", ""input25.txt"", ""input26.txt"", ""input27.txt"", ""input28.txt"", ""input29.txt""]",23.346549,0.778218,3.0
matei-si-diamantele,1323450288,user_0046,41.07,cpp,unknown,1314234411,0.179104,0.879398,0.8214,0.453422,0.440862,0.01256,low,30,6,24,20.0,0,2,22,False,"[""input00.txt"", ""input01.txt"", ""input02.txt"", ""input03.txt"", ""input04.txt"", ""input10.txt""]","[""input05.txt"", ""input06.txt"", ""input07.txt"", ""input08.txt"", ""input09.txt"", ""input11.txt"", ""input12.txt"", ""input13.txt"", ""input14.txt"", ""input15.txt"", ""input16.txt"", ""input17.txt"", ""input18.txt"", ""input19.txt"", ""input20.txt"", ""input21.txt"", ""input22.txt"", ""input23.txt"", ""input24.txt"", ""input25.txt"", ""input26.txt"", ""input27.txt"", ""input28.txt"", ""input29.txt""]","[""input05.txt"", ""input20.txt""]","[""input06.txt"", ""input07.txt"", ""input08.txt"", ""input09.txt"", ""input11.txt"", ""input12.txt"", ""input13.txt"", ""input14.txt"", ""input15.txt"", ""input16.txt"", ""input17.txt"", ""input18.txt"", ""input19.txt"", ""input21.txt"", ""input22.txt"", ""input23.txt"", ""input24.txt"", ""input25.txt"", ""input26.txt"", ""input27.txt"", ""input28.txt"", ""input29.txt""]",31.266245,1.042208,3.0
matei-si-diamantele,1323450354,user_0046,41.07,cpp,unknown,1314234411,0.167832,0.899361,0.8214,0.452648,0.430016,0.022631,low,30,6,24,20.0,0,2,22,False,"[""input00.txt"", ""input01.txt"", ""input02.txt"", ""input03.txt"", ""input04.txt"", ""input10.txt""]","[""input05.txt"", ""input06.txt"", ""input07.txt"", ""input08.txt"", ""input09.txt"", ""input11.txt"", ""input12.txt"", ""input13.txt"", ""input14.txt"", ""input15.txt"", ""input16.txt"", ""input17.txt"", ""input18.txt"", ""input19.txt"", ""input20.txt"", ""input21.txt"", ""input22.txt"", ""input23.txt"", ""input24.txt"", ""input25.txt"", ""input26.txt"", ""input27.txt"", ""input28.txt"", ""input29.txt""]","[""input05.txt"", ""input22.txt""]","[""input06.txt"", ""input07.txt"", ""input08.txt"", ""input09.txt"", ""input11.txt"", ""input12.txt"", ""input13.txt"", ""input14.txt"", ""input15.txt"", ""input16.txt"", ""input17.txt"", ""input18.txt"", ""input19.txt"", ""input20.txt"", ""input21.txt"", ""input23.txt"", ""input24.txt"", ""input25.txt"", ""input26.txt"", ""input27.txt"", ""input28.txt"", ""input29.txt""]",27.018196,0.900607,3.0
matei-si-diamantele,1323450425,user_0046,41.07,cpp,unknown,1314234411,0.179104,0.881108,0.8214,0.453935,0.440954,0.012981,low,30,6,24,20.0,0,5,19,False,"[""input00.txt"", ""input01.txt"", ""input02.txt"", ""input03.txt"", ""input04.txt"", ""input10.txt""]","[""input05.txt"", ""input06.txt"", ""input07.txt"", ""input08.txt"", ""input09.txt"", ""input11.txt"", ""input12.txt"", ""input13.txt"", ""input14.txt"", ""input15.txt"", ""input16.txt"", ""input17.txt"", ""input18.txt"", ""input19.txt"", ""input20.txt"", ""input21.txt"", ""input22.txt"", ""input23.txt"", ""input24.txt"", ""input25.txt"", ""input26.txt"", ""input27.txt"", ""input28.txt"", ""input29.txt""]","[""input08.txt"", ""input12.txt"", ""input13.txt"", ""input18.txt"", ""input27.txt""]","[""input05.txt"", ""input06.txt"", ""input07.txt"", ""input09.txt"", ""input11.txt"", ""input14.txt"", ""input15.txt"", ""input16.txt"", ""input17.txt"", ""input19.txt"", ""input20.txt"", ""input21.txt"", ""input22.txt"", ""input23.txt"", ""input24.txt"", ""input25.txt"", ""input26.txt"", ""input28.txt"", ""input29.txt""]",35.299124,1.176637,3.109066
matei-si-diamantele,1332753487,user_0053,41.07,cpp,unknown,1323450132,0.246575,0.785873,0.7858,0.462287,0.370716,0.091572,low,30,18,12,60.0,1,11,0,False,"[""input00.txt"", ""input02.txt"", ""input03.txt"", ""input04.txt"", ""input06.txt"", ""input07.txt"", ""input09.txt"", ""input10.txt"", ""input11.txt"", ""input13.txt"", ""input14.txt"", ""input15.txt"", ""input16.txt"", ""input17.txt"", ""input18.txt"", ""input19.txt"", ""input22.txt"", ""input24.txt""]","[""input01.txt"", ""input05.txt"", ""input08.txt"", ""input12.txt"", ""input20.txt"", ""input21.txt"", ""input23.txt"", ""input25.txt"", ""input26.txt"", ""input27.txt"", ""input28.txt"", ""input29.txt""]","[""input05.txt"", ""input08.txt"", ""input12.txt"", ""input20.txt"", ""input21.txt"", ""input23.txt"", ""input25.txt"", ""input26.txt"", ""input27.txt"", ""input28.txt"", ""input29.txt""]",[],62.85865,2.095288,3.002133
matei-si-diamantele,1332753509,user_0053,41.07,cpp,unknown,1391825752,0.0,0.902839,1.0,0.370852,0.332628,0.038223,low,30,19,11,63.33,0,11,0,False,"[""input00.txt"", ""input01.txt"", ""input02.txt"", ""input03.txt"", ""input04.txt"", ""input06.txt"", ""input07.txt"", ""input09.txt"", ""input10.txt"", ""input11.txt"", ""input13.txt"", ""input14.txt"", ""input15.txt"", ""input16.txt"", ""input17.txt"", ""input18.txt"", ""input19.txt"", ""input22.txt"", ""input24.txt""]","[""input05.txt"", ""input08.txt"", ""input12.txt"", ""input20.txt"", ""input21.txt"", ""input23.txt"", ""input25.txt"", ""input26.txt"", ""input27.txt"", ""input28.txt"", ""input29.txt""]","[""input05.txt"", ""input08.txt"", ""input12.txt"", ""input20.txt"", ""input21.txt"", ""input23.txt"", ""input25.txt"", ""input26.txt"", ""input27.txt"", ""input28.txt"", ""input29.txt""]",[],62.375975,2.079199,3.0
matei-si-diamantele,1332764503,user_0179,41.07,cpp,grid_scan,1314234411,0.300885,0.924367,0.8214,0.539981,0.453904,0.086077,medium,30,19,11,63.33,0,11,0,False,"[""input00.txt"", ""input01.txt"", ""input02.txt"", ""input03.txt"", ""input04.txt"", ""input06.txt"", ""input08.txt"", ""input09.txt"", ""input10.txt"", ""input11.txt"", ""input13.txt"", ""input14.txt"", ""input15.txt"", ""input16.txt"", ""input17.txt"", ""input18.txt"", ""input19.txt"", ""input22.txt"", ""input24.txt""]","[""input05.txt"", ""input07.txt"", ""input12.txt"", ""input20.txt"", ""input21.txt"", ""input23.txt"", ""input25.txt"", ""input26.txt"", ""input27.txt"", ""input28.txt"", ""input29.txt""]","[""input05.txt"", ""input07.txt"", ""input12.txt"", ""input20.txt"", ""input21.txt"", ""input23.txt"", ""input25.txt"", ""input26.txt"", ""input27.txt"", ""input28.txt"", ""input29.txt""]",[],60.326523,2.010884,3.0
matei-si-diamantele,1332764544,user_0179,41.07,cpp,grid_scan,1314234411,0.346939,0.921076,0.8214,0.566626,0.468167,0.098459,medium,30,21,9,70.0,0,9,0,False,"[""input00.txt"", ""input01.txt"", ""input02.txt"", ""input03.txt"", ""input04.txt"", ""input05.txt"", ""input06.txt"", ""input07.txt"", ""input08.txt"", ""input09.txt"", ""input10.txt"", ""input11.txt"", ""input13.txt"", ""input14.txt"", ""input15.txt"", ""input16.txt"", ""input17.txt"", ""input18.txt"", ""input19.txt"", ""input22.txt"", ""input24.txt""]","[""input12.txt"", ""input20.txt"", ""input21.txt"", ""input23.txt"", ""input25.txt"", ""input26.txt"", ""input27.txt"", ""input28.txt"", ""input29.txt""]","[""input12.txt"", ""input20.txt"", ""input21.txt"", ""input23.txt"", ""input25.txt"", ""input26.txt"", ""input27.txt"", ""input28.txt"", ""input29.txt""]",[],59.96735,1.998912,3.0
matei-si-diamantele,1332764572,user_0179,41.07,cpp,grid_scan,1314234411,0.453608,0.909995,0.8214,0.627303,0.466926,0.160377,medium,30,20,10,66.67,0,10,0,False,"[""input00.txt"", ""input01.txt"", ""input02.txt"", ""input03.txt"", ""input04.txt"", ""input06.txt"", ""input07.txt"", ""input08.txt"", ""input09.txt"", ""input10.txt"", ""input11.txt"", ""input13.txt"", ""input14.txt"", ""input15.txt"", ""input16.txt"", ""input17.txt"", ""input18.txt"", ""input19.txt"", ""input22.txt"", ""input24.txt""]","[""input05.txt"", ""input12.txt"", ""input20.txt"", ""input21.txt"", ""input23.txt"", ""input25.txt"", ""input26.txt"", ""input27.txt"", ""input28.txt"", ""input29.txt""]","[""input05.txt"", ""input12.txt"", ""input20.txt"", ""input21.txt"", ""input23.txt"", ""input25.txt"", ""input26.txt"", ""input27.txt"", ""input28.txt"", ""input29.txt""]",[],59.192779,1.973093,3.0
matei-si-diamantele,1344637913,user_0089,41.07,java,grid_scan,1314236118,0.73913,0.934612,0.2144,0.745302,0.0,0.745302,high,30,25,5,83.33,0,5,0,False,"[""input00.txt"", ""input01.txt"", ""input02.txt"", ""input03.txt"", ""input04.txt"", ""input05.txt"", ""input06.txt"", ""input07.txt"", ""input08.txt"", ""input09.txt"", ""input10.txt"", ""input11.txt"", ""input12.txt"", ""input13.txt"", ""input14.txt"", ""input15.txt"", ""input16.txt"", ""input17.txt"", ""input18.txt"", ""input19.txt"", ""input20.txt"", ""input21.txt"", ""input22.txt"", ""input23.txt"", ""input24.txt""]","[""input25.txt"", ""input26.txt"", ""input27.txt"", ""input28.txt"", ""input29.txt""]","[""input25.txt"", ""input26.txt"", ""input27.txt"", ""input28.txt"", ""input29.txt""]",[],24.106,0.803533,3.0
matei-si-diamantele,1378078722,user_0140,41.07,cpp,unknown,1391825752,0.183206,0.871514,1.0,0.471378,0.326572,0.144806,low,30,22,8,73.33,0,8,0,False,"[""input00.txt"", ""input01.txt"", ""input02.txt"", ""input03.txt"", ""input04.txt"", ""input06.txt"", ""input07.txt"", ""input09.txt"", ""input10.txt"", ""input11.txt"", ""input12.txt"", ""input13.txt"", ""input14.txt"", ""input15.txt"", ""input16.txt"", ""input17.txt"", ""input18.txt"", ""input19.txt"", ""input20.txt"", ""input21.txt"", ""input22.txt"", ""input24.txt""]","[""input05.txt"", ""input08.txt"", ""input23.txt"", ""input25.txt"", ""input26.txt"", ""input27.txt"", ""input28.txt"", ""input29.txt""]","[""input05.txt"", ""input08.txt"", ""input23.txt"", ""input25.txt"", ""input26.txt"", ""input27.txt"", ""input28.txt"", ""input29.txt""]",[],47.741887,1.591396,3.0
matei-si-diamantele,1378120335,user_0204,41.07,cpp,grid_scan,1378120312,1.0,1.0,0.2144,0.92144,0.348156,0.573284,high,30,20,10,66.67,0,10,0,False,"[""input00.txt"", ""input01.txt"", ""input02.txt"", ""input03.txt"", ""input04.txt"", ""input06.txt"", ""input07.txt"", ""input08.txt"", ""input09.txt"", ""input10.txt"", ""input11.txt"", ""input13.txt"", ""input14.txt"", ""input15.txt"", ""input16.txt"", ""input17.txt"", ""input18.txt"", ""input19.txt"", ""input22.txt"", ""input24.txt""]","[""input05.txt"", ""input12.txt"", ""input20.txt"", ""input21.txt"", ""input23.txt"", ""input25.txt"", ""input26.txt"", ""input27.txt"", ""input28.txt"", ""input29.txt""]","[""input05.txt"", ""input12.txt"", ""input20.txt"", ""input21.txt"", ""input23.txt"", ""input25.txt"", ""input26.txt"", ""input27.txt"", ""input28.txt"", ""input29.txt""]",[],62.228309,2.074277,3.0
matei-si-diamantele,1378159523,user_0218,41.07,cpp,unknown,1323450132,0.147239,0.741962,0.7858,0.389512,0.354011,0.035501,low,30,25,5,83.33,0,5,0,False,"[""input00.txt"", ""input01.txt"", ""input02.txt"", ""input03.txt"", ""input04.txt"", ""input05.txt"", ""input06.txt"", ""input07.txt"", ""input08.txt"", ""input09.txt"", ""input10.txt"", ""input11.txt"", ""input12.txt"", ""input13.txt"", ""input14.txt"", ""input15.txt"", ""input16.txt"", ""input17.txt"", ""input18.txt"", ""input19.txt"", ""input20.txt"", ""input21.txt"", ""input22.txt"", ""input23.txt"", ""input24.txt""]","[""input25.txt"", ""input26.txt"", ""input27.txt"", ""input28.txt"", ""input29.txt""]","[""input25.txt"", ""input26.txt"", ""input27.txt"", ""input28.txt"", ""input29.txt""]",[],39.715524,1.323851,3.0
matei-si-diamantele,1391802353,user_0196,41.07,cpp,unknown,1391825752,0.0,0.931757,1.0,0.379527,0.348187,0.03134,low,30,25,5,83.33,0,5,0,False,"[""input00.txt"", ""input01.txt"", ""input02.txt"", ""input03.txt"", ""input04.txt"", ""input05.txt"", ""input06.txt"", ""input07.txt"", ""input08.txt"", ""input09.txt"", ""input10.txt"", ""input11.txt"", ""input12.txt"", ""input13.txt"", ""input14.txt"", ""input15.txt"", ""input16.txt"", ""input17.txt"", ""input18.txt"", ""input19.txt"", ""input20.txt"", ""input21.txt"", ""input22.txt"", ""input23.txt"", ""input24.txt""]","[""input25.txt"", ""input26.txt"", ""input27.txt"", ""input28.txt"", ""input29.txt""]","[""input25.txt"", ""input26.txt"", ""input27.txt"", ""input28.txt"", ""input29.txt""]",[],37.056347,1.235212,3.0
matei-si-diamantele,1391825752,user_0162,41.07,cpp,grid_scan,1391825752,1.0,1.0,1.0,1.0,1.0,0.0,reference,30,21,9,70.0,0,9,0,False,"[""input00.txt"", ""input01.txt"", ""input02.txt"", ""input03.txt"", ""input04.txt"", ""input05.txt"", ""input06.txt"", ""input07.txt"", ""input08.txt"", ""input09.txt"", ""input10.txt"", ""input11.txt"", ""input13.txt"", ""input14.txt"", ""input16.txt"", ""input17.txt"", ""input18.txt"", ""input19.txt"", ""input21.txt"", ""input22.txt"", ""input24.txt""]","[""input12.txt"", ""input15.txt"", ""input20.txt"", ""input23.txt"", ""input25.txt"", ""input26.txt"", ""input27.txt"", ""input28.txt"", ""input29.txt""]","[""input12.txt"", ""input15.txt"", ""input20.txt"", ""input23.txt"", ""input25.txt"", ""input26.txt"", ""input27.txt"", ""input28.txt"", ""input29.txt""]",[],60.618099,2.020603,3.0
matei-si-diamantele,1391856810,user_0278,41.07,java,grid_scan,1314236118,0.55336,0.905672,0.2144,0.625157,0.0,0.625157,medium,30,25,5,83.33,5,0,0,False,"[""input00.txt"", ""input01.txt"", ""input02.txt"", ""input04.txt"", ""input05.txt"", ""input06.txt"", ""input07.txt"", ""input08.txt"", ""input09.txt"", ""input12.txt"", ""input13.txt"", ""input14.txt"", ""input16.txt"", ""input17.txt"", ""input18.txt"", ""input19.txt"", ""input20.txt"", ""input21.txt"", ""input23.txt"", ""input24.txt"", ""input25.txt"", ""input26.txt"", ""input27.txt"", ""input28.txt"", ""input29.txt""]","[""input03.txt"", ""input10.txt"", ""input11.txt"", ""input15.txt"", ""input22.txt""]",[],[],15.569168,0.518972,0.851827
matei-si-diamantele,1391933898,user_0271,41.07,java,grid_scan,1314236118,0.756757,0.990091,0.2144,0.772521,0.0,0.772521,high,30,25,5,83.33,0,5,0,False,"[""input00.txt"", ""input01.txt"", ""input02.txt"", ""input03.txt"", ""input04.txt"", ""input05.txt"", ""input06.txt"", ""input07.txt"", ""input08.txt"", ""input09.txt"", ""input10.txt"", ""input11.txt"", ""input12.txt"", ""input13.txt"", ""input14.txt"", ""input15.txt"", ""input16.txt"", ""input17.txt"", ""input18.txt"", ""input19.txt"", ""input20.txt"", ""input21.txt"", ""input22.txt"", ""input23.txt"", ""input24.txt""]","[""input25.txt"", ""input26.txt"", ""input27.txt"", ""input28.txt"", ""input29.txt""]","[""input25.txt"", ""input26.txt"", ""input27.txt"", ""input28.txt"", ""input29.txt""]",[],27.414778,0.913826,3.0
matei-si-diamantele,1391934010,user_0271,41.07,java,grid_scan,1314236118,0.743363,0.989668,0.2144,0.764358,0.0,0.764358,high,30,25,5,83.33,0,5,0,False,"[""input00.txt"", ""input01.txt"", ""input02.txt"", ""input03.txt"", ""input04.txt"", ""input05.txt"", ""input06.txt"", ""input07.txt"", ""input08.txt"", ""input09.txt"", ""input10.txt"", ""input11.txt"", ""input12.txt"", ""input13.txt"", ""input14.txt"", ""input15.txt"", ""input16.txt"", ""input17.txt"", ""input18.txt"", ""input19.txt"", ""input20.txt"", ""input21.txt"", ""input22.txt"", ""input23.txt"", ""input24.txt""]","[""input25.txt"", ""input26.txt"", ""input27.txt"", ""input28.txt"", ""input29.txt""]","[""input25.txt"", ""input26.txt"", ""input27.txt"", ""input28.txt"", ""input29.txt""]",[],26.327282,0.877576,3.0
matei-si-diamantele,1314234632,user_0120,42.86,cpp,unknown,1391825752,0.0,0.964207,0.9642,0.385682,0.355614,0.030069,low,30,13,17,43.33,1,10,6,False,"[""input00.txt"", ""input01.txt"", ""input02.txt"", ""input03.txt"", ""input04.txt"", ""input06.txt"", ""input10.txt"", ""input11.txt"", ""input14.txt"", ""input16.txt"", ""input18.txt"", ""input27.txt"", ""input29.txt""]","[""input05.txt"", ""input07.txt"", ""input08.txt"", ""input09.txt"", ""input12.txt"", ""input13.txt"", ""input15.txt"", ""input17.txt"", ""input19.txt"", ""input20.txt"", ""input21.txt"", ""input22.txt"", ""input23.txt"", ""input24.txt"", ""input25.txt"", ""input26.txt"", ""input28.txt""]","[""input05.txt"", ""input07.txt"", ""input08.txt"", ""input19.txt"", ""input22.txt"", ""input23.txt"", ""input24.txt"", ""input25.txt"", ""input26.txt"", ""input28.txt""]","[""input09.txt"", ""input12.txt"", ""input15.txt"", ""input17.txt"", ""input20.txt"", ""input21.txt""]",53.139098,1.771303,3.0
matei-si-diamantele,1314234759,user_0014,42.86,java,grid_scan,1314236118,0.50655,0.987687,0.1786,0.618096,0.0,0.618096,medium,30,26,4,86.67,1,0,3,False,"[""input00.txt"", ""input01.txt"", ""input02.txt"", ""input03.txt"", ""input04.txt"", ""input05.txt"", ""input06.txt"", ""input07.txt"", ""input08.txt"", ""input09.txt"", ""input10.txt"", ""input11.txt"", ""input12.txt"", ""input14.txt"", ""input16.txt"", ""input17.txt"", ""input18.txt"", ""input19.txt"", ""input20.txt"", ""input21.txt"", ""input22.txt"", ""input23.txt"", ""input24.txt"", ""input25.txt"", ""input27.txt"", ""input29.txt""]","[""input13.txt"", ""input15.txt"", ""input26.txt"", ""input28.txt""]",[],"[""input13.txt"", ""input26.txt"", ""input28.txt""]",14.707534,0.490251,0.994198
matei-si-diamantele,1314234969,user_0235,42.86,java,grid_scan,1314236118,0.544118,0.80799,0.1786,0.586728,0.0,0.586728,medium,30,26,4,86.67,0,4,0,False,"[""input00.txt"", ""input01.txt"", ""input02.txt"", ""input03.txt"", ""input04.txt"", ""input05.txt"", ""input06.txt"", ""input07.txt"", ""input08.txt"", ""input09.txt"", ""input10.txt"", ""input11.txt"", ""input12.txt"", ""input13.txt"", ""input14.txt"", ""input15.txt"", ""input16.txt"", ""input17.txt"", ""input18.txt"", ""input19.txt"", ""input20.txt"", ""input21.txt"", ""input22.txt"", ""input23.txt"", ""input24.txt"", ""input27.txt""]","[""input25.txt"", ""input26.txt"", ""input28.txt"", ""input29.txt""]","[""input25.txt"", ""input26.txt"", ""input28.txt"", ""input29.txt""]",[],41.536538,1.384551,3.0
matei-si-diamantele,1314235042,user_0005,42.86,cpp,unknown,1314234411,0.0,0.942655,0.8572,0.368516,0.3126,0.055916,low,30,21,9,70.0,3,6,0,False,"[""input00.txt"", ""input01.txt"", ""input02.txt"", ""input03.txt"", ""input04.txt"", ""input06.txt"", ""input08.txt"", ""input09.txt"", ""input10.txt"", ""input11.txt"", ""input13.txt"", ""input14.txt"", ""input16.txt"", ""input17.txt"", ""input18.txt"", ""input19.txt"", ""input21.txt"", ""input22.txt"", ""input24.txt"", ""input26.txt"", ""input29.txt""]","[""input05.txt"", ""input07.txt"", ""input12.txt"", ""input15.txt"", ""input20.txt"", ""input23.txt"", ""input25.txt"", ""input27.txt"", ""input28.txt""]","[""input05.txt"", ""input07.txt"", ""input12.txt"", ""input15.txt"", ""input20.txt"", ""input23.txt""]",[],54.765104,1.825503,3.006971
matei-si-diamantele,1314235265,user_0005,42.86,cpp,unknown,1314234411,0.0,0.939947,0.8572,0.367704,0.311525,0.056179,low,30,21,9,70.0,4,5,0,False,"[""input00.txt"", ""input01.txt"", ""input02.txt"", ""input03.txt"", ""input04.txt"", ""input06.txt"", ""input08.txt"", ""input09.txt"", ""input10.txt"", ""input11.txt"", ""input13.txt"", ""input14.txt"", ""input15.txt"", ""input16.txt"", ""input17.txt"", ""input18.txt"", ""input19.txt"", ""input22.txt"", ""input24.txt"", ""input26.txt"", ""input29.txt""]","[""input05.txt"", ""input07.txt"", ""input12.txt"", ""input20.txt"", ""input21.txt"", ""input23.txt"", ""input25.txt"", ""input27.txt"", ""input28.txt""]","[""input05.txt"", ""input12.txt"", ""input20.txt"", ""input21.txt"", ""input23.txt""]",[],53.339993,1.778,3.0
matei-si-diamantele,1314236864,user_0235,42.86,java,grid_scan,1314236118,0.554307,0.80561,0.1786,0.592127,0.0,0.592127,medium,30,25,5,83.33,1,4,0,False,"[""input00.txt"", ""input02.txt"", ""input03.txt"", ""input04.txt"", ""input05.txt"", ""input06.txt"", ""input07.txt"", ""input08.txt"", ""input09.txt"", ""input10.txt"", ""input11.txt"", ""input12.txt"", ""input13.txt"", ""input14.txt"", ""input15.txt"", ""input16.txt"", ""input17.txt"", ""input18.txt"", ""input19.txt"", ""input20.txt"", ""input21.txt"", ""input22.txt"", ""input23.txt"", ""input24.txt"", ""input27.txt""]","[""input01.txt"", ""input25.txt"", ""input26.txt"", ""input28.txt"", ""input29.txt""]","[""input25.txt"", ""input26.txt"", ""input28.txt"", ""input29.txt""]",[],25.157308,0.838577,3.0
matei-si-diamantele,1314236951,user_0151,42.86,java,grid_scan,1314236118,0.599303,0.776639,0.1786,0.610433,0.0,0.610433,medium,30,25,5,83.33,0,5,0,False,"[""input00.txt"", ""input01.txt"", ""input02.txt"", ""input03.txt"", ""input04.txt"", ""input05.txt"", ""input06.txt"", ""input07.txt"", ""input08.txt"", ""input09.txt"", ""input10.txt"", ""input11.txt"", ""input12.txt"", ""input13.txt"", ""input14.txt"", ""input15.txt"", ""input16.txt"", ""input17.txt"", ""input18.txt"", ""input19.txt"", ""input20.txt"", ""input21.txt"", ""input22.txt"", ""input23.txt"", ""input24.txt""]","[""input25.txt"", ""input26.txt"", ""input27.txt"", ""input28.txt"", ""input29.txt""]","[""input25.txt"", ""input26.txt"", ""input27.txt"", ""input28.txt"", ""input29.txt""]",[],27.701071,0.923369,3.0
matei-si-diamantele,1323416404,user_0127,42.86,cpp,bfs,1378117542,0.26087,0.874314,0.8572,0.504536,0.384264,0.120272,medium,30,13,17,43.33,3,6,8,False,"[""input01.txt"", ""input02.txt"", ""input03.txt"", ""input06.txt"", ""input10.txt"", ""input11.txt"", ""input14.txt"", ""input16.txt"", ""input18.txt"", ""input22.txt"", ""input24.txt"", ""input27.txt"", ""input29.txt""]","[""input00.txt"", ""input04.txt"", ""input05.txt"", ""input07.txt"", ""input08.txt"", ""input09.txt"", ""input12.txt"", ""input13.txt"", ""input15.txt"", ""input17.txt"", ""input19.txt"", ""input20.txt"", ""input21.txt"", ""input23.txt"", ""input25.txt"", ""input26.txt"", ""input28.txt""]","[""input05.txt"", ""input09.txt"", ""input12.txt"", ""input15.txt"", ""input17.txt"", ""input19.txt""]","[""input07.txt"", ""input08.txt"", ""input20.txt"", ""input21.txt"", ""input23.txt"", ""input25.txt"", ""input26.txt"", ""input28.txt""]",37.443407,1.248114,3.0
matei-si-diamantele,1332615936,user_0032,42.86,java,grid_scan,1314236118,0.796209,0.973092,0.1786,0.787513,0.0,0.787513,high,30,26,4,86.67,1,0,3,False,"[""input00.txt"", ""input01.txt"", ""input02.txt"", ""input03.txt"", ""input04.txt"", ""input05.txt"", ""input06.txt"", ""input07.txt"", ""input08.txt"", ""input09.txt"", ""input10.txt"", ""input11.txt"", ""input12.txt"", ""input14.txt"", ""input16.txt"", ""input17.txt"", ""input18.txt"", ""input19.txt"", ""input20.txt"", ""input21.txt"", ""input22.txt"", ""input23.txt"", ""input24.txt"", ""input25.txt"", ""input27.txt"", ""input29.txt""]","[""input13.txt"", ""input15.txt"", ""input26.txt"", ""input28.txt""]",[],"[""input13.txt"", ""input26.txt"", ""input28.txt""]",14.399554,0.479985,0.77439
matei-si-diamantele,1391899262,user_0273,42.86,cpp,bfs,1378117542,0.290323,0.954386,0.8572,0.546229,0.351945,0.194284,medium,30,21,9,70.0,3,6,0,False,"[""input00.txt"", ""input01.txt"", ""input02.txt"", ""input03.txt"", ""input04.txt"", ""input05.txt"", ""input07.txt"", ""input08.txt"", ""input09.txt"", ""input10.txt"", ""input11.txt"", ""input14.txt"", ""input16.txt"", ""input17.txt"", ""input18.txt"", ""input19.txt"", ""input22.txt"", ""input24.txt"", ""input25.txt"", ""input27.txt"", ""input29.txt""]","[""input06.txt"", ""input12.txt"", ""input13.txt"", ""input15.txt"", ""input20.txt"", ""input21.txt"", ""input23.txt"", ""input26.txt"", ""input28.txt""]","[""input12.txt"", ""input13.txt"", ""input20.txt"", ""input21.txt"", ""input23.txt"", ""input28.txt""]",[],55.930852,1.864362,3.017545
matei-si-diamantele,1314235709,user_0005,44.64,cpp,unknown,1314234411,0.0,0.939947,0.8928,0.371264,0.315085,0.056179,low,30,22,8,73.33,3,5,0,False,"[""input00.txt"", ""input01.txt"", ""input02.txt"", ""input03.txt"", ""input04.txt"", ""input06.txt"", ""input07.txt"", ""input08.txt"", ""input09.txt"", ""input10.txt"", ""input11.txt"", ""input13.txt"", ""input14.txt"", ""input15.txt"", ""input16.txt"", ""input17.txt"", ""input18.txt"", ""input19.txt"", ""input22.txt"", ""input24.txt"", ""input26.txt"", ""input29.txt""]","[""input05.txt"", ""input12.txt"", ""input20.txt"", ""input21.txt"", ""input23.txt"", ""input25.txt"", ""input27.txt"", ""input28.txt""]","[""input05.txt"", ""input12.txt"", ""input20.txt"", ""input21.txt"", ""input23.txt""]",[],53.930827,1.797694,3.0
matei-si-diamantele,1323406003,user_0154,44.64,cpp,unknown,1378117542,0.0,0.87785,0.8928,0.352635,0.346376,0.006259,low,30,23,7,76.67,3,4,0,False,"[""input00.txt"", ""input01.txt"", ""input02.txt"", ""input03.txt"", ""input04.txt"", ""input05.txt"", ""input06.txt"", ""input07.txt"", ""input08.txt"", ""input09.txt"", ""input13.txt"", ""input14.txt"", ""input16.txt"", ""input17.txt"", ""input18.txt"", ""input19.txt"", ""input22.txt"", ""input24.txt"", ""input25.txt"", ""input26.txt"", ""input27.txt"", ""input28.txt"", ""input29.txt""]","[""input10.txt"", ""input11.txt"", ""input12.txt"", ""input15.txt"", ""input20.txt"", ""input21.txt"", ""input23.txt""]","[""input12.txt"", ""input20.txt"", ""input21.txt"", ""input23.txt""]",[],52.663517,1.755451,3.0
matei-si-diamantele,1333804011,user_0128,44.64,java,grid_scan,1314236118,0.661417,0.910351,0.143,0.684256,0.0,0.684256,medium,30,27,3,90.0,3,0,0,False,"[""input00.txt"", ""input01.txt"", ""input02.txt"", ""input03.txt"", ""input04.txt"", ""input05.txt"", ""input06.txt"", ""input07.txt"", ""input08.txt"", ""input09.txt"", ""input10.txt"", ""input11.txt"", ""input12.txt"", ""input13.txt"", ""input14.txt"", ""input15.txt"", ""input16.txt"", ""input17.txt"", ""input18.txt"", ""input19.txt"", ""input20.txt"", ""input21.txt"", ""input22.txt"", ""input23.txt"", ""input24.txt"", ""input26.txt"", ""input29.txt""]","[""input25.txt"", ""input27.txt"", ""input28.txt""]",[],[],14.680159,0.489339,0.815252
matei-si-diamantele,1333804032,user_0128,44.64,java,grid_scan,1314236118,0.648649,0.912206,0.143,0.677151,0.0,0.677151,medium,30,27,3,90.0,3,0,0,False,"[""input00.txt"", ""input01.txt"", ""input02.txt"", ""input03.txt"", ""input04.txt"", ""input05.txt"", ""input06.txt"", ""input07.txt"", ""input08.txt"", ""input09.txt"", ""input10.txt"", ""input11.txt"", ""input12.txt"", ""input13.txt"", ""input14.txt"", ""input15.txt"", ""input16.txt"", ""input17.txt"", ""input18.txt"", ""input19.txt"", ""input20.txt"", ""input21.txt"", ""input22.txt"", ""input23.txt"", ""input24.txt"", ""input26.txt"", ""input29.txt""]","[""input25.txt"", ""input27.txt"", ""input28.txt""]",[],[],15.314315,0.510477,0.83718
matei-si-diamantele,1323426687,user_0146,46.43,cpp,unknown,1378117542,0.0,0.9198,0.9286,0.3688,0.364555,0.004245,low,30,24,6,80.0,1,5,0,False,"[""input00.txt"", ""input01.txt"", ""input02.txt"", ""input03.txt"", ""input04.txt"", ""input05.txt"", ""input07.txt"", ""input08.txt"", ""input09.txt"", ""input10.txt"", ""input11.txt"", ""input13.txt"", ""input14.txt"", ""input16.txt"", ""input17.txt"", ""input18.txt"", ""input19.txt"", ""input22.txt"", ""input24.txt"", ""input25.txt"", ""input26.txt"", ""input27.txt"", ""input28.txt"", ""input29.txt""]","[""input06.txt"", ""input12.txt"", ""input15.txt"", ""input20.txt"", ""input21.txt"", ""input23.txt""]","[""input12.txt"", ""input15.txt"", ""input20.txt"", ""input21.txt"", ""input23.txt""]",[],56.907371,1.896912,3.0
matei-si-diamantele,1332321086,user_0018,46.43,java,grid_scan,1314236118,0.579832,0.960975,0.1072,0.646912,0.0,0.646912,medium,30,28,2,93.33,2,0,0,False,"[""input00.txt"", ""input01.txt"", ""input02.txt"", ""input03.txt"", ""input04.txt"", ""input05.txt"", ""input06.txt"", ""input07.txt"", ""input08.txt"", ""input09.txt"", ""input10.txt"", ""input11.txt"", ""input12.txt"", ""input13.txt"", ""input14.txt"", ""input15.txt"", ""input16.txt"", ""input17.txt"", ""input18.txt"", ""input19.txt"", ""input20.txt"", ""input21.txt"", ""input22.txt"", ""input23.txt"", ""input24.txt"", ""input26.txt"", ""input28.txt"", ""input29.txt""]","[""input25.txt"", ""input27.txt""]",[],[],12.90284,0.430095,0.670094
matei-si-diamantele,1332321125,user_0018,46.43,java,grid_scan,1314236118,0.558704,0.962109,0.1072,0.634575,0.0,0.634575,medium,30,28,2,93.33,2,0,0,False,"[""input00.txt"", ""input01.txt"", ""input02.txt"", ""input03.txt"", ""input04.txt"", ""input05.txt"", ""input06.txt"", ""input07.txt"", ""input08.txt"", ""input09.txt"", ""input10.txt"", ""input11.txt"", ""input12.txt"", ""input13.txt"", ""input14.txt"", ""input15.txt"", ""input16.txt"", ""input17.txt"", ""input18.txt"", ""input19.txt"", ""input20.txt"", ""input21.txt"", ""input22.txt"", ""input23.txt"", ""input24.txt"", ""input26.txt"", ""input28.txt"", ""input29.txt""]","[""input25.txt"", ""input27.txt""]",[],[],13.56252,0.452084,0.635231
matei-si-diamantele,1314235739,user_0035,48.21,java,grid_scan,1314236118,0.479339,0.936228,0.0716,0.575632,0.0,0.575632,medium,30,29,1,96.67,1,0,0,False,"[""input00.txt"", ""input01.txt"", ""input02.txt"", ""input04.txt"", ""input05.txt"", ""input06.txt"", ""input07.txt"", ""input08.txt"", ""input09.txt"", ""input10.txt"", ""input11.txt"", ""input12.txt"", ""input13.txt"", ""input14.txt"", ""input15.txt"", ""input16.txt"", ""input17.txt"", ""input18.txt"", ""input19.txt"", ""input20.txt"", ""input21.txt"", ""input22.txt"", ""input23.txt"", ""input24.txt"", ""input25.txt"", ""input26.txt"", ""input27.txt"", ""input28.txt"", ""input29.txt""]","[""input03.txt""]",[],[],18.513218,0.617107,1.038106
matei-si-diamantele,1323423070,user_0093,48.21,cpp,unknown,1378117542,0.0,0.958322,0.9642,0.383917,0.34301,0.040907,low,30,22,8,73.33,0,6,2,False,"[""input00.txt"", ""input01.txt"", ""input02.txt"", ""input03.txt"", ""input04.txt"", ""input05.txt"", ""input06.txt"", ""input08.txt"", ""input09.txt"", ""input10.txt"", ""input11.txt"", ""input13.txt"", ""input14.txt"", ""input15.txt"", ""input16.txt"", ""input17.txt"", ""input18.txt"", ""input19.txt"", ""input22.txt"", ""input24.txt"", ""input26.txt"", ""input28.txt""]","[""input07.txt"", ""input12.txt"", ""input20.txt"", ""input21.txt"", ""input23.txt"", ""input25.txt"", ""input27.txt"", ""input29.txt""]","[""input07.txt"", ""input12.txt"", ""input20.txt"", ""input21.txt"", ""input23.txt"", ""input25.txt""]","[""input27.txt"", ""input29.txt""]",57.146405,1.90488,3.0
matei-si-diamantele,1361652717,user_0186,48.21,cpp,grid_scan,1391825752,0.898551,0.973026,0.8572,0.916758,0.433364,0.483394,high,30,0,30,0.0,0,7,23,False,[],"[""input00.txt"", ""input01.txt"", ""input02.txt"", ""input03.txt"", ""input04.txt"", ""input05.txt"", ""input06.txt"", ""input07.txt"", ""input08.txt"", ""input09.txt"", ""input10.txt"", ""input11.txt"", ""input12.txt"", ""input13.txt"", ""input14.txt"", ""input15.txt"", ""input16.txt"", ""input17.txt"", ""input18.txt"", ""input19.txt"", ""input20.txt"", ""input21.txt"", ""input22.txt"", ""input23.txt"", ""input24.txt"", ""input25.txt"", ""input26.txt"", ""input27.txt"", ""input28.txt"", ""input29.txt""]","[""input00.txt"", ""input01.txt"", ""input02.txt"", ""input03.txt"", ""input04.txt"", ""input05.txt"", ""input20.txt""]","[""input06.txt"", ""input07.txt"", ""input08.txt"", ""input09.txt"", ""input10.txt"", ""input11.txt"", ""input12.txt"", ""input13.txt"", ""input14.txt"", ""input15.txt"", ""input16.txt"", ""input17.txt"", ""input18.txt"", ""input19.txt"", ""input21.txt"", ""input22.txt"", ""input23.txt"", ""input24.txt"", ""input25.txt"", ""input26.txt"", ""input27.txt"", ""input28.txt"", ""input29.txt""]",25.507854,0.850262,3.0
matei-si-diamantele,1378017593,user_0211,48.21,cpp,unknown,1314234411,0.0,0.987797,0.9642,0.392759,0.353906,0.038853,low,30,0,30,0.0,0,14,16,False,[],"[""input00.txt"", ""input01.txt"", ""input02.txt"", ""input03.txt"", ""input04.txt"", ""input05.txt"", ""input06.txt"", ""input07.txt"", ""input08.txt"", ""input09.txt"", ""input10.txt"", ""input11.txt"", ""input12.txt"", ""input13.txt"", ""input14.txt"", ""input15.txt"", ""input16.txt"", ""input17.txt"", ""input18.txt"", ""input19.txt"", ""input20.txt"", ""input21.txt"", ""input22.txt"", ""input23.txt"", ""input24.txt"", ""input25.txt"", ""input26.txt"", ""input27.txt"", ""input28.txt"", ""input29.txt""]","[""input00.txt"", ""input07.txt"", ""input08.txt"", ""input09.txt"", ""input10.txt"", ""input11.txt"", ""input12.txt"", ""input13.txt"", ""input14.txt"", ""input15.txt"", ""input16.txt"", ""input17.txt"", ""input18.txt"", ""input19.txt""]","[""input01.txt"", ""input02.txt"", ""input03.txt"", ""input04.txt"", ""input05.txt"", ""input06.txt"", ""input20.txt"", ""input21.txt"", ""input22.txt"", ""input23.txt"", ""input24.txt"", ""input25.txt"", ""input26.txt"", ""input27.txt"", ""input28.txt"", ""input29.txt""]",45.494018,1.516467,3.0
matei-si-diamantele,1314154354,user_0281,50.0,cpp,grid_scan,1314234411,0.555556,0.994904,1.0,0.731805,0.439245,0.29256,high,30,14,16,46.67,0,16,0,False,"[""input00.txt"", ""input01.txt"", ""input02.txt"", ""input03.txt"", ""input04.txt"", ""input06.txt"", ""input10.txt"", ""input11.txt"", ""input14.txt"", ""input18.txt"", ""input22.txt"", ""input24.txt"", ""input27.txt"", ""input29.txt""]","[""input05.txt"", ""input07.txt"", ""input08.txt"", ""input09.txt"", ""input12.txt"", ""input13.txt"", ""input15.txt"", ""input16.txt"", ""input17.txt"", ""input19.txt"", ""input20.txt"", ""input21.txt"", ""input23.txt"", ""input25.txt"", ""input26.txt"", ""input28.txt""]","[""input05.txt"", ""input07.txt"", ""input08.txt"", ""input09.txt"", ""input12.txt"", ""input13.txt"", ""input15.txt"", ""input16.txt"", ""input17.txt"", ""input19.txt"", ""input20.txt"", ""input21.txt"", ""input23.txt"", ""input25.txt"", ""input26.txt"", ""input28.txt""]",[],69.529907,2.317664,3.0
matei-si-diamantele,1314184660,user_0254,50.0,java,grid_scan,1314236118,0.626728,0.95857,0.0358,0.667188,0.0,0.667188,medium,30,30,0,100.0,0,0,0,False,"[""input00.txt"", ""input01.txt"", ""input02.txt"", ""input03.txt"", ""input04.txt"", ""input05.txt"", ""input06.txt"", ""input07.txt"", ""input08.txt"", ""input09.txt"", ""input10.txt"", ""input11.txt"", ""input12.txt"", ""input13.txt"", ""input14.txt"", ""input15.txt"", ""input16.txt"", ""input17.txt"", ""input18.txt"", ""input19.txt"", ""input20.txt"", ""input21.txt"", ""input22.txt"", ""input23.txt"", ""input24.txt"", ""input25.txt"", ""input26.txt"", ""input27.txt"", ""input28.txt"", ""input29.txt""]",[],[],[],11.968851,0.398962,0.592351
matei-si-diamantele,1314234360,user_0292,50.0,cpp,unknown,1314234411,0.0,0.814951,1.0,0.344485,0.334785,0.0097,low,0,0,0,0.0,0,0,0,True,[],[],[],[],0.0,0.0,0.0
matei-si-diamantele,1314234384,user_0289,50.0,cpp,unknown,1314234411,0.0,0.86808,1.0,0.360424,0.349785,0.010639,low,30,30,0,100.0,0,0,0,False,"[""input00.txt"", ""input01.txt"", ""input02.txt"", ""input03.txt"", ""input04.txt"", ""input05.txt"", ""input06.txt"", ""input07.txt"", ""input08.txt"", ""input09.txt"", ""input10.txt"", ""input11.txt"", ""input12.txt"", ""input13.txt"", ""input14.txt"", ""input15.txt"", ""input16.txt"", ""input17.txt"", ""input18.txt"", ""input19.txt"", ""input20.txt"", ""input21.txt"", ""input22.txt"", ""input23.txt"", ""input24.txt"", ""input25.txt"", ""input26.txt"", ""input27.txt"", ""input28.txt"", ""input29.txt""]",[],[],[],13.836612,0.46122,0.768665
matei-si-diamantele,1314234411,user_0029,50.0,cpp,grid_scan,1314234411,1.0,1.0,1.0,1.0,1.0,0.0,reference,30,0,30,0.0,0,6,24,False,[],"[""input00.txt"", ""input01.txt"", ""input02.txt"", ""input03.txt"", ""input04.txt"", ""input05.txt"", ""input06.txt"", ""input07.txt"", ""input08.txt"", ""input09.txt"", ""input10.txt"", ""input11.txt"", ""input12.txt"", ""input13.txt"", ""input14.txt"", ""input15.txt"", ""input16.txt"", ""input17.txt"", ""input18.txt"", ""input19.txt"", ""input20.txt"", ""input21.txt"", ""input22.txt"", ""input23.txt"", ""input24.txt"", ""input25.txt"", ""input26.txt"", ""input27.txt"", ""input28.txt"", ""input29.txt""]","[""input00.txt"", ""input01.txt"", ""input02.txt"", ""input04.txt"", ""input21.txt"", ""input27.txt""]","[""input03.txt"", ""input05.txt"", ""input06.txt"", ""input07.txt"", ""input08.txt"", ""input09.txt"", ""input10.txt"", ""input11.txt"", ""input12.txt"", ""input13.txt"", ""input14.txt"", ""input15.txt"", ""input16.txt"", ""input17.txt"", ""input18.txt"", ""input19.txt"", ""input20.txt"", ""input22.txt"", ""input23.txt"", ""input24.txt"", ""input25.txt"", ""input26.txt"", ""input28.txt"", ""input29.txt""]",23.764515,0.792151,3.0
matei-si-diamantele,1314234433,user_0231,50.0,java,grid_scan,1314236118,0.728972,0.940899,0.0358,0.723233,0.0,0.723233,high,30,30,0,100.0,0,0,0,False,"[""input00.txt"", ""input01.txt"", ""input02.txt"", ""input03.txt"", ""input04.txt"", ""input05.txt"", ""input06.txt"", ""input07.txt"", ""input08.txt"", ""input09.txt"", ""input10.txt"", ""input11.txt"", ""input12.txt"", ""input13.txt"", ""input14.txt"", ""input15.txt"", ""input16.txt"", ""input17.txt"", ""input18.txt"", ""input19.txt"", ""input20.txt"", ""input21.txt"", ""input22.txt"", ""input23.txt"", ""input24.txt"", ""input25.txt"", ""input26.txt"", ""input27.txt"", ""input28.txt"", ""input29.txt""]",[],[],[],11.705981,0.390199,0.578944
matei-si-diamantele,1314234451,user_0071,50.0,cpp,unknown,1391825752,0.0,0.92624,0.8214,0.360012,0.338866,0.021146,low,30,13,17,43.33,0,17,0,False,"[""input00.txt"", ""input01.txt"", ""input02.txt"", ""input03.txt"", ""input04.txt"", ""input06.txt"", ""input10.txt"", ""input14.txt"", ""input18.txt"", ""input24.txt"", ""input25.txt"", ""input27.txt"", ""input29.txt""]","[""input05.txt"", ""input07.txt"", ""input08.txt"", ""input09.txt"", ""input11.txt"", ""input12.txt"", ""input13.txt"", ""input15.txt"", ""input16.txt"", ""input17.txt"", ""input19.txt"", ""input20.txt"", ""input21.txt"", ""input22.txt"", ""input23.txt"", ""input26.txt"", ""input28.txt""]","[""input05.txt"", ""input07.txt"", ""input08.txt"", ""input09.txt"", ""input11.txt"", ""input12.txt"", ""input13.txt"", ""input15.txt"", ""input16.txt"", ""input17.txt"", ""input19.txt"", ""input20.txt"", ""input21.txt"", ""input22.txt"", ""input23.txt"", ""input26.txt"", ""input28.txt""]",[],70.648831,2.354961,3.0
matei-si-diamantele,1314234466,user_0280,50.0,java,grid_scan,1314236118,0.52968,0.861054,0.0358,0.579704,0.0,0.579704,medium,0,0,0,0.0,0,0,0,True,[],[],[],[],0.0,0.0,0.0
matei-si-diamantele,1314234491,user_0144,50.0,cpp,unknown,1378117542,0.0,0.918543,1.0,0.375563,0.341978,0.033585,low,30,12,18,40.0,0,18,0,False,"[""input00.txt"", ""input01.txt"", ""input02.txt"", ""input03.txt"", ""input04.txt"", ""input06.txt"", ""input10.txt"", ""input11.txt"", ""input14.txt"", ""input18.txt"", ""input27.txt"", ""input29.txt""]","[""input05.txt"", ""input07.txt"", ""input08.txt"", ""input09.txt"", ""input12.txt"", ""input13.txt"", ""input15.txt"", ""input16.txt"", ""input17.txt"", ""input19.txt"", ""input20.txt"", ""input21.txt"", ""input22.txt"", ""input23.txt"", ""input24.txt"", ""input25.txt"", ""input26.txt"", ""input28.txt""]","[""input05.txt"", ""input07.txt"", ""input08.txt"", ""input09.txt"", ""input12.txt"", ""input13.txt"", ""input15.txt"", ""input16.txt"", ""input17.txt"", ""input19.txt"", ""input20.txt"", ""input21.txt"", ""input22.txt"", ""input23.txt"", ""input24.txt"", ""input25.txt"", ""input26.txt"", ""input28.txt""]",[],69.995049,2.333168,3.0
matei-si-diamantele,1314234545,user_0118,50.0,cpp,unknown,1314234411,0.0,0.959821,1.0,0.387946,0.356348,0.031598,low,30,16,14,53.33,0,4,10,False,"[""input00.txt"", ""input01.txt"", ""input02.txt"", ""input03.txt"", ""input04.txt"", ""input06.txt"", ""input10.txt"", ""input11.txt"", ""input13.txt"", ""input14.txt"", ""input16.txt"", ""input18.txt"", ""input22.txt"", ""input24.txt"", ""input27.txt"", ""input29.txt""]","[""input05.txt"", ""input07.txt"", ""input08.txt"", ""input09.txt"", ""input12.txt"", ""input15.txt"", ""input17.txt"", ""input19.txt"", ""input20.txt"", ""input21.txt"", ""input23.txt"", ""input25.txt"", ""input26.txt"", ""input28.txt""]","[""input05.txt"", ""input17.txt"", ""input20.txt"", ""input28.txt""]","[""input07.txt"", ""input08.txt"", ""input09.txt"", ""input12.txt"", ""input15.txt"", ""input19.txt"", ""input21.txt"", ""input23.txt"", ""input25.txt"", ""input26.txt""]",20.085923,0.669531,3.0
matei-si-diamantele,1314234548,user_0094,50.0,java,grid_scan,1314236118,0.698565,0.887525,0.0358,0.688976,0.0,0.688976,medium,30,30,0,100.0,0,0,0,False,"[""input00.txt"", ""input01.txt"", ""input02.txt"", ""input03.txt"", ""input04.txt"", ""input05.txt"", ""input06.txt"", ""input07.txt"", ""input08.txt"", ""input09.txt"", ""input10.txt"", ""input11.txt"", ""input12.txt"", ""input13.txt"", ""input14.txt"", ""input15.txt"", ""input16.txt"", ""input17.txt"", ""input18.txt"", ""input19.txt"", ""input20.txt"", ""input21.txt"", ""input22.txt"", ""input23.txt"", ""input24.txt"", ""input25.txt"", ""input26.txt"", ""input27.txt"", ""input28.txt"", ""input29.txt""]",[],[],[],12.103801,0.40346,0.864078
matei-si-diamantele,1314234561,user_0253,50.0,cpp,unknown,1314234411,0.0,0.922979,1.0,0.376894,0.374146,0.002748,low,30,30,0,100.0,0,0,0,False,"[""input00.txt"", ""input01.txt"", ""input02.txt"", ""input03.txt"", ""input04.txt"", ""input05.txt"", ""input06.txt"", ""input07.txt"", ""input08.txt"", ""input09.txt"", ""input10.txt"", ""input11.txt"", ""input12.txt"", ""input13.txt"", ""input14.txt"", ""input15.txt"", ""input16.txt"", ""input17.txt"", ""input18.txt"", ""input19.txt"", ""input20.txt"", ""input21.txt"", ""input22.txt"", ""input23.txt"", ""input24.txt"", ""input25.txt"", ""input26.txt"", ""input27.txt"", ""input28.txt"", ""input29.txt""]",[],[],[],14.014912,0.467164,1.035788
matei-si-diamantele,1314234576,user_0057,50.0,java,grid_scan,1314236118,0.57377,0.88208,0.0358,0.612466,0.0,0.612466,medium,30,30,0,100.0,0,0,0,False,"[""input00.txt"", ""input01.txt"", ""input02.txt"", ""input03.txt"", ""input04.txt"", ""input05.txt"", ""input06.txt"", ""input07.txt"", ""input08.txt"", ""input09.txt"", ""input10.txt"", ""input11.txt"", ""input12.txt"", ""input13.txt"", ""input14.txt"", ""input15.txt"", ""input16.txt"", ""input17.txt"", ""input18.txt"", ""input19.txt"", ""input20.txt"", ""input21.txt"", ""input22.txt"", ""input23.txt"", ""input24.txt"", ""input25.txt"", ""input26.txt"", ""input27.txt"", ""input28.txt"", ""input29.txt""]",[],[],[],12.911653,0.430388,0.698908
matei-si-diamantele,1314234594,user_0041,50.0,cpp,grid_scan,1314234411,0.367816,0.916396,1.0,0.595609,0.363613,0.231995,medium,30,16,14,53.33,0,14,0,False,"[""input00.txt"", ""input01.txt"", ""input02.txt"", ""input03.txt"", ""input04.txt"", ""input06.txt"", ""input10.txt"", ""input13.txt"", ""input14.txt"", ""input18.txt"", ""input24.txt"", ""input25.txt"", ""input26.txt"", ""input27.txt"", ""input28.txt"", ""input29.txt""]","[""input05.txt"", ""input07.txt"", ""input08.txt"", ""input09.txt"", ""input11.txt"", ""input12.txt"", ""input15.txt"", ""input16.txt"", ""input17.txt"", ""input19.txt"", ""input20.txt"", ""input21.txt"", ""input22.txt"", ""input23.txt""]","[""input05.txt"", ""input07.txt"", ""input08.txt"", ""input09.txt"", ""input11.txt"", ""input12.txt"", ""input15.txt"", ""input16.txt"", ""input17.txt"", ""input19.txt"", ""input20.txt"", ""input21.txt"", ""input22.txt"", ""input23.txt""]",[],66.928227,2.230941,3.0
matei-si-diamantele,1314234634,user_0240,50.0,java,grid_scan,1314236118,0.732673,0.9082,0.0358,0.715644,0.0,0.715644,high,30,30,0,100.0,0,0,0,False,"[""input00.txt"", ""input01.txt"", ""input02.txt"", ""input03.txt"", ""input04.txt"", ""input05.txt"", ""input06.txt"", ""input07.txt"", ""input08.txt"", ""input09.txt"", ""input10.txt"", ""input11.txt"", ""input12.txt"", ""input13.txt"", ""input14.txt"", ""input15.txt"", ""input16.txt"", ""input17.txt"", ""input18.txt"", ""input19.txt"", ""input20.txt"", ""input21.txt"", ""input22.txt"", ""input23.txt"", ""input24.txt"", ""input25.txt"", ""input26.txt"", ""input27.txt"", ""input28.txt"", ""input29.txt""]",[],[],[],10.83285,0.361095,0.523067
matei-si-diamantele,1314234706,user_0034,50.0,java,grid_scan,1314236118,0.540541,0.884884,0.0358,0.593369,0.0,0.593369,medium,30,30,0,100.0,0,0,0,False,"[""input00.txt"", ""input01.txt"", ""input02.txt"", ""input03.txt"", ""input04.txt"", ""input05.txt"", ""input06.txt"", ""input07.txt"", ""input08.txt"", ""input09.txt"", ""input10.txt"", ""input11.txt"", ""input12.txt"", ""input13.txt"", ""input14.txt"", ""input15.txt"", ""input16.txt"", ""input17.txt"", ""input18.txt"", ""input19.txt"", ""input20.txt"", ""input21.txt"", ""input22.txt"", ""input23.txt"", ""input24.txt"", ""input25.txt"", ""input26.txt"", ""input27.txt"", ""input28.txt"", ""input29.txt""]",[],[],[],12.510223,0.417007,0.585848
matei-si-diamantele,1314234743,user_0114,50.0,java,grid_scan,1314236118,0.560386,0.87908,0.0358,0.603536,0.0,0.603536,medium,30,30,0,100.0,0,0,0,False,"[""input00.txt"", ""input01.txt"", ""input02.txt"", ""input03.txt"", ""input04.txt"", ""input05.txt"", ""input06.txt"", ""input07.txt"", ""input08.txt"", ""input09.txt"", ""input10.txt"", ""input11.txt"", ""input12.txt"", ""input13.txt"", ""input14.txt"", ""input15.txt"", ""input16.txt"", ""input17.txt"", ""input18.txt"", ""input19.txt"", ""input20.txt"", ""input21.txt"", ""input22.txt"", ""input23.txt"", ""input24.txt"", ""input25.txt"", ""input26.txt"", ""input27.txt"", ""input28.txt"", ""input29.txt""]",[],[],[],13.210936,0.440365,1.015947
matei-si-diamantele,1314234839,user_0014,50.0,java,grid_scan,1314236118,0.50655,0.987687,0.0358,0.603816,0.0,0.603816,medium,30,30,0,100.0,0,0,0,False,"[""input00.txt"", ""input01.txt"", ""input02.txt"", ""input03.txt"", ""input04.txt"", ""input05.txt"", ""input06.txt"", ""input07.txt"", ""input08.txt"", ""input09.txt"", ""input10.txt"", ""input11.txt"", ""input12.txt"", ""input13.txt"", ""input14.txt"", ""input15.txt"", ""input16.txt"", ""input17.txt"", ""input18.txt"", ""input19.txt"", ""input20.txt"", ""input21.txt"", ""input22.txt"", ""input23.txt"", ""input24.txt"", ""input25.txt"", ""input26.txt"", ""input27.txt"", ""input28.txt"", ""input29.txt""]",[],[],[],11.632422,0.387747,0.738904
matei-si-diamantele,1314234858,user_0248,50.0,java,grid_scan,1314236118,0.758929,0.930503,0.0358,0.738088,0.0,0.738088,high,30,30,0,100.0,0,0,0,False,"[""input00.txt"", ""input01.txt"", ""input02.txt"", ""input03.txt"", ""input04.txt"", ""input05.txt"", ""input06.txt"", ""input07.txt"", ""input08.txt"", ""input09.txt"", ""input10.txt"", ""input11.txt"", ""input12.txt"", ""input13.txt"", ""input14.txt"", ""input15.txt"", ""input16.txt"", ""input17.txt"", ""input18.txt"", ""input19.txt"", ""input20.txt"", ""input21.txt"", ""input22.txt"", ""input23.txt"", ""input24.txt"", ""input25.txt"", ""input26.txt"", ""input27.txt"", ""input28.txt"", ""input29.txt""]",[],[],[],12.868956,0.428965,0.719777
matei-si-diamantele,1314234887,user_0082,50.0,java,grid_scan,1314236118,0.682243,0.948452,0.0358,0.697462,0.0,0.697462,medium,30,30,0,100.0,0,0,0,False,"[""input00.txt"", ""input01.txt"", ""input02.txt"", ""input03.txt"", ""input04.txt"", ""input05.txt"", ""input06.txt"", ""input07.txt"", ""input08.txt"", ""input09.txt"", ""input10.txt"", ""input11.txt"", ""input12.txt"", ""input13.txt"", ""input14.txt"", ""input15.txt"", ""input16.txt"", ""input17.txt"", ""input18.txt"", ""input19.txt"", ""input20.txt"", ""input21.txt"", ""input22.txt"", ""input23.txt"", ""input24.txt"", ""input25.txt"", ""input26.txt"", ""input27.txt"", ""input28.txt"", ""input29.txt""]",[],[],[],15.034006,0.501134,0.76853
matei-si-diamantele,1314234980,user_0158,50.0,c,unknown,,0.0,0.0,0.0,0.0,0.0,0.0,no_reference,0,0,0,0.0,0,0,0,True,[],[],[],[],0.0,0.0,0.0
matei-si-diamantele,1314235026,user_0223,50.0,java,grid_scan,1314236118,0.72549,0.951404,0.0358,0.724295,0.0,0.724295,high,30,30,0,100.0,0,0,0,False,"[""input00.txt"", ""input01.txt"", ""input02.txt"", ""input03.txt"", ""input04.txt"", ""input05.txt"", ""input06.txt"", ""input07.txt"", ""input08.txt"", ""input09.txt"", ""input10.txt"", ""input11.txt"", ""input12.txt"", ""input13.txt"", ""input14.txt"", ""input15.txt"", ""input16.txt"", ""input17.txt"", ""input18.txt"", ""input19.txt"", ""input20.txt"", ""input21.txt"", ""input22.txt"", ""input23.txt"", ""input24.txt"", ""input25.txt"", ""input26.txt"", ""input27.txt"", ""input28.txt"", ""input29.txt""]",[],[],[],16.476177,0.549206,1.184918
matei-si-diamantele,1314235028,user_0027,50.0,java,grid_scan,1314236118,0.712195,0.914144,0.0358,0.70514,0.0,0.70514,high,30,30,0,100.0,0,0,0,False,"[""input00.txt"", ""input01.txt"", ""input02.txt"", ""input03.txt"", ""input04.txt"", ""input05.txt"", ""input06.txt"", ""input07.txt"", ""input08.txt"", ""input09.txt"", ""input10.txt"", ""input11.txt"", ""input12.txt"", ""input13.txt"", ""input14.txt"", ""input15.txt"", ""input16.txt"", ""input17.txt"", ""input18.txt"", ""input19.txt"", ""input20.txt"", ""input21.txt"", ""input22.txt"", ""input23.txt"", ""input24.txt"", ""input25.txt"", ""input26.txt"", ""input27.txt"", ""input28.txt"", ""input29.txt""]",[],[],[],15.057625,0.501921,1.570566
matei-si-diamantele,1314235040,user_0037,50.0,cpp,unknown,1391825752,0.0,0.948197,0.8214,0.366599,0.34503,0.021569,low,30,24,6,80.0,0,6,0,False,"[""input00.txt"", ""input01.txt"", ""input02.txt"", ""input03.txt"", ""input04.txt"", ""input05.txt"", ""input06.txt"", ""input08.txt"", ""input09.txt"", ""input10.txt"", ""input11.txt"", ""input13.txt"", ""input14.txt"", ""input16.txt"", ""input17.txt"", ""input18.txt"", ""input19.txt"", ""input22.txt"", ""input24.txt"", ""input25.txt"", ""input26.txt"", ""input27.txt"", ""input28.txt"", ""input29.txt""]","[""input07.txt"", ""input12.txt"", ""input15.txt"", ""input20.txt"", ""input21.txt"", ""input23.txt""]","[""input07.txt"", ""input12.txt"", ""input15.txt"", ""input20.txt"", ""input21.txt"", ""input23.txt""]",[],55.9321,1.864403,3.0
matei-si-diamantele,1314235048,user_0027,50.0,java,grid_scan,1314236118,0.73,0.92178,0.0358,0.718114,0.0,0.718114,high,30,30,0,100.0,0,0,0,False,"[""input00.txt"", ""input01.txt"", ""input02.txt"", ""input03.txt"", ""input04.txt"", ""input05.txt"", ""input06.txt"", ""input07.txt"", ""input08.txt"", ""input09.txt"", ""input10.txt"", ""input11.txt"", ""input12.txt"", ""input13.txt"", ""input14.txt"", ""input15.txt"", ""input16.txt"", ""input17.txt"", ""input18.txt"", ""input19.txt"", ""input20.txt"", ""input21.txt"", ""input22.txt"", ""input23.txt"", ""input24.txt"", ""input25.txt"", ""input26.txt"", ""input27.txt"", ""input28.txt"", ""input29.txt""]",[],[],[],12.424361,0.414145,0.849989
matei-si-diamantele,1314235145,user_0036,50.0,cpp,unknown,1314234411,0.0,0.956169,1.0,0.386851,0.360136,0.026714,low,30,0,30,0.0,0,1,29,False,[],"[""input00.txt"", ""input01.txt"", ""input02.txt"", ""input03.txt"", ""input04.txt"", ""input05.txt"", ""input06.txt"", ""input07.txt"", ""input08.txt"", ""input09.txt"", ""input10.txt"", ""input11.txt"", ""input12.txt"", ""input13.txt"", ""input14.txt"", ""input15.txt"", ""input16.txt"", ""input17.txt"", ""input18.txt"", ""input19.txt"", ""input20.txt"", ""input21.txt"", ""input22.txt"", ""input23.txt"", ""input24.txt"", ""input25.txt"", ""input26.txt"", ""input27.txt"", ""input28.txt"", ""input29.txt""]","[""input00.txt""]","[""input01.txt"", ""input02.txt"", ""input03.txt"", ""input04.txt"", ""input05.txt"", ""input06.txt"", ""input07.txt"", ""input08.txt"", ""input09.txt"", ""input10.txt"", ""input11.txt"", ""input12.txt"", ""input13.txt"", ""input14.txt"", ""input15.txt"", ""input16.txt"", ""input17.txt"", ""input18.txt"", ""input19.txt"", ""input20.txt"", ""input21.txt"", ""input22.txt"", ""input23.txt"", ""input24.txt"", ""input25.txt"", ""input26.txt"", ""input27.txt"", ""input28.txt"", ""input29.txt""]",11.031294,0.36771,3.0
matei-si-diamantele,1314235147,user_0076,50.0,cpp,unknown,1378117542,0.0,0.88396,1.0,0.365188,0.359317,0.005871,low,30,30,0,100.0,0,0,0,False,"[""input00.txt"", ""input01.txt"", ""input02.txt"", ""input03.txt"", ""input04.txt"", ""input05.txt"", ""input06.txt"", ""input07.txt"", ""input08.txt"", ""input09.txt"", ""input10.txt"", ""input11.txt"", ""input12.txt"", ""input13.txt"", ""input14.txt"", ""input15.txt"", ""input16.txt"", ""input17.txt"", ""input18.txt"", ""input19.txt"", ""input20.txt"", ""input21.txt"", ""input22.txt"", ""input23.txt"", ""input24.txt"", ""input25.txt"", ""input26.txt"", ""input27.txt"", ""input28.txt"", ""input29.txt""]",[],[],[],27.053234,0.901774,1.776485
matei-si-diamantele,1314235369,user_0275,50.0,java,grid_scan,1314236118,0.564315,0.874419,0.0358,0.604495,0.0,0.604495,medium,30,30,0,100.0,0,0,0,False,"[""input00.txt"", ""input01.txt"", ""input02.txt"", ""input03.txt"", ""input04.txt"", ""input05.txt"", ""input06.txt"", ""input07.txt"", ""input08.txt"", ""input09.txt"", ""input10.txt"", ""input11.txt"", ""input12.txt"", ""input13.txt"", ""input14.txt"", ""input15.txt"", ""input16.txt"", ""input17.txt"", ""input18.txt"", ""input19.txt"", ""input20.txt"", ""input21.txt"", ""input22.txt"", ""input23.txt"", ""input24.txt"", ""input25.txt"", ""input26.txt"", ""input27.txt"", ""input28.txt"", ""input29.txt""]",[],[],[],23.835208,0.794507,1.364293
matei-si-diamantele,1314235413,user_0132,50.0,cpp,unknown,1314234411,0.0,0.941614,1.0,0.382484,0.354178,0.028306,low,30,0,30,0.0,0,0,30,False,[],"[""input00.txt"", ""input01.txt"", ""input02.txt"", ""input03.txt"", ""input04.txt"", ""input05.txt"", ""input06.txt"", ""input07.txt"", ""input08.txt"", ""input09.txt"", ""input10.txt"", ""input11.txt"", ""input12.txt"", ""input13.txt"", ""input14.txt"", ""input15.txt"", ""input16.txt"", ""input17.txt"", ""input18.txt"", ""input19.txt"", ""input20.txt"", ""input21.txt"", ""input22.txt"", ""input23.txt"", ""input24.txt"", ""input25.txt"", ""input26.txt"", ""input27.txt"", ""input28.txt"", ""input29.txt""]",[],"[""input00.txt"", ""input01.txt"", ""input02.txt"", ""input03.txt"", ""input04.txt"", ""input05.txt"", ""input06.txt"", ""input07.txt"", ""input08.txt"", ""input09.txt"", ""input10.txt"", ""input11.txt"", ""input12.txt"", ""input13.txt"", ""input14.txt"", ""input15.txt"", ""input16.txt"", ""input17.txt"", ""input18.txt"", ""input19.txt"", ""input20.txt"", ""input21.txt"", ""input22.txt"", ""input23.txt"", ""input24.txt"", ""input25.txt"", ""input26.txt"", ""input27.txt"", ""input28.txt"", ""input29.txt""]",5.156417,0.171881,0.477643
matei-si-diamantele,1314235540,user_0038,50.0,java,grid_scan,1314236118,0.511111,0.898721,0.0358,0.579863,0.0,0.579863,medium,30,30,0,100.0,0,0,0,False,"[""input00.txt"", ""input01.txt"", ""input02.txt"", ""input03.txt"", ""input04.txt"", ""input05.txt"", ""input06.txt"", ""input07.txt"", ""input08.txt"", ""input09.txt"", ""input10.txt"", ""input11.txt"", ""input12.txt"", ""input13.txt"", ""input14.txt"", ""input15.txt"", ""input16.txt"", ""input17.txt"", ""input18.txt"", ""input19.txt"", ""input20.txt"", ""input21.txt"", ""input22.txt"", ""input23.txt"", ""input24.txt"", ""input25.txt"", ""input26.txt"", ""input27.txt"", ""input28.txt"", ""input29.txt""]",[],[],[],13.46299,0.448766,0.734043
matei-si-diamantele,1314235692,user_0055,50.0,java,grid_scan,1314236118,0.515556,0.85544,0.0358,0.569545,0.0,0.569545,medium,30,30,0,100.0,0,0,0,False,"[""input00.txt"", ""input01.txt"", ""input02.txt"", ""input03.txt"", ""input04.txt"", ""input05.txt"", ""input06.txt"", ""input07.txt"", ""input08.txt"", ""input09.txt"", ""input10.txt"", ""input11.txt"", ""input12.txt"", ""input13.txt"", ""input14.txt"", ""input15.txt"", ""input16.txt"", ""input17.txt"", ""input18.txt"", ""input19.txt"", ""input20.txt"", ""input21.txt"", ""input22.txt"", ""input23.txt"", ""input24.txt"", ""input25.txt"", ""input26.txt"", ""input27.txt"", ""input28.txt"", ""input29.txt""]",[],[],[],16.770715,0.559024,0.855825
matei-si-diamantele,1314235761,user_0005,50.0,cpp,unknown,1314234411,0.0,0.939947,1.0,0.381984,0.325805,0.056179,low,30,25,5,83.33,0,5,0,False,"[""input00.txt"", ""input01.txt"", ""input02.txt"", ""input03.txt"", ""input04.txt"", ""input06.txt"", ""input07.txt"", ""input08.txt"", ""input09.txt"", ""input10.txt"", ""input11.txt"", ""input13.txt"", ""input14.txt"", ""input15.txt"", ""input16.txt"", ""input17.txt"", ""input18.txt"", ""input19.txt"", ""input22.txt"", ""input24.txt"", ""input25.txt"", ""input26.txt"", ""input27.txt"", ""input28.txt"", ""input29.txt""]","[""input05.txt"", ""input12.txt"", ""input20.txt"", ""input21.txt"", ""input23.txt""]","[""input05.txt"", ""input12.txt"", ""input20.txt"", ""input21.txt"", ""input23.txt""]",[],55.838678,1.861289,3.012664
matei-si-diamantele,1314235790,user_0005,50.0,cpp,unknown,1314234411,0.0,0.939315,1.0,0.381795,0.32547,0.056324,low,30,24,6,80.0,0,6,0,False,"[""input00.txt"", ""input01.txt"", ""input02.txt"", ""input03.txt"", ""input04.txt"", ""input05.txt"", ""input06.txt"", ""input07.txt"", ""input09.txt"", ""input10.txt"", ""input11.txt"", ""input13.txt"", ""input14.txt"", ""input16.txt"", ""input17.txt"", ""input18.txt"", ""input19.txt"", ""input22.txt"", ""input24.txt"", ""input25.txt"", ""input26.txt"", ""input27.txt"", ""input28.txt"", ""input29.txt""]","[""input08.txt"", ""input12.txt"", ""input15.txt"", ""input20.txt"", ""input21.txt"", ""input23.txt""]","[""input08.txt"", ""input12.txt"", ""input15.txt"", ""input20.txt"", ""input21.txt"", ""input23.txt""]",[],57.25538,1.908513,3.0
matei-si-diamantele,1314236143,user_0081,50.0,java,grid_scan,1314236118,0.469636,0.99495,0.0358,0.583846,0.0,0.583846,medium,30,30,0,100.0,0,0,0,False,"[""input00.txt"", ""input01.txt"", ""input02.txt"", ""input03.txt"", ""input04.txt"", ""input05.txt"", ""input06.txt"", ""input07.txt"", ""input08.txt"", ""input09.txt"", ""input10.txt"", ""input11.txt"", ""input12.txt"", ""input13.txt"", ""input14.txt"", ""input15.txt"", ""input16.txt"", ""input17.txt"", ""input18.txt"", ""input19.txt"", ""input20.txt"", ""input21.txt"", ""input22.txt"", ""input23.txt"", ""input24.txt"", ""input25.txt"", ""input26.txt"", ""input27.txt"", ""input28.txt"", ""input29.txt""]",[],[],[],39.956559,1.331885,2.320145
matei-si-diamantele,1314236354,user_0120,50.0,cpp,unknown,1314234411,0.0,0.929481,1.0,0.378844,0.369894,0.008951,low,30,16,14,53.33,0,5,9,False,"[""input00.txt"", ""input01.txt"", ""input02.txt"", ""input03.txt"", ""input04.txt"", ""input06.txt"", ""input10.txt"", ""input11.txt"", ""input13.txt"", ""input14.txt"", ""input16.txt"", ""input18.txt"", ""input22.txt"", ""input24.txt"", ""input27.txt"", ""input29.txt""]","[""input05.txt"", ""input07.txt"", ""input08.txt"", ""input09.txt"", ""input12.txt"", ""input15.txt"", ""input17.txt"", ""input19.txt"", ""input20.txt"", ""input21.txt"", ""input23.txt"", ""input25.txt"", ""input26.txt"", ""input28.txt""]","[""input05.txt"", ""input07.txt"", ""input12.txt"", ""input19.txt"", ""input28.txt""]","[""input08.txt"", ""input09.txt"", ""input15.txt"", ""input17.txt"", ""input20.txt"", ""input21.txt"", ""input23.txt"", ""input25.txt"", ""input26.txt""]",34.521376,1.150713,3.0
matei-si-diamantele,1314236366,user_0045,50.0,cpp,unknown,1333751390,0.224299,0.901237,0.0358,0.408531,0.376953,0.031578,low,0,0,0,0.0,0,0,0,True,[],[],[],[],0.0,0.0,0.0
matei-si-diamantele,1314236458,user_0157,50.0,java,grid_scan,1314236118,0.549801,0.946111,0.0358,0.617294,0.0,0.617294,medium,30,30,0,100.0,0,0,0,False,"[""input00.txt"", ""input01.txt"", ""input02.txt"", ""input03.txt"", ""input04.txt"", ""input05.txt"", ""input06.txt"", ""input07.txt"", ""input08.txt"", ""input09.txt"", ""input10.txt"", ""input11.txt"", ""input12.txt"", ""input13.txt"", ""input14.txt"", ""input15.txt"", ""input16.txt"", ""input17.txt"", ""input18.txt"", ""input19.txt"", ""input20.txt"", ""input21.txt"", ""input22.txt"", ""input23.txt"", ""input24.txt"", ""input25.txt"", ""input26.txt"", ""input27.txt"", ""input28.txt"", ""input29.txt""]",[],[],[],13.525014,0.450834,0.99251
matei-si-diamantele,1314236523,user_0158,50.0,java,grid_scan,1314236118,0.686192,0.907719,0.0358,0.687611,0.0,0.687611,medium,0,0,0,0.0,0,0,0,True,[],[],[],[],0.0,0.0,0.0
matei-si-diamantele,1314236758,user_0047,50.0,java,grid_scan,1314236118,0.576,0.977322,0.0358,0.642377,0.0,0.642377,medium,0,0,0,0.0,0,0,0,True,[],[],[],[],0.0,0.0,0.0
matei-si-diamantele,1314236903,user_0047,50.0,java,grid_scan,1314236118,0.592593,0.99097,0.0358,0.656426,0.0,0.656426,medium,0,0,0,0.0,0,0,0,True,[],[],[],[],0.0,0.0,0.0
matei-si-diamantele,1314237177,user_0028,50.0,cpp,unknown,1378117542,0.0,0.811955,1.0,0.343586,0.342095,0.001491,low,30,25,5,83.33,0,5,0,False,"[""input00.txt"", ""input01.txt"", ""input02.txt"", ""input03.txt"", ""input04.txt"", ""input06.txt"", ""input07.txt"", ""input08.txt"", ""input09.txt"", ""input10.txt"", ""input11.txt"", ""input13.txt"", ""input14.txt"", ""input15.txt"", ""input16.txt"", ""input17.txt"", ""input18.txt"", ""input19.txt"", ""input22.txt"", ""input24.txt"", ""input25.txt"", ""input26.txt"", ""input27.txt"", ""input28.txt"", ""input29.txt""]","[""input05.txt"", ""input12.txt"", ""input20.txt"", ""input21.txt"", ""input23.txt""]","[""input05.txt"", ""input12.txt"", ""input20.txt"", ""input21.txt"", ""input23.txt""]",[],53.794214,1.79314,3.0
matei-si-diamantele,1314237507,user_0077,50.0,cpp,unknown,1314234411,0.0,0.892901,1.0,0.36787,0.359635,0.008235,low,30,15,15,50.0,1,12,2,False,"[""input00.txt"", ""input02.txt"", ""input03.txt"", ""input04.txt"", ""input06.txt"", ""input10.txt"", ""input11.txt"", ""input13.txt"", ""input14.txt"", ""input16.txt"", ""input18.txt"", ""input22.txt"", ""input24.txt"", ""input27.txt"", ""input29.txt""]","[""input01.txt"", ""input05.txt"", ""input07.txt"", ""input08.txt"", ""input09.txt"", ""input12.txt"", ""input15.txt"", ""input17.txt"", ""input19.txt"", ""input20.txt"", ""input21.txt"", ""input23.txt"", ""input25.txt"", ""input26.txt"", ""input28.txt""]","[""input05.txt"", ""input07.txt"", ""input12.txt"", ""input15.txt"", ""input17.txt"", ""input19.txt"", ""input20.txt"", ""input21.txt"", ""input23.txt"", ""input25.txt"", ""input26.txt"", ""input28.txt""]","[""input08.txt"", ""input09.txt""]",54.443268,1.814776,3.0
matei-si-diamantele,1314237598,user_0125,50.0,java,grid_scan,1314236118,0.429752,0.819199,0.0358,0.507191,0.0,0.507191,medium,30,30,0,100.0,0,0,0,False,"[""input00.txt"", ""input01.txt"", ""input02.txt"", ""input03.txt"", ""input04.txt"", ""input05.txt"", ""input06.txt"", ""input07.txt"", ""input08.txt"", ""input09.txt"", ""input10.txt"", ""input11.txt"", ""input12.txt"", ""input13.txt"", ""input14.txt"", ""input15.txt"", ""input16.txt"", ""input17.txt"", ""input18.txt"", ""input19.txt"", ""input20.txt"", ""input21.txt"", ""input22.txt"", ""input23.txt"", ""input24.txt"", ""input25.txt"", ""input26.txt"", ""input27.txt"", ""input28.txt"", ""input29.txt""]",[],[],[],31.313185,1.043773,1.995294
matei-si-diamantele,1314237710,user_0130,50.0,cpp,unknown,1333751390,0.220183,0.862897,0.0358,0.394559,0.383194,0.011365,low,30,30,0,100.0,0,0,0,False,"[""input00.txt"", ""input01.txt"", ""input02.txt"", ""input03.txt"", ""input04.txt"", ""input05.txt"", ""input06.txt"", ""input07.txt"", ""input08.txt"", ""input09.txt"", ""input10.txt"", ""input11.txt"", ""input12.txt"", ""input13.txt"", ""input14.txt"", ""input15.txt"", ""input16.txt"", ""input17.txt"", ""input18.txt"", ""input19.txt"", ""input20.txt"", ""input21.txt"", ""input22.txt"", ""input23.txt"", ""input24.txt"", ""input25.txt"", ""input26.txt"", ""input27.txt"", ""input28.txt"", ""input29.txt""]",[],[],[],26.642976,0.888099,1.736444
matei-si-diamantele,1314238011,user_0223,50.0,cpp,unknown,1314234411,0.0,0.813122,1.0,0.343937,0.323976,0.019961,low,30,30,0,100.0,0,0,0,False,"[""input00.txt"", ""input01.txt"", ""input02.txt"", ""input03.txt"", ""input04.txt"", ""input05.txt"", ""input06.txt"", ""input07.txt"", ""input08.txt"", ""input09.txt"", ""input10.txt"", ""input11.txt"", ""input12.txt"", ""input13.txt"", ""input14.txt"", ""input15.txt"", ""input16.txt"", ""input17.txt"", ""input18.txt"", ""input19.txt"", ""input20.txt"", ""input21.txt"", ""input22.txt"", ""input23.txt"", ""input24.txt"", ""input25.txt"", ""input26.txt"", ""input27.txt"", ""input28.txt"", ""input29.txt""]",[],[],[],22.315744,0.743858,1.515466
matei-si-diamantele,1323319303,user_0293,50.0,cpp,unknown,1391825752,0.0,0.890954,0.8214,0.349426,0.337707,0.011719,low,30,26,4,86.67,0,4,0,False,"[""input00.txt"", ""input01.txt"", ""input02.txt"", ""input03.txt"", ""input04.txt"", ""input06.txt"", ""input07.txt"", ""input08.txt"", ""input09.txt"", ""input10.txt"", ""input11.txt"", ""input13.txt"", ""input14.txt"", ""input15.txt"", ""input16.txt"", ""input17.txt"", ""input18.txt"", ""input19.txt"", ""input21.txt"", ""input22.txt"", ""input24.txt"", ""input25.txt"", ""input26.txt"", ""input27.txt"", ""input28.txt"", ""input29.txt""]","[""input05.txt"", ""input12.txt"", ""input20.txt"", ""input23.txt""]","[""input05.txt"", ""input12.txt"", ""input20.txt"", ""input23.txt""]",[],53.23,1.774333,3.0
matei-si-diamantele,1323361065,user_0142,50.0,java,grid_scan,1314236118,0.648402,0.943265,0.0358,0.675601,0.0,0.675601,medium,30,30,0,100.0,0,0,0,False,"[""input00.txt"", ""input01.txt"", ""input02.txt"", ""input03.txt"", ""input04.txt"", ""input05.txt"", ""input06.txt"", ""input07.txt"", ""input08.txt"", ""input09.txt"", ""input10.txt"", ""input11.txt"", ""input12.txt"", ""input13.txt"", ""input14.txt"", ""input15.txt"", ""input16.txt"", ""input17.txt"", ""input18.txt"", ""input19.txt"", ""input20.txt"", ""input21.txt"", ""input22.txt"", ""input23.txt"", ""input24.txt"", ""input25.txt"", ""input26.txt"", ""input27.txt"", ""input28.txt"", ""input29.txt""]",[],[],[],11.28026,0.376009,0.68228
matei-si-diamantele,1323366910,user_0109,50.0,java,grid_scan,1314236118,0.560386,0.87933,0.0358,0.603611,0.0,0.603611,medium,30,30,0,100.0,0,0,0,False,"[""input00.txt"", ""input01.txt"", ""input02.txt"", ""input03.txt"", ""input04.txt"", ""input05.txt"", ""input06.txt"", ""input07.txt"", ""input08.txt"", ""input09.txt"", ""input10.txt"", ""input11.txt"", ""input12.txt"", ""input13.txt"", ""input14.txt"", ""input15.txt"", ""input16.txt"", ""input17.txt"", ""input18.txt"", ""input19.txt"", ""input20.txt"", ""input21.txt"", ""input22.txt"", ""input23.txt"", ""input24.txt"", ""input25.txt"", ""input26.txt"", ""input27.txt"", ""input28.txt"", ""input29.txt""]",[],[],[],10.940193,0.364673,0.534104
matei-si-diamantele,1323367653,user_0023,50.0,java,grid_scan,1314236118,0.8,0.943265,0.0358,0.76656,0.0,0.76656,high,30,30,0,100.0,0,0,0,False,"[""input00.txt"", ""input01.txt"", ""input02.txt"", ""input03.txt"", ""input04.txt"", ""input05.txt"", ""input06.txt"", ""input07.txt"", ""input08.txt"", ""input09.txt"", ""input10.txt"", ""input11.txt"", ""input12.txt"", ""input13.txt"", ""input14.txt"", ""input15.txt"", ""input16.txt"", ""input17.txt"", ""input18.txt"", ""input19.txt"", ""input20.txt"", ""input21.txt"", ""input22.txt"", ""input23.txt"", ""input24.txt"", ""input25.txt"", ""input26.txt"", ""input27.txt"", ""input28.txt"", ""input29.txt""]",[],[],[],10.896972,0.363232,0.519233
matei-si-diamantele,1323377102,user_0122,50.0,cpp,unknown,1333751390,0.198347,0.902733,0.0358,0.393408,0.329779,0.06363,low,30,25,5,83.33,0,5,0,False,"[""input00.txt"", ""input01.txt"", ""input02.txt"", ""input03.txt"", ""input04.txt"", ""input05.txt"", ""input06.txt"", ""input08.txt"", ""input09.txt"", ""input10.txt"", ""input11.txt"", ""input13.txt"", ""input14.txt"", ""input15.txt"", ""input16.txt"", ""input17.txt"", ""input18.txt"", ""input19.txt"", ""input22.txt"", ""input24.txt"", ""input25.txt"", ""input26.txt"", ""input27.txt"", ""input28.txt"", ""input29.txt""]","[""input07.txt"", ""input12.txt"", ""input20.txt"", ""input21.txt"", ""input23.txt""]","[""input07.txt"", ""input12.txt"", ""input20.txt"", ""input21.txt"", ""input23.txt""]",[],52.395691,1.746523,3.0
matei-si-diamantele,1323404127,user_0238,50.0,cpp,unknown,1391825752,0.0,0.866802,0.8214,0.342181,0.341835,0.000345,low,30,25,5,83.33,0,5,0,False,"[""input00.txt"", ""input01.txt"", ""input02.txt"", ""input03.txt"", ""input04.txt"", ""input05.txt"", ""input06.txt"", ""input08.txt"", ""input09.txt"", ""input10.txt"", ""input11.txt"", ""input13.txt"", ""input14.txt"", ""input15.txt"", ""input16.txt"", ""input17.txt"", ""input18.txt"", ""input19.txt"", ""input22.txt"", ""input24.txt"", ""input25.txt"", ""input26.txt"", ""input27.txt"", ""input28.txt"", ""input29.txt""]","[""input07.txt"", ""input12.txt"", ""input20.txt"", ""input21.txt"", ""input23.txt""]","[""input07.txt"", ""input12.txt"", ""input20.txt"", ""input21.txt"", ""input23.txt""]",[],56.430322,1.881011,3.036546
matei-si-diamantele,1323404596,user_0088,50.0,cpp,unknown,1314234411,0.0,0.972228,1.0,0.391668,0.362748,0.028921,low,30,0,30,0.0,0,7,23,False,[],"[""input00.txt"", ""input01.txt"", ""input02.txt"", ""input03.txt"", ""input04.txt"", ""input05.txt"", ""input06.txt"", ""input07.txt"", ""input08.txt"", ""input09.txt"", ""input10.txt"", ""input11.txt"", ""input12.txt"", ""input13.txt"", ""input14.txt"", ""input15.txt"", ""input16.txt"", ""input17.txt"", ""input18.txt"", ""input19.txt"", ""input20.txt"", ""input21.txt"", ""input22.txt"", ""input23.txt"", ""input24.txt"", ""input25.txt"", ""input26.txt"", ""input27.txt"", ""input28.txt"", ""input29.txt""]","[""input09.txt"", ""input10.txt"", ""input11.txt"", ""input12.txt"", ""input17.txt"", ""input25.txt"", ""input26.txt""]","[""input00.txt"", ""input01.txt"", ""input02.txt"", ""input03.txt"", ""input04.txt"", ""input05.txt"", ""input06.txt"", ""input07.txt"", ""input08.txt"", ""input13.txt"", ""input14.txt"", ""input15.txt"", ""input16.txt"", ""input18.txt"", ""input19.txt"", ""input20.txt"", ""input21.txt"", ""input22.txt"", ""input23.txt"", ""input24.txt"", ""input27.txt"", ""input28.txt"", ""input29.txt""]",26.172576,0.872419,3.0
matei-si-diamantele,1323406060,user_0154,50.0,cpp,unknown,1378117542,0.0,0.883975,1.0,0.365192,0.358336,0.006856,low,30,26,4,86.67,0,4,0,False,"[""input00.txt"", ""input01.txt"", ""input02.txt"", ""input03.txt"", ""input04.txt"", ""input06.txt"", ""input07.txt"", ""input08.txt"", ""input09.txt"", ""input10.txt"", ""input11.txt"", ""input12.txt"", ""input13.txt"", ""input14.txt"", ""input15.txt"", ""input16.txt"", ""input17.txt"", ""input18.txt"", ""input19.txt"", ""input22.txt"", ""input24.txt"", ""input25.txt"", ""input26.txt"", ""input27.txt"", ""input28.txt"", ""input29.txt""]","[""input05.txt"", ""input20.txt"", ""input21.txt"", ""input23.txt""]","[""input05.txt"", ""input20.txt"", ""input21.txt"", ""input23.txt""]",[],54.038894,1.801296,3.0
matei-si-diamantele,1323415763,user_0033,50.0,cpp,unknown,1314234411,0.0,0.975377,1.0,0.392613,0.343521,0.049092,low,30,26,4,86.67,0,4,0,False,"[""input00.txt"", ""input01.txt"", ""input02.txt"", ""input03.txt"", ""input04.txt"", ""input06.txt"", ""input07.txt"", ""input08.txt"", ""input09.txt"", ""input10.txt"", ""input11.txt"", ""input13.txt"", ""input14.txt"", ""input15.txt"", ""input16.txt"", ""input17.txt"", ""input18.txt"", ""input19.txt"", ""input21.txt"", ""input22.txt"", ""input24.txt"", ""input25.txt"", ""input26.txt"", ""input27.txt"", ""input28.txt"", ""input29.txt""]","[""input05.txt"", ""input12.txt"", ""input20.txt"", ""input23.txt""]","[""input05.txt"", ""input12.txt"", ""input20.txt"", ""input23.txt""]",[],52.950734,1.765024,3.007591
matei-si-diamantele,1323416560,user_0127,50.0,cpp,bfs,1378117542,0.266667,0.876496,1.0,0.522949,0.387471,0.135478,medium,30,16,14,53.33,0,8,6,False,"[""input00.txt"", ""input01.txt"", ""input02.txt"", ""input03.txt"", ""input04.txt"", ""input06.txt"", ""input10.txt"", ""input11.txt"", ""input13.txt"", ""input14.txt"", ""input16.txt"", ""input18.txt"", ""input22.txt"", ""input24.txt"", ""input27.txt"", ""input29.txt""]","[""input05.txt"", ""input07.txt"", ""input08.txt"", ""input09.txt"", ""input12.txt"", ""input15.txt"", ""input17.txt"", ""input19.txt"", ""input20.txt"", ""input21.txt"", ""input23.txt"", ""input25.txt"", ""input26.txt"", ""input28.txt""]","[""input07.txt"", ""input08.txt"", ""input09.txt"", ""input12.txt"", ""input17.txt"", ""input23.txt"", ""input25.txt"", ""input26.txt""]","[""input05.txt"", ""input15.txt"", ""input19.txt"", ""input20.txt"", ""input21.txt"", ""input28.txt""]",43.161819,1.438727,3.0
matei-si-diamantele,1323416777,user_0013,50.0,cpp,unknown,1391825752,0.0,0.956925,0.8214,0.369218,0.3568,0.012418,low,30,25,5,83.33,0,5,0,False,"[""input00.txt"", ""input01.txt"", ""input02.txt"", ""input03.txt"", ""input04.txt"", ""input05.txt"", ""input06.txt"", ""input07.txt"", ""input08.txt"", ""input09.txt"", ""input10.txt"", ""input11.txt"", ""input13.txt"", ""input14.txt"", ""input16.txt"", ""input17.txt"", ""input18.txt"", ""input19.txt"", ""input22.txt"", ""input24.txt"", ""input25.txt"", ""input26.txt"", ""input27.txt"", ""input28.txt"", ""input29.txt""]","[""input12.txt"", ""input15.txt"", ""input20.txt"", ""input21.txt"", ""input23.txt""]","[""input12.txt"", ""input15.txt"", ""input20.txt"", ""input21.txt"", ""input23.txt""]",[],54.352267,1.811742,3.007974
matei-si-diamantele,1323422331,user_0110,50.0,java,grid_scan,1314236118,0.719212,0.876967,0.0358,0.698197,0.0,0.698197,medium,30,30,0,100.0,0,0,0,False,"[""input00.txt"", ""input01.txt"", ""input02.txt"", ""input03.txt"", ""input04.txt"", ""input05.txt"", ""input06.txt"", ""input07.txt"", ""input08.txt"", ""input09.txt"", ""input10.txt"", ""input11.txt"", ""input12.txt"", ""input13.txt"", ""input14.txt"", ""input15.txt"", ""input16.txt"", ""input17.txt"", ""input18.txt"", ""input19.txt"", ""input20.txt"", ""input21.txt"", ""input22.txt"", ""input23.txt"", ""input24.txt"", ""input25.txt"", ""input26.txt"", ""input27.txt"", ""input28.txt"", ""input29.txt""]",[],[],[],12.091739,0.403058,0.587359
matei-si-diamantele,1323423196,user_0093,50.0,cpp,unknown,1378117542,0.0,0.958322,1.0,0.387497,0.33943,0.048067,low,30,24,6,80.0,0,6,0,False,"[""input00.txt"", ""input01.txt"", ""input02.txt"", ""input03.txt"", ""input04.txt"", ""input05.txt"", ""input06.txt"", ""input08.txt"", ""input09.txt"", ""input10.txt"", ""input11.txt"", ""input13.txt"", ""input14.txt"", ""input15.txt"", ""input16.txt"", ""input17.txt"", ""input18.txt"", ""input22.txt"", ""input24.txt"", ""input25.txt"", ""input26.txt"", ""input27.txt"", ""input28.txt"", ""input29.txt""]","[""input07.txt"", ""input12.txt"", ""input19.txt"", ""input20.txt"", ""input21.txt"", ""input23.txt""]","[""input07.txt"", ""input12.txt"", ""input19.txt"", ""input20.txt"", ""input21.txt"", ""input23.txt""]",[],55.916228,1.863874,3.0
matei-si-diamantele,1323423471,user_0237,50.0,cpp,grid_scan,1391825752,0.280374,0.877583,0.8214,0.513639,0.430543,0.083096,medium,30,24,6,80.0,0,5,1,False,"[""input00.txt"", ""input02.txt"", ""input03.txt"", ""input04.txt"", ""input05.txt"", ""input06.txt"", ""input07.txt"", ""input08.txt"", ""input09.txt"", ""input10.txt"", ""input11.txt"", ""input13.txt"", ""input14.txt"", ""input16.txt"", ""input17.txt"", ""input18.txt"", ""input19.txt"", ""input22.txt"", ""input24.txt"", ""input25.txt"", ""input26.txt"", ""input27.txt"", ""input28.txt"", ""input29.txt""]","[""input01.txt"", ""input12.txt"", ""input15.txt"", ""input20.txt"", ""input21.txt"", ""input23.txt""]","[""input12.txt"", ""input15.txt"", ""input20.txt"", ""input21.txt"", ""input23.txt""]","[""input01.txt""]",55.305721,1.843524,3.0
matei-si-diamantele,1323424047,user_0225,50.0,cpp,unknown,1378117542,0.0,0.910448,1.0,0.373134,0.371311,0.001824,low,30,22,8,73.33,0,8,0,False,"[""input00.txt"", ""input01.txt"", ""input02.txt"", ""input03.txt"", ""input04.txt"", ""input06.txt"", ""input07.txt"", ""input08.txt"", ""input09.txt"", ""input10.txt"", ""input11.txt"", ""input13.txt"", ""input14.txt"", ""input17.txt"", ""input18.txt"", ""input22.txt"", ""input24.txt"", ""input25.txt"", ""input26.txt"", ""input27.txt"", ""input28.txt"", ""input29.txt""]","[""input05.txt"", ""input12.txt"", ""input15.txt"", ""input16.txt"", ""input19.txt"", ""input20.txt"", ""input21.txt"", ""input23.txt""]","[""input05.txt"", ""input12.txt"", ""input15.txt"", ""input16.txt"", ""input19.txt"", ""input20.txt"", ""input21.txt"", ""input23.txt""]",[],56.78941,1.89298,3.0
matei-si-diamantele,1323425617,user_0008,50.0,java,grid_scan,1314236118,0.726415,0.937487,0.0358,0.720675,0.0,0.720675,high,30,30,0,100.0,0,0,0,False,"[""input00.txt"", ""input01.txt"", ""input02.txt"", ""input03.txt"", ""input04.txt"", ""input05.txt"", ""input06.txt"", ""input07.txt"", ""input08.txt"", ""input09.txt"", ""input10.txt"", ""input11.txt"", ""input12.txt"", ""input13.txt"", ""input14.txt"", ""input15.txt"", ""input16.txt"", ""input17.txt"", ""input18.txt"", ""input19.txt"", ""input20.txt"", ""input21.txt"", ""input22.txt"", ""input23.txt"", ""input24.txt"", ""input25.txt"", ""input26.txt"", ""input27.txt"", ""input28.txt"", ""input29.txt""]",[],[],[],14.339101,0.47797,0.895272
matei-si-diamantele,1323428875,user_0146,50.0,cpp,unknown,1378117542,0.0,0.919786,1.0,0.375936,0.371752,0.004184,low,30,24,6,80.0,0,6,0,False,"[""input00.txt"", ""input01.txt"", ""input02.txt"", ""input03.txt"", ""input04.txt"", ""input05.txt"", ""input06.txt"", ""input08.txt"", ""input10.txt"", ""input11.txt"", ""input13.txt"", ""input14.txt"", ""input15.txt"", ""input16.txt"", ""input17.txt"", ""input18.txt"", ""input19.txt"", ""input22.txt"", ""input24.txt"", ""input25.txt"", ""input26.txt"", ""input27.txt"", ""input28.txt"", ""input29.txt""]","[""input07.txt"", ""input09.txt"", ""input12.txt"", ""input20.txt"", ""input21.txt"", ""input23.txt""]","[""input07.txt"", ""input09.txt"", ""input12.txt"", ""input20.txt"", ""input21.txt"", ""input23.txt""]",[],55.826605,1.860887,3.0
matei-si-diamantele,1323445852,user_0091,50.0,cpp,unknown,1391825752,0.0,0.866802,0.8214,0.342181,0.341835,0.000345,low,30,23,7,76.67,0,7,0,False,"[""input00.txt"", ""input01.txt"", ""input02.txt"", ""input03.txt"", ""input04.txt"", ""input06.txt"", ""input08.txt"", ""input09.txt"", ""input10.txt"", ""input11.txt"", ""input13.txt"", ""input14.txt"", ""input16.txt"", ""input17.txt"", ""input18.txt"", ""input19.txt"", ""input22.txt"", ""input24.txt"", ""input25.txt"", ""input26.txt"", ""input27.txt"", ""input28.txt"", ""input29.txt""]","[""input05.txt"", ""input07.txt"", ""input12.txt"", ""input15.txt"", ""input20.txt"", ""input21.txt"", ""input23.txt""]","[""input05.txt"", ""input07.txt"", ""input12.txt"", ""input15.txt"", ""input20.txt"", ""input21.txt"", ""input23.txt""]",[],58.15207,1.938402,3.0
matei-si-diamantele,1323447645,user_0112,50.0,java,grid_scan,1314236118,0.627273,0.923148,0.0358,0.656888,0.0,0.656888,medium,30,30,0,100.0,0,0,0,False,"[""input00.txt"", ""input01.txt"", ""input02.txt"", ""input03.txt"", ""input04.txt"", ""input05.txt"", ""input06.txt"", ""input07.txt"", ""input08.txt"", ""input09.txt"", ""input10.txt"", ""input11.txt"", ""input12.txt"", ""input13.txt"", ""input14.txt"", ""input15.txt"", ""input16.txt"", ""input17.txt"", ""input18.txt"", ""input19.txt"", ""input20.txt"", ""input21.txt"", ""input22.txt"", ""input23.txt"", ""input24.txt"", ""input25.txt"", ""input26.txt"", ""input27.txt"", ""input28.txt"", ""input29.txt""]",[],[],[],14.596453,0.486548,0.761935
matei-si-diamantele,1323449070,user_0269,50.0,java,grid_scan,1314236118,0.436709,0.856395,0.0358,0.522524,0.0,0.522524,medium,30,30,0,100.0,0,0,0,False,"[""input00.txt"", ""input01.txt"", ""input02.txt"", ""input03.txt"", ""input04.txt"", ""input05.txt"", ""input06.txt"", ""input07.txt"", ""input08.txt"", ""input09.txt"", ""input10.txt"", ""input11.txt"", ""input12.txt"", ""input13.txt"", ""input14.txt"", ""input15.txt"", ""input16.txt"", ""input17.txt"", ""input18.txt"", ""input19.txt"", ""input20.txt"", ""input21.txt"", ""input22.txt"", ""input23.txt"", ""input24.txt"", ""input25.txt"", ""input26.txt"", ""input27.txt"", ""input28.txt"", ""input29.txt""]",[],[],[],15.952513,0.53175,0.811109
matei-si-diamantele,1323450542,user_0138,50.0,java,grid_scan,1314236118,0.603448,0.930681,0.0358,0.644853,0.0,0.644853,medium,30,30,0,100.0,0,0,0,False,"[""input00.txt"", ""input01.txt"", ""input02.txt"", ""input03.txt"", ""input04.txt"", ""input05.txt"", ""input06.txt"", ""input07.txt"", ""input08.txt"", ""input09.txt"", ""input10.txt"", ""input11.txt"", ""input12.txt"", ""input13.txt"", ""input14.txt"", ""input15.txt"", ""input16.txt"", ""input17.txt"", ""input18.txt"", ""input19.txt"", ""input20.txt"", ""input21.txt"", ""input22.txt"", ""input23.txt"", ""input24.txt"", ""input25.txt"", ""input26.txt"", ""input27.txt"", ""input28.txt"", ""input29.txt""]",[],[],[],15.520038,0.517335,0.798852
matei-si-diamantele,1323450618,user_0084,50.0,cpp,grid_scan,1391825752,0.633333,0.922855,0.8214,0.738997,0.337863,0.401133,high,30,23,7,76.67,0,7,0,False,"[""input00.txt"", ""input01.txt"", ""input02.txt"", ""input03.txt"", ""input04.txt"", ""input06.txt"", ""input08.txt"", ""input09.txt"", ""input10.txt"", ""input11.txt"", ""input13.txt"", ""input14.txt"", ""input16.txt"", ""input17.txt"", ""input18.txt"", ""input19.txt"", ""input22.txt"", ""input24.txt"", ""input25.txt"", ""input26.txt"", ""input27.txt"", ""input28.txt"", ""input29.txt""]","[""input05.txt"", ""input07.txt"", ""input12.txt"", ""input15.txt"", ""input20.txt"", ""input21.txt"", ""input23.txt""]","[""input05.txt"", ""input07.txt"", ""input12.txt"", ""input15.txt"", ""input20.txt"", ""input21.txt"", ""input23.txt""]",[],59.640421,1.988014,3.195919
matei-si-diamantele,1323451802,user_0100,50.0,cpp,grid_scan,1391825752,0.361111,0.970624,0.8214,0.589994,0.371301,0.218693,medium,30,21,9,70.0,0,9,0,False,"[""input00.txt"", ""input01.txt"", ""input02.txt"", ""input03.txt"", ""input04.txt"", ""input06.txt"", ""input09.txt"", ""input10.txt"", ""input13.txt"", ""input14.txt"", ""input16.txt"", ""input17.txt"", ""input18.txt"", ""input19.txt"", ""input22.txt"", ""input24.txt"", ""input25.txt"", ""input26.txt"", ""input27.txt"", ""input28.txt"", ""input29.txt""]","[""input05.txt"", ""input07.txt"", ""input08.txt"", ""input11.txt"", ""input12.txt"", ""input15.txt"", ""input20.txt"", ""input21.txt"", ""input23.txt""]","[""input05.txt"", ""input07.txt"", ""input08.txt"", ""input11.txt"", ""input12.txt"", ""input15.txt"", ""input20.txt"", ""input21.txt"", ""input23.txt""]",[],59.222493,1.974083,3.0
matei-si-diamantele,1323452434,user_0065,50.0,java,grid_scan,1314236118,0.435986,0.890388,0.0358,0.532288,0.0,0.532288,medium,30,30,0,100.0,0,0,0,False,"[""input00.txt"", ""input01.txt"", ""input02.txt"", ""input03.txt"", ""input04.txt"", ""input05.txt"", ""input06.txt"", ""input07.txt"", ""input08.txt"", ""input09.txt"", ""input10.txt"", ""input11.txt"", ""input12.txt"", ""input13.txt"", ""input14.txt"", ""input15.txt"", ""input16.txt"", ""input17.txt"", ""input18.txt"", ""input19.txt"", ""input20.txt"", ""input21.txt"", ""input22.txt"", ""input23.txt"", ""input24.txt"", ""input25.txt"", ""input26.txt"", ""input27.txt"", ""input28.txt"", ""input29.txt""]",[],[],[],16.030628,0.534354,0.837243
matei-si-diamantele,1323452987,user_0012,50.0,cpp,grid_scan,1314234411,0.461538,0.94349,1.0,0.65997,0.366208,0.293762,medium,0,0,0,0.0,0,0,0,True,[],[],[],[],0.0,0.0,0.0
matei-si-diamantele,1323453087,user_0039,50.0,java,unknown,1314236118,0.0,0.926867,0.0358,0.28164,0.0,0.28164,low,0,0,0,0.0,0,0,0,True,[],[],[],[],0.0,0.0,0.0
matei-si-diamantele,1323453409,user_0085,50.0,cpp,unknown,1314234411,0.0,0.842935,1.0,0.352881,0.313492,0.039388,low,30,30,0,100.0,0,0,0,False,"[""input00.txt"", ""input01.txt"", ""input02.txt"", ""input03.txt"", ""input04.txt"", ""input05.txt"", ""input06.txt"", ""input07.txt"", ""input08.txt"", ""input09.txt"", ""input10.txt"", ""input11.txt"", ""input12.txt"", ""input13.txt"", ""input14.txt"", ""input15.txt"", ""input16.txt"", ""input17.txt"", ""input18.txt"", ""input19.txt"", ""input20.txt"", ""input21.txt"", ""input22.txt"", ""input23.txt"", ""input24.txt"", ""input25.txt"", ""input26.txt"", ""input27.txt"", ""input28.txt"", ""input29.txt""]",[],[],[],11.897498,0.396583,0.696646
matei-si-diamantele,1323453655,user_0109,50.0,java,unknown,1314236118,0.0,0.835991,0.0358,0.254377,0.0,0.254377,low,0,0,0,0.0,0,0,0,True,[],[],[],[],0.0,0.0,0.0
matei-si-diamantele,1323454400,user_0072,50.0,java,grid_scan,1314236118,0.728972,0.940928,0.0358,0.723242,0.0,0.723242,high,30,30,0,100.0,0,0,0,False,"[""input00.txt"", ""input01.txt"", ""input02.txt"", ""input03.txt"", ""input04.txt"", ""input05.txt"", ""input06.txt"", ""input07.txt"", ""input08.txt"", ""input09.txt"", ""input10.txt"", ""input11.txt"", ""input12.txt"", ""input13.txt"", ""input14.txt"", ""input15.txt"", ""input16.txt"", ""input17.txt"", ""input18.txt"", ""input19.txt"", ""input20.txt"", ""input21.txt"", ""input22.txt"", ""input23.txt"", ""input24.txt"", ""input25.txt"", ""input26.txt"", ""input27.txt"", ""input28.txt"", ""input29.txt""]",[],[],[],15.183796,0.506127,0.808477
matei-si-diamantele,1323454413,user_0133,50.0,java,grid_scan,1314236118,0.781395,0.941023,0.0358,0.754724,0.0,0.754724,high,30,30,0,100.0,0,0,0,False,"[""input00.txt"", ""input01.txt"", ""input02.txt"", ""input03.txt"", ""input04.txt"", ""input05.txt"", ""input06.txt"", ""input07.txt"", ""input08.txt"", ""input09.txt"", ""input10.txt"", ""input11.txt"", ""input12.txt"", ""input13.txt"", ""input14.txt"", ""input15.txt"", ""input16.txt"", ""input17.txt"", ""input18.txt"", ""input19.txt"", ""input20.txt"", ""input21.txt"", ""input22.txt"", ""input23.txt"", ""input24.txt"", ""input25.txt"", ""input26.txt"", ""input27.txt"", ""input28.txt"", ""input29.txt""]",[],[],[],14.854836,0.495161,0.824779
matei-si-diamantele,1323454699,user_0124,50.0,java,grid_scan,1314236118,0.781395,0.948478,0.0358,0.756961,0.0,0.756961,high,30,30,0,100.0,0,0,0,False,"[""input00.txt"", ""input01.txt"", ""input02.txt"", ""input03.txt"", ""input04.txt"", ""input05.txt"", ""input06.txt"", ""input07.txt"", ""input08.txt"", ""input09.txt"", ""input10.txt"", ""input11.txt"", ""input12.txt"", ""input13.txt"", ""input14.txt"", ""input15.txt"", ""input16.txt"", ""input17.txt"", ""input18.txt"", ""input19.txt"", ""input20.txt"", ""input21.txt"", ""input22.txt"", ""input23.txt"", ""input24.txt"", ""input25.txt"", ""input26.txt"", ""input27.txt"", ""input28.txt"", ""input29.txt""]",[],[],[],15.109511,0.50365,0.81218
matei-si-diamantele,1323456381,user_0067,50.0,java,grid_scan,1314236118,0.491468,0.80538,0.0358,0.540075,0.0,0.540075,medium,0,0,0,0.0,0,0,0,True,[],[],[],[],0.0,0.0,0.0
matei-si-diamantele,1323456575,user_0067,50.0,java,grid_scan,1314236118,0.516129,0.803802,0.0358,0.554398,0.0,0.554398,medium,0,0,0,0.0,0,0,0,True,[],[],[],[],0.0,0.0,0.0
matei-si-diamantele,1331754089,user_0173,50.0,cpp,unknown,1378117542,0.0,0.954221,1.0,0.386266,0.342904,0.043363,low,30,25,5,83.33,0,5,0,False,"[""input00.txt"", ""input01.txt"", ""input02.txt"", ""input03.txt"", ""input04.txt"", ""input05.txt"", ""input06.txt"", ""input07.txt"", ""input08.txt"", ""input09.txt"", ""input10.txt"", ""input11.txt"", ""input13.txt"", ""input14.txt"", ""input16.txt"", ""input17.txt"", ""input18.txt"", ""input19.txt"", ""input22.txt"", ""input24.txt"", ""input25.txt"", ""input26.txt"", ""input27.txt"", ""input28.txt"", ""input29.txt""]","[""input12.txt"", ""input15.txt"", ""input20.txt"", ""input21.txt"", ""input23.txt""]","[""input12.txt"", ""input15.txt"", ""input20.txt"", ""input21.txt"", ""input23.txt""]",[],56.695796,1.88986,3.052218
matei-si-diamantele,1332140866,user_0073,50.0,java,grid_scan,1314236118,0.653696,0.870029,0.0358,0.656807,0.0,0.656807,medium,30,30,0,100.0,0,0,0,False,"[""input00.txt"", ""input01.txt"", ""input02.txt"", ""input03.txt"", ""input04.txt"", ""input05.txt"", ""input06.txt"", ""input07.txt"", ""input08.txt"", ""input09.txt"", ""input10.txt"", ""input11.txt"", ""input12.txt"", ""input13.txt"", ""input14.txt"", ""input15.txt"", ""input16.txt"", ""input17.txt"", ""input18.txt"", ""input19.txt"", ""input20.txt"", ""input21.txt"", ""input22.txt"", ""input23.txt"", ""input24.txt"", ""input25.txt"", ""input26.txt"", ""input27.txt"", ""input28.txt"", ""input29.txt""]",[],[],[],13.489401,0.449647,0.704187
matei-si-diamantele,1332268022,user_0016,50.0,cpp,unknown,1314234411,0.0,0.920844,1.0,0.376253,0.366105,0.010149,low,30,30,0,100.0,0,0,0,False,"[""input00.txt"", ""input01.txt"", ""input02.txt"", ""input03.txt"", ""input04.txt"", ""input05.txt"", ""input06.txt"", ""input07.txt"", ""input08.txt"", ""input09.txt"", ""input10.txt"", ""input11.txt"", ""input12.txt"", ""input13.txt"", ""input14.txt"", ""input15.txt"", ""input16.txt"", ""input17.txt"", ""input18.txt"", ""input19.txt"", ""input20.txt"", ""input21.txt"", ""input22.txt"", ""input23.txt"", ""input24.txt"", ""input25.txt"", ""input26.txt"", ""input27.txt"", ""input28.txt"", ""input29.txt""]",[],[],[],25.58243,0.852748,1.560902
matei-si-diamantele,1332321160,user_0018,50.0,java,grid_scan,1314236118,0.60793,0.944329,0.0358,0.651636,0.0,0.651636,medium,30,30,0,100.0,0,0,0,False,"[""input00.txt"", ""input01.txt"", ""input02.txt"", ""input03.txt"", ""input04.txt"", ""input05.txt"", ""input06.txt"", ""input07.txt"", ""input08.txt"", ""input09.txt"", ""input10.txt"", ""input11.txt"", ""input12.txt"", ""input13.txt"", ""input14.txt"", ""input15.txt"", ""input16.txt"", ""input17.txt"", ""input18.txt"", ""input19.txt"", ""input20.txt"", ""input21.txt"", ""input22.txt"", ""input23.txt"", ""input24.txt"", ""input25.txt"", ""input26.txt"", ""input27.txt"", ""input28.txt"", ""input29.txt""]",[],[],[],14.115725,0.470524,0.682205
matei-si-diamantele,1332417615,user_0030,50.0,cpp,grid_scan,1314234411,0.787879,0.966946,1.0,0.862811,0.428848,0.433963,high,0,0,0,0.0,0,0,0,True,[],[],[],[],0.0,0.0,0.0
matei-si-diamantele,1332417755,user_0030,50.0,cpp,unknown,1391825752,0.0,0.925445,0.8214,0.359774,0.338741,0.021032,low,0,0,0,0.0,0,0,0,True,[],[],[],[],0.0,0.0,0.0
matei-si-diamantele,1332549435,user_0024,50.0,java,grid_scan,1314236118,0.792453,0.945571,0.0358,0.762723,0.0,0.762723,high,30,30,0,100.0,0,0,0,False,"[""input00.txt"", ""input01.txt"", ""input02.txt"", ""input03.txt"", ""input04.txt"", ""input05.txt"", ""input06.txt"", ""input07.txt"", ""input08.txt"", ""input09.txt"", ""input10.txt"", ""input11.txt"", ""input12.txt"", ""input13.txt"", ""input14.txt"", ""input15.txt"", ""input16.txt"", ""input17.txt"", ""input18.txt"", ""input19.txt"", ""input20.txt"", ""input21.txt"", ""input22.txt"", ""input23.txt"", ""input24.txt"", ""input25.txt"", ""input26.txt"", ""input27.txt"", ""input28.txt"", ""input29.txt""]",[],[],[],14.042377,0.468079,0.906265
matei-si-diamantele,1332550913,user_0074,50.0,cpp,grid_scan,1314234411,0.428571,0.912922,1.0,0.631019,0.366538,0.264481,medium,30,24,6,80.0,0,6,0,False,"[""input00.txt"", ""input01.txt"", ""input02.txt"", ""input03.txt"", ""input04.txt"", ""input06.txt"", ""input07.txt"", ""input08.txt"", ""input09.txt"", ""input10.txt"", ""input11.txt"", ""input13.txt"", ""input14.txt"", ""input16.txt"", ""input17.txt"", ""input18.txt"", ""input19.txt"", ""input22.txt"", ""input24.txt"", ""input25.txt"", ""input26.txt"", ""input27.txt"", ""input28.txt"", ""input29.txt""]","[""input05.txt"", ""input12.txt"", ""input15.txt"", ""input20.txt"", ""input21.txt"", ""input23.txt""]","[""input05.txt"", ""input12.txt"", ""input15.txt"", ""input20.txt"", ""input21.txt"", ""input23.txt""]",[],55.910048,1.863668,3.0
matei-si-diamantele,1332558574,user_0158,50.0,cpp,unknown,1314234411,0.0,0.889761,1.0,0.366928,0.365342,0.001587,low,30,1,29,3.33,0,16,13,False,"[""input01.txt""]","[""input00.txt"", ""input02.txt"", ""input03.txt"", ""input04.txt"", ""input05.txt"", ""input06.txt"", ""input07.txt"", ""input08.txt"", ""input09.txt"", ""input10.txt"", ""input11.txt"", ""input12.txt"", ""input13.txt"", ""input14.txt"", ""input15.txt"", ""input16.txt"", ""input17.txt"", ""input18.txt"", ""input19.txt"", ""input20.txt"", ""input21.txt"", ""input22.txt"", ""input23.txt"", ""input24.txt"", ""input25.txt"", ""input26.txt"", ""input27.txt"", ""input28.txt"", ""input29.txt""]","[""input00.txt"", ""input10.txt"", ""input11.txt"", ""input14.txt"", ""input15.txt"", ""input16.txt"", ""input17.txt"", ""input18.txt"", ""input19.txt"", ""input20.txt"", ""input21.txt"", ""input22.txt"", ""input23.txt"", ""input27.txt"", ""input28.txt"", ""input29.txt""]","[""input02.txt"", ""input03.txt"", ""input04.txt"", ""input05.txt"", ""input06.txt"", ""input07.txt"", ""input08.txt"", ""input09.txt"", ""input12.txt"", ""input13.txt"", ""input24.txt"", ""input25.txt"", ""input26.txt""]",59.084506,1.969484,3.0
matei-si-diamantele,1332601901,user_0083,50.0,cpp,grid_scan,1314234411,0.338028,0.87173,1.0,0.564336,0.33467,0.229665,medium,30,26,4,86.67,0,4,0,False,"[""input00.txt"", ""input01.txt"", ""input02.txt"", ""input03.txt"", ""input04.txt"", ""input05.txt"", ""input06.txt"", ""input07.txt"", ""input08.txt"", ""input09.txt"", ""input10.txt"", ""input11.txt"", ""input13.txt"", ""input14.txt"", ""input15.txt"", ""input16.txt"", ""input17.txt"", ""input18.txt"", ""input19.txt"", ""input22.txt"", ""input24.txt"", ""input25.txt"", ""input26.txt"", ""input27.txt"", ""input28.txt"", ""input29.txt""]","[""input12.txt"", ""input20.txt"", ""input21.txt"", ""input23.txt""]","[""input12.txt"", ""input20.txt"", ""input21.txt"", ""input23.txt""]",[],54.869904,1.828997,3.0
matei-si-diamantele,1332616033,user_0032,50.0,java,grid_scan,1314236118,0.796209,0.973092,0.0358,0.773233,0.0,0.773233,high,30,30,0,100.0,0,0,0,False,"[""input00.txt"", ""input01.txt"", ""input02.txt"", ""input03.txt"", ""input04.txt"", ""input05.txt"", ""input06.txt"", ""input07.txt"", ""input08.txt"", ""input09.txt"", ""input10.txt"", ""input11.txt"", ""input12.txt"", ""input13.txt"", ""input14.txt"", ""input15.txt"", ""input16.txt"", ""input17.txt"", ""input18.txt"", ""input19.txt"", ""input20.txt"", ""input21.txt"", ""input22.txt"", ""input23.txt"", ""input24.txt"", ""input25.txt"", ""input26.txt"", ""input27.txt"", ""input28.txt"", ""input29.txt""]",[],[],[],14.014355,0.467145,0.933079
matei-si-diamantele,1332619959,user_0257,50.0,java,grid_scan,1314236118,0.654378,0.945551,0.0358,0.679872,0.0,0.679872,medium,30,30,0,100.0,0,0,0,False,"[""input00.txt"", ""input01.txt"", ""input02.txt"", ""input03.txt"", ""input04.txt"", ""input05.txt"", ""input06.txt"", ""input07.txt"", ""input08.txt"", ""input09.txt"", ""input10.txt"", ""input11.txt"", ""input12.txt"", ""input13.txt"", ""input14.txt"", ""input15.txt"", ""input16.txt"", ""input17.txt"", ""input18.txt"", ""input19.txt"", ""input20.txt"", ""input21.txt"", ""input22.txt"", ""input23.txt"", ""input24.txt"", ""input25.txt"", ""input26.txt"", ""input27.txt"", ""input28.txt"", ""input29.txt""]",[],[],[],14.749558,0.491652,0.925272
matei-si-diamantele,1332621134,user_0064,50.0,cpp,unknown,1314234411,0.0,0.872997,1.0,0.361899,0.323086,0.038813,low,30,24,6,80.0,0,6,0,False,"[""input00.txt"", ""input01.txt"", ""input02.txt"", ""input03.txt"", ""input04.txt"", ""input06.txt"", ""input09.txt"", ""input10.txt"", ""input11.txt"", ""input13.txt"", ""input14.txt"", ""input15.txt"", ""input16.txt"", ""input17.txt"", ""input18.txt"", ""input19.txt"", ""input21.txt"", ""input22.txt"", ""input24.txt"", ""input25.txt"", ""input26.txt"", ""input27.txt"", ""input28.txt"", ""input29.txt""]","[""input05.txt"", ""input07.txt"", ""input08.txt"", ""input12.txt"", ""input20.txt"", ""input23.txt""]","[""input05.txt"", ""input07.txt"", ""input08.txt"", ""input12.txt"", ""input20.txt"", ""input23.txt""]",[],55.888937,1.862965,3.0
matei-si-diamantele,1332673995,user_0022,50.0,cpp,grid_scan,1314234411,0.490566,0.865867,1.0,0.6541,0.33912,0.314979,medium,0,0,0,0.0,0,0,0,True,[],[],[],[],0.0,0.0,0.0
matei-si-diamantele,1332674020,user_0148,50.0,cpp,grid_scan,1314234411,0.41791,0.962589,1.0,0.639523,0.429346,0.210177,medium,30,16,14,53.33,0,4,10,False,"[""input00.txt"", ""input01.txt"", ""input02.txt"", ""input03.txt"", ""input04.txt"", ""input06.txt"", ""input10.txt"", ""input11.txt"", ""input13.txt"", ""input14.txt"", ""input16.txt"", ""input18.txt"", ""input22.txt"", ""input24.txt"", ""input27.txt"", ""input29.txt""]","[""input05.txt"", ""input07.txt"", ""input08.txt"", ""input09.txt"", ""input12.txt"", ""input15.txt"", ""input17.txt"", ""input19.txt"", ""input20.txt"", ""input21.txt"", ""input23.txt"", ""input25.txt"", ""input26.txt"", ""input28.txt""]","[""input12.txt"", ""input15.txt"", ""input17.txt"", ""input25.txt""]","[""input05.txt"", ""input07.txt"", ""input08.txt"", ""input09.txt"", ""input19.txt"", ""input20.txt"", ""input21.txt"", ""input23.txt"", ""input26.txt"", ""input28.txt""]",33.176209,1.105874,3.0
matei-si-diamantele,1332711589,user_0069,50.0,java,grid_scan,1314236118,0.624473,0.934967,0.0358,0.658754,0.0,0.658754,medium,30,30,0,100.0,0,0,0,False,"[""input00.txt"", ""input01.txt"", ""input02.txt"", ""input03.txt"", ""input04.txt"", ""input05.txt"", ""input06.txt"", ""input07.txt"", ""input08.txt"", ""input09.txt"", ""input10.txt"", ""input11.txt"", ""input12.txt"", ""input13.txt"", ""input14.txt"", ""input15.txt"", ""input16.txt"", ""input17.txt"", ""input18.txt"", ""input19.txt"", ""input20.txt"", ""input21.txt"", ""input22.txt"", ""input23.txt"", ""input24.txt"", ""input25.txt"", ""input26.txt"", ""input27.txt"", ""input28.txt"", ""input29.txt""]",[],[],[],11.766585,0.39222,0.620741
matei-si-diamantele,1332720002,user_0229,50.0,cpp,grid_scan,1391825752,0.724138,0.926395,0.8214,0.794541,0.338333,0.456208,high,30,26,4,86.67,0,4,0,False,"[""input00.txt"", ""input01.txt"", ""input02.txt"", ""input03.txt"", ""input04.txt"", ""input05.txt"", ""input06.txt"", ""input07.txt"", ""input08.txt"", ""input09.txt"", ""input10.txt"", ""input11.txt"", ""input13.txt"", ""input14.txt"", ""input15.txt"", ""input16.txt"", ""input17.txt"", ""input18.txt"", ""input19.txt"", ""input22.txt"", ""input24.txt"", ""input25.txt"", ""input26.txt"", ""input27.txt"", ""input28.txt"", ""input29.txt""]","[""input12.txt"", ""input20.txt"", ""input21.txt"", ""input23.txt""]","[""input12.txt"", ""input20.txt"", ""input21.txt"", ""input23.txt""]",[],52.367986,1.7456,3.0
matei-si-diamantele,1332720852,user_0175,50.0,cpp,unknown,1314234411,0.0,0.932477,1.0,0.379743,0.366241,0.013502,low,30,30,0,100.0,0,0,0,False,"[""input00.txt"", ""input01.txt"", ""input02.txt"", ""input03.txt"", ""input04.txt"", ""input05.txt"", ""input06.txt"", ""input07.txt"", ""input08.txt"", ""input09.txt"", ""input10.txt"", ""input11.txt"", ""input12.txt"", ""input13.txt"", ""input14.txt"", ""input15.txt"", ""input16.txt"", ""input17.txt"", ""input18.txt"", ""input19.txt"", ""input20.txt"", ""input21.txt"", ""input22.txt"", ""input23.txt"", ""input24.txt"", ""input25.txt"", ""input26.txt"", ""input27.txt"", ""input28.txt"", ""input29.txt""]",[],[],[],24.234178,0.807806,1.560181
matei-si-diamantele,1332733002,user_0183,50.0,cpp,grid_scan,1314234411,0.4,0.835432,1.0,0.59063,0.344852,0.245777,medium,0,0,0,0.0,0,0,0,True,[],[],[],[],0.0,0.0,0.0
matei-si-diamantele,1332751885,user_0121,50.0,cpp,unknown,1391825752,0.0,0.924314,0.8214,0.359434,0.338067,0.021367,low,30,30,0,100.0,0,0,0,False,"[""input00.txt"", ""input01.txt"", ""input02.txt"", ""input03.txt"", ""input04.txt"", ""input05.txt"", ""input06.txt"", ""input07.txt"", ""input08.txt"", ""input09.txt"", ""input10.txt"", ""input11.txt"", ""input12.txt"", ""input13.txt"", ""input14.txt"", ""input15.txt"", ""input16.txt"", ""input17.txt"", ""input18.txt"", ""input19.txt"", ""input20.txt"", ""input21.txt"", ""input22.txt"", ""input23.txt"", ""input24.txt"", ""input25.txt"", ""input26.txt"", ""input27.txt"", ""input28.txt"", ""input29.txt""]",[],[],[],8.861274,0.295376,0.516349
matei-si-diamantele,1332753124,user_0007,50.0,cpp,grid_scan,1314234411,0.380952,0.950176,1.0,0.613624,0.503462,0.110162,medium,30,0,30,0.0,0,8,22,False,[],"[""input00.txt"", ""input01.txt"", ""input02.txt"", ""input03.txt"", ""input04.txt"", ""input05.txt"", ""input06.txt"", ""input07.txt"", ""input08.txt"", ""input09.txt"", ""input10.txt"", ""input11.txt"", ""input12.txt"", ""input13.txt"", ""input14.txt"", ""input15.txt"", ""input16.txt"", ""input17.txt"", ""input18.txt"", ""input19.txt"", ""input20.txt"", ""input21.txt"", ""input22.txt"", ""input23.txt"", ""input24.txt"", ""input25.txt"", ""input26.txt"", ""input27.txt"", ""input28.txt"", ""input29.txt""]","[""input00.txt"", ""input01.txt"", ""input02.txt"", ""input03.txt"", ""input05.txt"", ""input06.txt"", ""input07.txt"", ""input08.txt""]","[""input04.txt"", ""input09.txt"", ""input10.txt"", ""input11.txt"", ""input12.txt"", ""input13.txt"", ""input14.txt"", ""input15.txt"", ""input16.txt"", ""input17.txt"", ""input18.txt"", ""input19.txt"", ""input20.txt"", ""input21.txt"", ""input22.txt"", ""input23.txt"", ""input24.txt"", ""input25.txt"", ""input26.txt"", ""input27.txt"", ""input28.txt"", ""input29.txt""]",27.822388,0.927413,3.0
matei-si-diamantele,1332755147,user_0017,50.0,cpp,unknown,1314234411,0.0,0.941361,1.0,0.382408,0.331789,0.05062,low,30,25,5,83.33,1,4,0,False,"[""input00.txt"", ""input02.txt"", ""input03.txt"", ""input04.txt"", ""input05.txt"", ""input06.txt"", ""input07.txt"", ""input08.txt"", ""input09.txt"", ""input10.txt"", ""input11.txt"", ""input13.txt"", ""input14.txt"", ""input15.txt"", ""input16.txt"", ""input17.txt"", ""input18.txt"", ""input19.txt"", ""input22.txt"", ""input24.txt"", ""input25.txt"", ""input26.txt"", ""input27.txt"", ""input28.txt"", ""input29.txt""]","[""input01.txt"", ""input12.txt"", ""input20.txt"", ""input21.txt"", ""input23.txt""]","[""input12.txt"", ""input20.txt"", ""input21.txt"", ""input23.txt""]",[],54.864831,1.828828,3.0
matei-si-diamantele,1332757491,user_0131,50.0,cpp,grid_scan,1391825752,0.40625,0.971373,0.8214,0.617302,0.357363,0.259939,medium,30,0,30,0.0,0,0,30,False,[],"[""input00.txt"", ""input01.txt"", ""input02.txt"", ""input03.txt"", ""input04.txt"", ""input05.txt"", ""input06.txt"", ""input07.txt"", ""input08.txt"", ""input09.txt"", ""input10.txt"", ""input11.txt"", ""input12.txt"", ""input13.txt"", ""input14.txt"", ""input15.txt"", ""input16.txt"", ""input17.txt"", ""input18.txt"", ""input19.txt"", ""input20.txt"", ""input21.txt"", ""input22.txt"", ""input23.txt"", ""input24.txt"", ""input25.txt"", ""input26.txt"", ""input27.txt"", ""input28.txt"", ""input29.txt""]",[],"[""input00.txt"", ""input01.txt"", ""input02.txt"", ""input03.txt"", ""input04.txt"", ""input05.txt"", ""input06.txt"", ""input07.txt"", ""input08.txt"", ""input09.txt"", ""input10.txt"", ""input11.txt"", ""input12.txt"", ""input13.txt"", ""input14.txt"", ""input15.txt"", ""input16.txt"", ""input17.txt"", ""input18.txt"", ""input19.txt"", ""input20.txt"", ""input21.txt"", ""input22.txt"", ""input23.txt"", ""input24.txt"", ""input25.txt"", ""input26.txt"", ""input27.txt"", ""input28.txt"", ""input29.txt""]",5.142361,0.171412,0.332826
matei-si-diamantele,1332758280,user_0063,50.0,cpp,unknown,1314234411,0.0,0.847428,1.0,0.354228,0.331246,0.022982,low,30,26,4,86.67,0,4,0,False,"[""input00.txt"", ""input01.txt"", ""input02.txt"", ""input03.txt"", ""input04.txt"", ""input05.txt"", ""input06.txt"", ""input07.txt"", ""input08.txt"", ""input09.txt"", ""input10.txt"", ""input11.txt"", ""input13.txt"", ""input14.txt"", ""input15.txt"", ""input16.txt"", ""input17.txt"", ""input18.txt"", ""input19.txt"", ""input22.txt"", ""input24.txt"", ""input25.txt"", ""input26.txt"", ""input27.txt"", ""input28.txt"", ""input29.txt""]","[""input12.txt"", ""input20.txt"", ""input21.txt"", ""input23.txt""]","[""input12.txt"", ""input20.txt"", ""input21.txt"", ""input23.txt""]",[],53.934956,1.797832,3.0
matei-si-diamantele,1332758508,user_0181,50.0,java,grid_scan,1314236118,0.745614,0.948774,0.0358,0.735581,0.0,0.735581,high,30,30,0,100.0,0,0,0,False,"[""input00.txt"", ""input01.txt"", ""input02.txt"", ""input03.txt"", ""input04.txt"", ""input05.txt"", ""input06.txt"", ""input07.txt"", ""input08.txt"", ""input09.txt"", ""input10.txt"", ""input11.txt"", ""input12.txt"", ""input13.txt"", ""input14.txt"", ""input15.txt"", ""input16.txt"", ""input17.txt"", ""input18.txt"", ""input19.txt"", ""input20.txt"", ""input21.txt"", ""input22.txt"", ""input23.txt"", ""input24.txt"", ""input25.txt"", ""input26.txt"", ""input27.txt"", ""input28.txt"", ""input29.txt""]",[],[],[],12.678206,0.422607,0.693814
matei-si-diamantele,1332762230,user_0264,50.0,cpp,unknown,1314234411,0.0,0.811749,1.0,0.343525,0.323725,0.0198,low,0,0,0,0.0,0,0,0,True,[],[],[],[],0.0,0.0,0.0
matei-si-diamantele,1332763819,user_0107,50.0,cpp,grid_scan,1314234411,0.45614,0.898629,1.0,0.643273,0.365447,0.277826,medium,30,25,5,83.33,0,5,0,False,"[""input00.txt"", ""input01.txt"", ""input02.txt"", ""input03.txt"", ""input04.txt"", ""input06.txt"", ""input07.txt"", ""input08.txt"", ""input09.txt"", ""input10.txt"", ""input11.txt"", ""input13.txt"", ""input14.txt"", ""input15.txt"", ""input16.txt"", ""input17.txt"", ""input18.txt"", ""input19.txt"", ""input22.txt"", ""input24.txt"", ""input25.txt"", ""input26.txt"", ""input27.txt"", ""input28.txt"", ""input29.txt""]","[""input05.txt"", ""input12.txt"", ""input20.txt"", ""input21.txt"", ""input23.txt""]","[""input05.txt"", ""input12.txt"", ""input20.txt"", ""input21.txt"", ""input23.txt""]",[],54.227041,1.807568,3.012983
matei-si-diamantele,1332764012,user_0267,50.0,cpp,unknown,1314234411,0.0,0.814951,1.0,0.344485,0.334785,0.0097,low,0,0,0,0.0,0,0,0,True,[],[],[],[],0.0,0.0,0.0
matei-si-diamantele,1332764573,user_0006,50.0,cpp,grid_scan,1391825752,0.5,0.994463,0.8214,0.680479,0.476806,0.203673,medium,30,27,3,90.0,0,3,0,False,"[""input00.txt"", ""input01.txt"", ""input02.txt"", ""input03.txt"", ""input04.txt"", ""input05.txt"", ""input06.txt"", ""input07.txt"", ""input08.txt"", ""input09.txt"", ""input10.txt"", ""input11.txt"", ""input13.txt"", ""input14.txt"", ""input15.txt"", ""input16.txt"", ""input17.txt"", ""input18.txt"", ""input19.txt"", ""input21.txt"", ""input22.txt"", ""input24.txt"", ""input25.txt"", ""input26.txt"", ""input27.txt"", ""input28.txt"", ""input29.txt""]","[""input12.txt"", ""input20.txt"", ""input23.txt""]","[""input12.txt"", ""input20.txt"", ""input23.txt""]",[],53.818945,1.793965,3.0
matei-si-diamantele,1332764584,user_0179,50.0,cpp,grid_scan,1314234411,0.316832,0.900188,1.0,0.560156,0.476992,0.083164,medium,30,27,3,90.0,0,3,0,False,"[""input00.txt"", ""input01.txt"", ""input02.txt"", ""input03.txt"", ""input04.txt"", ""input05.txt"", ""input06.txt"", ""input07.txt"", ""input08.txt"", ""input09.txt"", ""input10.txt"", ""input11.txt"", ""input13.txt"", ""input14.txt"", ""input15.txt"", ""input16.txt"", ""input17.txt"", ""input18.txt"", ""input19.txt"", ""input21.txt"", ""input22.txt"", ""input24.txt"", ""input25.txt"", ""input26.txt"", ""input27.txt"", ""input28.txt"", ""input29.txt""]","[""input12.txt"", ""input20.txt"", ""input23.txt""]","[""input12.txt"", ""input20.txt"", ""input23.txt""]",[],53.883236,1.796108,3.0
matei-si-diamantele,1333751432,user_0260,50.0,cpp,bfs,1333751390,0.642202,0.997978,0.0358,0.688294,0.353288,0.335006,medium,30,30,0,100.0,0,0,0,False,"[""input00.txt"", ""input01.txt"", ""input02.txt"", ""input03.txt"", ""input04.txt"", ""input05.txt"", ""input06.txt"", ""input07.txt"", ""input08.txt"", ""input09.txt"", ""input10.txt"", ""input11.txt"", ""input12.txt"", ""input13.txt"", ""input14.txt"", ""input15.txt"", ""input16.txt"", ""input17.txt"", ""input18.txt"", ""input19.txt"", ""input20.txt"", ""input21.txt"", ""input22.txt"", ""input23.txt"", ""input24.txt"", ""input25.txt"", ""input26.txt"", ""input27.txt"", ""input28.txt"", ""input29.txt""]",[],[],[],25.415597,0.847187,1.787617
matei-si-diamantele,1333804206,user_0150,50.0,cpp,grid_scan,1391825752,1.0,0.996364,0.8214,0.981049,0.36398,0.61707,high,30,26,4,86.67,0,4,0,False,"[""input00.txt"", ""input01.txt"", ""input02.txt"", ""input03.txt"", ""input04.txt"", ""input06.txt"", ""input07.txt"", ""input08.txt"", ""input09.txt"", ""input10.txt"", ""input11.txt"", ""input13.txt"", ""input14.txt"", ""input15.txt"", ""input16.txt"", ""input17.txt"", ""input18.txt"", ""input19.txt"", ""input21.txt"", ""input22.txt"", ""input24.txt"", ""input25.txt"", ""input26.txt"", ""input27.txt"", ""input28.txt"", ""input29.txt""]","[""input05.txt"", ""input12.txt"", ""input20.txt"", ""input23.txt""]","[""input05.txt"", ""input12.txt"", ""input20.txt"", ""input23.txt""]",[],53.793145,1.793105,3.0
matei-si-diamantele,1333804295,user_0051,50.0,cpp,grid_scan,1391825752,0.957746,0.991225,0.8214,0.954155,0.362438,0.591718,high,30,24,6,80.0,0,6,0,False,"[""input00.txt"", ""input01.txt"", ""input02.txt"", ""input03.txt"", ""input04.txt"", ""input06.txt"", ""input07.txt"", ""input09.txt"", ""input10.txt"", ""input11.txt"", ""input13.txt"", ""input14.txt"", ""input15.txt"", ""input16.txt"", ""input17.txt"", ""input18.txt"", ""input19.txt"", ""input22.txt"", ""input24.txt"", ""input25.txt"", ""input26.txt"", ""input27.txt"", ""input28.txt"", ""input29.txt""]","[""input05.txt"", ""input08.txt"", ""input12.txt"", ""input20.txt"", ""input21.txt"", ""input23.txt""]","[""input05.txt"", ""input08.txt"", ""input12.txt"", ""input20.txt"", ""input21.txt"", ""input23.txt""]",[],53.939065,1.797969,3.00902
matei-si-diamantele,1333805554,user_0232,50.0,cpp,unknown,1378117542,0.217054,0.931832,1.0,0.509782,0.464223,0.04556,low,30,26,4,86.67,0,4,0,False,"[""input00.txt"", ""input01.txt"", ""input02.txt"", ""input03.txt"", ""input04.txt"", ""input06.txt"", ""input07.txt"", ""input08.txt"", ""input09.txt"", ""input10.txt"", ""input11.txt"", ""input12.txt"", ""input13.txt"", ""input14.txt"", ""input15.txt"", ""input16.txt"", ""input17.txt"", ""input18.txt"", ""input19.txt"", ""input22.txt"", ""input24.txt"", ""input25.txt"", ""input26.txt"", ""input27.txt"", ""input28.txt"", ""input29.txt""]","[""input05.txt"", ""input20.txt"", ""input21.txt"", ""input23.txt""]","[""input05.txt"", ""input20.txt"", ""input21.txt"", ""input23.txt""]",[],55.456965,1.848566,3.021878
matei-si-diamantele,1342818952,user_0092,50.0,cpp,unknown,1314234411,0.0,0.882945,1.0,0.364884,0.332557,0.032326,low,30,30,0,100.0,0,0,0,False,"[""input00.txt"", ""input01.txt"", ""input02.txt"", ""input03.txt"", ""input04.txt"", ""input05.txt"", ""input06.txt"", ""input07.txt"", ""input08.txt"", ""input09.txt"", ""input10.txt"", ""input11.txt"", ""input12.txt"", ""input13.txt"", ""input14.txt"", ""input15.txt"", ""input16.txt"", ""input17.txt"", ""input18.txt"", ""input19.txt"", ""input20.txt"", ""input21.txt"", ""input22.txt"", ""input23.txt"", ""input24.txt"", ""input25.txt"", ""input26.txt"", ""input27.txt"", ""input28.txt"", ""input29.txt""]",[],[],[],8.204031,0.273468,0.762586
matei-si-diamantele,1344329182,user_0058,50.0,cpp,grid_scan,1314234411,0.538462,0.865013,1.0,0.682581,0.338618,0.343963,medium,30,26,4,86.67,0,4,0,False,"[""input00.txt"", ""input01.txt"", ""input02.txt"", ""input03.txt"", ""input04.txt"", ""input05.txt"", ""input06.txt"", ""input07.txt"", ""input08.txt"", ""input09.txt"", ""input10.txt"", ""input11.txt"", ""input13.txt"", ""input14.txt"", ""input15.txt"", ""input16.txt"", ""input17.txt"", ""input18.txt"", ""input19.txt"", ""input22.txt"", ""input24.txt"", ""input25.txt"", ""input26.txt"", ""input27.txt"", ""input28.txt"", ""input29.txt""]","[""input12.txt"", ""input20.txt"", ""input21.txt"", ""input23.txt""]","[""input12.txt"", ""input20.txt"", ""input21.txt"", ""input23.txt""]",[],55.66353,1.855451,3.0
matei-si-diamantele,1344373888,user_0259,50.0,cpp,unknown,1314234411,0.0,0.827387,1.0,0.348216,0.328424,0.019792,low,30,25,5,83.33,0,5,0,False,"[""input00.txt"", ""input01.txt"", ""input02.txt"", ""input03.txt"", ""input04.txt"", ""input06.txt"", ""input07.txt"", ""input08.txt"", ""input09.txt"", ""input10.txt"", ""input11.txt"", ""input13.txt"", ""input14.txt"", ""input15.txt"", ""input16.txt"", ""input17.txt"", ""input18.txt"", ""input19.txt"", ""input22.txt"", ""input24.txt"", ""input25.txt"", ""input26.txt"", ""input27.txt"", ""input28.txt"", ""input29.txt""]","[""input05.txt"", ""input12.txt"", ""input20.txt"", ""input21.txt"", ""input23.txt""]","[""input05.txt"", ""input12.txt"", ""input20.txt"", ""input21.txt"", ""input23.txt""]",[],56.245595,1.874853,3.0
matei-si-diamantele,1344527645,user_0111,50.0,cpp,unknown,1314234411,0.0,0.847722,1.0,0.354317,0.331294,0.023023,low,30,22,8,73.33,0,8,0,False,"[""input00.txt"", ""input01.txt"", ""input02.txt"", ""input03.txt"", ""input04.txt"", ""input06.txt"", ""input09.txt"", ""input10.txt"", ""input11.txt"", ""input13.txt"", ""input14.txt"", ""input16.txt"", ""input17.txt"", ""input18.txt"", ""input19.txt"", ""input22.txt"", ""input24.txt"", ""input25.txt"", ""input26.txt"", ""input27.txt"", ""input28.txt"", ""input29.txt""]","[""input05.txt"", ""input07.txt"", ""input08.txt"", ""input12.txt"", ""input15.txt"", ""input20.txt"", ""input21.txt"", ""input23.txt""]","[""input05.txt"", ""input07.txt"", ""input08.txt"", ""input12.txt"", ""input15.txt"", ""input20.txt"", ""input21.txt"", ""input23.txt""]",[],57.521748,1.917392,3.0
matei-si-diamantele,1344552601,user_0184,50.0,cpp,grid_scan,1391825752,0.247619,0.9199,0.8214,0.506681,0.386945,0.119736,medium,30,24,6,80.0,0,6,0,False,"[""input00.txt"", ""input01.txt"", ""input02.txt"", ""input03.txt"", ""input04.txt"", ""input06.txt"", ""input08.txt"", ""input09.txt"", ""input10.txt"", ""input11.txt"", ""input13.txt"", ""input14.txt"", ""input15.txt"", ""input16.txt"", ""input17.txt"", ""input18.txt"", ""input19.txt"", ""input22.txt"", ""input24.txt"", ""input25.txt"", ""input26.txt"", ""input27.txt"", ""input28.txt"", ""input29.txt""]","[""input05.txt"", ""input07.txt"", ""input12.txt"", ""input20.txt"", ""input21.txt"", ""input23.txt""]","[""input05.txt"", ""input07.txt"", ""input12.txt"", ""input20.txt"", ""input21.txt"", ""input23.txt""]",[],54.454764,1.815159,3.0
matei-si-diamantele,1344568192,user_0099,50.0,cpp,unknown,1391825752,0.262295,0.82086,0.8214,0.485775,0.41582,0.069955,low,30,24,6,80.0,1,5,0,False,"[""input00.txt"", ""input02.txt"", ""input03.txt"", ""input04.txt"", ""input06.txt"", ""input07.txt"", ""input08.txt"", ""input09.txt"", ""input10.txt"", ""input11.txt"", ""input13.txt"", ""input14.txt"", ""input16.txt"", ""input17.txt"", ""input18.txt"", ""input19.txt"", ""input21.txt"", ""input22.txt"", ""input24.txt"", ""input25.txt"", ""input26.txt"", ""input27.txt"", ""input28.txt"", ""input29.txt""]","[""input01.txt"", ""input05.txt"", ""input12.txt"", ""input15.txt"", ""input20.txt"", ""input23.txt""]","[""input05.txt"", ""input12.txt"", ""input15.txt"", ""input20.txt"", ""input23.txt""]",[],54.450653,1.815022,3.003279
matei-si-diamantele,1344568379,user_0099,50.0,cpp,unknown,1391825752,0.0,0.99297,0.8214,0.380031,0.367034,0.012997,low,30,24,6,80.0,0,6,0,False,"[""input00.txt"", ""input01.txt"", ""input02.txt"", ""input03.txt"", ""input04.txt"", ""input06.txt"", ""input07.txt"", ""input08.txt"", ""input09.txt"", ""input10.txt"", ""input11.txt"", ""input13.txt"", ""input14.txt"", ""input16.txt"", ""input17.txt"", ""input18.txt"", ""input19.txt"", ""input22.txt"", ""input24.txt"", ""input25.txt"", ""input26.txt"", ""input27.txt"", ""input28.txt"", ""input29.txt""]","[""input05.txt"", ""input12.txt"", ""input15.txt"", ""input20.txt"", ""input21.txt"", ""input23.txt""]","[""input05.txt"", ""input12.txt"", ""input15.txt"", ""input20.txt"", ""input21.txt"", ""input23.txt""]",[],54.33088,1.811029,3.0
matei-si-diamantele,1344595072,user_0155,50.0,java,grid_scan,1314236118,0.728972,0.904014,0.0358,0.712167,0.0,0.712167,high,30,0,30,0.0,0,0,30,False,[],"[""input00.txt"", ""input01.txt"", ""input02.txt"", ""input03.txt"", ""input04.txt"", ""input05.txt"", ""input06.txt"", ""input07.txt"", ""input08.txt"", ""input09.txt"", ""input10.txt"", ""input11.txt"", ""input12.txt"", ""input13.txt"", ""input14.txt"", ""input15.txt"", ""input16.txt"", ""input17.txt"", ""input18.txt"", ""input19.txt"", ""input20.txt"", ""input21.txt"", ""input22.txt"", ""input23.txt"", ""input24.txt"", ""input25.txt"", ""input26.txt"", ""input27.txt"", ""input28.txt"", ""input29.txt""]",[],"[""input00.txt"", ""input01.txt"", ""input02.txt"", ""input03.txt"", ""input04.txt"", ""input05.txt"", ""input06.txt"", ""input07.txt"", ""input08.txt"", ""input09.txt"", ""input10.txt"", ""input11.txt"", ""input12.txt"", ""input13.txt"", ""input14.txt"", ""input15.txt"", ""input16.txt"", ""input17.txt"", ""input18.txt"", ""input19.txt"", ""input20.txt"", ""input21.txt"", ""input22.txt"", ""input23.txt"", ""input24.txt"", ""input25.txt"", ""input26.txt"", ""input27.txt"", ""input28.txt"", ""input29.txt""]",11.654666,0.388489,0.661272
matei-si-diamantele,1344603567,user_0113,50.0,cpp,unknown,1314234411,0.0,0.828787,1.0,0.348636,0.328625,0.020011,low,0,0,0,0.0,0,0,0,True,[],[],[],[],0.0,0.0,0.0
matei-si-diamantele,1344604498,user_0119,50.0,java,grid_scan,1314236118,0.611354,0.941146,0.0358,0.652736,0.0,0.652736,medium,30,30,0,100.0,0,0,0,False,"[""input00.txt"", ""input01.txt"", ""input02.txt"", ""input03.txt"", ""input04.txt"", ""input05.txt"", ""input06.txt"", ""input07.txt"", ""input08.txt"", ""input09.txt"", ""input10.txt"", ""input11.txt"", ""input12.txt"", ""input13.txt"", ""input14.txt"", ""input15.txt"", ""input16.txt"", ""input17.txt"", ""input18.txt"", ""input19.txt"", ""input20.txt"", ""input21.txt"", ""input22.txt"", ""input23.txt"", ""input24.txt"", ""input25.txt"", ""input26.txt"", ""input27.txt"", ""input28.txt"", ""input29.txt""]",[],[],[],11.771152,0.392372,0.817053
matei-si-diamantele,1344618946,user_0135,50.0,cpp,grid_scan,1314234411,0.493151,0.987882,1.0,0.692255,0.344898,0.347357,medium,30,26,4,86.67,0,4,0,False,"[""input00.txt"", ""input01.txt"", ""input02.txt"", ""input03.txt"", ""input04.txt"", ""input05.txt"", ""input06.txt"", ""input08.txt"", ""input09.txt"", ""input10.txt"", ""input11.txt"", ""input13.txt"", ""input14.txt"", ""input15.txt"", ""input16.txt"", ""input17.txt"", ""input18.txt"", ""input19.txt"", ""input21.txt"", ""input22.txt"", ""input24.txt"", ""input25.txt"", ""input26.txt"", ""input27.txt"", ""input28.txt"", ""input29.txt""]","[""input07.txt"", ""input12.txt"", ""input20.txt"", ""input23.txt""]","[""input07.txt"", ""input12.txt"", ""input20.txt"", ""input23.txt""]",[],52.179342,1.739311,3.0
matei-si-diamantele,1344621492,user_0101,50.0,cpp,unknown,1314234411,0.0,0.896199,1.0,0.36886,0.365093,0.003766,low,30,26,4,86.67,0,4,0,False,"[""input00.txt"", ""input01.txt"", ""input02.txt"", ""input03.txt"", ""input04.txt"", ""input05.txt"", ""input06.txt"", ""input07.txt"", ""input08.txt"", ""input09.txt"", ""input10.txt"", ""input11.txt"", ""input13.txt"", ""input14.txt"", ""input15.txt"", ""input16.txt"", ""input17.txt"", ""input18.txt"", ""input19.txt"", ""input22.txt"", ""input24.txt"", ""input25.txt"", ""input26.txt"", ""input27.txt"", ""input28.txt"", ""input29.txt""]","[""input12.txt"", ""input20.txt"", ""input21.txt"", ""input23.txt""]","[""input12.txt"", ""input20.txt"", ""input21.txt"", ""input23.txt""]",[],52.046589,1.734886,3.0
matei-si-diamantele,1344624289,user_0149,50.0,cpp,grid_scan,1314234411,0.631579,0.96792,1.0,0.769323,0.528558,0.240766,high,30,16,14,53.33,0,5,9,False,"[""input00.txt"", ""input01.txt"", ""input02.txt"", ""input03.txt"", ""input04.txt"", ""input06.txt"", ""input10.txt"", ""input11.txt"", ""input13.txt"", ""input14.txt"", ""input16.txt"", ""input18.txt"", ""input22.txt"", ""input24.txt"", ""input27.txt"", ""input29.txt""]","[""input05.txt"", ""input07.txt"", ""input08.txt"", ""input09.txt"", ""input12.txt"", ""input15.txt"", ""input17.txt"", ""input19.txt"", ""input20.txt"", ""input21.txt"", ""input23.txt"", ""input25.txt"", ""input26.txt"", ""input28.txt""]","[""input05.txt"", ""input07.txt"", ""input08.txt"", ""input09.txt"", ""input12.txt""]","[""input15.txt"", ""input17.txt"", ""input19.txt"", ""input20.txt"", ""input21.txt"", ""input23.txt"", ""input25.txt"", ""input26.txt"", ""input28.txt""]",33.681113,1.122704,3.0
matei-si-diamantele,1344626355,user_0096,50.0,cpp,unknown,1314234411,0.0,0.88362,1.0,0.365086,0.322898,0.042188,low,0,0,0,0.0,0,0,0,True,[],[],[],[],0.0,0.0,0.0
matei-si-diamantele,1344628662,user_0025,50.0,cpp,unknown,1314234411,0.0,0.814951,1.0,0.344485,0.334785,0.0097,low,0,0,0,0.0,0,0,0,True,[],[],[],[],0.0,0.0,0.0
matei-si-diamantele,1344635891,user_0020,50.0,cpp,unknown,1323450132,0.145455,0.795949,0.6072,0.386777,0.3838,0.002978,low,30,0,30,0.0,0,2,28,False,[],"[""input00.txt"", ""input01.txt"", ""input02.txt"", ""input03.txt"", ""input04.txt"", ""input05.txt"", ""input06.txt"", ""input07.txt"", ""input08.txt"", ""input09.txt"", ""input10.txt"", ""input11.txt"", ""input12.txt"", ""input13.txt"", ""input14.txt"", ""input15.txt"", ""input16.txt"", ""input17.txt"", ""input18.txt"", ""input19.txt"", ""input20.txt"", ""input21.txt"", ""input22.txt"", ""input23.txt"", ""input24.txt"", ""input25.txt"", ""input26.txt"", ""input27.txt"", ""input28.txt"", ""input29.txt""]","[""input00.txt"", ""input25.txt""]","[""input01.txt"", ""input02.txt"", ""input03.txt"", ""input04.txt"", ""input05.txt"", ""input06.txt"", ""input07.txt"", ""input08.txt"", ""input09.txt"", ""input10.txt"", ""input11.txt"", ""input12.txt"", ""input13.txt"", ""input14.txt"", ""input15.txt"", ""input16.txt"", ""input17.txt"", ""input18.txt"", ""input19.txt"", ""input20.txt"", ""input21.txt"", ""input22.txt"", ""input23.txt"", ""input24.txt"", ""input26.txt"", ""input27.txt"", ""input28.txt"", ""input29.txt""]",10.469148,0.348972,3.0
matei-si-diamantele,1344636577,user_0106,50.0,cpp,grid_scan,1391825752,0.558824,0.973864,0.8214,0.709593,0.485457,0.224136,high,30,0,30,0.0,0,1,29,False,[],"[""input00.txt"", ""input01.txt"", ""input02.txt"", ""input03.txt"", ""input04.txt"", ""input05.txt"", ""input06.txt"", ""input07.txt"", ""input08.txt"", ""input09.txt"", ""input10.txt"", ""input11.txt"", ""input12.txt"", ""input13.txt"", ""input14.txt"", ""input15.txt"", ""input16.txt"", ""input17.txt"", ""input18.txt"", ""input19.txt"", ""input20.txt"", ""input21.txt"", ""input22.txt"", ""input23.txt"", ""input24.txt"", ""input25.txt"", ""input26.txt"", ""input27.txt"", ""input28.txt"", ""input29.txt""]","[""input00.txt""]","[""input01.txt"", ""input02.txt"", ""input03.txt"", ""input04.txt"", ""input05.txt"", ""input06.txt"", ""input07.txt"", ""input08.txt"", ""input09.txt"", ""input10.txt"", ""input11.txt"", ""input12.txt"", ""input13.txt"", ""input14.txt"", ""input15.txt"", ""input16.txt"", ""input17.txt"", ""input18.txt"", ""input19.txt"", ""input20.txt"", ""input21.txt"", ""input22.txt"", ""input23.txt"", ""input24.txt"", ""input25.txt"", ""input26.txt"", ""input27.txt"", ""input28.txt"", ""input29.txt""]",8.333911,0.277797,3.0
matei-si-diamantele,1344637638,user_0098,50.0,cpp,unknown,1391825752,0.0,0.925445,0.8214,0.359774,0.338741,0.021032,low,30,27,3,90.0,0,3,0,False,"[""input00.txt"", ""input01.txt"", ""input02.txt"", ""input03.txt"", ""input04.txt"", ""input05.txt"", ""input06.txt"", ""input07.txt"", ""input08.txt"", ""input09.txt"", ""input10.txt"", ""input11.txt"", ""input13.txt"", ""input14.txt"", ""input15.txt"", ""input16.txt"", ""input17.txt"", ""input18.txt"", ""input19.txt"", ""input21.txt"", ""input22.txt"", ""input24.txt"", ""input25.txt"", ""input26.txt"", ""input27.txt"", ""input28.txt"", ""input29.txt""]","[""input12.txt"", ""input20.txt"", ""input23.txt""]","[""input12.txt"", ""input20.txt"", ""input23.txt""]",[],52.031277,1.734376,3.0
matei-si-diamantele,1344637964,user_0089,50.0,java,grid_scan,1314236118,0.682028,0.894119,0.0358,0.681032,0.0,0.681032,medium,30,30,0,100.0,0,0,0,False,"[""input00.txt"", ""input01.txt"", ""input02.txt"", ""input03.txt"", ""input04.txt"", ""input05.txt"", ""input06.txt"", ""input07.txt"", ""input08.txt"", ""input09.txt"", ""input10.txt"", ""input11.txt"", ""input12.txt"", ""input13.txt"", ""input14.txt"", ""input15.txt"", ""input16.txt"", ""input17.txt"", ""input18.txt"", ""input19.txt"", ""input20.txt"", ""input21.txt"", ""input22.txt"", ""input23.txt"", ""input24.txt"", ""input25.txt"", ""input26.txt"", ""input27.txt"", ""input28.txt"", ""input29.txt""]",[],[],[],29.876554,0.995885,1.962198
matei-si-diamantele,1344697704,user_0070,50.0,cpp,unknown,1378117542,0.0,0.931934,1.0,0.37958,0.343343,0.036238,low,30,26,4,86.67,0,4,0,False,"[""input00.txt"", ""input01.txt"", ""input02.txt"", ""input03.txt"", ""input04.txt"", ""input05.txt"", ""input06.txt"", ""input07.txt"", ""input08.txt"", ""input09.txt"", ""input10.txt"", ""input11.txt"", ""input13.txt"", ""input14.txt"", ""input15.txt"", ""input16.txt"", ""input17.txt"", ""input18.txt"", ""input19.txt"", ""input22.txt"", ""input24.txt"", ""input25.txt"", ""input26.txt"", ""input27.txt"", ""input28.txt"", ""input29.txt""]","[""input12.txt"", ""input20.txt"", ""input21.txt"", ""input23.txt""]","[""input12.txt"", ""input20.txt"", ""input21.txt"", ""input23.txt""]",[],52.577792,1.752593,3.0
matei-si-diamantele,1361335121,user_0060,50.0,cpp,grid_scan,1314234411,0.575,0.93042,1.0,0.724126,0.541105,0.183021,high,30,27,3,90.0,0,3,0,False,"[""input00.txt"", ""input01.txt"", ""input02.txt"", ""input03.txt"", ""input04.txt"", ""input05.txt"", ""input06.txt"", ""input07.txt"", ""input08.txt"", ""input09.txt"", ""input10.txt"", ""input11.txt"", ""input13.txt"", ""input14.txt"", ""input15.txt"", ""input16.txt"", ""input17.txt"", ""input18.txt"", ""input19.txt"", ""input21.txt"", ""input22.txt"", ""input24.txt"", ""input25.txt"", ""input26.txt"", ""input27.txt"", ""input28.txt"", ""input29.txt""]","[""input12.txt"", ""input20.txt"", ""input23.txt""]","[""input12.txt"", ""input20.txt"", ""input23.txt""]",[],52.61749,1.753916,3.0
matei-si-diamantele,1361359794,user_0265,50.0,cpp,grid_scan,1314234411,0.952381,0.977103,1.0,0.96456,0.423453,0.541106,high,30,0,30,0.0,0,0,30,False,[],"[""input00.txt"", ""input01.txt"", ""input02.txt"", ""input03.txt"", ""input04.txt"", ""input05.txt"", ""input06.txt"", ""input07.txt"", ""input08.txt"", ""input09.txt"", ""input10.txt"", ""input11.txt"", ""input12.txt"", ""input13.txt"", ""input14.txt"", ""input15.txt"", ""input16.txt"", ""input17.txt"", ""input18.txt"", ""input19.txt"", ""input20.txt"", ""input21.txt"", ""input22.txt"", ""input23.txt"", ""input24.txt"", ""input25.txt"", ""input26.txt"", ""input27.txt"", ""input28.txt"", ""input29.txt""]",[],"[""input00.txt"", ""input01.txt"", ""input02.txt"", ""input03.txt"", ""input04.txt"", ""input05.txt"", ""input06.txt"", ""input07.txt"", ""input08.txt"", ""input09.txt"", ""input10.txt"", ""input11.txt"", ""input12.txt"", ""input13.txt"", ""input14.txt"", ""input15.txt"", ""input16.txt"", ""input17.txt"", ""input18.txt"", ""input19.txt"", ""input20.txt"", ""input21.txt"", ""input22.txt"", ""input23.txt"", ""input24.txt"", ""input25.txt"", ""input26.txt"", ""input27.txt"", ""input28.txt"", ""input29.txt""]",5.761877,0.192063,0.422008
matei-si-diamantele,1361579636,user_0080,50.0,cpp,unknown,1314234411,0.0,0.900079,1.0,0.370024,0.325437,0.044586,low,30,25,5,83.33,0,5,0,False,"[""input00.txt"", ""input01.txt"", ""input02.txt"", ""input03.txt"", ""input04.txt"", ""input06.txt"", ""input07.txt"", ""input08.txt"", ""input09.txt"", ""input10.txt"", ""input11.txt"", ""input13.txt"", ""input14.txt"", ""input15.txt"", ""input16.txt"", ""input17.txt"", ""input18.txt"", ""input19.txt"", ""input22.txt"", ""input24.txt"", ""input25.txt"", ""input26.txt"", ""input27.txt"", ""input28.txt"", ""input29.txt""]","[""input05.txt"", ""input12.txt"", ""input20.txt"", ""input21.txt"", ""input23.txt""]","[""input05.txt"", ""input12.txt"", ""input20.txt"", ""input21.txt"", ""input23.txt""]",[],52.088319,1.736277,3.0
matei-si-diamantele,1361579737,user_0230,50.0,cpp,unknown,1314234411,0.0,0.914351,1.0,0.374305,0.36713,0.007175,low,30,25,5,83.33,0,5,0,False,"[""input00.txt"", ""input01.txt"", ""input02.txt"", ""input03.txt"", ""input04.txt"", ""input06.txt"", ""input07.txt"", ""input08.txt"", ""input09.txt"", ""input10.txt"", ""input11.txt"", ""input13.txt"", ""input14.txt"", ""input15.txt"", ""input16.txt"", ""input17.txt"", ""input18.txt"", ""input19.txt"", ""input22.txt"", ""input24.txt"", ""input25.txt"", ""input26.txt"", ""input27.txt"", ""input28.txt"", ""input29.txt""]","[""input05.txt"", ""input12.txt"", ""input20.txt"", ""input21.txt"", ""input23.txt""]","[""input05.txt"", ""input12.txt"", ""input20.txt"", ""input21.txt"", ""input23.txt""]",[],51.851319,1.728377,3.0
matei-si-diamantele,1361579968,user_0191,50.0,cpp,unknown,1314234411,0.0,0.882118,1.0,0.364635,0.340647,0.023988,low,30,26,4,86.67,0,4,0,False,"[""input00.txt"", ""input01.txt"", ""input02.txt"", ""input03.txt"", ""input04.txt"", ""input05.txt"", ""input06.txt"", ""input07.txt"", ""input08.txt"", ""input09.txt"", ""input10.txt"", ""input11.txt"", ""input13.txt"", ""input14.txt"", ""input15.txt"", ""input16.txt"", ""input17.txt"", ""input18.txt"", ""input19.txt"", ""input22.txt"", ""input24.txt"", ""input25.txt"", ""input26.txt"", ""input27.txt"", ""input28.txt"", ""input29.txt""]","[""input12.txt"", ""input20.txt"", ""input21.txt"", ""input23.txt""]","[""input12.txt"", ""input20.txt"", ""input21.txt"", ""input23.txt""]",[],52.595444,1.753181,3.000525
matei-si-diamantele,1361589824,user_0002,50.0,cpp,unknown,1314234411,0.0,0.954327,1.0,0.386298,0.342577,0.043721,low,30,25,5,83.33,0,5,0,False,"[""input00.txt"", ""input01.txt"", ""input02.txt"", ""input03.txt"", ""input04.txt"", ""input06.txt"", ""input07.txt"", ""input08.txt"", ""input09.txt"", ""input10.txt"", ""input11.txt"", ""input13.txt"", ""input14.txt"", ""input15.txt"", ""input16.txt"", ""input17.txt"", ""input18.txt"", ""input19.txt"", ""input22.txt"", ""input24.txt"", ""input25.txt"", ""input26.txt"", ""input27.txt"", ""input28.txt"", ""input29.txt""]","[""input05.txt"", ""input12.txt"", ""input20.txt"", ""input21.txt"", ""input23.txt""]","[""input05.txt"", ""input12.txt"", ""input20.txt"", ""input21.txt"", ""input23.txt""]",[],52.156552,1.738552,3.0
matei-si-diamantele,1361600291,user_0234,50.0,cpp,grid_scan,1314234411,0.952381,0.991797,1.0,0.968968,0.415373,0.553595,high,30,26,4,86.67,0,4,0,False,"[""input00.txt"", ""input01.txt"", ""input02.txt"", ""input03.txt"", ""input04.txt"", ""input06.txt"", ""input07.txt"", ""input08.txt"", ""input09.txt"", ""input10.txt"", ""input11.txt"", ""input13.txt"", ""input14.txt"", ""input15.txt"", ""input16.txt"", ""input17.txt"", ""input18.txt"", ""input19.txt"", ""input21.txt"", ""input22.txt"", ""input24.txt"", ""input25.txt"", ""input26.txt"", ""input27.txt"", ""input28.txt"", ""input29.txt""]","[""input05.txt"", ""input12.txt"", ""input20.txt"", ""input23.txt""]","[""input05.txt"", ""input12.txt"", ""input20.txt"", ""input23.txt""]",[],52.975797,1.76586,3.0
matei-si-diamantele,1361652769,user_0186,50.0,cpp,grid_scan,1314234411,0.952381,0.989134,1.0,0.968169,0.415245,0.552924,high,30,0,30,0.0,0,1,29,False,[],"[""input00.txt"", ""input01.txt"", ""input02.txt"", ""input03.txt"", ""input04.txt"", ""input05.txt"", ""input06.txt"", ""input07.txt"", ""input08.txt"", ""input09.txt"", ""input10.txt"", ""input11.txt"", ""input12.txt"", ""input13.txt"", ""input14.txt"", ""input15.txt"", ""input16.txt"", ""input17.txt"", ""input18.txt"", ""input19.txt"", ""input20.txt"", ""input21.txt"", ""input22.txt"", ""input23.txt"", ""input24.txt"", ""input25.txt"", ""input26.txt"", ""input27.txt"", ""input28.txt"", ""input29.txt""]","[""input00.txt""]","[""input01.txt"", ""input02.txt"", ""input03.txt"", ""input04.txt"", ""input05.txt"", ""input06.txt"", ""input07.txt"", ""input08.txt"", ""input09.txt"", ""input10.txt"", ""input11.txt"", ""input12.txt"", ""input13.txt"", ""input14.txt"", ""input15.txt"", ""input16.txt"", ""input17.txt"", ""input18.txt"", ""input19.txt"", ""input20.txt"", ""input21.txt"", ""input22.txt"", ""input23.txt"", ""input24.txt"", ""input25.txt"", ""input26.txt"", ""input27.txt"", ""input28.txt"", ""input29.txt""]",7.854461,0.261815,3.0
matei-si-diamantele,1361659253,user_0143,50.0,cpp,unknown,1314234411,0.0,0.797698,1.0,0.339309,0.319964,0.019345,low,0,0,0,0.0,0,0,0,True,[],[],[],[],0.0,0.0,0.0
matei-si-diamantele,1361701961,user_0061,50.0,java,grid_scan,1314236118,0.796209,0.968198,0.0358,0.771765,0.0,0.771765,high,30,30,0,100.0,0,0,0,False,"[""input00.txt"", ""input01.txt"", ""input02.txt"", ""input03.txt"", ""input04.txt"", ""input05.txt"", ""input06.txt"", ""input07.txt"", ""input08.txt"", ""input09.txt"", ""input10.txt"", ""input11.txt"", ""input12.txt"", ""input13.txt"", ""input14.txt"", ""input15.txt"", ""input16.txt"", ""input17.txt"", ""input18.txt"", ""input19.txt"", ""input20.txt"", ""input21.txt"", ""input22.txt"", ""input23.txt"", ""input24.txt"", ""input25.txt"", ""input26.txt"", ""input27.txt"", ""input28.txt"", ""input29.txt""]",[],[],[],11.223911,0.37413,0.692086
matei-si-diamantele,1361703636,user_0239,50.0,cpp,grid_scan,1314234411,0.952381,0.987571,1.0,0.9677,0.415082,0.552618,high,30,0,30,0.0,0,1,29,False,[],"[""input00.txt"", ""input01.txt"", ""input02.txt"", ""input03.txt"", ""input04.txt"", ""input05.txt"", ""input06.txt"", ""input07.txt"", ""input08.txt"", ""input09.txt"", ""input10.txt"", ""input11.txt"", ""input12.txt"", ""input13.txt"", ""input14.txt"", ""input15.txt"", ""input16.txt"", ""input17.txt"", ""input18.txt"", ""input19.txt"", ""input20.txt"", ""input21.txt"", ""input22.txt"", ""input23.txt"", ""input24.txt"", ""input25.txt"", ""input26.txt"", ""input27.txt"", ""input28.txt"", ""input29.txt""]","[""input00.txt""]","[""input01.txt"", ""input02.txt"", ""input03.txt"", ""input04.txt"", ""input05.txt"", ""input06.txt"", ""input07.txt"", ""input08.txt"", ""input09.txt"", ""input10.txt"", ""input11.txt"", ""input12.txt"", ""input13.txt"", ""input14.txt"", ""input15.txt"", ""input16.txt"", ""input17.txt"", ""input18.txt"", ""input19.txt"", ""input20.txt"", ""input21.txt"", ""input22.txt"", ""input23.txt"", ""input24.txt"", ""input25.txt"", ""input26.txt"", ""input27.txt"", ""input28.txt"", ""input29.txt""]",7.654269,0.255142,3.0
matei-si-diamantele,1361718241,user_0160,50.0,java,grid_scan,1314236118,0.62963,0.968451,0.0358,0.671893,0.0,0.671893,medium,30,30,0,100.0,0,0,0,False,"[""input00.txt"", ""input01.txt"", ""input02.txt"", ""input03.txt"", ""input04.txt"", ""input05.txt"", ""input06.txt"", ""input07.txt"", ""input08.txt"", ""input09.txt"", ""input10.txt"", ""input11.txt"", ""input12.txt"", ""input13.txt"", ""input14.txt"", ""input15.txt"", ""input16.txt"", ""input17.txt"", ""input18.txt"", ""input19.txt"", ""input20.txt"", ""input21.txt"", ""input22.txt"", ""input23.txt"", ""input24.txt"", ""input25.txt"", ""input26.txt"", ""input27.txt"", ""input28.txt"", ""input29.txt""]",[],[],[],39.417307,1.31391,2.40262
matei-si-diamantele,1361720927,user_0270,50.0,cpp,grid_scan,1314234411,0.507937,0.9773,1.0,0.697952,0.486665,0.211286,medium,30,0,30,0.0,0,1,29,False,[],"[""input00.txt"", ""input01.txt"", ""input02.txt"", ""input03.txt"", ""input04.txt"", ""input05.txt"", ""input06.txt"", ""input07.txt"", ""input08.txt"", ""input09.txt"", ""input10.txt"", ""input11.txt"", ""input12.txt"", ""input13.txt"", ""input14.txt"", ""input15.txt"", ""input16.txt"", ""input17.txt"", ""input18.txt"", ""input19.txt"", ""input20.txt"", ""input21.txt"", ""input22.txt"", ""input23.txt"", ""input24.txt"", ""input25.txt"", ""input26.txt"", ""input27.txt"", ""input28.txt"", ""input29.txt""]","[""input00.txt""]","[""input01.txt"", ""input02.txt"", ""input03.txt"", ""input04.txt"", ""input05.txt"", ""input06.txt"", ""input07.txt"", ""input08.txt"", ""input09.txt"", ""input10.txt"", ""input11.txt"", ""input12.txt"", ""input13.txt"", ""input14.txt"", ""input15.txt"", ""input16.txt"", ""input17.txt"", ""input18.txt"", ""input19.txt"", ""input20.txt"", ""input21.txt"", ""input22.txt"", ""input23.txt"", ""input24.txt"", ""input25.txt"", ""input26.txt"", ""input27.txt"", ""input28.txt"", ""input29.txt""]",7.888662,0.262955,3.0
matei-si-diamantele,1361733211,user_0188,50.0,cpp,grid_scan,1314234411,0.952381,0.977675,1.0,0.964731,0.423612,0.541119,high,30,0,30,0.0,0,1,29,False,[],"[""input00.txt"", ""input01.txt"", ""input02.txt"", ""input03.txt"", ""input04.txt"", ""input05.txt"", ""input06.txt"", ""input07.txt"", ""input08.txt"", ""input09.txt"", ""input10.txt"", ""input11.txt"", ""input12.txt"", ""input13.txt"", ""input14.txt"", ""input15.txt"", ""input16.txt"", ""input17.txt"", ""input18.txt"", ""input19.txt"", ""input20.txt"", ""input21.txt"", ""input22.txt"", ""input23.txt"", ""input24.txt"", ""input25.txt"", ""input26.txt"", ""input27.txt"", ""input28.txt"", ""input29.txt""]","[""input00.txt""]","[""input01.txt"", ""input02.txt"", ""input03.txt"", ""input04.txt"", ""input05.txt"", ""input06.txt"", ""input07.txt"", ""input08.txt"", ""input09.txt"", ""input10.txt"", ""input11.txt"", ""input12.txt"", ""input13.txt"", ""input14.txt"", ""input15.txt"", ""input16.txt"", ""input17.txt"", ""input18.txt"", ""input19.txt"", ""input20.txt"", ""input21.txt"", ""input22.txt"", ""input23.txt"", ""input24.txt"", ""input25.txt"", ""input26.txt"", ""input27.txt"", ""input28.txt"", ""input29.txt""]",7.661288,0.255376,3.0
matei-si-diamantele,1361737162,user_0187,50.0,cpp,grid_scan,1314234411,0.952381,0.9773,1.0,0.964618,0.423508,0.541111,high,30,0,30,0.0,0,3,27,False,[],"[""input00.txt"", ""input01.txt"", ""input02.txt"", ""input03.txt"", ""input04.txt"", ""input05.txt"", ""input06.txt"", ""input07.txt"", ""input08.txt"", ""input09.txt"", ""input10.txt"", ""input11.txt"", ""input12.txt"", ""input13.txt"", ""input14.txt"", ""input15.txt"", ""input16.txt"", ""input17.txt"", ""input18.txt"", ""input19.txt"", ""input20.txt"", ""input21.txt"", ""input22.txt"", ""input23.txt"", ""input24.txt"", ""input25.txt"", ""input26.txt"", ""input27.txt"", ""input28.txt"", ""input29.txt""]","[""input05.txt"", ""input19.txt"", ""input20.txt""]","[""input00.txt"", ""input01.txt"", ""input02.txt"", ""input03.txt"", ""input04.txt"", ""input06.txt"", ""input07.txt"", ""input08.txt"", ""input09.txt"", ""input10.txt"", ""input11.txt"", ""input12.txt"", ""input13.txt"", ""input14.txt"", ""input15.txt"", ""input16.txt"", ""input17.txt"", ""input18.txt"", ""input21.txt"", ""input22.txt"", ""input23.txt"", ""input24.txt"", ""input25.txt"", ""input26.txt"", ""input27.txt"", ""input28.txt"", ""input29.txt""]",13.837672,0.461256,3.0
matei-si-diamantele,1361752702,user_0003,50.0,cpp,unknown,1314234411,0.0,0.862699,1.0,0.35881,0.352829,0.005981,low,30,26,4,86.67,0,4,0,False,"[""input00.txt"", ""input01.txt"", ""input02.txt"", ""input03.txt"", ""input04.txt"", ""input05.txt"", ""input06.txt"", ""input08.txt"", ""input09.txt"", ""input10.txt"", ""input11.txt"", ""input13.txt"", ""input14.txt"", ""input15.txt"", ""input16.txt"", ""input17.txt"", ""input18.txt"", ""input19.txt"", ""input21.txt"", ""input22.txt"", ""input24.txt"", ""input25.txt"", ""input26.txt"", ""input27.txt"", ""input28.txt"", ""input29.txt""]","[""input07.txt"", ""input12.txt"", ""input20.txt"", ""input23.txt""]","[""input07.txt"", ""input12.txt"", ""input20.txt"", ""input23.txt""]",[],53.42066,1.780689,3.0
matei-si-diamantele,1361766635,user_0185,50.0,cpp,unknown,1314234411,0.0,0.862699,1.0,0.35881,0.352829,0.005981,low,30,27,3,90.0,0,3,0,False,"[""input00.txt"", ""input01.txt"", ""input02.txt"", ""input03.txt"", ""input04.txt"", ""input05.txt"", ""input06.txt"", ""input07.txt"", ""input08.txt"", ""input09.txt"", ""input10.txt"", ""input11.txt"", ""input13.txt"", ""input14.txt"", ""input15.txt"", ""input16.txt"", ""input17.txt"", ""input18.txt"", ""input19.txt"", ""input21.txt"", ""input22.txt"", ""input24.txt"", ""input25.txt"", ""input26.txt"", ""input27.txt"", ""input28.txt"", ""input29.txt""]","[""input12.txt"", ""input20.txt"", ""input23.txt""]","[""input12.txt"", ""input20.txt"", ""input23.txt""]",[],54.628188,1.82094,3.029543
matei-si-diamantele,1361807199,user_0250,50.0,cpp,grid_scan,1314234411,0.567568,0.874015,1.0,0.702745,0.490605,0.21214,high,30,30,0,100.0,0,0,0,False,"[""input00.txt"", ""input01.txt"", ""input02.txt"", ""input03.txt"", ""input04.txt"", ""input05.txt"", ""input06.txt"", ""input07.txt"", ""input08.txt"", ""input09.txt"", ""input10.txt"", ""input11.txt"", ""input12.txt"", ""input13.txt"", ""input14.txt"", ""input15.txt"", ""input16.txt"", ""input17.txt"", ""input18.txt"", ""input19.txt"", ""input20.txt"", ""input21.txt"", ""input22.txt"", ""input23.txt"", ""input24.txt"", ""input25.txt"", ""input26.txt"", ""input27.txt"", ""input28.txt"", ""input29.txt""]",[],[],[],24.890359,0.829679,1.585825
matei-si-diamantele,1361807505,user_0285,50.0,java,grid_scan,1314236118,0.654206,0.935239,0.0358,0.676675,0.0,0.676675,medium,30,30,0,100.0,0,0,0,False,"[""input00.txt"", ""input01.txt"", ""input02.txt"", ""input03.txt"", ""input04.txt"", ""input05.txt"", ""input06.txt"", ""input07.txt"", ""input08.txt"", ""input09.txt"", ""input10.txt"", ""input11.txt"", ""input12.txt"", ""input13.txt"", ""input14.txt"", ""input15.txt"", ""input16.txt"", ""input17.txt"", ""input18.txt"", ""input19.txt"", ""input20.txt"", ""input21.txt"", ""input22.txt"", ""input23.txt"", ""input24.txt"", ""input25.txt"", ""input26.txt"", ""input27.txt"", ""input28.txt"", ""input29.txt""]",[],[],[],15.659726,0.521991,0.890034
matei-si-diamantele,1361807834,user_0283,50.0,java,grid_scan,1314236118,0.760181,0.967733,0.0358,0.750009,0.0,0.750009,high,30,30,0,100.0,0,0,0,False,"[""input00.txt"", ""input01.txt"", ""input02.txt"", ""input03.txt"", ""input04.txt"", ""input05.txt"", ""input06.txt"", ""input07.txt"", ""input08.txt"", ""input09.txt"", ""input10.txt"", ""input11.txt"", ""input12.txt"", ""input13.txt"", ""input14.txt"", ""input15.txt"", ""input16.txt"", ""input17.txt"", ""input18.txt"", ""input19.txt"", ""input20.txt"", ""input21.txt"", ""input22.txt"", ""input23.txt"", ""input24.txt"", ""input25.txt"", ""input26.txt"", ""input27.txt"", ""input28.txt"", ""input29.txt""]",[],[],[],16.16176,0.538725,0.765042
matei-si-diamantele,1361810647,user_0001,50.0,cpp,unknown,1314234411,0.0,0.922979,1.0,0.376894,0.374146,0.002748,low,30,26,4,86.67,0,4,0,False,"[""input00.txt"", ""input01.txt"", ""input02.txt"", ""input03.txt"", ""input04.txt"", ""input05.txt"", ""input06.txt"", ""input07.txt"", ""input08.txt"", ""input09.txt"", ""input10.txt"", ""input11.txt"", ""input13.txt"", ""input14.txt"", ""input15.txt"", ""input16.txt"", ""input17.txt"", ""input18.txt"", ""input19.txt"", ""input22.txt"", ""input24.txt"", ""input25.txt"", ""input26.txt"", ""input27.txt"", ""input28.txt"", ""input29.txt""]","[""input12.txt"", ""input20.txt"", ""input21.txt"", ""input23.txt""]","[""input12.txt"", ""input20.txt"", ""input21.txt"", ""input23.txt""]",[],54.700762,1.823359,3.0
matei-si-diamantele,1361864590,user_0286,50.0,cpp,grid_scan,1314234411,0.666667,0.964822,1.0,0.789447,0.428827,0.36062,high,30,0,30,0.0,0,4,26,False,[],"[""input00.txt"", ""input01.txt"", ""input02.txt"", ""input03.txt"", ""input04.txt"", ""input05.txt"", ""input06.txt"", ""input07.txt"", ""input08.txt"", ""input09.txt"", ""input10.txt"", ""input11.txt"", ""input12.txt"", ""input13.txt"", ""input14.txt"", ""input15.txt"", ""input16.txt"", ""input17.txt"", ""input18.txt"", ""input19.txt"", ""input20.txt"", ""input21.txt"", ""input22.txt"", ""input23.txt"", ""input24.txt"", ""input25.txt"", ""input26.txt"", ""input27.txt"", ""input28.txt"", ""input29.txt""]","[""input00.txt"", ""input14.txt"", ""input17.txt"", ""input28.txt""]","[""input01.txt"", ""input02.txt"", ""input03.txt"", ""input04.txt"", ""input05.txt"", ""input06.txt"", ""input07.txt"", ""input08.txt"", ""input09.txt"", ""input10.txt"", ""input11.txt"", ""input12.txt"", ""input13.txt"", ""input15.txt"", ""input16.txt"", ""input18.txt"", ""input19.txt"", ""input20.txt"", ""input21.txt"", ""input22.txt"", ""input23.txt"", ""input24.txt"", ""input25.txt"", ""input26.txt"", ""input27.txt"", ""input29.txt""]",16.951627,0.565054,3.0
matei-si-diamantele,1361869243,user_0136,50.0,cpp,grid_scan,1314234411,0.952381,0.992049,1.0,0.969043,0.415361,0.553682,high,30,0,30,0.0,0,2,28,False,[],"[""input00.txt"", ""input01.txt"", ""input02.txt"", ""input03.txt"", ""input04.txt"", ""input05.txt"", ""input06.txt"", ""input07.txt"", ""input08.txt"", ""input09.txt"", ""input10.txt"", ""input11.txt"", ""input12.txt"", ""input13.txt"", ""input14.txt"", ""input15.txt"", ""input16.txt"", ""input17.txt"", ""input18.txt"", ""input19.txt"", ""input20.txt"", ""input21.txt"", ""input22.txt"", ""input23.txt"", ""input24.txt"", ""input25.txt"", ""input26.txt"", ""input27.txt"", ""input28.txt"", ""input29.txt""]","[""input00.txt"", ""input01.txt""]","[""input02.txt"", ""input03.txt"", ""input04.txt"", ""input05.txt"", ""input06.txt"", ""input07.txt"", ""input08.txt"", ""input09.txt"", ""input10.txt"", ""input11.txt"", ""input12.txt"", ""input13.txt"", ""input14.txt"", ""input15.txt"", ""input16.txt"", ""input17.txt"", ""input18.txt"", ""input19.txt"", ""input20.txt"", ""input21.txt"", ""input22.txt"", ""input23.txt"", ""input24.txt"", ""input25.txt"", ""input26.txt"", ""input27.txt"", ""input28.txt"", ""input29.txt""]",11.455275,0.381842,3.0
matei-si-diamantele,1361892615,user_0104,50.0,cpp,grid_scan,1314234411,0.952381,0.995296,1.0,0.970017,0.415694,0.554323,high,30,0,30,0.0,0,4,26,False,[],"[""input00.txt"", ""input01.txt"", ""input02.txt"", ""input03.txt"", ""input04.txt"", ""input05.txt"", ""input06.txt"", ""input07.txt"", ""input08.txt"", ""input09.txt"", ""input10.txt"", ""input11.txt"", ""input12.txt"", ""input13.txt"", ""input14.txt"", ""input15.txt"", ""input16.txt"", ""input17.txt"", ""input18.txt"", ""input19.txt"", ""input20.txt"", ""input21.txt"", ""input22.txt"", ""input23.txt"", ""input24.txt"", ""input25.txt"", ""input26.txt"", ""input27.txt"", ""input28.txt"", ""input29.txt""]","[""input00.txt"", ""input01.txt"", ""input16.txt"", ""input17.txt""]","[""input02.txt"", ""input03.txt"", ""input04.txt"", ""input05.txt"", ""input06.txt"", ""input07.txt"", ""input08.txt"", ""input09.txt"", ""input10.txt"", ""input11.txt"", ""input12.txt"", ""input13.txt"", ""input14.txt"", ""input15.txt"", ""input18.txt"", ""input19.txt"", ""input20.txt"", ""input21.txt"", ""input22.txt"", ""input23.txt"", ""input24.txt"", ""input25.txt"", ""input26.txt"", ""input27.txt"", ""input28.txt"", ""input29.txt""]",17.144157,0.571472,3.0
matei-si-diamantele,1361899304,user_0066,50.0,cpp,grid_scan,1314234411,0.952381,0.990065,1.0,0.968448,0.41532,0.553128,high,30,0,30,0.0,0,1,29,False,[],"[""input00.txt"", ""input01.txt"", ""input02.txt"", ""input03.txt"", ""input04.txt"", ""input05.txt"", ""input06.txt"", ""input07.txt"", ""input08.txt"", ""input09.txt"", ""input10.txt"", ""input11.txt"", ""input12.txt"", ""input13.txt"", ""input14.txt"", ""input15.txt"", ""input16.txt"", ""input17.txt"", ""input18.txt"", ""input19.txt"", ""input20.txt"", ""input21.txt"", ""input22.txt"", ""input23.txt"", ""input24.txt"", ""input25.txt"", ""input26.txt"", ""input27.txt"", ""input28.txt"", ""input29.txt""]","[""input28.txt""]","[""input00.txt"", ""input01.txt"", ""input02.txt"", ""input03.txt"", ""input04.txt"", ""input05.txt"", ""input06.txt"", ""input07.txt"", ""input08.txt"", ""input09.txt"", ""input10.txt"", ""input11.txt"", ""input12.txt"", ""input13.txt"", ""input14.txt"", ""input15.txt"", ""input16.txt"", ""input17.txt"", ""input18.txt"", ""input19.txt"", ""input20.txt"", ""input21.txt"", ""input22.txt"", ""input23.txt"", ""input24.txt"", ""input25.txt"", ""input26.txt"", ""input27.txt"", ""input29.txt""]",8.496332,0.283211,3.0
matei-si-diamantele,1361901458,user_0159,50.0,cpp,grid_scan,1314234411,0.313253,0.831009,1.0,0.537255,0.433447,0.103808,medium,30,16,14,53.33,0,1,13,False,"[""input00.txt"", ""input01.txt"", ""input02.txt"", ""input03.txt"", ""input04.txt"", ""input06.txt"", ""input10.txt"", ""input11.txt"", ""input13.txt"", ""input14.txt"", ""input16.txt"", ""input18.txt"", ""input22.txt"", ""input24.txt"", ""input27.txt"", ""input29.txt""]","[""input05.txt"", ""input07.txt"", ""input08.txt"", ""input09.txt"", ""input12.txt"", ""input15.txt"", ""input17.txt"", ""input19.txt"", ""input20.txt"", ""input21.txt"", ""input23.txt"", ""input25.txt"", ""input26.txt"", ""input28.txt""]","[""input08.txt""]","[""input05.txt"", ""input07.txt"", ""input09.txt"", ""input12.txt"", ""input15.txt"", ""input17.txt"", ""input19.txt"", ""input20.txt"", ""input21.txt"", ""input23.txt"", ""input25.txt"", ""input26.txt"", ""input28.txt""]",22.84939,0.761646,3.0
matei-si-diamantele,1361903314,user_0170,50.0,cpp,grid_scan,1314234411,0.952381,0.99037,1.0,0.968539,0.41534,0.5532,high,30,0,30,0.0,0,3,27,False,[],"[""input00.txt"", ""input01.txt"", ""input02.txt"", ""input03.txt"", ""input04.txt"", ""input05.txt"", ""input06.txt"", ""input07.txt"", ""input08.txt"", ""input09.txt"", ""input10.txt"", ""input11.txt"", ""input12.txt"", ""input13.txt"", ""input14.txt"", ""input15.txt"", ""input16.txt"", ""input17.txt"", ""input18.txt"", ""input19.txt"", ""input20.txt"", ""input21.txt"", ""input22.txt"", ""input23.txt"", ""input24.txt"", ""input25.txt"", ""input26.txt"", ""input27.txt"", ""input28.txt"", ""input29.txt""]","[""input19.txt"", ""input20.txt"", ""input29.txt""]","[""input00.txt"", ""input01.txt"", ""input02.txt"", ""input03.txt"", ""input04.txt"", ""input05.txt"", ""input06.txt"", ""input07.txt"", ""input08.txt"", ""input09.txt"", ""input10.txt"", ""input11.txt"", ""input12.txt"", ""input13.txt"", ""input14.txt"", ""input15.txt"", ""input16.txt"", ""input17.txt"", ""input18.txt"", ""input21.txt"", ""input22.txt"", ""input23.txt"", ""input24.txt"", ""input25.txt"", ""input26.txt"", ""input27.txt"", ""input28.txt""]",14.122587,0.470753,3.0
matei-si-diamantele,1361903704,user_0227,50.0,cpp,grid_scan,1314234411,0.952381,0.99037,1.0,0.968539,0.41534,0.5532,high,30,0,30,0.0,0,3,27,False,[],"[""input00.txt"", ""input01.txt"", ""input02.txt"", ""input03.txt"", ""input04.txt"", ""input05.txt"", ""input06.txt"", ""input07.txt"", ""input08.txt"", ""input09.txt"", ""input10.txt"", ""input11.txt"", ""input12.txt"", ""input13.txt"", ""input14.txt"", ""input15.txt"", ""input16.txt"", ""input17.txt"", ""input18.txt"", ""input19.txt"", ""input20.txt"", ""input21.txt"", ""input22.txt"", ""input23.txt"", ""input24.txt"", ""input25.txt"", ""input26.txt"", ""input27.txt"", ""input28.txt"", ""input29.txt""]","[""input00.txt"", ""input17.txt"", ""input21.txt""]","[""input01.txt"", ""input02.txt"", ""input03.txt"", ""input04.txt"", ""input05.txt"", ""input06.txt"", ""input07.txt"", ""input08.txt"", ""input09.txt"", ""input10.txt"", ""input11.txt"", ""input12.txt"", ""input13.txt"", ""input14.txt"", ""input15.txt"", ""input16.txt"", ""input18.txt"", ""input19.txt"", ""input20.txt"", ""input22.txt"", ""input23.txt"", ""input24.txt"", ""input25.txt"", ""input26.txt"", ""input27.txt"", ""input28.txt"", ""input29.txt""]",15.193437,0.506448,3.0
matei-si-diamantele,1361904583,user_0066,50.0,cpp,unknown,1391825752,0.0,0.98969,0.8214,0.379047,0.366431,0.012616,low,30,26,4,86.67,0,4,0,False,"[""input00.txt"", ""input01.txt"", ""input02.txt"", ""input03.txt"", ""input04.txt"", ""input06.txt"", ""input07.txt"", ""input08.txt"", ""input09.txt"", ""input10.txt"", ""input11.txt"", ""input13.txt"", ""input14.txt"", ""input15.txt"", ""input16.txt"", ""input17.txt"", ""input18.txt"", ""input19.txt"", ""input21.txt"", ""input22.txt"", ""input24.txt"", ""input25.txt"", ""input26.txt"", ""input27.txt"", ""input28.txt"", ""input29.txt""]","[""input05.txt"", ""input12.txt"", ""input20.txt"", ""input23.txt""]","[""input05.txt"", ""input12.txt"", ""input20.txt"", ""input23.txt""]",[],53.026397,1.767547,3.0
matei-si-diamantele,1361910845,user_0262,50.0,java,grid_scan,1314236118,0.672727,0.975098,0.0358,0.699746,0.0,0.699746,medium,30,30,0,100.0,0,0,0,False,"[""input00.txt"", ""input01.txt"", ""input02.txt"", ""input03.txt"", ""input04.txt"", ""input05.txt"", ""input06.txt"", ""input07.txt"", ""input08.txt"", ""input09.txt"", ""input10.txt"", ""input11.txt"", ""input12.txt"", ""input13.txt"", ""input14.txt"", ""input15.txt"", ""input16.txt"", ""input17.txt"", ""input18.txt"", ""input19.txt"", ""input20.txt"", ""input21.txt"", ""input22.txt"", ""input23.txt"", ""input24.txt"", ""input25.txt"", ""input26.txt"", ""input27.txt"", ""input28.txt"", ""input29.txt""]",[],[],[],36.075211,1.202507,2.230932
matei-si-diamantele,1370607065,user_0287,50.0,cpp,unknown,1314234411,0.0,0.902975,1.0,0.370892,0.325243,0.04565,low,30,26,4,86.67,0,4,0,False,"[""input00.txt"", ""input01.txt"", ""input02.txt"", ""input03.txt"", ""input04.txt"", ""input05.txt"", ""input06.txt"", ""input07.txt"", ""input08.txt"", ""input09.txt"", ""input10.txt"", ""input11.txt"", ""input13.txt"", ""input14.txt"", ""input15.txt"", ""input16.txt"", ""input17.txt"", ""input18.txt"", ""input19.txt"", ""input22.txt"", ""input24.txt"", ""input25.txt"", ""input26.txt"", ""input27.txt"", ""input28.txt"", ""input29.txt""]","[""input12.txt"", ""input20.txt"", ""input21.txt"", ""input23.txt""]","[""input12.txt"", ""input20.txt"", ""input21.txt"", ""input23.txt""]",[],53.117347,1.770578,3.0
matei-si-diamantele,1378035023,user_0222,50.0,cpp,bfs,1378117542,0.522523,0.999446,1.0,0.713347,0.511247,0.2021,high,30,28,2,93.33,0,2,0,False,"[""input00.txt"", ""input01.txt"", ""input02.txt"", ""input03.txt"", ""input04.txt"", ""input05.txt"", ""input06.txt"", ""input07.txt"", ""input08.txt"", ""input09.txt"", ""input10.txt"", ""input11.txt"", ""input12.txt"", ""input13.txt"", ""input14.txt"", ""input15.txt"", ""input16.txt"", ""input17.txt"", ""input18.txt"", ""input19.txt"", ""input21.txt"", ""input22.txt"", ""input24.txt"", ""input25.txt"", ""input26.txt"", ""input27.txt"", ""input28.txt"", ""input29.txt""]","[""input20.txt"", ""input23.txt""]","[""input20.txt"", ""input23.txt""]",[],52.506322,1.750211,3.019338
matei-si-diamantele,1378065257,user_0207,50.0,cpp,bfs,1378117542,0.217687,0.938293,1.0,0.5121,0.333266,0.178834,medium,0,0,0,0.0,0,0,0,True,[],[],[],[],0.0,0.0,0.0
matei-si-diamantele,1378092165,user_0209,50.0,cpp,unknown,1391825752,0.333333,0.87075,0.8214,0.543365,0.508364,0.035001,low,30,25,5,83.33,0,5,0,False,"[""input00.txt"", ""input01.txt"", ""input02.txt"", ""input03.txt"", ""input04.txt"", ""input05.txt"", ""input06.txt"", ""input09.txt"", ""input10.txt"", ""input11.txt"", ""input13.txt"", ""input14.txt"", ""input15.txt"", ""input16.txt"", ""input17.txt"", ""input18.txt"", ""input19.txt"", ""input21.txt"", ""input22.txt"", ""input24.txt"", ""input25.txt"", ""input26.txt"", ""input27.txt"", ""input28.txt"", ""input29.txt""]","[""input07.txt"", ""input08.txt"", ""input12.txt"", ""input20.txt"", ""input23.txt""]","[""input07.txt"", ""input08.txt"", ""input12.txt"", ""input20.txt"", ""input23.txt""]",[],56.37932,1.879311,3.050488
matei-si-diamantele,1378092207,user_0209,50.0,cpp,unknown,1391825752,0.329897,0.866166,0.8214,0.539928,0.505495,0.034433,low,30,25,5,83.33,0,5,0,False,"[""input00.txt"", ""input01.txt"", ""input02.txt"", ""input03.txt"", ""input04.txt"", ""input06.txt"", ""input08.txt"", ""input09.txt"", ""input10.txt"", ""input11.txt"", ""input13.txt"", ""input14.txt"", ""input15.txt"", ""input16.txt"", ""input17.txt"", ""input18.txt"", ""input19.txt"", ""input21.txt"", ""input22.txt"", ""input24.txt"", ""input25.txt"", ""input26.txt"", ""input27.txt"", ""input28.txt"", ""input29.txt""]","[""input05.txt"", ""input07.txt"", ""input12.txt"", ""input20.txt"", ""input23.txt""]","[""input05.txt"", ""input07.txt"", ""input12.txt"", ""input20.txt"", ""input23.txt""]",[],56.674237,1.889141,3.029702
matei-si-diamantele,1378096573,user_0201,50.0,java,grid_scan,1314236118,0.606557,0.875075,0.0358,0.630037,0.0,0.630037,medium,30,30,0,100.0,0,0,0,False,"[""input00.txt"", ""input01.txt"", ""input02.txt"", ""input03.txt"", ""input04.txt"", ""input05.txt"", ""input06.txt"", ""input07.txt"", ""input08.txt"", ""input09.txt"", ""input10.txt"", ""input11.txt"", ""input12.txt"", ""input13.txt"", ""input14.txt"", ""input15.txt"", ""input16.txt"", ""input17.txt"", ""input18.txt"", ""input19.txt"", ""input20.txt"", ""input21.txt"", ""input22.txt"", ""input23.txt"", ""input24.txt"", ""input25.txt"", ""input26.txt"", ""input27.txt"", ""input28.txt"", ""input29.txt""]",[],[],[],15.416183,0.513873,0.929937
matei-si-diamantele,1378112521,user_0213,50.0,java,grid_scan,1314236118,0.683544,0.862159,0.0358,0.672354,0.0,0.672354,medium,30,30,0,100.0,0,0,0,False,"[""input00.txt"", ""input01.txt"", ""input02.txt"", ""input03.txt"", ""input04.txt"", ""input05.txt"", ""input06.txt"", ""input07.txt"", ""input08.txt"", ""input09.txt"", ""input10.txt"", ""input11.txt"", ""input12.txt"", ""input13.txt"", ""input14.txt"", ""input15.txt"", ""input16.txt"", ""input17.txt"", ""input18.txt"", ""input19.txt"", ""input20.txt"", ""input21.txt"", ""input22.txt"", ""input23.txt"", ""input24.txt"", ""input25.txt"", ""input26.txt"", ""input27.txt"", ""input28.txt"", ""input29.txt""]",[],[],[],12.044048,0.401468,0.562749
matei-si-diamantele,1378117542,user_0217,50.0,cpp,bfs,1378117542,1.0,1.0,1.0,1.0,1.0,0.0,reference,30,25,5,83.33,0,5,0,False,"[""input00.txt"", ""input01.txt"", ""input02.txt"", ""input03.txt"", ""input04.txt"", ""input06.txt"", ""input07.txt"", ""input09.txt"", ""input10.txt"", ""input11.txt"", ""input13.txt"", ""input14.txt"", ""input15.txt"", ""input16.txt"", ""input17.txt"", ""input18.txt"", ""input19.txt"", ""input21.txt"", ""input22.txt"", ""input24.txt"", ""input25.txt"", ""input26.txt"", ""input27.txt"", ""input28.txt"", ""input29.txt""]","[""input05.txt"", ""input08.txt"", ""input12.txt"", ""input20.txt"", ""input23.txt""]","[""input05.txt"", ""input08.txt"", ""input12.txt"", ""input20.txt"", ""input23.txt""]",[],54.603192,1.820106,3.0
matei-si-diamantele,1378117759,user_0217,50.0,cpp,bfs,1378117542,0.276923,0.980234,1.0,0.560224,0.33855,0.221674,medium,30,27,3,90.0,0,3,0,False,"[""input00.txt"", ""input01.txt"", ""input02.txt"", ""input03.txt"", ""input04.txt"", ""input06.txt"", ""input07.txt"", ""input08.txt"", ""input09.txt"", ""input10.txt"", ""input11.txt"", ""input12.txt"", ""input13.txt"", ""input14.txt"", ""input15.txt"", ""input16.txt"", ""input17.txt"", ""input18.txt"", ""input19.txt"", ""input21.txt"", ""input22.txt"", ""input24.txt"", ""input25.txt"", ""input26.txt"", ""input27.txt"", ""input28.txt"", ""input29.txt""]","[""input05.txt"", ""input20.txt"", ""input23.txt""]","[""input05.txt"", ""input20.txt"", ""input23.txt""]",[],54.889236,1.829641,3.04708
matei-si-diamantele,1378120748,user_0279,50.0,java,grid_scan,1314236118,0.683333,0.852744,0.0358,0.669403,0.0,0.669403,medium,30,30,0,100.0,0,0,0,False,"[""input00.txt"", ""input01.txt"", ""input02.txt"", ""input03.txt"", ""input04.txt"", ""input05.txt"", ""input06.txt"", ""input07.txt"", ""input08.txt"", ""input09.txt"", ""input10.txt"", ""input11.txt"", ""input12.txt"", ""input13.txt"", ""input14.txt"", ""input15.txt"", ""input16.txt"", ""input17.txt"", ""input18.txt"", ""input19.txt"", ""input20.txt"", ""input21.txt"", ""input22.txt"", ""input23.txt"", ""input24.txt"", ""input25.txt"", ""input26.txt"", ""input27.txt"", ""input28.txt"", ""input29.txt""]",[],[],[],24.779479,0.825983,1.785106
matei-si-diamantele,1378121027,user_0210,50.0,cpp,bfs,1378117542,0.806723,0.999551,1.0,0.883899,0.506042,0.377856,high,30,23,7,76.67,0,7,0,False,"[""input00.txt"", ""input01.txt"", ""input02.txt"", ""input03.txt"", ""input04.txt"", ""input06.txt"", ""input09.txt"", ""input10.txt"", ""input11.txt"", ""input13.txt"", ""input14.txt"", ""input15.txt"", ""input16.txt"", ""input17.txt"", ""input18.txt"", ""input19.txt"", ""input22.txt"", ""input24.txt"", ""input25.txt"", ""input26.txt"", ""input27.txt"", ""input28.txt"", ""input29.txt""]","[""input05.txt"", ""input07.txt"", ""input08.txt"", ""input12.txt"", ""input20.txt"", ""input21.txt"", ""input23.txt""]","[""input05.txt"", ""input07.txt"", ""input08.txt"", ""input12.txt"", ""input20.txt"", ""input21.txt"", ""input23.txt""]",[],56.210591,1.873686,3.0
matei-si-diamantele,1378130862,user_0214,50.0,java,grid_scan,1314236118,0.530233,0.85743,0.0358,0.578949,0.0,0.578949,medium,30,30,0,100.0,0,0,0,False,"[""input00.txt"", ""input01.txt"", ""input02.txt"", ""input03.txt"", ""input04.txt"", ""input05.txt"", ""input06.txt"", ""input07.txt"", ""input08.txt"", ""input09.txt"", ""input10.txt"", ""input11.txt"", ""input12.txt"", ""input13.txt"", ""input14.txt"", ""input15.txt"", ""input16.txt"", ""input17.txt"", ""input18.txt"", ""input19.txt"", ""input20.txt"", ""input21.txt"", ""input22.txt"", ""input23.txt"", ""input24.txt"", ""input25.txt"", ""input26.txt"", ""input27.txt"", ""input28.txt"", ""input29.txt""]",[],[],[],25.997855,0.866595,1.445207
matei-si-diamantele,1378143318,user_0206,50.0,java,grid_scan,1314236118,0.639344,0.854749,0.0358,0.643611,0.0,0.643611,medium,30,30,0,100.0,0,0,0,False,"[""input00.txt"", ""input01.txt"", ""input02.txt"", ""input03.txt"", ""input04.txt"", ""input05.txt"", ""input06.txt"", ""input07.txt"", ""input08.txt"", ""input09.txt"", ""input10.txt"", ""input11.txt"", ""input12.txt"", ""input13.txt"", ""input14.txt"", ""input15.txt"", ""input16.txt"", ""input17.txt"", ""input18.txt"", ""input19.txt"", ""input20.txt"", ""input21.txt"", ""input22.txt"", ""input23.txt"", ""input24.txt"", ""input25.txt"", ""input26.txt"", ""input27.txt"", ""input28.txt"", ""input29.txt""]",[],[],[],26.064505,0.868817,2.161852
matei-si-diamantele,1378146862,user_0208,50.0,java,grid_scan,1314236118,0.680162,0.840806,0.0358,0.663919,0.0,0.663919,medium,30,30,0,100.0,0,0,0,False,"[""input00.txt"", ""input01.txt"", ""input02.txt"", ""input03.txt"", ""input04.txt"", ""input05.txt"", ""input06.txt"", ""input07.txt"", ""input08.txt"", ""input09.txt"", ""input10.txt"", ""input11.txt"", ""input12.txt"", ""input13.txt"", ""input14.txt"", ""input15.txt"", ""input16.txt"", ""input17.txt"", ""input18.txt"", ""input19.txt"", ""input20.txt"", ""input21.txt"", ""input22.txt"", ""input23.txt"", ""input24.txt"", ""input25.txt"", ""input26.txt"", ""input27.txt"", ""input28.txt"", ""input29.txt""]",[],[],[],14.799084,0.493303,0.820915
matei-si-diamantele,1378149257,user_0203,50.0,cpp,bfs,1378117542,0.53913,0.997549,1.0,0.722743,0.500528,0.222215,high,30,26,4,86.67,0,4,0,False,"[""input00.txt"", ""input01.txt"", ""input02.txt"", ""input03.txt"", ""input04.txt"", ""input05.txt"", ""input06.txt"", ""input07.txt"", ""input08.txt"", ""input09.txt"", ""input10.txt"", ""input11.txt"", ""input13.txt"", ""input14.txt"", ""input15.txt"", ""input16.txt"", ""input17.txt"", ""input18.txt"", ""input19.txt"", ""input22.txt"", ""input24.txt"", ""input25.txt"", ""input26.txt"", ""input27.txt"", ""input28.txt"", ""input29.txt""]","[""input12.txt"", ""input20.txt"", ""input21.txt"", ""input23.txt""]","[""input12.txt"", ""input20.txt"", ""input21.txt"", ""input23.txt""]",[],53.989616,1.799654,3.0
matei-si-diamantele,1378151931,user_0243,50.0,cpp,grid_scan,1314234411,0.320988,0.861013,1.0,0.550896,0.408221,0.142676,medium,30,0,30,0.0,0,5,25,False,[],"[""input00.txt"", ""input01.txt"", ""input02.txt"", ""input03.txt"", ""input04.txt"", ""input05.txt"", ""input06.txt"", ""input07.txt"", ""input08.txt"", ""input09.txt"", ""input10.txt"", ""input11.txt"", ""input12.txt"", ""input13.txt"", ""input14.txt"", ""input15.txt"", ""input16.txt"", ""input17.txt"", ""input18.txt"", ""input19.txt"", ""input20.txt"", ""input21.txt"", ""input22.txt"", ""input23.txt"", ""input24.txt"", ""input25.txt"", ""input26.txt"", ""input27.txt"", ""input28.txt"", ""input29.txt""]","[""input00.txt"", ""input01.txt"", ""input02.txt"", ""input03.txt"", ""input13.txt""]","[""input04.txt"", ""input05.txt"", ""input06.txt"", ""input07.txt"", ""input08.txt"", ""input09.txt"", ""input10.txt"", ""input11.txt"", ""input12.txt"", ""input14.txt"", ""input15.txt"", ""input16.txt"", ""input17.txt"", ""input18.txt"", ""input19.txt"", ""input20.txt"", ""input21.txt"", ""input22.txt"", ""input23.txt"", ""input24.txt"", ""input25.txt"", ""input26.txt"", ""input27.txt"", ""input28.txt"", ""input29.txt""]",19.221383,0.640713,3.0
matei-si-diamantele,1378153091,user_0211,50.0,cpp,unknown,1314234411,0.0,0.98317,1.0,0.394951,0.355902,0.039049,low,30,0,30,0.0,0,6,24,False,[],"[""input00.txt"", ""input01.txt"", ""input02.txt"", ""input03.txt"", ""input04.txt"", ""input05.txt"", ""input06.txt"", ""input07.txt"", ""input08.txt"", ""input09.txt"", ""input10.txt"", ""input11.txt"", ""input12.txt"", ""input13.txt"", ""input14.txt"", ""input15.txt"", ""input16.txt"", ""input17.txt"", ""input18.txt"", ""input19.txt"", ""input20.txt"", ""input21.txt"", ""input22.txt"", ""input23.txt"", ""input24.txt"", ""input25.txt"", ""input26.txt"", ""input27.txt"", ""input28.txt"", ""input29.txt""]","[""input02.txt"", ""input03.txt"", ""input05.txt"", ""input13.txt"", ""input17.txt"", ""input18.txt""]","[""input00.txt"", ""input01.txt"", ""input04.txt"", ""input06.txt"", ""input07.txt"", ""input08.txt"", ""input09.txt"", ""input10.txt"", ""input11.txt"", ""input12.txt"", ""input14.txt"", ""input15.txt"", ""input16.txt"", ""input19.txt"", ""input20.txt"", ""input21.txt"", ""input22.txt"", ""input23.txt"", ""input24.txt"", ""input25.txt"", ""input26.txt"", ""input27.txt"", ""input28.txt"", ""input29.txt""]",22.709736,0.756991,3.0
matei-si-diamantele,1378153212,user_0205,50.0,cpp,unknown,1391825752,0.0,0.974929,0.8214,0.374619,0.372833,0.001786,low,30,26,4,86.67,0,4,0,False,"[""input00.txt"", ""input01.txt"", ""input02.txt"", ""input03.txt"", ""input04.txt"", ""input05.txt"", ""input06.txt"", ""input07.txt"", ""input08.txt"", ""input09.txt"", ""input10.txt"", ""input11.txt"", ""input13.txt"", ""input14.txt"", ""input15.txt"", ""input16.txt"", ""input17.txt"", ""input18.txt"", ""input19.txt"", ""input22.txt"", ""input24.txt"", ""input25.txt"", ""input26.txt"", ""input27.txt"", ""input28.txt"", ""input29.txt""]","[""input12.txt"", ""input20.txt"", ""input21.txt"", ""input23.txt""]","[""input12.txt"", ""input20.txt"", ""input21.txt"", ""input23.txt""]",[],53.902712,1.796757,3.0
matei-si-diamantele,1378153284,user_0221,50.0,cpp,unknown,1314234411,0.0,0.992696,1.0,0.397809,0.34332,0.054489,low,30,0,30,0.0,0,1,29,False,[],"[""input00.txt"", ""input01.txt"", ""input02.txt"", ""input03.txt"", ""input04.txt"", ""input05.txt"", ""input06.txt"", ""input07.txt"", ""input08.txt"", ""input09.txt"", ""input10.txt"", ""input11.txt"", ""input12.txt"", ""input13.txt"", ""input14.txt"", ""input15.txt"", ""input16.txt"", ""input17.txt"", ""input18.txt"", ""input19.txt"", ""input20.txt"", ""input21.txt"", ""input22.txt"", ""input23.txt"", ""input24.txt"", ""input25.txt"", ""input26.txt"", ""input27.txt"", ""input28.txt"", ""input29.txt""]","[""input17.txt""]","[""input00.txt"", ""input01.txt"", ""input02.txt"", ""input03.txt"", ""input04.txt"", ""input05.txt"", ""input06.txt"", ""input07.txt"", ""input08.txt"", ""input09.txt"", ""input10.txt"", ""input11.txt"", ""input12.txt"", ""input13.txt"", ""input14.txt"", ""input15.txt"", ""input16.txt"", ""input18.txt"", ""input19.txt"", ""input20.txt"", ""input21.txt"", ""input22.txt"", ""input23.txt"", ""input24.txt"", ""input25.txt"", ""input26.txt"", ""input27.txt"", ""input28.txt"", ""input29.txt""]",8.570437,0.285681,3.0
matei-si-diamantele,1378156639,user_0212,50.0,cpp,unknown,1391825752,0.0,0.923332,0.8214,0.359139,0.337931,0.021208,low,30,26,4,86.67,1,3,0,False,"[""input00.txt"", ""input02.txt"", ""input03.txt"", ""input04.txt"", ""input05.txt"", ""input06.txt"", ""input07.txt"", ""input08.txt"", ""input09.txt"", ""input10.txt"", ""input11.txt"", ""input13.txt"", ""input14.txt"", ""input15.txt"", ""input16.txt"", ""input17.txt"", ""input18.txt"", ""input19.txt"", ""input21.txt"", ""input22.txt"", ""input24.txt"", ""input25.txt"", ""input26.txt"", ""input27.txt"", ""input28.txt"", ""input29.txt""]","[""input01.txt"", ""input12.txt"", ""input20.txt"", ""input23.txt""]","[""input12.txt"", ""input20.txt"", ""input23.txt""]",[],55.985937,1.866198,3.022586
matei-si-diamantele,1378158633,user_0220,50.0,java,grid_scan,1314236118,0.581197,0.938457,0.0358,0.633835,0.0,0.633835,medium,30,30,0,100.0,0,0,0,False,"[""input00.txt"", ""input01.txt"", ""input02.txt"", ""input03.txt"", ""input04.txt"", ""input05.txt"", ""input06.txt"", ""input07.txt"", ""input08.txt"", ""input09.txt"", ""input10.txt"", ""input11.txt"", ""input12.txt"", ""input13.txt"", ""input14.txt"", ""input15.txt"", ""input16.txt"", ""input17.txt"", ""input18.txt"", ""input19.txt"", ""input20.txt"", ""input21.txt"", ""input22.txt"", ""input23.txt"", ""input24.txt"", ""input25.txt"", ""input26.txt"", ""input27.txt"", ""input28.txt"", ""input29.txt""]",[],[],[],32.593647,1.086455,1.997386
matei-si-diamantele,1378159087,user_0216,50.0,c,unknown,,0.0,0.0,0.0,0.0,0.0,0.0,no_reference,0,0,0,0.0,0,0,0,True,[],[],[],[],0.0,0.0,0.0
matei-si-diamantele,1378159204,user_0215,50.0,cpp,grid_scan,1314234411,0.421053,0.946174,1.0,0.636484,0.335381,0.301103,medium,30,5,25,16.67,0,23,2,False,"[""input00.txt"", ""input01.txt"", ""input02.txt"", ""input03.txt"", ""input04.txt""]","[""input05.txt"", ""input06.txt"", ""input07.txt"", ""input08.txt"", ""input09.txt"", ""input10.txt"", ""input11.txt"", ""input12.txt"", ""input13.txt"", ""input14.txt"", ""input15.txt"", ""input16.txt"", ""input17.txt"", ""input18.txt"", ""input19.txt"", ""input20.txt"", ""input21.txt"", ""input22.txt"", ""input23.txt"", ""input24.txt"", ""input25.txt"", ""input26.txt"", ""input27.txt"", ""input28.txt"", ""input29.txt""]","[""input05.txt"", ""input06.txt"", ""input07.txt"", ""input08.txt"", ""input09.txt"", ""input12.txt"", ""input13.txt"", ""input14.txt"", ""input15.txt"", ""input16.txt"", ""input17.txt"", ""input18.txt"", ""input19.txt"", ""input20.txt"", ""input21.txt"", ""input22.txt"", ""input23.txt"", ""input24.txt"", ""input25.txt"", ""input26.txt"", ""input27.txt"", ""input28.txt"", ""input29.txt""]","[""input10.txt"", ""input11.txt""]",72.849387,2.428313,3.0
matei-si-diamantele,1378159458,user_0216,50.0,cpp,bfs,1378117542,0.278261,0.999481,1.0,0.566801,0.348277,0.218524,medium,30,23,7,76.67,0,7,0,False,"[""input00.txt"", ""input01.txt"", ""input02.txt"", ""input03.txt"", ""input04.txt"", ""input06.txt"", ""input09.txt"", ""input10.txt"", ""input11.txt"", ""input13.txt"", ""input14.txt"", ""input15.txt"", ""input16.txt"", ""input17.txt"", ""input18.txt"", ""input19.txt"", ""input22.txt"", ""input24.txt"", ""input25.txt"", ""input26.txt"", ""input27.txt"", ""input28.txt"", ""input29.txt""]","[""input05.txt"", ""input07.txt"", ""input08.txt"", ""input12.txt"", ""input20.txt"", ""input21.txt"", ""input23.txt""]","[""input05.txt"", ""input07.txt"", ""input08.txt"", ""input12.txt"", ""input20.txt"", ""input21.txt"", ""input23.txt""]",[],55.74587,1.858196,3.0
matei-si-diamantele,1378160109,user_0200,50.0,cpp,unknown,1378117542,0.213115,0.846325,1.0,0.481766,0.3877,0.094066,low,30,25,5,83.33,0,5,0,False,"[""input00.txt"", ""input01.txt"", ""input02.txt"", ""input03.txt"", ""input04.txt"", ""input06.txt"", ""input07.txt"", ""input08.txt"", ""input09.txt"", ""input10.txt"", ""input11.txt"", ""input13.txt"", ""input14.txt"", ""input15.txt"", ""input16.txt"", ""input17.txt"", ""input18.txt"", ""input19.txt"", ""input22.txt"", ""input24.txt"", ""input25.txt"", ""input26.txt"", ""input27.txt"", ""input28.txt"", ""input29.txt""]","[""input05.txt"", ""input12.txt"", ""input20.txt"", ""input21.txt"", ""input23.txt""]","[""input05.txt"", ""input12.txt"", ""input20.txt"", ""input21.txt"", ""input23.txt""]",[],56.361505,1.878717,3.0
matei-si-diamantele,1378160444,user_0199,50.0,cpp,unknown,1378117542,0.230088,0.999531,1.0,0.537913,0.503901,0.034012,low,30,23,7,76.67,0,7,0,False,"[""input00.txt"", ""input01.txt"", ""input02.txt"", ""input03.txt"", ""input04.txt"", ""input06.txt"", ""input08.txt"", ""input09.txt"", ""input10.txt"", ""input11.txt"", ""input13.txt"", ""input14.txt"", ""input16.txt"", ""input17.txt"", ""input18.txt"", ""input19.txt"", ""input22.txt"", ""input24.txt"", ""input25.txt"", ""input26.txt"", ""input27.txt"", ""input28.txt"", ""input29.txt""]","[""input05.txt"", ""input07.txt"", ""input12.txt"", ""input15.txt"", ""input20.txt"", ""input21.txt"", ""input23.txt""]","[""input05.txt"", ""input07.txt"", ""input12.txt"", ""input15.txt"", ""input20.txt"", ""input21.txt"", ""input23.txt""]",[],55.846514,1.86155,3.0
matei-si-diamantele,1391614243,user_0087,50.0,cpp,unknown,1314234411,0.0,0.842463,1.0,0.352739,0.330921,0.021818,low,30,30,0,100.0,0,0,0,False,"[""input00.txt"", ""input01.txt"", ""input02.txt"", ""input03.txt"", ""input04.txt"", ""input05.txt"", ""input06.txt"", ""input07.txt"", ""input08.txt"", ""input09.txt"", ""input10.txt"", ""input11.txt"", ""input12.txt"", ""input13.txt"", ""input14.txt"", ""input15.txt"", ""input16.txt"", ""input17.txt"", ""input18.txt"", ""input19.txt"", ""input20.txt"", ""input21.txt"", ""input22.txt"", ""input23.txt"", ""input24.txt"", ""input25.txt"", ""input26.txt"", ""input27.txt"", ""input28.txt"", ""input29.txt""]",[],[],[],9.957355,0.331912,0.594553
matei-si-diamantele,1391682518,user_0284,50.0,cpp,bfs,1378117542,0.504348,0.992987,1.0,0.700505,0.500325,0.20018,high,30,30,0,100.0,0,0,0,False,"[""input00.txt"", ""input01.txt"", ""input02.txt"", ""input03.txt"", ""input04.txt"", ""input05.txt"", ""input06.txt"", ""input07.txt"", ""input08.txt"", ""input09.txt"", ""input10.txt"", ""input11.txt"", ""input12.txt"", ""input13.txt"", ""input14.txt"", ""input15.txt"", ""input16.txt"", ""input17.txt"", ""input18.txt"", ""input19.txt"", ""input20.txt"", ""input21.txt"", ""input22.txt"", ""input23.txt"", ""input24.txt"", ""input25.txt"", ""input26.txt"", ""input27.txt"", ""input28.txt"", ""input29.txt""]",[],[],[],9.310492,0.31035,0.623127
matei-si-diamantele,1391739839,user_0278,50.0,java,grid_scan,1314236118,0.664062,0.907919,0.0358,0.674393,0.0,0.674393,medium,30,30,0,100.0,0,0,0,False,"[""input00.txt"", ""input01.txt"", ""input02.txt"", ""input03.txt"", ""input04.txt"", ""input05.txt"", ""input06.txt"", ""input07.txt"", ""input08.txt"", ""input09.txt"", ""input10.txt"", ""input11.txt"", ""input12.txt"", ""input13.txt"", ""input14.txt"", ""input15.txt"", ""input16.txt"", ""input17.txt"", ""input18.txt"", ""input19.txt"", ""input20.txt"", ""input21.txt"", ""input22.txt"", ""input23.txt"", ""input24.txt"", ""input25.txt"", ""input26.txt"", ""input27.txt"", ""input28.txt"", ""input29.txt""]",[],[],[],13.294783,0.443159,0.707186
matei-si-diamantele,1391769625,user_0263,50.0,cpp,unknown,1378117542,0.243478,0.97022,1.0,0.537153,0.509104,0.028049,low,30,30,0,100.0,0,0,0,False,"[""input00.txt"", ""input01.txt"", ""input02.txt"", ""input03.txt"", ""input04.txt"", ""input05.txt"", ""input06.txt"", ""input07.txt"", ""input08.txt"", ""input09.txt"", ""input10.txt"", ""input11.txt"", ""input12.txt"", ""input13.txt"", ""input14.txt"", ""input15.txt"", ""input16.txt"", ""input17.txt"", ""input18.txt"", ""input19.txt"", ""input20.txt"", ""input21.txt"", ""input22.txt"", ""input23.txt"", ""input24.txt"", ""input25.txt"", ""input26.txt"", ""input27.txt"", ""input28.txt"", ""input29.txt""]",[],[],[],9.720279,0.324009,0.595058
matei-si-diamantele,1391802361,user_0196,50.0,cpp,unknown,1391825752,0.0,0.939769,0.8214,0.364071,0.36295,0.001121,low,30,30,0,100.0,0,0,0,False,"[""input00.txt"", ""input01.txt"", ""input02.txt"", ""input03.txt"", ""input04.txt"", ""input05.txt"", ""input06.txt"", ""input07.txt"", ""input08.txt"", ""input09.txt"", ""input10.txt"", ""input11.txt"", ""input12.txt"", ""input13.txt"", ""input14.txt"", ""input15.txt"", ""input16.txt"", ""input17.txt"", ""input18.txt"", ""input19.txt"", ""input20.txt"", ""input21.txt"", ""input22.txt"", ""input23.txt"", ""input24.txt"", ""input25.txt"", ""input26.txt"", ""input27.txt"", ""input28.txt"", ""input29.txt""]",[],[],[],31.881091,1.062703,2.965335
matei-si-diamantele,1391817271,user_0268,50.0,java,grid_scan,1314236118,0.698565,0.887536,0.0358,0.688979,0.0,0.688979,medium,30,30,0,100.0,0,0,0,False,"[""input00.txt"", ""input01.txt"", ""input02.txt"", ""input03.txt"", ""input04.txt"", ""input05.txt"", ""input06.txt"", ""input07.txt"", ""input08.txt"", ""input09.txt"", ""input10.txt"", ""input11.txt"", ""input12.txt"", ""input13.txt"", ""input14.txt"", ""input15.txt"", ""input16.txt"", ""input17.txt"", ""input18.txt"", ""input19.txt"", ""input20.txt"", ""input21.txt"", ""input22.txt"", ""input23.txt"", ""input24.txt"", ""input25.txt"", ""input26.txt"", ""input27.txt"", ""input28.txt"", ""input29.txt""]",[],[],[],11.661491,0.388716,0.667286
matei-si-diamantele,1391817300,user_0268,50.0,java,unknown,1314236118,0.272251,0.848503,0.0358,0.421482,0.0,0.421482,low,30,30,0,100.0,0,0,0,False,"[""input00.txt"", ""input01.txt"", ""input02.txt"", ""input03.txt"", ""input04.txt"", ""input05.txt"", ""input06.txt"", ""input07.txt"", ""input08.txt"", ""input09.txt"", ""input10.txt"", ""input11.txt"", ""input12.txt"", ""input13.txt"", ""input14.txt"", ""input15.txt"", ""input16.txt"", ""input17.txt"", ""input18.txt"", ""input19.txt"", ""input20.txt"", ""input21.txt"", ""input22.txt"", ""input23.txt"", ""input24.txt"", ""input25.txt"", ""input26.txt"", ""input27.txt"", ""input28.txt"", ""input29.txt""]",[],[],[],29.534554,0.984485,1.63186
matei-si-diamantele,1391820045,user_0268,50.0,java,grid_scan,1314236118,0.7,0.912535,0.0358,0.69734,0.0,0.69734,medium,30,30,0,100.0,0,0,0,False,"[""input00.txt"", ""input01.txt"", ""input02.txt"", ""input03.txt"", ""input04.txt"", ""input05.txt"", ""input06.txt"", ""input07.txt"", ""input08.txt"", ""input09.txt"", ""input10.txt"", ""input11.txt"", ""input12.txt"", ""input13.txt"", ""input14.txt"", ""input15.txt"", ""input16.txt"", ""input17.txt"", ""input18.txt"", ""input19.txt"", ""input20.txt"", ""input21.txt"", ""input22.txt"", ""input23.txt"", ""input24.txt"", ""input25.txt"", ""input26.txt"", ""input27.txt"", ""input28.txt"", ""input29.txt""]",[],[],[],29.142494,0.971416,1.816408
matei-si-diamantele,1391825589,user_0258,50.0,cpp,unknown,1391825752,0.0,0.982706,0.8214,0.376952,0.362999,0.013953,low,30,14,16,46.67,0,16,0,False,"[""input00.txt"", ""input01.txt"", ""input02.txt"", ""input03.txt"", ""input04.txt"", ""input06.txt"", ""input10.txt"", ""input11.txt"", ""input13.txt"", ""input14.txt"", ""input18.txt"", ""input24.txt"", ""input27.txt"", ""input29.txt""]","[""input05.txt"", ""input07.txt"", ""input08.txt"", ""input09.txt"", ""input12.txt"", ""input15.txt"", ""input16.txt"", ""input17.txt"", ""input19.txt"", ""input20.txt"", ""input21.txt"", ""input22.txt"", ""input23.txt"", ""input25.txt"", ""input26.txt"", ""input28.txt""]","[""input05.txt"", ""input07.txt"", ""input08.txt"", ""input09.txt"", ""input12.txt"", ""input15.txt"", ""input16.txt"", ""input17.txt"", ""input19.txt"", ""input20.txt"", ""input21.txt"", ""input22.txt"", ""input23.txt"", ""input25.txt"", ""input26.txt"", ""input28.txt""]",[],68.476105,2.282537,3.0
matei-si-diamantele,1391825862,user_0162,50.0,cpp,grid_scan,1391825752,0.512195,0.938811,0.8214,0.6711,0.358831,0.31227,medium,30,22,8,73.33,0,8,0,False,"[""input00.txt"", ""input01.txt"", ""input02.txt"", ""input03.txt"", ""input04.txt"", ""input06.txt"", ""input07.txt"", ""input08.txt"", ""input09.txt"", ""input10.txt"", ""input11.txt"", ""input13.txt"", ""input14.txt"", ""input16.txt"", ""input17.txt"", ""input18.txt"", ""input19.txt"", ""input21.txt"", ""input22.txt"", ""input24.txt"", ""input26.txt"", ""input27.txt""]","[""input05.txt"", ""input12.txt"", ""input15.txt"", ""input20.txt"", ""input23.txt"", ""input25.txt"", ""input28.txt"", ""input29.txt""]","[""input05.txt"", ""input12.txt"", ""input15.txt"", ""input20.txt"", ""input23.txt"", ""input25.txt"", ""input28.txt"", ""input29.txt""]",[],59.096999,1.9699,3.0
matei-si-diamantele,1391856823,user_0278,50.0,java,grid_scan,1314236118,0.55336,0.905672,0.0358,0.607297,0.0,0.607297,medium,30,30,0,100.0,0,0,0,False,"[""input00.txt"", ""input01.txt"", ""input02.txt"", ""input03.txt"", ""input04.txt"", ""input05.txt"", ""input06.txt"", ""input07.txt"", ""input08.txt"", ""input09.txt"", ""input10.txt"", ""input11.txt"", ""input12.txt"", ""input13.txt"", ""input14.txt"", ""input15.txt"", ""input16.txt"", ""input17.txt"", ""input18.txt"", ""input19.txt"", ""input20.txt"", ""input21.txt"", ""input22.txt"", ""input23.txt"", ""input24.txt"", ""input25.txt"", ""input26.txt"", ""input27.txt"", ""input28.txt"", ""input29.txt""]",[],[],[],15.091142,0.503038,0.756879
matei-si-diamantele,1391862369,user_0172,50.0,cpp,unknown,1378117542,0.259259,0.986745,1.0,0.551579,0.518957,0.032622,low,30,27,3,90.0,0,3,0,False,"[""input00.txt"", ""input01.txt"", ""input02.txt"", ""input03.txt"", ""input04.txt"", ""input05.txt"", ""input06.txt"", ""input07.txt"", ""input08.txt"", ""input09.txt"", ""input10.txt"", ""input11.txt"", ""input13.txt"", ""input14.txt"", ""input15.txt"", ""input16.txt"", ""input17.txt"", ""input18.txt"", ""input19.txt"", ""input21.txt"", ""input22.txt"", ""input24.txt"", ""input25.txt"", ""input26.txt"", ""input27.txt"", ""input28.txt"", ""input29.txt""]","[""input12.txt"", ""input20.txt"", ""input23.txt""]","[""input12.txt"", ""input20.txt"", ""input23.txt""]",[],52.594007,1.753134,3.0
matei-si-diamantele,1391862758,user_0169,50.0,cpp,grid_scan,1391825752,0.294737,0.858859,0.8214,0.51664,0.43371,0.08293,medium,30,26,4,86.67,0,4,0,False,"[""input00.txt"", ""input01.txt"", ""input02.txt"", ""input03.txt"", ""input04.txt"", ""input05.txt"", ""input06.txt"", ""input07.txt"", ""input08.txt"", ""input09.txt"", ""input10.txt"", ""input11.txt"", ""input13.txt"", ""input14.txt"", ""input15.txt"", ""input16.txt"", ""input17.txt"", ""input18.txt"", ""input19.txt"", ""input22.txt"", ""input24.txt"", ""input25.txt"", ""input26.txt"", ""input27.txt"", ""input28.txt"", ""input29.txt""]","[""input12.txt"", ""input20.txt"", ""input21.txt"", ""input23.txt""]","[""input12.txt"", ""input20.txt"", ""input21.txt"", ""input23.txt""]",[],52.824278,1.760809,3.0
matei-si-diamantele,1391901684,user_0166,50.0,c,unknown,,0.0,0.0,0.0,0.0,0.0,0.0,no_reference,0,0,0,0.0,0,0,0,True,[],[],[],[],0.0,0.0,0.0
matei-si-diamantele,1391905393,user_0059,50.0,cpp,grid_scan,1391825752,1.0,0.933247,0.8214,0.962114,0.348322,0.613792,high,30,25,5,83.33,0,5,0,False,"[""input00.txt"", ""input01.txt"", ""input02.txt"", ""input03.txt"", ""input04.txt"", ""input05.txt"", ""input06.txt"", ""input09.txt"", ""input10.txt"", ""input11.txt"", ""input12.txt"", ""input13.txt"", ""input14.txt"", ""input15.txt"", ""input16.txt"", ""input17.txt"", ""input18.txt"", ""input19.txt"", ""input22.txt"", ""input24.txt"", ""input25.txt"", ""input26.txt"", ""input27.txt"", ""input28.txt"", ""input29.txt""]","[""input07.txt"", ""input08.txt"", ""input20.txt"", ""input21.txt"", ""input23.txt""]","[""input07.txt"", ""input08.txt"", ""input20.txt"", ""input21.txt"", ""input23.txt""]",[],54.338046,1.811268,3.01919
matei-si-diamantele,1391907417,user_0163,50.0,java,grid_scan,1314236118,0.722772,0.879446,0.0358,0.701077,0.0,0.701077,high,30,30,0,100.0,0,0,0,False,"[""input00.txt"", ""input01.txt"", ""input02.txt"", ""input03.txt"", ""input04.txt"", ""input05.txt"", ""input06.txt"", ""input07.txt"", ""input08.txt"", ""input09.txt"", ""input10.txt"", ""input11.txt"", ""input12.txt"", ""input13.txt"", ""input14.txt"", ""input15.txt"", ""input16.txt"", ""input17.txt"", ""input18.txt"", ""input19.txt"", ""input20.txt"", ""input21.txt"", ""input22.txt"", ""input23.txt"", ""input24.txt"", ""input25.txt"", ""input26.txt"", ""input27.txt"", ""input28.txt"", ""input29.txt""]",[],[],[],15.49668,0.516556,0.987166
matei-si-diamantele,1391927724,user_0198,50.0,cpp,grid_scan,1391825752,0.684932,0.953065,0.8214,0.779018,0.357654,0.421364,high,30,26,4,86.67,0,4,0,False,"[""input00.txt"", ""input01.txt"", ""input02.txt"", ""input03.txt"", ""input04.txt"", ""input06.txt"", ""input07.txt"", ""input08.txt"", ""input09.txt"", ""input10.txt"", ""input11.txt"", ""input13.txt"", ""input14.txt"", ""input15.txt"", ""input16.txt"", ""input17.txt"", ""input18.txt"", ""input19.txt"", ""input21.txt"", ""input22.txt"", ""input24.txt"", ""input25.txt"", ""input26.txt"", ""input27.txt"", ""input28.txt"", ""input29.txt""]","[""input05.txt"", ""input12.txt"", ""input20.txt"", ""input23.txt""]","[""input05.txt"", ""input12.txt"", ""input20.txt"", ""input23.txt""]",[],52.99836,1.766612,3.013487
matei-si-diamantele,1391933713,user_0224,50.0,java,grid_scan,1314236118,0.654378,0.948753,0.0358,0.680833,0.0,0.680833,medium,30,30,0,100.0,0,0,0,False,"[""input00.txt"", ""input01.txt"", ""input02.txt"", ""input03.txt"", ""input04.txt"", ""input05.txt"", ""input06.txt"", ""input07.txt"", ""input08.txt"", ""input09.txt"", ""input10.txt"", ""input11.txt"", ""input12.txt"", ""input13.txt"", ""input14.txt"", ""input15.txt"", ""input16.txt"", ""input17.txt"", ""input18.txt"", ""input19.txt"", ""input20.txt"", ""input21.txt"", ""input22.txt"", ""input23.txt"", ""input24.txt"", ""input25.txt"", ""input26.txt"", ""input27.txt"", ""input28.txt"", ""input29.txt""]",[],[],[],15.69357,0.523119,0.866961
matei-si-diamantele,1391934247,user_0271,50.0,java,grid_scan,1314236118,0.740088,0.987354,0.0358,0.743839,0.0,0.743839,high,30,30,0,100.0,0,0,0,False,"[""input00.txt"", ""input01.txt"", ""input02.txt"", ""input03.txt"", ""input04.txt"", ""input05.txt"", ""input06.txt"", ""input07.txt"", ""input08.txt"", ""input09.txt"", ""input10.txt"", ""input11.txt"", ""input12.txt"", ""input13.txt"", ""input14.txt"", ""input15.txt"", ""input16.txt"", ""input17.txt"", ""input18.txt"", ""input19.txt"", ""input20.txt"", ""input21.txt"", ""input22.txt"", ""input23.txt"", ""input24.txt"", ""input25.txt"", ""input26.txt"", ""input27.txt"", ""input28.txt"", ""input29.txt""]",[],[],[],15.945116,0.531504,1.052544
matei-si-diamantele,1391934479,user_0276,50.0,cpp,grid_scan,1391825752,0.283186,0.831261,0.8214,0.50143,0.389126,0.112304,medium,30,5,25,16.67,0,25,0,False,"[""input00.txt"", ""input01.txt"", ""input02.txt"", ""input03.txt"", ""input04.txt""]","[""input05.txt"", ""input06.txt"", ""input07.txt"", ""input08.txt"", ""input09.txt"", ""input10.txt"", ""input11.txt"", ""input12.txt"", ""input13.txt"", ""input14.txt"", ""input15.txt"", ""input16.txt"", ""input17.txt"", ""input18.txt"", ""input19.txt"", ""input20.txt"", ""input21.txt"", ""input22.txt"", ""input23.txt"", ""input24.txt"", ""input25.txt"", ""input26.txt"", ""input27.txt"", ""input28.txt"", ""input29.txt""]","[""input05.txt"", ""input06.txt"", ""input07.txt"", ""input08.txt"", ""input09.txt"", ""input10.txt"", ""input11.txt"", ""input12.txt"", ""input13.txt"", ""input14.txt"", ""input15.txt"", ""input16.txt"", ""input17.txt"", ""input18.txt"", ""input19.txt"", ""input20.txt"", ""input21.txt"", ""input22.txt"", ""input23.txt"", ""input24.txt"", ""input25.txt"", ""input26.txt"", ""input27.txt"", ""input28.txt"", ""input29.txt""]",[],75.64348,2.521449,3.0
matei-si-diamantele,1391942478,user_0176,50.0,cpp,grid_scan,1391825752,0.415842,0.972765,0.8214,0.623474,0.362652,0.260823,medium,30,27,3,90.0,0,3,0,False,"[""input00.txt"", ""input01.txt"", ""input02.txt"", ""input03.txt"", ""input04.txt"", ""input05.txt"", ""input06.txt"", ""input07.txt"", ""input08.txt"", ""input09.txt"", ""input10.txt"", ""input11.txt"", ""input12.txt"", ""input13.txt"", ""input14.txt"", ""input15.txt"", ""input16.txt"", ""input17.txt"", ""input18.txt"", ""input19.txt"", ""input22.txt"", ""input24.txt"", ""input25.txt"", ""input26.txt"", ""input27.txt"", ""input28.txt"", ""input29.txt""]","[""input20.txt"", ""input21.txt"", ""input23.txt""]","[""input20.txt"", ""input21.txt"", ""input23.txt""]",[],52.409452,1.746982,3.037552
matei-si-diamantele,1391951011,user_0177,50.0,cpp,grid_scan,1314234411,0.617647,0.902712,1.0,0.741402,0.5577,0.183702,high,30,25,5,83.33,0,5,0,False,"[""input00.txt"", ""input01.txt"", ""input02.txt"", ""input03.txt"", ""input04.txt"", ""input06.txt"", ""input07.txt"", ""input08.txt"", ""input09.txt"", ""input10.txt"", ""input11.txt"", ""input13.txt"", ""input14.txt"", ""input15.txt"", ""input16.txt"", ""input17.txt"", ""input18.txt"", ""input19.txt"", ""input22.txt"", ""input24.txt"", ""input25.txt"", ""input26.txt"", ""input27.txt"", ""input28.txt"", ""input29.txt""]","[""input05.txt"", ""input12.txt"", ""input20.txt"", ""input21.txt"", ""input23.txt""]","[""input05.txt"", ""input12.txt"", ""input20.txt"", ""input21.txt"", ""input23.txt""]",[],55.283216,1.842774,3.0
matei-si-diamantele,1391960389,user_0245,50.0,java,grid_scan,1314236118,0.565891,0.876398,0.0358,0.606034,0.0,0.606034,medium,30,30,0,100.0,0,0,0,False,"[""input00.txt"", ""input01.txt"", ""input02.txt"", ""input03.txt"", ""input04.txt"", ""input05.txt"", ""input06.txt"", ""input07.txt"", ""input08.txt"", ""input09.txt"", ""input10.txt"", ""input11.txt"", ""input12.txt"", ""input13.txt"", ""input14.txt"", ""input15.txt"", ""input16.txt"", ""input17.txt"", ""input18.txt"", ""input19.txt"", ""input20.txt"", ""input21.txt"", ""input22.txt"", ""input23.txt"", ""input24.txt"", ""input25.txt"", ""input26.txt"", ""input27.txt"", ""input28.txt"", ""input29.txt""]",[],[],[],17.211116,0.573704,1.163083
matei-si-diamantele,1391964261,user_0194,50.0,cpp,grid_scan,1391825752,0.459459,0.991272,0.8214,0.655197,0.364561,0.290636,medium,30,26,4,86.67,0,4,0,False,"[""input00.txt"", ""input01.txt"", ""input02.txt"", ""input03.txt"", ""input04.txt"", ""input05.txt"", ""input06.txt"", ""input07.txt"", ""input08.txt"", ""input09.txt"", ""input10.txt"", ""input11.txt"", ""input13.txt"", ""input14.txt"", ""input15.txt"", ""input16.txt"", ""input17.txt"", ""input18.txt"", ""input19.txt"", ""input22.txt"", ""input24.txt"", ""input25.txt"", ""input26.txt"", ""input27.txt"", ""input28.txt"", ""input29.txt""]","[""input12.txt"", ""input20.txt"", ""input21.txt"", ""input23.txt""]","[""input12.txt"", ""input20.txt"", ""input21.txt"", ""input23.txt""]",[],55.947773,1.864926,3.0
matei-si-diamantele,1391964711,user_0178,50.0,cpp,grid_scan,1391825752,0.633333,0.922855,0.8214,0.738997,0.337863,0.401133,high,30,25,5,83.33,0,5,0,False,"[""input00.txt"", ""input01.txt"", ""input02.txt"", ""input03.txt"", ""input04.txt"", ""input06.txt"", ""input07.txt"", ""input08.txt"", ""input09.txt"", ""input10.txt"", ""input11.txt"", ""input13.txt"", ""input14.txt"", ""input15.txt"", ""input16.txt"", ""input17.txt"", ""input18.txt"", ""input19.txt"", ""input22.txt"", ""input24.txt"", ""input25.txt"", ""input26.txt"", ""input27.txt"", ""input28.txt"", ""input29.txt""]","[""input05.txt"", ""input12.txt"", ""input20.txt"", ""input21.txt"", ""input23.txt""]","[""input05.txt"", ""input12.txt"", ""input20.txt"", ""input21.txt"", ""input23.txt""]",[],54.698799,1.823293,3.0
matei-si-diamantele,1391970489,user_0192,50.0,cpp,bfs,1378117542,0.477064,0.992728,1.0,0.684057,0.509402,0.174655,medium,30,26,4,86.67,0,4,0,False,"[""input00.txt"", ""input01.txt"", ""input02.txt"", ""input03.txt"", ""input04.txt"", ""input05.txt"", ""input06.txt"", ""input07.txt"", ""input08.txt"", ""input09.txt"", ""input10.txt"", ""input11.txt"", ""input13.txt"", ""input14.txt"", ""input15.txt"", ""input16.txt"", ""input17.txt"", ""input18.txt"", ""input19.txt"", ""input22.txt"", ""input24.txt"", ""input25.txt"", ""input26.txt"", ""input27.txt"", ""input28.txt"", ""input29.txt""]","[""input12.txt"", ""input20.txt"", ""input21.txt"", ""input23.txt""]","[""input12.txt"", ""input20.txt"", ""input21.txt"", ""input23.txt""]",[],55.289636,1.842988,3.0
matei-si-diamantele,1391970625,user_0192,50.0,cpp,grid_scan,1314234411,0.444444,0.911694,1.0,0.640175,0.52319,0.116985,medium,30,25,5,83.33,0,5,0,False,"[""input00.txt"", ""input01.txt"", ""input02.txt"", ""input03.txt"", ""input04.txt"", ""input05.txt"", ""input06.txt"", ""input07.txt"", ""input08.txt"", ""input09.txt"", ""input10.txt"", ""input11.txt"", ""input13.txt"", ""input14.txt"", ""input15.txt"", ""input16.txt"", ""input17.txt"", ""input18.txt"", ""input22.txt"", ""input24.txt"", ""input25.txt"", ""input26.txt"", ""input27.txt"", ""input28.txt"", ""input29.txt""]","[""input12.txt"", ""input19.txt"", ""input20.txt"", ""input21.txt"", ""input23.txt""]","[""input12.txt"", ""input19.txt"", ""input20.txt"", ""input21.txt"", ""input23.txt""]",[],56.119111,1.870637,3.0
matei-si-diamantele,1391971221,user_0192,50.0,cpp,grid_scan,1391825752,0.367816,0.91102,0.8214,0.576136,0.386619,0.189516,medium,30,25,5,83.33,0,5,0,False,"[""input00.txt"", ""input01.txt"", ""input02.txt"", ""input03.txt"", ""input04.txt"", ""input06.txt"", ""input07.txt"", ""input08.txt"", ""input09.txt"", ""input10.txt"", ""input11.txt"", ""input13.txt"", ""input14.txt"", ""input15.txt"", ""input16.txt"", ""input17.txt"", ""input18.txt"", ""input19.txt"", ""input22.txt"", ""input24.txt"", ""input25.txt"", ""input26.txt"", ""input27.txt"", ""input28.txt"", ""input29.txt""]","[""input05.txt"", ""input12.txt"", ""input20.txt"", ""input21.txt"", ""input23.txt""]","[""input05.txt"", ""input12.txt"", ""input20.txt"", ""input21.txt"", ""input23.txt""]",[],54.418617,1.813954,3.0
matei-si-diamantele,1391986473,user_0192,50.0,cpp,grid_scan,1391825752,0.526316,0.936179,0.8214,0.678783,0.368423,0.310361,medium,30,24,6,80.0,0,6,0,False,"[""input00.txt"", ""input01.txt"", ""input02.txt"", ""input03.txt"", ""input04.txt"", ""input06.txt"", ""input08.txt"", ""input09.txt"", ""input10.txt"", ""input11.txt"", ""input13.txt"", ""input14.txt"", ""input15.txt"", ""input16.txt"", ""input17.txt"", ""input18.txt"", ""input19.txt"", ""input22.txt"", ""input24.txt"", ""input25.txt"", ""input26.txt"", ""input27.txt"", ""input28.txt"", ""input29.txt""]","[""input05.txt"", ""input07.txt"", ""input12.txt"", ""input20.txt"", ""input21.txt"", ""input23.txt""]","[""input05.txt"", ""input07.txt"", ""input12.txt"", ""input20.txt"", ""input21.txt"", ""input23.txt""]",[],54.111704,1.803723,3.0
matei-si-diamantele,1391995049,user_0236,50.0,java,grid_scan,1314236118,0.722772,0.879408,0.0358,0.701066,0.0,0.701066,high,30,30,0,100.0,0,0,0,False,"[""input00.txt"", ""input01.txt"", ""input02.txt"", ""input03.txt"", ""input04.txt"", ""input05.txt"", ""input06.txt"", ""input07.txt"", ""input08.txt"", ""input09.txt"", ""input10.txt"", ""input11.txt"", ""input12.txt"", ""input13.txt"", ""input14.txt"", ""input15.txt"", ""input16.txt"", ""input17.txt"", ""input18.txt"", ""input19.txt"", ""input20.txt"", ""input21.txt"", ""input22.txt"", ""input23.txt"", ""input24.txt"", ""input25.txt"", ""input26.txt"", ""input27.txt"", ""input28.txt"", ""input29.txt""]",[],[],[],16.053865,0.535129,0.968843
matei-si-diamantele,1392000917,user_0193,50.0,cpp,grid_scan,1391825752,1.0,0.932451,0.8214,0.961875,0.348573,0.613302,high,30,24,6,80.0,0,6,0,False,"[""input00.txt"", ""input01.txt"", ""input02.txt"", ""input03.txt"", ""input04.txt"", ""input06.txt"", ""input08.txt"", ""input09.txt"", ""input10.txt"", ""input11.txt"", ""input13.txt"", ""input14.txt"", ""input15.txt"", ""input16.txt"", ""input17.txt"", ""input18.txt"", ""input19.txt"", ""input22.txt"", ""input24.txt"", ""input25.txt"", ""input26.txt"", ""input27.txt"", ""input28.txt"", ""input29.txt""]","[""input05.txt"", ""input07.txt"", ""input12.txt"", ""input20.txt"", ""input21.txt"", ""input23.txt""]","[""input05.txt"", ""input07.txt"", ""input12.txt"", ""input20.txt"", ""input21.txt"", ""input23.txt""]",[],54.280364,1.809345,3.0
matei-si-diamantele,1392016149,user_0174,50.0,java,grid_scan,1314236118,0.792453,0.948478,0.0358,0.763595,0.0,0.763595,high,30,30,0,100.0,0,0,0,False,"[""input00.txt"", ""input01.txt"", ""input02.txt"", ""input03.txt"", ""input04.txt"", ""input05.txt"", ""input06.txt"", ""input07.txt"", ""input08.txt"", ""input09.txt"", ""input10.txt"", ""input11.txt"", ""input12.txt"", ""input13.txt"", ""input14.txt"", ""input15.txt"", ""input16.txt"", ""input17.txt"", ""input18.txt"", ""input19.txt"", ""input20.txt"", ""input21.txt"", ""input22.txt"", ""input23.txt"", ""input24.txt"", ""input25.txt"", ""input26.txt"", ""input27.txt"", ""input28.txt"", ""input29.txt""]",[],[],[],14.988646,0.499622,0.853236
matei-si-diamantele,1392033232,user_0195,50.0,cpp,grid_scan,1391825752,0.333333,0.861468,0.8214,0.54058,0.394109,0.146471,medium,30,25,5,83.33,0,5,0,False,"[""input00.txt"", ""input01.txt"", ""input02.txt"", ""input03.txt"", ""input04.txt"", ""input06.txt"", ""input07.txt"", ""input08.txt"", ""input09.txt"", ""input10.txt"", ""input11.txt"", ""input13.txt"", ""input14.txt"", ""input15.txt"", ""input16.txt"", ""input17.txt"", ""input18.txt"", ""input19.txt"", ""input22.txt"", ""input24.txt"", ""input25.txt"", ""input26.txt"", ""input27.txt"", ""input28.txt"", ""input29.txt""]","[""input05.txt"", ""input12.txt"", ""input20.txt"", ""input21.txt"", ""input23.txt""]","[""input05.txt"", ""input12.txt"", ""input20.txt"", ""input21.txt"", ""input23.txt""]",[],54.711328,1.823711,3.0
matei-si-diamantele,1408522783,user_0256,50.0,cpp,grid_scan,1391825752,0.343434,0.891754,0.8214,0.555727,0.384295,0.171432,medium,30,26,4,86.67,0,4,0,False,"[""input00.txt"", ""input01.txt"", ""input02.txt"", ""input03.txt"", ""input04.txt"", ""input05.txt"", ""input06.txt"", ""input07.txt"", ""input08.txt"", ""input09.txt"", ""input10.txt"", ""input11.txt"", ""input13.txt"", ""input14.txt"", ""input15.txt"", ""input16.txt"", ""input17.txt"", ""input18.txt"", ""input19.txt"", ""input22.txt"", ""input24.txt"", ""input25.txt"", ""input26.txt"", ""input27.txt"", ""input28.txt"", ""input29.txt""]","[""input12.txt"", ""input20.txt"", ""input21.txt"", ""input23.txt""]","[""input12.txt"", ""input20.txt"", ""input21.txt"", ""input23.txt""]",[],53.563038,1.785435,3.0
matei-si-diamantele,1408560151,user_0291,50.0,cpp,grid_scan,1391825752,0.795455,0.947251,0.8214,0.843588,0.404563,0.439025,high,30,26,4,86.67,0,4,0,False,"[""input00.txt"", ""input01.txt"", ""input02.txt"", ""input03.txt"", ""input04.txt"", ""input05.txt"", ""input06.txt"", ""input07.txt"", ""input08.txt"", ""input09.txt"", ""input10.txt"", ""input11.txt"", ""input13.txt"", ""input14.txt"", ""input15.txt"", ""input16.txt"", ""input17.txt"", ""input18.txt"", ""input19.txt"", ""input22.txt"", ""input24.txt"", ""input25.txt"", ""input26.txt"", ""input27.txt"", ""input28.txt"", ""input29.txt""]","[""input12.txt"", ""input20.txt"", ""input21.txt"", ""input23.txt""]","[""input12.txt"", ""input20.txt"", ""input21.txt"", ""input23.txt""]",[],53.035458,1.767849,3.0
matei-si-diamantele,1408571299,user_0251,50.0,cpp,unknown,1391825752,0.0,0.919098,0.8214,0.357869,0.336531,0.021339,low,30,30,0,100.0,0,0,0,False,"[""input00.txt"", ""input01.txt"", ""input02.txt"", ""input03.txt"", ""input04.txt"", ""input05.txt"", ""input06.txt"", ""input07.txt"", ""input08.txt"", ""input09.txt"", ""input10.txt"", ""input11.txt"", ""input12.txt"", ""input13.txt"", ""input14.txt"", ""input15.txt"", ""input16.txt"", ""input17.txt"", ""input18.txt"", ""input19.txt"", ""input20.txt"", ""input21.txt"", ""input22.txt"", ""input23.txt"", ""input24.txt"", ""input25.txt"", ""input26.txt"", ""input27.txt"", ""input28.txt"", ""input29.txt""]",[],[],[],7.51554,0.250518,0.411057
