problem,language,first_submission_id,second_submission_id,first_user_id,second_user_id,first_score,second_score,first_result,second_result,first_timestamp,second_timestamp,same_user,same_score,same_result,safe_to_remove,kept_submission_id,removed_submission_id,reason
cutiile-magice,cpp,1323431099,1323431291,user_0009,user_0009,2.78,2.78,Wrong Answer,Wrong Answer,521766,521781,True,True,True,True,1323431099,1323431291,"JPlag AVG 100, same user, same score, same result"
cutiile-magice,cpp,1323431865,1323431878,user_0009,user_0009,50.0,50.0,Accepted,Accepted,521848,521849,True,True,True,True,1323431865,1323431878,"JPlag AVG 100, same user, same score, same result"
cutiile-magice,cpp,1323431350,1323431415,user_0015,user_0015,2.78,2.78,Wrong Answer,Wrong Answer,521788,521795,True,True,True,True,1323431350,1323431415,"JPlag AVG 100, same user, same score, same result"
cutiile-magice,cpp,1314237078,1314237111,user_0020,user_0020,50.0,50.0,Accepted,Accepted,145,147,True,True,True,True,1314237078,1314237111,"JPlag AVG 100, same user, same score, same result"
cutiile-magice,cpp,1314237078,1314237121,user_0020,user_0020,50.0,50.0,Accepted,Accepted,145,148,True,True,True,True,1314237078,1314237121,"JPlag AVG 100, same user, same score, same result"
cutiile-magice,cpp,1314237111,1314237121,user_0020,user_0020,50.0,50.0,Accepted,Accepted,147,148,True,True,True,True,1314237111,1314237121,"JPlag AVG 100, same user, same score, same result"
cutiile-magice,cpp,1344729739,1344729751,user_0031,user_0031,8.33,8.33,Wrong Answer,Wrong Answer,1586134,1586139,True,True,True,True,1344729739,1344729751,"JPlag AVG 100, same user, same score, same result"
cutiile-magice,cpp,1344729743,1344729748,user_0031,user_0031,5.56,5.56,Wrong Answer,Wrong Answer,1586135,1586137,True,True,True,True,1344729743,1344729748,"JPlag AVG 100, same user, same score, same result"
cutiile-magice,cpp,1344729743,1344729753,user_0031,user_0031,5.56,5.56,Wrong Answer,Wrong Answer,1586135,1586140,True,True,True,True,1344729743,1344729753,"JPlag AVG 100, same user, same score, same result"
cutiile-magice,cpp,1344729743,1344729754,user_0031,user_0031,5.56,5.56,Wrong Answer,Wrong Answer,1586135,1586140,True,True,True,True,1344729743,1344729754,"JPlag AVG 100, same user, same score, same result"
cutiile-magice,cpp,1344729743,1344729756,user_0031,user_0031,5.56,5.56,Wrong Answer,Wrong Answer,1586135,1586142,True,True,True,True,1344729743,1344729756,"JPlag AVG 100, same user, same score, same result"
cutiile-magice,cpp,1344729748,1344729753,user_0031,user_0031,5.56,5.56,Wrong Answer,Wrong Answer,1586137,1586140,True,True,True,True,1344729748,1344729753,"JPlag AVG 100, same user, same score, same result"
cutiile-magice,cpp,1344729748,1344729754,user_0031,user_0031,5.56,5.56,Wrong Answer,Wrong Answer,1586137,1586140,True,True,True,True,1344729748,1344729754,"JPlag AVG 100, same user, same score, same result"
cutiile-magice,cpp,1344729748,1344729756,user_0031,user_0031,5.56,5.56,Wrong Answer,Wrong Answer,1586137,1586142,True,True,True,True,1344729748,1344729756,"JPlag AVG 100, same user, same score, same result"
cutiile-magice,cpp,1344729753,1344729754,user_0031,user_0031,5.56,5.56,Wrong Answer,Wrong Answer,1586140,1586140,True,True,True,True,1344729753,1344729754,"JPlag AVG 100, same user, same score, same result"
cutiile-magice,cpp,1344729753,1344729756,user_0031,user_0031,5.56,5.56,Wrong Answer,Wrong Answer,1586140,1586142,True,True,True,True,1344729753,1344729756,"JPlag AVG 100, same user, same score, same result"
cutiile-magice,cpp,1344729754,1344729756,user_0031,user_0031,5.56,5.56,Wrong Answer,Wrong Answer,1586140,1586142,True,True,True,True,1344729754,1344729756,"JPlag AVG 100, same user, same score, same result"
cutiile-magice,cpp,1314235851,1314235906,user_0043,user_0043,2.78,2.78,Wrong Answer,Wrong Answer,69,72,True,True,True,True,1314235851,1314235906,"JPlag AVG 100, same user, same score, same result"
cutiile-magice,cpp,1314236043,1314236112,user_0043,user_0043,2.78,2.78,Wrong Answer,Wrong Answer,80,85,True,True,True,True,1314236043,1314236112,"JPlag AVG 100, same user, same score, same result"
cutiile-magice,cpp,1323410372,1323410467,user_0049,user_0049,2.78,2.78,Wrong Answer,Wrong Answer,521016,521019,True,True,True,True,1323410372,1323410467,"JPlag AVG 100, same user, same score, same result"
cutiile-magice,cpp,1314237617,1314237661,user_0081,user_0081,5.56,5.56,Wrong Answer,Wrong Answer,172,174,True,True,True,True,1314237617,1314237661,"JPlag AVG 100, same user, same score, same result"
cutiile-magice,cpp,1314237617,1314237698,user_0081,user_0081,5.56,5.56,Wrong Answer,Wrong Answer,172,176,True,True,True,True,1314237617,1314237698,"JPlag AVG 100, same user, same score, same result"
cutiile-magice,cpp,1314237661,1314237698,user_0081,user_0081,5.56,5.56,Wrong Answer,Wrong Answer,174,176,True,True,True,True,1314237661,1314237698,"JPlag AVG 100, same user, same score, same result"
cutiile-magice,cpp,1314234701,1314234716,user_0087,user_0087,2.78,2.78,Wrong Answer,Wrong Answer,24,25,True,True,True,True,1314234701,1314234716,"JPlag AVG 100, same user, same score, same result"
cutiile-magice,cpp,1314236136,1314236146,user_0087,user_0087,8.33,8.33,Wrong Answer,Wrong Answer,86,87,True,True,True,True,1314236136,1314236146,"JPlag AVG 100, same user, same score, same result"
cutiile-magice,cpp,1314236136,1314236156,user_0087,user_0087,8.33,8.33,Wrong Answer,Wrong Answer,86,88,True,True,True,True,1314236136,1314236156,"JPlag AVG 100, same user, same score, same result"
cutiile-magice,cpp,1314236146,1314236156,user_0087,user_0087,8.33,8.33,Wrong Answer,Wrong Answer,87,88,True,True,True,True,1314236146,1314236156,"JPlag AVG 100, same user, same score, same result"
cutiile-magice,cpp,1314236211,1314236228,user_0087,user_0087,33.33,33.33,Wrong Answer,Wrong Answer,92,93,True,True,True,True,1314236211,1314236228,"JPlag AVG 100, same user, same score, same result"
cutiile-magice,cpp,1314236738,1314236792,user_0087,user_0087,8.33,8.33,Wrong Answer,Wrong Answer,125,129,True,True,True,True,1314236738,1314236792,"JPlag AVG 100, same user, same score, same result"
cutiile-magice,cpp,1314236738,1314236983,user_0087,user_0087,8.33,8.33,Wrong Answer,Wrong Answer,125,140,True,True,True,True,1314236738,1314236983,"JPlag AVG 100, same user, same score, same result"
cutiile-magice,cpp,1314236792,1314236983,user_0087,user_0087,8.33,8.33,Wrong Answer,Wrong Answer,129,140,True,True,True,True,1314236792,1314236983,"JPlag AVG 100, same user, same score, same result"
cutiile-magice,cpp,1332595217,1332595239,user_0087,user_0087,2.78,2.78,Wrong Answer,Wrong Answer,1021571,1021575,True,True,True,True,1332595217,1332595239,"JPlag AVG 100, same user, same score, same result"
cutiile-magice,cpp,1314237139,1314237269,user_0089,user_0089,2.78,2.78,Wrong Answer,Wrong Answer,149,155,True,True,True,True,1314237139,1314237269,"JPlag AVG 100, same user, same score, same result"
cutiile-magice,cpp,1332719663,1332719678,user_0096,user_0096,5.56,5.56,Wrong Answer,Wrong Answer,1025794,1025796,True,True,True,True,1332719663,1332719678,"JPlag AVG 100, same user, same score, same result"
cutiile-magice,cpp,1314237197,1314237369,user_0102,user_0102,2.78,2.78,Wrong Answer,Wrong Answer,152,160,True,True,True,True,1314237197,1314237369,"JPlag AVG 100, same user, same score, same result"
cutiile-magice,cpp,1332763109,1332763114,user_0111,user_0111,50.0,50.0,Accepted,Accepted,1027228,1027228,True,True,True,True,1332763109,1332763114,"JPlag AVG 100, same user, same score, same result"
cutiile-magice,cpp,1314213343,1314213352,user_0125,user_0125,2.78,2.78,Wrong Answer,Wrong Answer,-2166,-2164,True,True,True,True,1314213343,1314213352,"JPlag AVG 100, same user, same score, same result"
cutiile-magice,cpp,1314213343,1314213388,user_0125,user_0125,2.78,2.78,Wrong Answer,Wrong Answer,-2166,-2155,True,True,True,True,1314213343,1314213388,"JPlag AVG 100, same user, same score, same result"
cutiile-magice,cpp,1314213352,1314213388,user_0125,user_0125,2.78,2.78,Wrong Answer,Wrong Answer,-2164,-2155,True,True,True,True,1314213352,1314213388,"JPlag AVG 100, same user, same score, same result"
cutiile-magice,cpp,1314213373,1314213401,user_0125,user_0125,50.0,50.0,Accepted,Accepted,-2158,-2152,True,True,True,True,1314213373,1314213401,"JPlag AVG 100, same user, same score, same result"
cutiile-magice,cpp,1314236720,1314236739,user_0128,user_0128,50.0,50.0,Accepted,Accepted,124,125,True,True,True,True,1314236720,1314236739,"JPlag AVG 100, same user, same score, same result"
cutiile-magice,cpp,1370576009,1370576016,user_0135,user_0135,27.78,27.78,Wrong Answer,Wrong Answer,2376505,2376506,True,True,True,True,1370576009,1370576016,"JPlag AVG 100, same user, same score, same result"
cutiile-magice,cpp,1370576009,1370576093,user_0135,user_0135,27.78,27.78,Wrong Answer,Wrong Answer,2376505,2376510,True,True,True,True,1370576009,1370576093,"JPlag AVG 100, same user, same score, same result"
cutiile-magice,cpp,1370576016,1370576093,user_0135,user_0135,27.78,27.78,Wrong Answer,Wrong Answer,2376506,2376510,True,True,True,True,1370576016,1370576093,"JPlag AVG 100, same user, same score, same result"
cutiile-magice,cpp,1370578798,1370578807,user_0135,user_0135,50.0,50.0,Accepted,Accepted,2376745,2376747,True,True,True,True,1370578798,1370578807,"JPlag AVG 100, same user, same score, same result"
cutiile-magice,cpp,1314236035,1314236075,user_0136,user_0136,2.78,2.78,Wrong Answer,Wrong Answer,80,82,True,True,True,True,1314236035,1314236075,"JPlag AVG 100, same user, same score, same result"
cutiile-magice,java,1323453896,1323453939,user_0008,user_0008,50.0,50.0,Accepted,Accepted,523134,523136,True,True,True,True,1323453896,1323453939,"JPlag AVG 100, same user, same score, same result"
cutiile-magice,java,1323453896,1323453986,user_0008,user_0008,50.0,50.0,Accepted,Accepted,523134,523139,True,True,True,True,1323453896,1323453986,"JPlag AVG 100, same user, same score, same result"
cutiile-magice,java,1323453896,1323454022,user_0008,user_0008,50.0,50.0,Accepted,Accepted,523134,523141,True,True,True,True,1323453896,1323454022,"JPlag AVG 100, same user, same score, same result"
cutiile-magice,java,1323453939,1323453986,user_0008,user_0008,50.0,50.0,Accepted,Accepted,523136,523139,True,True,True,True,1323453939,1323453986,"JPlag AVG 100, same user, same score, same result"
cutiile-magice,java,1323453939,1323454022,user_0008,user_0008,50.0,50.0,Accepted,Accepted,523136,523141,True,True,True,True,1323453939,1323454022,"JPlag AVG 100, same user, same score, same result"
cutiile-magice,java,1323453986,1323454022,user_0008,user_0008,50.0,50.0,Accepted,Accepted,523139,523141,True,True,True,True,1323453986,1323454022,"JPlag AVG 100, same user, same score, same result"
cutiile-magice,java,1314237300,1314237635,user_0022,user_0022,2.78,2.78,Wrong Answer,Wrong Answer,157,173,True,True,True,True,1314237300,1314237635,"JPlag AVG 100, same user, same score, same result"
cutiile-magice,java,1314237300,1314237694,user_0022,user_0022,2.78,2.78,Wrong Answer,Wrong Answer,157,176,True,True,True,True,1314237300,1314237694,"JPlag AVG 100, same user, same score, same result"
cutiile-magice,java,1314237635,1314237694,user_0022,user_0022,2.78,2.78,Wrong Answer,Wrong Answer,173,176,True,True,True,True,1314237635,1314237694,"JPlag AVG 100, same user, same score, same result"
cutiile-magice,java,1314237253,1314237426,user_0028,user_0028,8.33,8.33,Wrong Answer,Wrong Answer,155,163,True,True,True,True,1314237253,1314237426,"JPlag AVG 100, same user, same score, same result"
cutiile-magice,java,1314236544,1314236596,user_0039,user_0039,5.56,5.56,Wrong Answer,Wrong Answer,113,117,True,True,True,True,1314236544,1314236596,"JPlag AVG 100, same user, same score, same result"
cutiile-magice,java,1314237198,1314237727,user_0070,user_0070,50.0,50.0,Accepted,Accepted,152,177,True,True,True,True,1314237198,1314237727,"JPlag AVG 100, same user, same score, same result"
cutiile-magice,java,1314236767,1314236783,user_0071,user_0071,2.78,2.78,Wrong Answer,Wrong Answer,127,128,True,True,True,True,1314236767,1314236783,"JPlag AVG 100, same user, same score, same result"
cutiile-magice,java,1314237116,1314237247,user_0071,user_0071,2.78,2.78,Wrong Answer,Wrong Answer,147,155,True,True,True,True,1314237116,1314237247,"JPlag AVG 100, same user, same score, same result"
cutiile-magice,java,1314235611,1314235724,user_0085,user_0085,2.78,2.78,Wrong Answer,Wrong Answer,58,63,True,True,True,True,1314235611,1314235724,"JPlag AVG 100, same user, same score, same result"
cutiile-magice,java,1323389510,1323389682,user_0086,user_0086,5.56,5.56,Wrong Answer,Wrong Answer,519814,519822,True,True,True,True,1323389510,1323389682,"JPlag AVG 100, same user, same score, same result"
cutiile-magice,java,1314236835,1314236871,user_0087,user_0087,2.78,2.78,Wrong Answer,Wrong Answer,131,133,True,True,True,True,1314236835,1314236871,"JPlag AVG 100, same user, same score, same result"
cutiile-magice,java,1314237678,1314237834,user_0088,user_0088,2.78,2.78,Wrong Answer,Wrong Answer,175,181,True,True,True,True,1314237678,1314237834,"JPlag AVG 100, same user, same score, same result"
cutiile-magice,java,1378139483,1378139543,user_0100,user_0100,2.78,2.78,Wrong Answer,Wrong Answer,2639578,2639580,True,True,True,True,1378139483,1378139543,"JPlag AVG 100, same user, same score, same result"
cutiile-magice,java,1332764002,1332764094,user_0101,user_0101,2.78,2.78,Wrong Answer,Wrong Answer,1027321,1027335,True,True,True,True,1332764002,1332764094,"JPlag AVG 100, same user, same score, same result"
cutiile-magice,java,1314237210,1314237270,user_0109,user_0109,2.78,2.78,Wrong Answer,Wrong Answer,152,155,True,True,True,True,1314237210,1314237270,"JPlag AVG 100, same user, same score, same result"
cutiile-magice,java,1314236646,1314236723,user_0114,user_0114,5.56,5.56,Wrong Answer,Wrong Answer,120,124,True,True,True,True,1314236646,1314236723,"JPlag AVG 100, same user, same score, same result"
cutiile-magice,java,1314236245,1314236280,user_0116,user_0116,5.56,5.56,Wrong Answer,Wrong Answer,94,96,True,True,True,True,1314236245,1314236280,"JPlag AVG 100, same user, same score, same result"
cutiile-magice,java,1314236677,1314236709,user_0118,user_0118,2.78,2.78,Wrong Answer,Wrong Answer,121,123,True,True,True,True,1314236677,1314236709,"JPlag AVG 100, same user, same score, same result"
gigel-si-raspandirea-vestilor,cpp,1314234908,1314234917,user_0014,user_0014,50.0,50.0,Accepted,Accepted,32,33,True,True,True,True,1314234908,1314234917,"JPlag AVG 100, same user, same score, same result"
gigel-si-raspandirea-vestilor,cpp,1344623105,1344623137,user_0017,user_0017,42.5,42.5,Segmentation Fault,Segmentation Fault,1581234,1581235,True,True,True,True,1344623105,1344623137,"JPlag AVG 100, same user, same score, same result"
gigel-si-raspandirea-vestilor,cpp,1314234899,1314235273,user_0021,user_0021,50.0,50.0,Accepted,Accepted,32,45,True,True,True,True,1314234899,1314235273,"JPlag AVG 100, same user, same score, same result"
gigel-si-raspandirea-vestilor,cpp,1323445078,1323445123,user_0037,user_0037,42.5,42.5,Abort Called,Abort Called,522673,522676,True,True,True,True,1323445078,1323445123,"JPlag AVG 100, same user, same score, same result"
gigel-si-raspandirea-vestilor,cpp,1314237697,1314237746,user_0040,user_0040,42.5,42.5,Segmentation Fault,Segmentation Fault,176,178,True,True,True,True,1314237697,1314237746,"JPlag AVG 100, same user, same score, same result"
gigel-si-raspandirea-vestilor,cpp,1314234800,1314236380,user_0041,user_0041,50.0,50.0,Accepted,Accepted,28,102,True,True,True,True,1314234800,1314236380,"JPlag AVG 100, same user, same score, same result"
gigel-si-raspandirea-vestilor,cpp,1314235783,1314235821,user_0043,user_0043,5.0,5.0,Wrong Answer,Wrong Answer,66,67,True,True,True,True,1314235783,1314235821,"JPlag AVG 100, same user, same score, same result"
gigel-si-raspandirea-vestilor,cpp,1314235783,1314235897,user_0043,user_0043,5.0,5.0,Wrong Answer,Wrong Answer,66,71,True,True,True,True,1314235783,1314235897,"JPlag AVG 100, same user, same score, same result"
gigel-si-raspandirea-vestilor,cpp,1314235821,1314235897,user_0043,user_0043,5.0,5.0,Wrong Answer,Wrong Answer,67,71,True,True,True,True,1314235821,1314235897,"JPlag AVG 100, same user, same score, same result"
gigel-si-raspandirea-vestilor,cpp,1314235491,1314235533,user_0058,user_0058,50.0,50.0,Accepted,Accepted,53,55,True,True,True,True,1314235491,1314235533,"JPlag AVG 100, same user, same score, same result"
gigel-si-raspandirea-vestilor,cpp,1323089769,1323090024,user_0064,user_0064,17.5,17.5,Terminated due ...,Terminated due ...,504219,504225,True,True,True,True,1323089769,1323090024,"JPlag AVG 100, same user, same score, same result"
gigel-si-raspandirea-vestilor,cpp,1323089769,1323090318,user_0064,user_0064,17.5,17.5,Terminated due ...,Terminated due ...,504219,504232,True,True,True,True,1323089769,1323090318,"JPlag AVG 100, same user, same score, same result"
gigel-si-raspandirea-vestilor,cpp,1323090024,1323090318,user_0064,user_0064,17.5,17.5,Terminated due ...,Terminated due ...,504225,504232,True,True,True,True,1323090024,1323090318,"JPlag AVG 100, same user, same score, same result"
gigel-si-raspandirea-vestilor,cpp,1333777537,1333777542,user_0066,user_0066,25.0,25.0,Terminated due ...,Terminated due ...,1076419,1076421,True,True,True,True,1333777537,1333777542,"JPlag AVG 100, same user, same score, same result"
gigel-si-raspandirea-vestilor,cpp,1333777537,1333804486,user_0066,user_0066,25.0,25.0,Terminated due ...,Terminated due ...,1076419,1077712,True,True,True,True,1333777537,1333804486,"JPlag AVG 100, same user, same score, same result"
gigel-si-raspandirea-vestilor,cpp,1333777537,1333804494,user_0066,user_0066,25.0,25.0,Terminated due ...,Terminated due ...,1076419,1077712,True,True,True,True,1333777537,1333804494,"JPlag AVG 100, same user, same score, same result"
gigel-si-raspandirea-vestilor,cpp,1333777542,1333804486,user_0066,user_0066,25.0,25.0,Terminated due ...,Terminated due ...,1076421,1077712,True,True,True,True,1333777542,1333804486,"JPlag AVG 100, same user, same score, same result"
gigel-si-raspandirea-vestilor,cpp,1333777542,1333804494,user_0066,user_0066,25.0,25.0,Terminated due ...,Terminated due ...,1076421,1077712,True,True,True,True,1333777542,1333804494,"JPlag AVG 100, same user, same score, same result"
gigel-si-raspandirea-vestilor,cpp,1333804486,1333804494,user_0066,user_0066,25.0,25.0,Terminated due ...,Terminated due ...,1077712,1077712,True,True,True,True,1333804486,1333804494,"JPlag AVG 100, same user, same score, same result"
gigel-si-raspandirea-vestilor,cpp,1323452051,1323452096,user_0067,user_0067,50.0,50.0,Accepted,Accepted,523036,523038,True,True,True,True,1323452051,1323452096,"JPlag AVG 100, same user, same score, same result"
gigel-si-raspandirea-vestilor,cpp,1314237179,1314237267,user_0081,user_0081,2.5,2.5,Wrong Answer,Wrong Answer,151,155,True,True,True,True,1314237179,1314237267,"JPlag AVG 100, same user, same score, same result"
gigel-si-raspandirea-vestilor,cpp,1314235595,1314235698,user_0097,user_0097,42.5,42.5,Wrong Answer,Wrong Answer,58,62,True,True,True,True,1314235595,1314235698,"JPlag AVG 100, same user, same score, same result"
gigel-si-raspandirea-vestilor,cpp,1344637809,1344637828,user_0125,user_0125,20.0,20.0,Terminated due ...,Terminated due ...,1581778,1581785,True,True,True,True,1344637809,1344637828,"JPlag AVG 100, same user, same score, same result"
gigel-si-raspandirea-vestilor,cpp,1344603930,1344603940,user_0153,user_0153,42.5,42.5,Abort Called,Abort Called,1580263,1580265,True,True,True,True,1344603930,1344603940,"JPlag AVG 100, same user, same score, same result"
gigel-si-raspandirea-vestilor,cpp,1344603958,1344604009,user_0153,user_0153,42.5,42.5,Abort Called,Abort Called,1580268,1580276,True,True,True,True,1344603958,1344604009,"JPlag AVG 100, same user, same score, same result"
gigel-si-raspandirea-vestilor,cpp,1323417757,1323417811,user_0167,user_0167,42.5,42.5,Segmentation Fault,Segmentation Fault,521343,521344,True,True,True,True,1323417757,1323417811,"JPlag AVG 100, same user, same score, same result"
gigel-si-raspandirea-vestilor,cpp,1331970060,1331970072,user_0171,user_0171,25.0,25.0,Terminated due ...,Terminated due ...,991200,991202,True,True,True,True,1331970060,1331970072,"JPlag AVG 100, same user, same score, same result"
gigel-si-raspandirea-vestilor,cpp,1333804466,1333804558,user_0196,user_0196,50.0,50.0,Accepted,Accepted,1077710,1077720,True,True,True,True,1333804466,1333804558,"JPlag AVG 100, same user, same score, same result"
gigel-si-raspandirea-vestilor,cpp,1408520332,1408520356,user_0238,user_0238,7.5,7.5,Wrong Answer,Wrong Answer,3696560,3696561,True,True,True,True,1408520332,1408520356,"JPlag AVG 100, same user, same score, same result"
gigel-si-raspandirea-vestilor,cpp,1408558151,1408560905,user_0238,user_0238,50.0,50.0,Accepted,Accepted,3698087,3698174,True,True,True,True,1408558151,1408560905,"JPlag AVG 100, same user, same score, same result"
gigel-si-raspandirea-vestilor,cpp,1314235298,1314235468,user_0240,user_0240,50.0,50.0,Accepted,Accepted,46,53,True,True,True,True,1314235298,1314235468,"JPlag AVG 100, same user, same score, same result"
gigel-si-raspandirea-vestilor,cpp,1314235309,1314237607,user_0246,user_0246,50.0,50.0,Accepted,Accepted,46,172,True,True,True,True,1314235309,1314237607,"JPlag AVG 100, same user, same score, same result"
gigel-si-raspandirea-vestilor,cpp,1314235045,1314237404,user_0255,user_0255,42.5,42.5,Segmentation Fault,Segmentation Fault,37,162,True,True,True,True,1314235045,1314237404,"JPlag AVG 100, same user, same score, same result"
gigel-si-raspandirea-vestilor,cpp,1314236378,1314236404,user_0260,user_0260,50.0,50.0,Accepted,Accepted,102,104,True,True,True,True,1314236378,1314236404,"JPlag AVG 100, same user, same score, same result"
gigel-si-raspandirea-vestilor,cpp,1378018289,1378155090,user_0299,user_0299,50.0,50.0,Accepted,Accepted,2632515,2639923,True,True,True,True,1378018289,1378155090,"JPlag AVG 100, same user, same score, same result"
gigel-si-raspandirea-vestilor,cpp,1408569037,1408569325,user_0317,user_0317,50.0,50.0,Accepted,Accepted,3698449,3698467,True,True,True,True,1408569037,1408569325,"JPlag AVG 100, same user, same score, same result"
gigel-si-raspandirea-vestilor,cpp,1408569037,1408570962,user_0317,user_0317,50.0,50.0,Accepted,Accepted,3698449,3698638,True,True,True,True,1408569037,1408570962,"JPlag AVG 100, same user, same score, same result"
gigel-si-raspandirea-vestilor,cpp,1408569325,1408570962,user_0317,user_0317,50.0,50.0,Accepted,Accepted,3698467,3698638,True,True,True,True,1408569325,1408570962,"JPlag AVG 100, same user, same score, same result"
gigel-si-raspandirea-vestilor,cpp,1408504480,1408504524,user_0360,user_0360,12.5,12.5,Wrong Answer,Wrong Answer,3696365,3696367,True,True,True,True,1408504480,1408504524,"JPlag AVG 100, same user, same score, same result"
gigel-si-raspandirea-vestilor,cpp,1314236312,1314236483,user_0362,user_0362,50.0,50.0,Accepted,Accepted,99,109,True,True,True,True,1314236312,1314236483,"JPlag AVG 100, same user, same score, same result"
gigel-si-raspandirea-vestilor,cpp,1408550974,1408552368,user_0363,user_0363,50.0,50.0,Accepted,Accepted,3697916,3697936,True,True,True,True,1408550974,1408552368,"JPlag AVG 100, same user, same score, same result"
gigel-si-raspandirea-vestilor,cpp,1408570828,1408570843,user_0397,user_0397,25.0,25.0,Segmentation Fault,Segmentation Fault,3698612,3698614,True,True,True,True,1408570828,1408570843,"JPlag AVG 100, same user, same score, same result"
gigel-si-raspandirea-vestilor,cpp,1408570840,1408570853,user_0397,user_0397,25.0,25.0,Segmentation Fault,Segmentation Fault,3698614,3698616,True,True,True,True,1408570840,1408570853,"JPlag AVG 100, same user, same score, same result"
gigel-si-raspandirea-vestilor,cpp,1391770094,1391770134,user_0398,user_0398,47.5,47.5,Segmentation Fault,Segmentation Fault,3140722,3140724,True,True,True,True,1391770094,1391770134,"JPlag AVG 100, same user, same score, same result"
gigel-si-raspandirea-vestilor,cpp,1408592222,1408593126,user_0406,user_0406,50.0,50.0,Accepted,Accepted,3699242,3699259,True,True,True,True,1408592222,1408593126,"JPlag AVG 100, same user, same score, same result"
gigel-si-raspandirea-vestilor,cpp,1408435665,1408435667,user_0411,user_0411,2.5,2.5,Wrong Answer,Wrong Answer,3692917,3692917,True,True,True,True,1408435665,1408435667,"JPlag AVG 100, same user, same score, same result"
gigel-si-raspandirea-vestilor,cpp,1391934796,1391934839,user_0433,user_0433,25.0,25.0,Abort Called,Abort Called,3148009,3148011,True,True,True,True,1391934796,1391934839,"JPlag AVG 100, same user, same score, same result"
gigel-si-raspandirea-vestilor,java,1314236900,1314237558,user_0004,user_0004,2.5,2.5,Wrong Answer,Wrong Answer,134,170,True,True,True,True,1314236900,1314237558,"JPlag AVG 100, same user, same score, same result"
gigel-si-raspandirea-vestilor,java,1314235032,1314235420,user_0019,user_0019,2.5,2.5,Wrong Answer,Wrong Answer,37,51,True,True,True,True,1314235032,1314235420,"JPlag AVG 100, same user, same score, same result"
gigel-si-raspandirea-vestilor,java,1314235032,1314235457,user_0019,user_0019,2.5,2.5,Wrong Answer,Wrong Answer,37,52,True,True,True,True,1314235032,1314235457,"JPlag AVG 100, same user, same score, same result"
gigel-si-raspandirea-vestilor,java,1314235032,1314235804,user_0019,user_0019,2.5,2.5,Wrong Answer,Wrong Answer,37,67,True,True,True,True,1314235032,1314235804,"JPlag AVG 100, same user, same score, same result"
gigel-si-raspandirea-vestilor,java,1314235420,1314235457,user_0019,user_0019,2.5,2.5,Wrong Answer,Wrong Answer,51,52,True,True,True,True,1314235420,1314235457,"JPlag AVG 100, same user, same score, same result"
gigel-si-raspandirea-vestilor,java,1314235420,1314235804,user_0019,user_0019,2.5,2.5,Wrong Answer,Wrong Answer,51,67,True,True,True,True,1314235420,1314235804,"JPlag AVG 100, same user, same score, same result"
gigel-si-raspandirea-vestilor,java,1314235457,1314235804,user_0019,user_0019,2.5,2.5,Wrong Answer,Wrong Answer,52,67,True,True,True,True,1314235457,1314235804,"JPlag AVG 100, same user, same score, same result"
gigel-si-raspandirea-vestilor,java,1314235064,1314235108,user_0023,user_0023,50.0,50.0,Accepted,Accepted,38,40,True,True,True,True,1314235064,1314235108,"JPlag AVG 100, same user, same score, same result"
gigel-si-raspandirea-vestilor,java,1314235242,1314237348,user_0031,user_0031,7.5,7.5,Wrong Answer,Wrong Answer,44,159,True,True,True,True,1314235242,1314237348,"JPlag AVG 100, same user, same score, same result"
gigel-si-raspandirea-vestilor,java,1314237386,1314237653,user_0031,user_0031,7.5,7.5,Wrong Answer,Wrong Answer,161,173,True,True,True,True,1314237386,1314237653,"JPlag AVG 100, same user, same score, same result"
gigel-si-raspandirea-vestilor,java,1314238913,1314239651,user_0051,user_0051,50.0,50.0,Accepted,Accepted,416,511,True,True,True,True,1314238913,1314239651,"JPlag AVG 100, same user, same score, same result"
gigel-si-raspandirea-vestilor,java,1314236269,1314236398,user_0063,user_0063,2.5,2.5,Wrong Answer,Wrong Answer,95,103,True,True,True,True,1314236269,1314236398,"JPlag AVG 100, same user, same score, same result"
gigel-si-raspandirea-vestilor,java,1344638143,1344638149,user_0120,user_0120,50.0,50.0,Accepted,Accepted,1581882,1581884,True,True,True,True,1344638143,1344638149,"JPlag AVG 100, same user, same score, same result"
gigel-si-raspandirea-vestilor,java,1314236782,1314236886,user_0123,user_0123,27.5,27.5,Runtime Error,Runtime Error,128,133,True,True,True,True,1314236782,1314236886,"JPlag AVG 100, same user, same score, same result"
gigel-si-raspandirea-vestilor,java,1314236782,1314236985,user_0123,user_0123,27.5,27.5,Runtime Error,Runtime Error,128,140,True,True,True,True,1314236782,1314236985,"JPlag AVG 100, same user, same score, same result"
gigel-si-raspandirea-vestilor,java,1314236886,1314236985,user_0123,user_0123,27.5,27.5,Runtime Error,Runtime Error,133,140,True,True,True,True,1314236886,1314236985,"JPlag AVG 100, same user, same score, same result"
gigel-si-raspandirea-vestilor,java,1314234758,1314237709,user_0127,user_0127,50.0,50.0,Accepted,Accepted,26,176,True,True,True,True,1314234758,1314237709,"JPlag AVG 100, same user, same score, same result"
gigel-si-raspandirea-vestilor,java,1314235363,1314235600,user_0137,user_0137,50.0,50.0,Accepted,Accepted,48,58,True,True,True,True,1314235363,1314235600,"JPlag AVG 100, same user, same score, same result"
gigel-si-raspandirea-vestilor,java,1314235460,1314235512,user_0137,user_0137,22.5,22.5,Runtime Error,Runtime Error,52,54,True,True,True,True,1314235460,1314235512,"JPlag AVG 100, same user, same score, same result"
gigel-si-raspandirea-vestilor,java,1314236984,1314237013,user_0143,user_0143,5.0,5.0,Wrong Answer,Wrong Answer,140,142,True,True,True,True,1314236984,1314237013,"JPlag AVG 100, same user, same score, same result"
gigel-si-raspandirea-vestilor,java,1314237236,1314237338,user_0148,user_0148,2.5,2.5,Wrong Answer,Wrong Answer,154,159,True,True,True,True,1314237236,1314237338,"JPlag AVG 100, same user, same score, same result"
gigel-si-raspandirea-vestilor,java,1314237236,1314237572,user_0148,user_0148,2.5,2.5,Wrong Answer,Wrong Answer,154,171,True,True,True,True,1314237236,1314237572,"JPlag AVG 100, same user, same score, same result"
gigel-si-raspandirea-vestilor,java,1314237236,1314237740,user_0148,user_0148,2.5,2.5,Wrong Answer,Wrong Answer,154,177,True,True,True,True,1314237236,1314237740,"JPlag AVG 100, same user, same score, same result"
gigel-si-raspandirea-vestilor,java,1314237338,1314237572,user_0148,user_0148,2.5,2.5,Wrong Answer,Wrong Answer,159,171,True,True,True,True,1314237338,1314237572,"JPlag AVG 100, same user, same score, same result"
gigel-si-raspandirea-vestilor,java,1314237338,1314237740,user_0148,user_0148,2.5,2.5,Wrong Answer,Wrong Answer,159,177,True,True,True,True,1314237338,1314237740,"JPlag AVG 100, same user, same score, same result"
gigel-si-raspandirea-vestilor,java,1314237572,1314237740,user_0148,user_0148,2.5,2.5,Wrong Answer,Wrong Answer,171,177,True,True,True,True,1314237572,1314237740,"JPlag AVG 100, same user, same score, same result"
gigel-si-raspandirea-vestilor,java,1323453195,1323453229,user_0158,user_0158,50.0,50.0,Accepted,Accepted,523084,523086,True,True,True,True,1323453195,1323453229,"JPlag AVG 100, same user, same score, same result"
gigel-si-raspandirea-vestilor,java,1314237537,1314237679,user_0175,user_0175,50.0,50.0,Accepted,Accepted,169,175,True,True,True,True,1314237537,1314237679,"JPlag AVG 100, same user, same score, same result"
gigel-si-raspandirea-vestilor,java,1314235141,1314235245,user_0180,user_0180,20.0,20.0,Terminated due ...,Terminated due ...,41,44,True,True,True,True,1314235141,1314235245,"JPlag AVG 100, same user, same score, same result"
gigel-si-raspandirea-vestilor,java,1314236164,1314236530,user_0185,user_0185,2.5,2.5,Wrong Answer,Wrong Answer,89,112,True,True,True,True,1314236164,1314236530,"JPlag AVG 100, same user, same score, same result"
gigel-si-raspandirea-vestilor,java,1314236164,1314236879,user_0185,user_0185,2.5,2.5,Wrong Answer,Wrong Answer,89,133,True,True,True,True,1314236164,1314236879,"JPlag AVG 100, same user, same score, same result"
gigel-si-raspandirea-vestilor,java,1314236530,1314236879,user_0185,user_0185,2.5,2.5,Wrong Answer,Wrong Answer,112,133,True,True,True,True,1314236530,1314236879,"JPlag AVG 100, same user, same score, same result"
gigel-si-raspandirea-vestilor,java,1314237287,1314237310,user_0185,user_0185,50.0,50.0,Accepted,Accepted,156,158,True,True,True,True,1314237287,1314237310,"JPlag AVG 100, same user, same score, same result"
gigel-si-raspandirea-vestilor,java,1314234492,1314234554,user_0204,user_0204,25.0,25.0,Runtime Error,Runtime Error,14,17,True,True,True,True,1314234492,1314234554,"JPlag AVG 100, same user, same score, same result"
gigel-si-raspandirea-vestilor,java,1314235923,1314235951,user_0224,user_0224,5.0,5.0,Wrong Answer,Wrong Answer,72,74,True,True,True,True,1314235923,1314235951,"JPlag AVG 100, same user, same score, same result"
gigel-si-raspandirea-vestilor,java,1314236554,1314237837,user_0264,user_0264,2.5,2.5,Wrong Answer,Wrong Answer,114,181,True,True,True,True,1314236554,1314237837,"JPlag AVG 100, same user, same score, same result"
gigel-si-raspandirea-vestilor,java,1378121500,1378121512,user_0294,user_0294,50.0,50.0,Accepted,Accepted,2638835,2638838,True,True,True,True,1378121500,1378121512,"JPlag AVG 100, same user, same score, same result"
gigel-si-raspandirea-vestilor,java,1314234585,1314237865,user_0337,user_0337,50.0,50.0,Accepted,Accepted,18,185,True,True,True,True,1314234585,1314237865,"JPlag AVG 100, same user, same score, same result"
gigel-si-raspandirea-vestilor,java,1408456348,1408491609,user_0365,user_0365,50.0,50.0,Accepted,Accepted,3693871,3695519,True,True,True,True,1408456348,1408491609,"JPlag AVG 100, same user, same score, same result"
gigel-si-raspandirea-vestilor,java,1314234443,1314234537,user_0394,user_0394,2.5,2.5,Wrong Answer,Wrong Answer,11,16,True,True,True,True,1314234443,1314234537,"JPlag AVG 100, same user, same score, same result"
gigel-si-raspandirea-vestilor,java,1314234443,1314234653,user_0394,user_0394,2.5,2.5,Wrong Answer,Wrong Answer,11,22,True,True,True,True,1314234443,1314234653,"JPlag AVG 100, same user, same score, same result"
gigel-si-raspandirea-vestilor,java,1314234443,1314235172,user_0394,user_0394,2.5,2.5,Wrong Answer,Wrong Answer,11,42,True,True,True,True,1314234443,1314235172,"JPlag AVG 100, same user, same score, same result"
gigel-si-raspandirea-vestilor,java,1314234537,1314234653,user_0394,user_0394,2.5,2.5,Wrong Answer,Wrong Answer,16,22,True,True,True,True,1314234537,1314234653,"JPlag AVG 100, same user, same score, same result"
gigel-si-raspandirea-vestilor,java,1314234537,1314235172,user_0394,user_0394,2.5,2.5,Wrong Answer,Wrong Answer,16,42,True,True,True,True,1314234537,1314235172,"JPlag AVG 100, same user, same score, same result"
gigel-si-raspandirea-vestilor,java,1314234653,1314235172,user_0394,user_0394,2.5,2.5,Wrong Answer,Wrong Answer,22,42,True,True,True,True,1314234653,1314235172,"JPlag AVG 100, same user, same score, same result"
gigel-si-raspandirea-vestilor,java,1314237290,1314237354,user_0449,user_0449,5.0,5.0,Wrong Answer,Wrong Answer,156,160,True,True,True,True,1314237290,1314237354,"JPlag AVG 100, same user, same score, same result"
gigel-si-raspandirea-vestilor,java,1314235041,1314235077,user_0455,user_0455,42.5,42.5,Runtime Error,Runtime Error,37,39,True,True,True,True,1314235041,1314235077,"JPlag AVG 100, same user, same score, same result"
gigel-si-sosetele,cpp,1361592965,1361593026,user_0001,user_0001,47.92,47.92,Wrong Answer,Wrong Answer,2117030,2117032,True,True,True,True,1361592965,1361593026,"JPlag AVG 100, same user, same score, same result"
gigel-si-sosetele,cpp,1323432402,1323432408,user_0014,user_0014,50.0,50.0,Accepted,Accepted,521913,521914,True,True,True,True,1323432402,1323432408,"JPlag AVG 100, same user, same score, same result"
gigel-si-sosetele,cpp,1323425542,1323425620,user_0017,user_0017,12.5,12.5,Wrong Answer,Wrong Answer,521532,521535,True,True,True,True,1323425542,1323425620,"JPlag AVG 100, same user, same score, same result"
gigel-si-sosetele,cpp,1332756993,1332757083,user_0021,user_0021,50.0,50.0,Accepted,Accepted,1026968,1026972,True,True,True,True,1332756993,1332757083,"JPlag AVG 100, same user, same score, same result"
gigel-si-sosetele,cpp,1314236186,1314236212,user_0034,user_0034,10.42,10.42,Terminated due ...,Terminated due ...,90,92,True,True,True,True,1314236186,1314236212,"JPlag AVG 100, same user, same score, same result"
gigel-si-sosetele,cpp,1314236699,1314236737,user_0034,user_0034,1.04,1.04,Wrong Answer,Wrong Answer,123,125,True,True,True,True,1314236699,1314236737,"JPlag AVG 100, same user, same score, same result"
gigel-si-sosetele,cpp,1323432458,1323432489,user_0036,user_0036,46.88,46.88,Wrong Answer,Wrong Answer,521919,521921,True,True,True,True,1323432458,1323432489,"JPlag AVG 100, same user, same score, same result"
gigel-si-sosetele,cpp,1314234774,1314234785,user_0037,user_0037,50.0,50.0,Accepted,Accepted,27,28,True,True,True,True,1314234774,1314234785,"JPlag AVG 100, same user, same score, same result"
gigel-si-sosetele,cpp,1314237383,1314237674,user_0038,user_0038,2.08,2.08,Terminated due ...,Terminated due ...,161,174,True,True,True,True,1314237383,1314237674,"JPlag AVG 100, same user, same score, same result"
gigel-si-sosetele,cpp,1323425291,1323425476,user_0043,user_0043,2.08,2.08,Wrong Answer,Wrong Answer,521525,521530,True,True,True,True,1323425291,1323425476,"JPlag AVG 100, same user, same score, same result"
gigel-si-sosetele,cpp,1323426173,1323426197,user_0043,user_0043,48.96,48.96,Wrong Answer,Wrong Answer,521554,521555,True,True,True,True,1323426173,1323426197,"JPlag AVG 100, same user, same score, same result"
gigel-si-sosetele,cpp,1323426173,1323426267,user_0043,user_0043,48.96,48.96,Wrong Answer,Wrong Answer,521554,521558,True,True,True,True,1323426173,1323426267,"JPlag AVG 100, same user, same score, same result"
gigel-si-sosetele,cpp,1323426197,1323426267,user_0043,user_0043,48.96,48.96,Wrong Answer,Wrong Answer,521555,521558,True,True,True,True,1323426197,1323426267,"JPlag AVG 100, same user, same score, same result"
gigel-si-sosetele,cpp,1314235717,1314237127,user_0046,user_0046,46.88,46.88,Wrong Answer,Wrong Answer,63,148,True,True,True,True,1314235717,1314237127,"JPlag AVG 100, same user, same score, same result"
gigel-si-sosetele,cpp,1314236956,1314237008,user_0062,user_0062,46.88,46.88,Wrong Answer,Wrong Answer,138,141,True,True,True,True,1314236956,1314237008,"JPlag AVG 100, same user, same score, same result"
gigel-si-sosetele,cpp,1314236956,1314237103,user_0062,user_0062,46.88,46.88,Wrong Answer,Wrong Answer,138,147,True,True,True,True,1314236956,1314237103,"JPlag AVG 100, same user, same score, same result"
gigel-si-sosetele,cpp,1314236956,1314237167,user_0062,user_0062,46.88,46.88,Wrong Answer,Wrong Answer,138,150,True,True,True,True,1314236956,1314237167,"JPlag AVG 100, same user, same score, same result"
gigel-si-sosetele,cpp,1314237008,1314237103,user_0062,user_0062,46.88,46.88,Wrong Answer,Wrong Answer,141,147,True,True,True,True,1314237008,1314237103,"JPlag AVG 100, same user, same score, same result"
gigel-si-sosetele,cpp,1314237008,1314237167,user_0062,user_0062,46.88,46.88,Wrong Answer,Wrong Answer,141,150,True,True,True,True,1314237008,1314237167,"JPlag AVG 100, same user, same score, same result"
gigel-si-sosetele,cpp,1314237043,1314237091,user_0062,user_0062,13.54,13.54,Wrong Answer,Wrong Answer,144,146,True,True,True,True,1314237043,1314237091,"JPlag AVG 100, same user, same score, same result"
gigel-si-sosetele,cpp,1314237103,1314237167,user_0062,user_0062,46.88,46.88,Wrong Answer,Wrong Answer,147,150,True,True,True,True,1314237103,1314237167,"JPlag AVG 100, same user, same score, same result"
gigel-si-sosetele,cpp,1314234883,1314236332,user_0067,user_0067,3.13,3.13,Terminated due ...,Terminated due ...,32,100,True,True,True,True,1314234883,1314236332,"JPlag AVG 100, same user, same score, same result"
gigel-si-sosetele,cpp,1314234883,1314236405,user_0067,user_0067,3.13,3.13,Terminated due ...,Terminated due ...,32,104,True,True,True,True,1314234883,1314236405,"JPlag AVG 100, same user, same score, same result"
gigel-si-sosetele,cpp,1314236332,1314236405,user_0067,user_0067,3.13,3.13,Terminated due ...,Terminated due ...,100,104,True,True,True,True,1314236332,1314236405,"JPlag AVG 100, same user, same score, same result"
gigel-si-sosetele,cpp,1314236220,1314236261,user_0070,user_0070,22.92,22.92,Wrong Answer,Wrong Answer,92,95,True,True,True,True,1314236220,1314236261,"JPlag AVG 100, same user, same score, same result"
gigel-si-sosetele,cpp,1332754138,1332754182,user_0073,user_0073,12.5,12.5,Wrong Answer,Wrong Answer,1026852,1026854,True,True,True,True,1332754138,1332754182,"JPlag AVG 100, same user, same score, same result"
gigel-si-sosetele,cpp,1323079456,1323079492,user_0077,user_0077,46.88,46.88,Wrong Answer,Wrong Answer,504052,504053,True,True,True,True,1323079456,1323079492,"JPlag AVG 100, same user, same score, same result"
gigel-si-sosetele,cpp,1314236267,1314236308,user_0083,user_0083,2.08,2.08,Wrong Answer,Wrong Answer,95,99,True,True,True,True,1314236267,1314236308,"JPlag AVG 100, same user, same score, same result"
gigel-si-sosetele,cpp,1314236267,1314236330,user_0083,user_0083,2.08,2.08,Wrong Answer,Wrong Answer,95,100,True,True,True,True,1314236267,1314236330,"JPlag AVG 100, same user, same score, same result"
gigel-si-sosetele,cpp,1314236267,1314236413,user_0083,user_0083,2.08,2.08,Wrong Answer,Wrong Answer,95,104,True,True,True,True,1314236267,1314236413,"JPlag AVG 100, same user, same score, same result"
gigel-si-sosetele,cpp,1314236308,1314236330,user_0083,user_0083,2.08,2.08,Wrong Answer,Wrong Answer,99,100,True,True,True,True,1314236308,1314236330,"JPlag AVG 100, same user, same score, same result"
gigel-si-sosetele,cpp,1314236308,1314236413,user_0083,user_0083,2.08,2.08,Wrong Answer,Wrong Answer,99,104,True,True,True,True,1314236308,1314236413,"JPlag AVG 100, same user, same score, same result"
gigel-si-sosetele,cpp,1314236330,1314236413,user_0083,user_0083,2.08,2.08,Wrong Answer,Wrong Answer,100,104,True,True,True,True,1314236330,1314236413,"JPlag AVG 100, same user, same score, same result"
gigel-si-sosetele,cpp,1314235481,1314236328,user_0109,user_0109,1.04,1.04,Wrong Answer,Wrong Answer,53,100,True,True,True,True,1314235481,1314236328,"JPlag AVG 100, same user, same score, same result"
gigel-si-sosetele,cpp,1314235154,1314235295,user_0110,user_0110,20.83,20.83,Wrong Answer,Wrong Answer,41,46,True,True,True,True,1314235154,1314235295,"JPlag AVG 100, same user, same score, same result"
gigel-si-sosetele,cpp,1323455597,1323455607,user_0123,user_0123,1.04,1.04,Wrong Answer,Wrong Answer,523269,523270,True,True,True,True,1323455597,1323455607,"JPlag AVG 100, same user, same score, same result"
gigel-si-sosetele,cpp,1314236648,1314236696,user_0137,user_0137,14.58,14.58,Wrong Answer,Wrong Answer,120,123,True,True,True,True,1314236648,1314236696,"JPlag AVG 100, same user, same score, same result"
gigel-si-sosetele,cpp,1314236648,1314237047,user_0137,user_0137,14.58,14.58,Wrong Answer,Wrong Answer,120,144,True,True,True,True,1314236648,1314237047,"JPlag AVG 100, same user, same score, same result"
gigel-si-sosetele,cpp,1314236696,1314237047,user_0137,user_0137,14.58,14.58,Wrong Answer,Wrong Answer,123,144,True,True,True,True,1314236696,1314237047,"JPlag AVG 100, same user, same score, same result"
gigel-si-sosetele,cpp,1323076015,1323076188,user_0140,user_0140,47.92,47.92,Wrong Answer,Wrong Answer,504001,504004,True,True,True,True,1323076015,1323076188,"JPlag AVG 100, same user, same score, same result"
gigel-si-sosetele,cpp,1314234996,1314235115,user_0144,user_0144,1.04,1.04,Wrong Answer,Wrong Answer,36,40,True,True,True,True,1314234996,1314235115,"JPlag AVG 100, same user, same score, same result"
gigel-si-sosetele,cpp,1314235288,1314235367,user_0144,user_0144,1.04,1.04,Wrong Answer,Wrong Answer,46,49,True,True,True,True,1314235288,1314235367,"JPlag AVG 100, same user, same score, same result"
gigel-si-sosetele,cpp,1314235329,1314235350,user_0144,user_0144,1.04,1.04,Wrong Answer,Wrong Answer,47,48,True,True,True,True,1314235329,1314235350,"JPlag AVG 100, same user, same score, same result"
gigel-si-sosetele,cpp,1314235329,1314235389,user_0144,user_0144,1.04,1.04,Wrong Answer,Wrong Answer,47,50,True,True,True,True,1314235329,1314235389,"JPlag AVG 100, same user, same score, same result"
gigel-si-sosetele,cpp,1314235350,1314235389,user_0144,user_0144,1.04,1.04,Wrong Answer,Wrong Answer,48,50,True,True,True,True,1314235350,1314235389,"JPlag AVG 100, same user, same score, same result"
gigel-si-sosetele,cpp,1314236428,1314236725,user_0144,user_0144,36.46,36.46,Wrong Answer,Wrong Answer,105,124,True,True,True,True,1314236428,1314236725,"JPlag AVG 100, same user, same score, same result"
gigel-si-sosetele,cpp,1314236428,1314236742,user_0144,user_0144,36.46,36.46,Wrong Answer,Wrong Answer,105,125,True,True,True,True,1314236428,1314236742,"JPlag AVG 100, same user, same score, same result"
gigel-si-sosetele,cpp,1314236725,1314236742,user_0144,user_0144,36.46,36.46,Wrong Answer,Wrong Answer,124,125,True,True,True,True,1314236725,1314236742,"JPlag AVG 100, same user, same score, same result"
gigel-si-sosetele,cpp,1344637576,1344637589,user_0149,user_0149,12.5,12.5,Wrong Answer,Wrong Answer,1581733,1581736,True,True,True,True,1344637576,1344637589,"JPlag AVG 100, same user, same score, same result"
gigel-si-sosetele,cpp,1344637576,1344637646,user_0149,user_0149,12.5,12.5,Wrong Answer,Wrong Answer,1581733,1581746,True,True,True,True,1344637576,1344637646,"JPlag AVG 100, same user, same score, same result"
gigel-si-sosetele,cpp,1344637589,1344637646,user_0149,user_0149,12.5,12.5,Wrong Answer,Wrong Answer,1581736,1581746,True,True,True,True,1344637589,1344637646,"JPlag AVG 100, same user, same score, same result"
gigel-si-sosetele,cpp,1314236013,1314236095,user_0164,user_0164,5.21,5.21,Wrong Answer,Wrong Answer,78,83,True,True,True,True,1314236013,1314236095,"JPlag AVG 100, same user, same score, same result"
gigel-si-sosetele,cpp,1314236501,1314236670,user_0164,user_0164,11.46,11.46,Wrong Answer,Wrong Answer,110,121,True,True,True,True,1314236501,1314236670,"JPlag AVG 100, same user, same score, same result"
gigel-si-sosetele,cpp,1314237012,1314237117,user_0164,user_0164,26.04,26.04,Wrong Answer,Wrong Answer,142,148,True,True,True,True,1314237012,1314237117,"JPlag AVG 100, same user, same score, same result"
gigel-si-sosetele,cpp,1314237012,1314237153,user_0164,user_0164,26.04,26.04,Wrong Answer,Wrong Answer,142,150,True,True,True,True,1314237012,1314237153,"JPlag AVG 100, same user, same score, same result"
gigel-si-sosetele,cpp,1314237117,1314237153,user_0164,user_0164,26.04,26.04,Wrong Answer,Wrong Answer,148,150,True,True,True,True,1314237117,1314237153,"JPlag AVG 100, same user, same score, same result"
gigel-si-sosetele,cpp,1323432719,1323432742,user_0172,user_0172,12.5,12.5,Wrong Answer,Wrong Answer,521953,521955,True,True,True,True,1323432719,1323432742,"JPlag AVG 100, same user, same score, same result"
gigel-si-sosetele,cpp,1323432719,1323432774,user_0172,user_0172,12.5,12.5,Wrong Answer,Wrong Answer,521953,521959,True,True,True,True,1323432719,1323432774,"JPlag AVG 100, same user, same score, same result"
gigel-si-sosetele,cpp,1323432719,1323432824,user_0172,user_0172,12.5,12.5,Wrong Answer,Wrong Answer,521953,521966,True,True,True,True,1323432719,1323432824,"JPlag AVG 100, same user, same score, same result"
gigel-si-sosetele,cpp,1323432742,1323432774,user_0172,user_0172,12.5,12.5,Wrong Answer,Wrong Answer,521955,521959,True,True,True,True,1323432742,1323432774,"JPlag AVG 100, same user, same score, same result"
gigel-si-sosetele,cpp,1323432742,1323432824,user_0172,user_0172,12.5,12.5,Wrong Answer,Wrong Answer,521955,521966,True,True,True,True,1323432742,1323432824,"JPlag AVG 100, same user, same score, same result"
gigel-si-sosetele,cpp,1323432774,1323432824,user_0172,user_0172,12.5,12.5,Wrong Answer,Wrong Answer,521959,521966,True,True,True,True,1323432774,1323432824,"JPlag AVG 100, same user, same score, same result"
gigel-si-sosetele,cpp,1323432892,1323432896,user_0172,user_0172,12.5,12.5,Wrong Answer,Wrong Answer,521976,521977,True,True,True,True,1323432892,1323432896,"JPlag AVG 100, same user, same score, same result"
gigel-si-sosetele,cpp,1323433002,1323442435,user_0172,user_0172,12.5,12.5,Wrong Answer,Wrong Answer,521991,522571,True,True,True,True,1323433002,1323442435,"JPlag AVG 100, same user, same score, same result"
gigel-si-sosetele,cpp,1323433002,1323442703,user_0172,user_0172,12.5,12.5,Wrong Answer,Wrong Answer,521991,522579,True,True,True,True,1323433002,1323442703,"JPlag AVG 100, same user, same score, same result"
gigel-si-sosetele,cpp,1323433002,1323442848,user_0172,user_0172,12.5,12.5,Wrong Answer,Wrong Answer,521991,522584,True,True,True,True,1323433002,1323442848,"JPlag AVG 100, same user, same score, same result"
gigel-si-sosetele,cpp,1323433002,1323443126,user_0172,user_0172,12.5,12.5,Wrong Answer,Wrong Answer,521991,522594,True,True,True,True,1323433002,1323443126,"JPlag AVG 100, same user, same score, same result"
gigel-si-sosetele,cpp,1323442435,1323442703,user_0172,user_0172,12.5,12.5,Wrong Answer,Wrong Answer,522571,522579,True,True,True,True,1323442435,1323442703,"JPlag AVG 100, same user, same score, same result"
gigel-si-sosetele,cpp,1323442435,1323442848,user_0172,user_0172,12.5,12.5,Wrong Answer,Wrong Answer,522571,522584,True,True,True,True,1323442435,1323442848,"JPlag AVG 100, same user, same score, same result"
gigel-si-sosetele,cpp,1323442435,1323443126,user_0172,user_0172,12.5,12.5,Wrong Answer,Wrong Answer,522571,522594,True,True,True,True,1323442435,1323443126,"JPlag AVG 100, same user, same score, same result"
gigel-si-sosetele,cpp,1323442703,1323442848,user_0172,user_0172,12.5,12.5,Wrong Answer,Wrong Answer,522579,522584,True,True,True,True,1323442703,1323442848,"JPlag AVG 100, same user, same score, same result"
gigel-si-sosetele,cpp,1323442703,1323443126,user_0172,user_0172,12.5,12.5,Wrong Answer,Wrong Answer,522579,522594,True,True,True,True,1323442703,1323443126,"JPlag AVG 100, same user, same score, same result"
gigel-si-sosetele,cpp,1323442848,1323443126,user_0172,user_0172,12.5,12.5,Wrong Answer,Wrong Answer,522584,522594,True,True,True,True,1323442848,1323443126,"JPlag AVG 100, same user, same score, same result"
gigel-si-sosetele,cpp,1323445293,1323445337,user_0172,user_0172,12.5,12.5,Wrong Answer,Wrong Answer,522683,522686,True,True,True,True,1323445293,1323445337,"JPlag AVG 100, same user, same score, same result"
gigel-si-sosetele,cpp,1323445293,1323445365,user_0172,user_0172,12.5,12.5,Wrong Answer,Wrong Answer,522683,522687,True,True,True,True,1323445293,1323445365,"JPlag AVG 100, same user, same score, same result"
gigel-si-sosetele,cpp,1323445337,1323445365,user_0172,user_0172,12.5,12.5,Wrong Answer,Wrong Answer,522686,522687,True,True,True,True,1323445337,1323445365,"JPlag AVG 100, same user, same score, same result"
gigel-si-sosetele,cpp,1323446057,1323446120,user_0172,user_0172,46.88,46.88,Wrong Answer,Wrong Answer,522717,522720,True,True,True,True,1323446057,1323446120,"JPlag AVG 100, same user, same score, same result"
gigel-si-sosetele,cpp,1314235936,1314235959,user_0177,user_0177,19.79,19.79,Wrong Answer,Wrong Answer,73,75,True,True,True,True,1314235936,1314235959,"JPlag AVG 100, same user, same score, same result"
gigel-si-sosetele,cpp,1314235936,1314235998,user_0177,user_0177,19.79,19.79,Wrong Answer,Wrong Answer,73,77,True,True,True,True,1314235936,1314235998,"JPlag AVG 100, same user, same score, same result"
gigel-si-sosetele,cpp,1314235959,1314235998,user_0177,user_0177,19.79,19.79,Wrong Answer,Wrong Answer,75,77,True,True,True,True,1314235959,1314235998,"JPlag AVG 100, same user, same score, same result"
gigel-si-sosetele,cpp,1314237791,1314237820,user_0184,user_0184,2.08,2.08,Wrong Answer,Wrong Answer,179,180,True,True,True,True,1314237791,1314237820,"JPlag AVG 100, same user, same score, same result"
gigel-si-sosetele,cpp,1323073911,1323074055,user_0187,user_0187,2.08,2.08,Segmentation Fault,Segmentation Fault,503968,503971,True,True,True,True,1323073911,1323074055,"JPlag AVG 100, same user, same score, same result"
gigel-si-sosetele,cpp,1323078759,1323079467,user_0187,user_0187,46.88,46.88,Wrong Answer,Wrong Answer,504042,504053,True,True,True,True,1323078759,1323079467,"JPlag AVG 100, same user, same score, same result"
gigel-si-sosetele,cpp,1323445954,1323446447,user_0203,user_0203,40.63,40.63,Wrong Answer,Wrong Answer,522712,522735,True,True,True,True,1323445954,1323446447,"JPlag AVG 100, same user, same score, same result"
gigel-si-sosetele,cpp,1323445954,1323447184,user_0203,user_0203,40.63,40.63,Wrong Answer,Wrong Answer,522712,522770,True,True,True,True,1323445954,1323447184,"JPlag AVG 100, same user, same score, same result"
gigel-si-sosetele,cpp,1323446447,1323447184,user_0203,user_0203,40.63,40.63,Wrong Answer,Wrong Answer,522735,522770,True,True,True,True,1323446447,1323447184,"JPlag AVG 100, same user, same score, same result"
gigel-si-sosetele,cpp,1314235882,1314235986,user_0215,user_0215,8.33,8.33,Wrong Answer,Wrong Answer,70,76,True,True,True,True,1314235882,1314235986,"JPlag AVG 100, same user, same score, same result"
gigel-si-sosetele,cpp,1314235882,1314236084,user_0215,user_0215,8.33,8.33,Wrong Answer,Wrong Answer,70,82,True,True,True,True,1314235882,1314236084,"JPlag AVG 100, same user, same score, same result"
gigel-si-sosetele,cpp,1314235882,1314236098,user_0215,user_0215,8.33,8.33,Wrong Answer,Wrong Answer,70,84,True,True,True,True,1314235882,1314236098,"JPlag AVG 100, same user, same score, same result"
gigel-si-sosetele,cpp,1314235986,1314236084,user_0215,user_0215,8.33,8.33,Wrong Answer,Wrong Answer,76,82,True,True,True,True,1314235986,1314236084,"JPlag AVG 100, same user, same score, same result"
gigel-si-sosetele,cpp,1314235986,1314236098,user_0215,user_0215,8.33,8.33,Wrong Answer,Wrong Answer,76,84,True,True,True,True,1314235986,1314236098,"JPlag AVG 100, same user, same score, same result"
gigel-si-sosetele,cpp,1314236084,1314236098,user_0215,user_0215,8.33,8.33,Wrong Answer,Wrong Answer,82,84,True,True,True,True,1314236084,1314236098,"JPlag AVG 100, same user, same score, same result"
gigel-si-sosetele,cpp,1314236698,1314236820,user_0215,user_0215,5.21,5.21,Wrong Answer,Wrong Answer,123,131,True,True,True,True,1314236698,1314236820,"JPlag AVG 100, same user, same score, same result"
gigel-si-sosetele,cpp,1314236698,1314236906,user_0215,user_0215,5.21,5.21,Wrong Answer,Wrong Answer,123,135,True,True,True,True,1314236698,1314236906,"JPlag AVG 100, same user, same score, same result"
gigel-si-sosetele,cpp,1314236714,1314236789,user_0215,user_0215,1.04,1.04,Wrong Answer,Wrong Answer,124,129,True,True,True,True,1314236714,1314236789,"JPlag AVG 100, same user, same score, same result"
gigel-si-sosetele,cpp,1314236806,1314236831,user_0215,user_0215,2.08,2.08,Wrong Answer,Wrong Answer,130,131,True,True,True,True,1314236806,1314236831,"JPlag AVG 100, same user, same score, same result"
gigel-si-sosetele,cpp,1314236815,1314236849,user_0215,user_0215,6.25,6.25,Wrong Answer,Wrong Answer,130,131,True,True,True,True,1314236815,1314236849,"JPlag AVG 100, same user, same score, same result"
gigel-si-sosetele,cpp,1314236815,1314236895,user_0215,user_0215,6.25,6.25,Wrong Answer,Wrong Answer,130,134,True,True,True,True,1314236815,1314236895,"JPlag AVG 100, same user, same score, same result"
gigel-si-sosetele,cpp,1314236820,1314236906,user_0215,user_0215,5.21,5.21,Wrong Answer,Wrong Answer,131,135,True,True,True,True,1314236820,1314236906,"JPlag AVG 100, same user, same score, same result"
gigel-si-sosetele,cpp,1314236849,1314236895,user_0215,user_0215,6.25,6.25,Wrong Answer,Wrong Answer,131,134,True,True,True,True,1314236849,1314236895,"JPlag AVG 100, same user, same score, same result"
gigel-si-sosetele,cpp,1314236989,1314237176,user_0215,user_0215,1.04,1.04,Wrong Answer,Wrong Answer,140,151,True,True,True,True,1314236989,1314237176,"JPlag AVG 100, same user, same score, same result"
gigel-si-sosetele,cpp,1314236989,1314237331,user_0215,user_0215,1.04,1.04,Wrong Answer,Wrong Answer,140,158,True,True,True,True,1314236989,1314237331,"JPlag AVG 100, same user, same score, same result"
gigel-si-sosetele,cpp,1314236989,1314237352,user_0215,user_0215,1.04,1.04,Wrong Answer,Wrong Answer,140,160,True,True,True,True,1314236989,1314237352,"JPlag AVG 100, same user, same score, same result"
gigel-si-sosetele,cpp,1314237010,1314237017,user_0215,user_0215,5.21,5.21,Wrong Answer,Wrong Answer,141,142,True,True,True,True,1314237010,1314237017,"JPlag AVG 100, same user, same score, same result"
gigel-si-sosetele,cpp,1314237010,1314237027,user_0215,user_0215,5.21,5.21,Wrong Answer,Wrong Answer,141,143,True,True,True,True,1314237010,1314237027,"JPlag AVG 100, same user, same score, same result"
gigel-si-sosetele,cpp,1314237010,1314237071,user_0215,user_0215,5.21,5.21,Wrong Answer,Wrong Answer,141,145,True,True,True,True,1314237010,1314237071,"JPlag AVG 100, same user, same score, same result"
gigel-si-sosetele,cpp,1314237010,1314237098,user_0215,user_0215,5.21,5.21,Wrong Answer,Wrong Answer,141,146,True,True,True,True,1314237010,1314237098,"JPlag AVG 100, same user, same score, same result"
gigel-si-sosetele,cpp,1314237010,1314237104,user_0215,user_0215,5.21,5.21,Wrong Answer,Wrong Answer,141,147,True,True,True,True,1314237010,1314237104,"JPlag AVG 100, same user, same score, same result"
gigel-si-sosetele,cpp,1314237010,1314237113,user_0215,user_0215,5.21,5.21,Wrong Answer,Wrong Answer,141,147,True,True,True,True,1314237010,1314237113,"JPlag AVG 100, same user, same score, same result"
gigel-si-sosetele,cpp,1314237010,1314237122,user_0215,user_0215,5.21,5.21,Wrong Answer,Wrong Answer,141,148,True,True,True,True,1314237010,1314237122,"JPlag AVG 100, same user, same score, same result"
gigel-si-sosetele,cpp,1314237010,1314237131,user_0215,user_0215,5.21,5.21,Wrong Answer,Wrong Answer,141,148,True,True,True,True,1314237010,1314237131,"JPlag AVG 100, same user, same score, same result"
gigel-si-sosetele,cpp,1314237010,1314237191,user_0215,user_0215,5.21,5.21,Wrong Answer,Wrong Answer,141,151,True,True,True,True,1314237010,1314237191,"JPlag AVG 100, same user, same score, same result"
gigel-si-sosetele,cpp,1314237010,1314237361,user_0215,user_0215,5.21,5.21,Wrong Answer,Wrong Answer,141,160,True,True,True,True,1314237010,1314237361,"JPlag AVG 100, same user, same score, same result"
gigel-si-sosetele,cpp,1314237017,1314237027,user_0215,user_0215,5.21,5.21,Wrong Answer,Wrong Answer,142,143,True,True,True,True,1314237017,1314237027,"JPlag AVG 100, same user, same score, same result"
gigel-si-sosetele,cpp,1314237017,1314237071,user_0215,user_0215,5.21,5.21,Wrong Answer,Wrong Answer,142,145,True,True,True,True,1314237017,1314237071,"JPlag AVG 100, same user, same score, same result"
gigel-si-sosetele,cpp,1314237017,1314237098,user_0215,user_0215,5.21,5.21,Wrong Answer,Wrong Answer,142,146,True,True,True,True,1314237017,1314237098,"JPlag AVG 100, same user, same score, same result"
gigel-si-sosetele,cpp,1314237017,1314237104,user_0215,user_0215,5.21,5.21,Wrong Answer,Wrong Answer,142,147,True,True,True,True,1314237017,1314237104,"JPlag AVG 100, same user, same score, same result"
gigel-si-sosetele,cpp,1314237017,1314237113,user_0215,user_0215,5.21,5.21,Wrong Answer,Wrong Answer,142,147,True,True,True,True,1314237017,1314237113,"JPlag AVG 100, same user, same score, same result"
gigel-si-sosetele,cpp,1314237017,1314237122,user_0215,user_0215,5.21,5.21,Wrong Answer,Wrong Answer,142,148,True,True,True,True,1314237017,1314237122,"JPlag AVG 100, same user, same score, same result"
gigel-si-sosetele,cpp,1314237017,1314237131,user_0215,user_0215,5.21,5.21,Wrong Answer,Wrong Answer,142,148,True,True,True,True,1314237017,1314237131,"JPlag AVG 100, same user, same score, same result"
gigel-si-sosetele,cpp,1314237017,1314237191,user_0215,user_0215,5.21,5.21,Wrong Answer,Wrong Answer,142,151,True,True,True,True,1314237017,1314237191,"JPlag AVG 100, same user, same score, same result"
gigel-si-sosetele,cpp,1314237017,1314237361,user_0215,user_0215,5.21,5.21,Wrong Answer,Wrong Answer,142,160,True,True,True,True,1314237017,1314237361,"JPlag AVG 100, same user, same score, same result"
gigel-si-sosetele,cpp,1314237027,1314237071,user_0215,user_0215,5.21,5.21,Wrong Answer,Wrong Answer,143,145,True,True,True,True,1314237027,1314237071,"JPlag AVG 100, same user, same score, same result"
gigel-si-sosetele,cpp,1314237027,1314237098,user_0215,user_0215,5.21,5.21,Wrong Answer,Wrong Answer,143,146,True,True,True,True,1314237027,1314237098,"JPlag AVG 100, same user, same score, same result"
gigel-si-sosetele,cpp,1314237027,1314237104,user_0215,user_0215,5.21,5.21,Wrong Answer,Wrong Answer,143,147,True,True,True,True,1314237027,1314237104,"JPlag AVG 100, same user, same score, same result"
gigel-si-sosetele,cpp,1314237027,1314237113,user_0215,user_0215,5.21,5.21,Wrong Answer,Wrong Answer,143,147,True,True,True,True,1314237027,1314237113,"JPlag AVG 100, same user, same score, same result"
gigel-si-sosetele,cpp,1314237027,1314237122,user_0215,user_0215,5.21,5.21,Wrong Answer,Wrong Answer,143,148,True,True,True,True,1314237027,1314237122,"JPlag AVG 100, same user, same score, same result"
gigel-si-sosetele,cpp,1314237027,1314237131,user_0215,user_0215,5.21,5.21,Wrong Answer,Wrong Answer,143,148,True,True,True,True,1314237027,1314237131,"JPlag AVG 100, same user, same score, same result"
gigel-si-sosetele,cpp,1314237027,1314237191,user_0215,user_0215,5.21,5.21,Wrong Answer,Wrong Answer,143,151,True,True,True,True,1314237027,1314237191,"JPlag AVG 100, same user, same score, same result"
gigel-si-sosetele,cpp,1314237027,1314237361,user_0215,user_0215,5.21,5.21,Wrong Answer,Wrong Answer,143,160,True,True,True,True,1314237027,1314237361,"JPlag AVG 100, same user, same score, same result"
gigel-si-sosetele,cpp,1314237071,1314237098,user_0215,user_0215,5.21,5.21,Wrong Answer,Wrong Answer,145,146,True,True,True,True,1314237071,1314237098,"JPlag AVG 100, same user, same score, same result"
gigel-si-sosetele,cpp,1314237071,1314237104,user_0215,user_0215,5.21,5.21,Wrong Answer,Wrong Answer,145,147,True,True,True,True,1314237071,1314237104,"JPlag AVG 100, same user, same score, same result"
gigel-si-sosetele,cpp,1314237071,1314237113,user_0215,user_0215,5.21,5.21,Wrong Answer,Wrong Answer,145,147,True,True,True,True,1314237071,1314237113,"JPlag AVG 100, same user, same score, same result"
gigel-si-sosetele,cpp,1314237071,1314237122,user_0215,user_0215,5.21,5.21,Wrong Answer,Wrong Answer,145,148,True,True,True,True,1314237071,1314237122,"JPlag AVG 100, same user, same score, same result"
gigel-si-sosetele,cpp,1314237071,1314237131,user_0215,user_0215,5.21,5.21,Wrong Answer,Wrong Answer,145,148,True,True,True,True,1314237071,1314237131,"JPlag AVG 100, same user, same score, same result"
gigel-si-sosetele,cpp,1314237071,1314237191,user_0215,user_0215,5.21,5.21,Wrong Answer,Wrong Answer,145,151,True,True,True,True,1314237071,1314237191,"JPlag AVG 100, same user, same score, same result"
gigel-si-sosetele,cpp,1314237071,1314237361,user_0215,user_0215,5.21,5.21,Wrong Answer,Wrong Answer,145,160,True,True,True,True,1314237071,1314237361,"JPlag AVG 100, same user, same score, same result"
gigel-si-sosetele,cpp,1314237098,1314237104,user_0215,user_0215,5.21,5.21,Wrong Answer,Wrong Answer,146,147,True,True,True,True,1314237098,1314237104,"JPlag AVG 100, same user, same score, same result"
gigel-si-sosetele,cpp,1314237098,1314237113,user_0215,user_0215,5.21,5.21,Wrong Answer,Wrong Answer,146,147,True,True,True,True,1314237098,1314237113,"JPlag AVG 100, same user, same score, same result"
gigel-si-sosetele,cpp,1314237098,1314237122,user_0215,user_0215,5.21,5.21,Wrong Answer,Wrong Answer,146,148,True,True,True,True,1314237098,1314237122,"JPlag AVG 100, same user, same score, same result"
gigel-si-sosetele,cpp,1314237098,1314237131,user_0215,user_0215,5.21,5.21,Wrong Answer,Wrong Answer,146,148,True,True,True,True,1314237098,1314237131,"JPlag AVG 100, same user, same score, same result"
gigel-si-sosetele,cpp,1314237098,1314237191,user_0215,user_0215,5.21,5.21,Wrong Answer,Wrong Answer,146,151,True,True,True,True,1314237098,1314237191,"JPlag AVG 100, same user, same score, same result"
gigel-si-sosetele,cpp,1314237098,1314237361,user_0215,user_0215,5.21,5.21,Wrong Answer,Wrong Answer,146,160,True,True,True,True,1314237098,1314237361,"JPlag AVG 100, same user, same score, same result"
gigel-si-sosetele,cpp,1314237104,1314237113,user_0215,user_0215,5.21,5.21,Wrong Answer,Wrong Answer,147,147,True,True,True,True,1314237104,1314237113,"JPlag AVG 100, same user, same score, same result"
gigel-si-sosetele,cpp,1314237104,1314237122,user_0215,user_0215,5.21,5.21,Wrong Answer,Wrong Answer,147,148,True,True,True,True,1314237104,1314237122,"JPlag AVG 100, same user, same score, same result"
gigel-si-sosetele,cpp,1314237104,1314237131,user_0215,user_0215,5.21,5.21,Wrong Answer,Wrong Answer,147,148,True,True,True,True,1314237104,1314237131,"JPlag AVG 100, same user, same score, same result"
gigel-si-sosetele,cpp,1314237104,1314237191,user_0215,user_0215,5.21,5.21,Wrong Answer,Wrong Answer,147,151,True,True,True,True,1314237104,1314237191,"JPlag AVG 100, same user, same score, same result"
gigel-si-sosetele,cpp,1314237104,1314237361,user_0215,user_0215,5.21,5.21,Wrong Answer,Wrong Answer,147,160,True,True,True,True,1314237104,1314237361,"JPlag AVG 100, same user, same score, same result"
gigel-si-sosetele,cpp,1314237113,1314237122,user_0215,user_0215,5.21,5.21,Wrong Answer,Wrong Answer,147,148,True,True,True,True,1314237113,1314237122,"JPlag AVG 100, same user, same score, same result"
gigel-si-sosetele,cpp,1314237113,1314237131,user_0215,user_0215,5.21,5.21,Wrong Answer,Wrong Answer,147,148,True,True,True,True,1314237113,1314237131,"JPlag AVG 100, same user, same score, same result"
gigel-si-sosetele,cpp,1314237113,1314237191,user_0215,user_0215,5.21,5.21,Wrong Answer,Wrong Answer,147,151,True,True,True,True,1314237113,1314237191,"JPlag AVG 100, same user, same score, same result"
gigel-si-sosetele,cpp,1314237113,1314237361,user_0215,user_0215,5.21,5.21,Wrong Answer,Wrong Answer,147,160,True,True,True,True,1314237113,1314237361,"JPlag AVG 100, same user, same score, same result"
gigel-si-sosetele,cpp,1314237122,1314237131,user_0215,user_0215,5.21,5.21,Wrong Answer,Wrong Answer,148,148,True,True,True,True,1314237122,1314237131,"JPlag AVG 100, same user, same score, same result"
gigel-si-sosetele,cpp,1314237122,1314237191,user_0215,user_0215,5.21,5.21,Wrong Answer,Wrong Answer,148,151,True,True,True,True,1314237122,1314237191,"JPlag AVG 100, same user, same score, same result"
gigel-si-sosetele,cpp,1314237122,1314237361,user_0215,user_0215,5.21,5.21,Wrong Answer,Wrong Answer,148,160,True,True,True,True,1314237122,1314237361,"JPlag AVG 100, same user, same score, same result"
gigel-si-sosetele,cpp,1314237131,1314237191,user_0215,user_0215,5.21,5.21,Wrong Answer,Wrong Answer,148,151,True,True,True,True,1314237131,1314237191,"JPlag AVG 100, same user, same score, same result"
gigel-si-sosetele,cpp,1314237131,1314237361,user_0215,user_0215,5.21,5.21,Wrong Answer,Wrong Answer,148,160,True,True,True,True,1314237131,1314237361,"JPlag AVG 100, same user, same score, same result"
gigel-si-sosetele,cpp,1314237176,1314237331,user_0215,user_0215,1.04,1.04,Wrong Answer,Wrong Answer,151,158,True,True,True,True,1314237176,1314237331,"JPlag AVG 100, same user, same score, same result"
gigel-si-sosetele,cpp,1314237176,1314237352,user_0215,user_0215,1.04,1.04,Wrong Answer,Wrong Answer,151,160,True,True,True,True,1314237176,1314237352,"JPlag AVG 100, same user, same score, same result"
gigel-si-sosetele,cpp,1314237191,1314237361,user_0215,user_0215,5.21,5.21,Wrong Answer,Wrong Answer,151,160,True,True,True,True,1314237191,1314237361,"JPlag AVG 100, same user, same score, same result"
gigel-si-sosetele,cpp,1314237331,1314237352,user_0215,user_0215,1.04,1.04,Wrong Answer,Wrong Answer,158,160,True,True,True,True,1314237331,1314237352,"JPlag AVG 100, same user, same score, same result"
gigel-si-sosetele,cpp,1314237375,1314237397,user_0215,user_0215,5.21,5.21,Wrong Answer,Wrong Answer,161,161,True,True,True,True,1314237375,1314237397,"JPlag AVG 100, same user, same score, same result"
gigel-si-sosetele,cpp,1314237375,1314237416,user_0215,user_0215,5.21,5.21,Wrong Answer,Wrong Answer,161,162,True,True,True,True,1314237375,1314237416,"JPlag AVG 100, same user, same score, same result"
gigel-si-sosetele,cpp,1314237375,1314237423,user_0215,user_0215,5.21,5.21,Wrong Answer,Wrong Answer,161,163,True,True,True,True,1314237375,1314237423,"JPlag AVG 100, same user, same score, same result"
gigel-si-sosetele,cpp,1314237375,1314237446,user_0215,user_0215,5.21,5.21,Wrong Answer,Wrong Answer,161,164,True,True,True,True,1314237375,1314237446,"JPlag AVG 100, same user, same score, same result"
gigel-si-sosetele,cpp,1314237375,1314237470,user_0215,user_0215,5.21,5.21,Wrong Answer,Wrong Answer,161,165,True,True,True,True,1314237375,1314237470,"JPlag AVG 100, same user, same score, same result"
gigel-si-sosetele,cpp,1314237375,1314237534,user_0215,user_0215,5.21,5.21,Wrong Answer,Wrong Answer,161,168,True,True,True,True,1314237375,1314237534,"JPlag AVG 100, same user, same score, same result"
gigel-si-sosetele,cpp,1314237375,1314237555,user_0215,user_0215,5.21,5.21,Wrong Answer,Wrong Answer,161,170,True,True,True,True,1314237375,1314237555,"JPlag AVG 100, same user, same score, same result"
gigel-si-sosetele,cpp,1314237375,1314237574,user_0215,user_0215,5.21,5.21,Wrong Answer,Wrong Answer,161,171,True,True,True,True,1314237375,1314237574,"JPlag AVG 100, same user, same score, same result"
gigel-si-sosetele,cpp,1314237375,1314237585,user_0215,user_0215,5.21,5.21,Wrong Answer,Wrong Answer,161,171,True,True,True,True,1314237375,1314237585,"JPlag AVG 100, same user, same score, same result"
gigel-si-sosetele,cpp,1314237375,1314237600,user_0215,user_0215,5.21,5.21,Wrong Answer,Wrong Answer,161,172,True,True,True,True,1314237375,1314237600,"JPlag AVG 100, same user, same score, same result"
gigel-si-sosetele,cpp,1314237397,1314237416,user_0215,user_0215,5.21,5.21,Wrong Answer,Wrong Answer,161,162,True,True,True,True,1314237397,1314237416,"JPlag AVG 100, same user, same score, same result"
gigel-si-sosetele,cpp,1314237397,1314237423,user_0215,user_0215,5.21,5.21,Wrong Answer,Wrong Answer,161,163,True,True,True,True,1314237397,1314237423,"JPlag AVG 100, same user, same score, same result"
gigel-si-sosetele,cpp,1314237397,1314237446,user_0215,user_0215,5.21,5.21,Wrong Answer,Wrong Answer,161,164,True,True,True,True,1314237397,1314237446,"JPlag AVG 100, same user, same score, same result"
gigel-si-sosetele,cpp,1314237397,1314237470,user_0215,user_0215,5.21,5.21,Wrong Answer,Wrong Answer,161,165,True,True,True,True,1314237397,1314237470,"JPlag AVG 100, same user, same score, same result"
gigel-si-sosetele,cpp,1314237397,1314237534,user_0215,user_0215,5.21,5.21,Wrong Answer,Wrong Answer,161,168,True,True,True,True,1314237397,1314237534,"JPlag AVG 100, same user, same score, same result"
gigel-si-sosetele,cpp,1314237397,1314237555,user_0215,user_0215,5.21,5.21,Wrong Answer,Wrong Answer,161,170,True,True,True,True,1314237397,1314237555,"JPlag AVG 100, same user, same score, same result"
gigel-si-sosetele,cpp,1314237397,1314237574,user_0215,user_0215,5.21,5.21,Wrong Answer,Wrong Answer,161,171,True,True,True,True,1314237397,1314237574,"JPlag AVG 100, same user, same score, same result"
gigel-si-sosetele,cpp,1314237397,1314237585,user_0215,user_0215,5.21,5.21,Wrong Answer,Wrong Answer,161,171,True,True,True,True,1314237397,1314237585,"JPlag AVG 100, same user, same score, same result"
gigel-si-sosetele,cpp,1314237397,1314237600,user_0215,user_0215,5.21,5.21,Wrong Answer,Wrong Answer,161,172,True,True,True,True,1314237397,1314237600,"JPlag AVG 100, same user, same score, same result"
gigel-si-sosetele,cpp,1314237416,1314237423,user_0215,user_0215,5.21,5.21,Wrong Answer,Wrong Answer,162,163,True,True,True,True,1314237416,1314237423,"JPlag AVG 100, same user, same score, same result"
gigel-si-sosetele,cpp,1314237416,1314237446,user_0215,user_0215,5.21,5.21,Wrong Answer,Wrong Answer,162,164,True,True,True,True,1314237416,1314237446,"JPlag AVG 100, same user, same score, same result"
gigel-si-sosetele,cpp,1314237416,1314237470,user_0215,user_0215,5.21,5.21,Wrong Answer,Wrong Answer,162,165,True,True,True,True,1314237416,1314237470,"JPlag AVG 100, same user, same score, same result"
gigel-si-sosetele,cpp,1314237416,1314237534,user_0215,user_0215,5.21,5.21,Wrong Answer,Wrong Answer,162,168,True,True,True,True,1314237416,1314237534,"JPlag AVG 100, same user, same score, same result"
gigel-si-sosetele,cpp,1314237416,1314237555,user_0215,user_0215,5.21,5.21,Wrong Answer,Wrong Answer,162,170,True,True,True,True,1314237416,1314237555,"JPlag AVG 100, same user, same score, same result"
gigel-si-sosetele,cpp,1314237416,1314237574,user_0215,user_0215,5.21,5.21,Wrong Answer,Wrong Answer,162,171,True,True,True,True,1314237416,1314237574,"JPlag AVG 100, same user, same score, same result"
gigel-si-sosetele,cpp,1314237416,1314237585,user_0215,user_0215,5.21,5.21,Wrong Answer,Wrong Answer,162,171,True,True,True,True,1314237416,1314237585,"JPlag AVG 100, same user, same score, same result"
gigel-si-sosetele,cpp,1314237416,1314237600,user_0215,user_0215,5.21,5.21,Wrong Answer,Wrong Answer,162,172,True,True,True,True,1314237416,1314237600,"JPlag AVG 100, same user, same score, same result"
gigel-si-sosetele,cpp,1314237423,1314237446,user_0215,user_0215,5.21,5.21,Wrong Answer,Wrong Answer,163,164,True,True,True,True,1314237423,1314237446,"JPlag AVG 100, same user, same score, same result"
gigel-si-sosetele,cpp,1314237423,1314237470,user_0215,user_0215,5.21,5.21,Wrong Answer,Wrong Answer,163,165,True,True,True,True,1314237423,1314237470,"JPlag AVG 100, same user, same score, same result"
gigel-si-sosetele,cpp,1314237423,1314237534,user_0215,user_0215,5.21,5.21,Wrong Answer,Wrong Answer,163,168,True,True,True,True,1314237423,1314237534,"JPlag AVG 100, same user, same score, same result"
gigel-si-sosetele,cpp,1314237423,1314237555,user_0215,user_0215,5.21,5.21,Wrong Answer,Wrong Answer,163,170,True,True,True,True,1314237423,1314237555,"JPlag AVG 100, same user, same score, same result"
gigel-si-sosetele,cpp,1314237423,1314237574,user_0215,user_0215,5.21,5.21,Wrong Answer,Wrong Answer,163,171,True,True,True,True,1314237423,1314237574,"JPlag AVG 100, same user, same score, same result"
gigel-si-sosetele,cpp,1314237423,1314237585,user_0215,user_0215,5.21,5.21,Wrong Answer,Wrong Answer,163,171,True,True,True,True,1314237423,1314237585,"JPlag AVG 100, same user, same score, same result"
gigel-si-sosetele,cpp,1314237423,1314237600,user_0215,user_0215,5.21,5.21,Wrong Answer,Wrong Answer,163,172,True,True,True,True,1314237423,1314237600,"JPlag AVG 100, same user, same score, same result"
gigel-si-sosetele,cpp,1314237446,1314237470,user_0215,user_0215,5.21,5.21,Wrong Answer,Wrong Answer,164,165,True,True,True,True,1314237446,1314237470,"JPlag AVG 100, same user, same score, same result"
gigel-si-sosetele,cpp,1314237446,1314237534,user_0215,user_0215,5.21,5.21,Wrong Answer,Wrong Answer,164,168,True,True,True,True,1314237446,1314237534,"JPlag AVG 100, same user, same score, same result"
gigel-si-sosetele,cpp,1314237446,1314237555,user_0215,user_0215,5.21,5.21,Wrong Answer,Wrong Answer,164,170,True,True,True,True,1314237446,1314237555,"JPlag AVG 100, same user, same score, same result"
gigel-si-sosetele,cpp,1314237446,1314237574,user_0215,user_0215,5.21,5.21,Wrong Answer,Wrong Answer,164,171,True,True,True,True,1314237446,1314237574,"JPlag AVG 100, same user, same score, same result"
gigel-si-sosetele,cpp,1314237446,1314237585,user_0215,user_0215,5.21,5.21,Wrong Answer,Wrong Answer,164,171,True,True,True,True,1314237446,1314237585,"JPlag AVG 100, same user, same score, same result"
gigel-si-sosetele,cpp,1314237446,1314237600,user_0215,user_0215,5.21,5.21,Wrong Answer,Wrong Answer,164,172,True,True,True,True,1314237446,1314237600,"JPlag AVG 100, same user, same score, same result"
gigel-si-sosetele,cpp,1314237463,1314237625,user_0215,user_0215,1.04,1.04,Wrong Answer,Wrong Answer,165,172,True,True,True,True,1314237463,1314237625,"JPlag AVG 100, same user, same score, same result"
gigel-si-sosetele,cpp,1314237463,1314237636,user_0215,user_0215,1.04,1.04,Wrong Answer,Wrong Answer,165,173,True,True,True,True,1314237463,1314237636,"JPlag AVG 100, same user, same score, same result"
gigel-si-sosetele,cpp,1314237463,1314237656,user_0215,user_0215,1.04,1.04,Wrong Answer,Wrong Answer,165,174,True,True,True,True,1314237463,1314237656,"JPlag AVG 100, same user, same score, same result"
gigel-si-sosetele,cpp,1314237470,1314237534,user_0215,user_0215,5.21,5.21,Wrong Answer,Wrong Answer,165,168,True,True,True,True,1314237470,1314237534,"JPlag AVG 100, same user, same score, same result"
gigel-si-sosetele,cpp,1314237470,1314237555,user_0215,user_0215,5.21,5.21,Wrong Answer,Wrong Answer,165,170,True,True,True,True,1314237470,1314237555,"JPlag AVG 100, same user, same score, same result"
gigel-si-sosetele,cpp,1314237470,1314237574,user_0215,user_0215,5.21,5.21,Wrong Answer,Wrong Answer,165,171,True,True,True,True,1314237470,1314237574,"JPlag AVG 100, same user, same score, same result"
gigel-si-sosetele,cpp,1314237470,1314237585,user_0215,user_0215,5.21,5.21,Wrong Answer,Wrong Answer,165,171,True,True,True,True,1314237470,1314237585,"JPlag AVG 100, same user, same score, same result"
gigel-si-sosetele,cpp,1314237470,1314237600,user_0215,user_0215,5.21,5.21,Wrong Answer,Wrong Answer,165,172,True,True,True,True,1314237470,1314237600,"JPlag AVG 100, same user, same score, same result"
gigel-si-sosetele,cpp,1314237534,1314237555,user_0215,user_0215,5.21,5.21,Wrong Answer,Wrong Answer,168,170,True,True,True,True,1314237534,1314237555,"JPlag AVG 100, same user, same score, same result"
gigel-si-sosetele,cpp,1314237534,1314237574,user_0215,user_0215,5.21,5.21,Wrong Answer,Wrong Answer,168,171,True,True,True,True,1314237534,1314237574,"JPlag AVG 100, same user, same score, same result"
gigel-si-sosetele,cpp,1314237534,1314237585,user_0215,user_0215,5.21,5.21,Wrong Answer,Wrong Answer,168,171,True,True,True,True,1314237534,1314237585,"JPlag AVG 100, same user, same score, same result"
gigel-si-sosetele,cpp,1314237534,1314237600,user_0215,user_0215,5.21,5.21,Wrong Answer,Wrong Answer,168,172,True,True,True,True,1314237534,1314237600,"JPlag AVG 100, same user, same score, same result"
gigel-si-sosetele,cpp,1314237555,1314237574,user_0215,user_0215,5.21,5.21,Wrong Answer,Wrong Answer,170,171,True,True,True,True,1314237555,1314237574,"JPlag AVG 100, same user, same score, same result"
gigel-si-sosetele,cpp,1314237555,1314237585,user_0215,user_0215,5.21,5.21,Wrong Answer,Wrong Answer,170,171,True,True,True,True,1314237555,1314237585,"JPlag AVG 100, same user, same score, same result"
gigel-si-sosetele,cpp,1314237555,1314237600,user_0215,user_0215,5.21,5.21,Wrong Answer,Wrong Answer,170,172,True,True,True,True,1314237555,1314237600,"JPlag AVG 100, same user, same score, same result"
gigel-si-sosetele,cpp,1314237574,1314237585,user_0215,user_0215,5.21,5.21,Wrong Answer,Wrong Answer,171,171,True,True,True,True,1314237574,1314237585,"JPlag AVG 100, same user, same score, same result"
gigel-si-sosetele,cpp,1314237574,1314237600,user_0215,user_0215,5.21,5.21,Wrong Answer,Wrong Answer,171,172,True,True,True,True,1314237574,1314237600,"JPlag AVG 100, same user, same score, same result"
gigel-si-sosetele,cpp,1314237585,1314237600,user_0215,user_0215,5.21,5.21,Wrong Answer,Wrong Answer,171,172,True,True,True,True,1314237585,1314237600,"JPlag AVG 100, same user, same score, same result"
gigel-si-sosetele,cpp,1314237625,1314237636,user_0215,user_0215,1.04,1.04,Wrong Answer,Wrong Answer,172,173,True,True,True,True,1314237625,1314237636,"JPlag AVG 100, same user, same score, same result"
gigel-si-sosetele,cpp,1314237625,1314237656,user_0215,user_0215,1.04,1.04,Wrong Answer,Wrong Answer,172,174,True,True,True,True,1314237625,1314237656,"JPlag AVG 100, same user, same score, same result"
gigel-si-sosetele,cpp,1314237636,1314237656,user_0215,user_0215,1.04,1.04,Wrong Answer,Wrong Answer,173,174,True,True,True,True,1314237636,1314237656,"JPlag AVG 100, same user, same score, same result"
gigel-si-sosetele,cpp,1314237693,1314237773,user_0215,user_0215,8.33,8.33,Wrong Answer,Wrong Answer,176,179,True,True,True,True,1314237693,1314237773,"JPlag AVG 100, same user, same score, same result"
gigel-si-sosetele,cpp,1391926624,1391926859,user_0222,user_0222,3.13,3.13,Segmentation Fault,Segmentation Fault,3147801,3147805,True,True,True,True,1391926624,1391926859,"JPlag AVG 100, same user, same score, same result"
gigel-si-sosetele,cpp,1391926624,1391927136,user_0222,user_0222,3.13,3.13,Segmentation Fault,Segmentation Fault,3147801,3147809,True,True,True,True,1391926624,1391927136,"JPlag AVG 100, same user, same score, same result"
gigel-si-sosetele,cpp,1391926859,1391927136,user_0222,user_0222,3.13,3.13,Segmentation Fault,Segmentation Fault,3147805,3147809,True,True,True,True,1391926859,1391927136,"JPlag AVG 100, same user, same score, same result"
gigel-si-sosetele,cpp,1314235814,1314235866,user_0225,user_0225,3.13,3.13,Wrong Answer,Wrong Answer,67,70,True,True,True,True,1314235814,1314235866,"JPlag AVG 100, same user, same score, same result"
gigel-si-sosetele,cpp,1314236376,1314236416,user_0225,user_0225,46.88,46.88,Wrong Answer,Wrong Answer,102,105,True,True,True,True,1314236376,1314236416,"JPlag AVG 100, same user, same score, same result"
gigel-si-sosetele,cpp,1332764703,1332764709,user_0228,user_0228,46.88,46.88,Wrong Answer,Wrong Answer,1027482,1027484,True,True,True,True,1332764703,1332764709,"JPlag AVG 100, same user, same score, same result"
gigel-si-sosetele,cpp,1314237268,1314237382,user_0232,user_0232,2.08,2.08,Wrong Answer,Wrong Answer,155,161,True,True,True,True,1314237268,1314237382,"JPlag AVG 100, same user, same score, same result"
gigel-si-sosetele,cpp,1332742505,1332742565,user_0240,user_0240,4.17,4.17,Wrong Answer,Wrong Answer,1026722,1026723,True,True,True,True,1332742505,1332742565,"JPlag AVG 100, same user, same score, same result"
gigel-si-sosetele,cpp,1314237750,1314237782,user_0247,user_0247,1.04,1.04,Wrong Answer,Wrong Answer,178,179,True,True,True,True,1314237750,1314237782,"JPlag AVG 100, same user, same score, same result"
gigel-si-sosetele,cpp,1344588479,1344588560,user_0258,user_0258,14.58,14.58,Wrong Answer,Wrong Answer,1579699,1579700,True,True,True,True,1344588479,1344588560,"JPlag AVG 100, same user, same score, same result"
gigel-si-sosetele,cpp,1344588819,1344610353,user_0258,user_0258,46.88,46.88,Wrong Answer,Wrong Answer,1579706,1580869,True,True,True,True,1344588819,1344610353,"JPlag AVG 100, same user, same score, same result"
gigel-si-sosetele,cpp,1378159617,1378159672,user_0269,user_0269,11.46,11.46,Wrong Answer,Wrong Answer,2640163,2640169,True,True,True,True,1378159617,1378159672,"JPlag AVG 100, same user, same score, same result"
gigel-si-sosetele,cpp,1378159654,1378159678,user_0269,user_0269,47.92,47.92,Wrong Answer,Wrong Answer,2640167,2640170,True,True,True,True,1378159654,1378159678,"JPlag AVG 100, same user, same score, same result"
gigel-si-sosetele,cpp,1378033975,1378034093,user_0272,user_0272,46.88,46.88,Wrong Answer,Wrong Answer,2633962,2633968,True,True,True,True,1378033975,1378034093,"JPlag AVG 100, same user, same score, same result"
gigel-si-sosetele,cpp,1332305438,1332305719,user_0282,user_0282,48.96,48.96,Wrong Answer,Wrong Answer,1009387,1009393,True,True,True,True,1332305438,1332305719,"JPlag AVG 100, same user, same score, same result"
gigel-si-sosetele,cpp,1314236933,1314236998,user_0296,user_0296,2.08,2.08,Wrong Answer,Wrong Answer,136,141,True,True,True,True,1314236933,1314236998,"JPlag AVG 100, same user, same score, same result"
gigel-si-sosetele,java,1323426114,1323426260,user_0009,user_0009,10.42,10.42,Wrong Answer,Wrong Answer,521551,521558,True,True,True,True,1323426114,1323426260,"JPlag AVG 100, same user, same score, same result"
gigel-si-sosetele,java,1314236980,1314237003,user_0016,user_0016,50.0,50.0,Accepted,Accepted,140,141,True,True,True,True,1314236980,1314237003,"JPlag AVG 100, same user, same score, same result"
gigel-si-sosetele,java,1314236980,1314237263,user_0016,user_0016,50.0,50.0,Accepted,Accepted,140,155,True,True,True,True,1314236980,1314237263,"JPlag AVG 100, same user, same score, same result"
gigel-si-sosetele,java,1314237003,1314237263,user_0016,user_0016,50.0,50.0,Accepted,Accepted,141,155,True,True,True,True,1314237003,1314237263,"JPlag AVG 100, same user, same score, same result"
gigel-si-sosetele,java,1314237248,1314237364,user_0023,user_0023,1.04,1.04,Wrong Answer,Wrong Answer,155,160,True,True,True,True,1314237248,1314237364,"JPlag AVG 100, same user, same score, same result"
gigel-si-sosetele,java,1314237292,1314237326,user_0023,user_0023,1.04,1.04,Wrong Answer,Wrong Answer,157,158,True,True,True,True,1314237292,1314237326,"JPlag AVG 100, same user, same score, same result"
gigel-si-sosetele,java,1314236979,1314237195,user_0027,user_0027,6.25,6.25,Terminated due ...,Terminated due ...,140,152,True,True,True,True,1314236979,1314237195,"JPlag AVG 100, same user, same score, same result"
gigel-si-sosetele,java,1314236979,1314237771,user_0027,user_0027,6.25,6.25,Terminated due ...,Terminated due ...,140,178,True,True,True,True,1314236979,1314237771,"JPlag AVG 100, same user, same score, same result"
gigel-si-sosetele,java,1314236979,1314237855,user_0027,user_0027,6.25,6.25,Terminated due ...,Terminated due ...,140,183,True,True,True,True,1314236979,1314237855,"JPlag AVG 100, same user, same score, same result"
gigel-si-sosetele,java,1314237195,1314237771,user_0027,user_0027,6.25,6.25,Terminated due ...,Terminated due ...,152,178,True,True,True,True,1314237195,1314237771,"JPlag AVG 100, same user, same score, same result"
gigel-si-sosetele,java,1314237195,1314237855,user_0027,user_0027,6.25,6.25,Terminated due ...,Terminated due ...,152,183,True,True,True,True,1314237195,1314237855,"JPlag AVG 100, same user, same score, same result"
gigel-si-sosetele,java,1314237609,1314237657,user_0027,user_0027,5.21,5.21,Terminated due ...,Terminated due ...,172,174,True,True,True,True,1314237609,1314237657,"JPlag AVG 100, same user, same score, same result"
gigel-si-sosetele,java,1314237771,1314237855,user_0027,user_0027,6.25,6.25,Terminated due ...,Terminated due ...,178,183,True,True,True,True,1314237771,1314237855,"JPlag AVG 100, same user, same score, same result"
gigel-si-sosetele,java,1332621480,1332621488,user_0041,user_0041,46.88,46.88,Wrong Answer,Wrong Answer,1023069,1023073,True,True,True,True,1332621480,1332621488,"JPlag AVG 100, same user, same score, same result"
gigel-si-sosetele,java,1314237726,1314237836,user_0045,user_0045,3.13,3.13,Runtime Error,Runtime Error,177,181,True,True,True,True,1314237726,1314237836,"JPlag AVG 100, same user, same score, same result"
gigel-si-sosetele,java,1314236313,1314236438,user_0048,user_0048,46.88,46.88,Runtime Error,Runtime Error,99,106,True,True,True,True,1314236313,1314236438,"JPlag AVG 100, same user, same score, same result"
gigel-si-sosetele,java,1323367810,1323368532,user_0050,user_0050,6.25,6.25,Terminated due ...,Terminated due ...,518553,518580,True,True,True,True,1323367810,1323368532,"JPlag AVG 100, same user, same score, same result"
gigel-si-sosetele,java,1323367810,1323370083,user_0050,user_0050,6.25,6.25,Terminated due ...,Terminated due ...,518553,518627,True,True,True,True,1323367810,1323370083,"JPlag AVG 100, same user, same score, same result"
gigel-si-sosetele,java,1323368532,1323370083,user_0050,user_0050,6.25,6.25,Terminated due ...,Terminated due ...,518580,518627,True,True,True,True,1323368532,1323370083,"JPlag AVG 100, same user, same score, same result"
gigel-si-sosetele,java,1314237077,1314237447,user_0072,user_0072,3.13,3.13,Terminated due ...,Terminated due ...,145,164,True,True,True,True,1314237077,1314237447,"JPlag AVG 100, same user, same score, same result"
gigel-si-sosetele,java,1344636972,1344637038,user_0076,user_0076,2.08,2.08,Terminated due ...,Terminated due ...,1581681,1581686,True,True,True,True,1344636972,1344637038,"JPlag AVG 100, same user, same score, same result"
gigel-si-sosetele,java,1344637138,1344637177,user_0076,user_0076,1.04,1.04,Wrong Answer,Wrong Answer,1581693,1581696,True,True,True,True,1344637138,1344637177,"JPlag AVG 100, same user, same score, same result"
gigel-si-sosetele,java,1314237544,1314237570,user_0081,user_0081,15.63,15.63,Wrong Answer,Wrong Answer,169,171,True,True,True,True,1314237544,1314237570,"JPlag AVG 100, same user, same score, same result"
gigel-si-sosetele,java,1314235484,1314236094,user_0084,user_0084,1.04,1.04,Wrong Answer,Wrong Answer,53,83,True,True,True,True,1314235484,1314236094,"JPlag AVG 100, same user, same score, same result"
gigel-si-sosetele,java,1314236121,1314236150,user_0084,user_0084,3.13,3.13,Wrong Answer,Wrong Answer,85,87,True,True,True,True,1314236121,1314236150,"JPlag AVG 100, same user, same score, same result"
gigel-si-sosetele,java,1323450466,1323450489,user_0097,user_0097,14.58,14.58,Wrong Answer,Wrong Answer,522965,522966,True,True,True,True,1323450466,1323450489,"JPlag AVG 100, same user, same score, same result"
gigel-si-sosetele,java,1323449282,1323449323,user_0105,user_0105,46.88,46.88,Wrong Answer,Wrong Answer,522884,522887,True,True,True,True,1323449282,1323449323,"JPlag AVG 100, same user, same score, same result"
gigel-si-sosetele,java,1314236385,1314236503,user_0116,user_0116,2.08,2.08,Wrong Answer,Wrong Answer,103,110,True,True,True,True,1314236385,1314236503,"JPlag AVG 100, same user, same score, same result"
gigel-si-sosetele,java,1314236122,1314236587,user_0131,user_0131,12.5,12.5,Wrong Answer,Wrong Answer,86,117,True,True,True,True,1314236122,1314236587,"JPlag AVG 100, same user, same score, same result"
gigel-si-sosetele,java,1314236736,1314236774,user_0136,user_0136,2.08,2.08,Wrong Answer,Wrong Answer,125,127,True,True,True,True,1314236736,1314236774,"JPlag AVG 100, same user, same score, same result"
gigel-si-sosetele,java,1332712226,1332712258,user_0138,user_0138,12.5,12.5,Wrong Answer,Wrong Answer,1025481,1025482,True,True,True,True,1332712226,1332712258,"JPlag AVG 100, same user, same score, same result"
gigel-si-sosetele,java,1314237234,1314237260,user_0141,user_0141,2.08,2.08,Runtime Error,Runtime Error,154,155,True,True,True,True,1314237234,1314237260,"JPlag AVG 100, same user, same score, same result"
gigel-si-sosetele,java,1314236990,1314237070,user_0146,user_0146,14.58,14.58,Wrong Answer,Wrong Answer,140,145,True,True,True,True,1314236990,1314237070,"JPlag AVG 100, same user, same score, same result"
gigel-si-sosetele,java,1323075618,1323080111,user_0152,user_0152,47.92,47.92,Wrong Answer,Wrong Answer,503995,504062,True,True,True,True,1323075618,1323080111,"JPlag AVG 100, same user, same score, same result"
gigel-si-sosetele,java,1314237699,1314237780,user_0157,user_0157,12.5,12.5,Wrong Answer,Wrong Answer,176,179,True,True,True,True,1314237699,1314237780,"JPlag AVG 100, same user, same score, same result"
gigel-si-sosetele,java,1314237699,1314237813,user_0157,user_0157,12.5,12.5,Wrong Answer,Wrong Answer,176,180,True,True,True,True,1314237699,1314237813,"JPlag AVG 100, same user, same score, same result"
gigel-si-sosetele,java,1314237780,1314237813,user_0157,user_0157,12.5,12.5,Wrong Answer,Wrong Answer,179,180,True,True,True,True,1314237780,1314237813,"JPlag AVG 100, same user, same score, same result"
gigel-si-sosetele,java,1314236897,1314236982,user_0160,user_0160,1.04,1.04,Wrong Answer,Wrong Answer,134,140,True,True,True,True,1314236897,1314236982,"JPlag AVG 100, same user, same score, same result"
gigel-si-sosetele,java,1314237584,1314237807,user_0168,user_0168,1.04,1.04,Wrong Answer,Wrong Answer,171,180,True,True,True,True,1314237584,1314237807,"JPlag AVG 100, same user, same score, same result"
gigel-si-sosetele,java,1314237630,1314237683,user_0171,user_0171,8.33,8.33,Wrong Answer,Wrong Answer,173,175,True,True,True,True,1314237630,1314237683,"JPlag AVG 100, same user, same score, same result"
gigel-si-sosetele,java,1314235859,1314235920,user_0173,user_0173,12.5,12.5,Wrong Answer,Wrong Answer,69,72,True,True,True,True,1314235859,1314235920,"JPlag AVG 100, same user, same score, same result"
gigel-si-sosetele,java,1333805417,1333805428,user_0174,user_0174,5.21,5.21,Wrong Answer,Wrong Answer,1077824,1077826,True,True,True,True,1333805417,1333805428,"JPlag AVG 100, same user, same score, same result"
gigel-si-sosetele,java,1323451800,1323451835,user_0180,user_0180,12.5,12.5,Runtime Error,Runtime Error,523029,523030,True,True,True,True,1323451800,1323451835,"JPlag AVG 100, same user, same score, same result"
gigel-si-sosetele,java,1314235027,1314236087,user_0182,user_0182,46.88,46.88,Wrong Answer,Wrong Answer,37,83,True,True,True,True,1314235027,1314236087,"JPlag AVG 100, same user, same score, same result"
gigel-si-sosetele,java,1332392159,1332398750,user_0190,user_0190,46.88,46.88,Wrong Answer,Wrong Answer,1013835,1014056,True,True,True,True,1332392159,1332398750,"JPlag AVG 100, same user, same score, same result"
gigel-si-sosetele,java,1314237814,1314238139,user_0206,user_0206,13.54,13.54,Wrong Answer,Wrong Answer,180,252,True,True,True,True,1314237814,1314238139,"JPlag AVG 100, same user, same score, same result"
gigel-si-sosetele,java,1314237814,1314238147,user_0206,user_0206,13.54,13.54,Wrong Answer,Wrong Answer,180,254,True,True,True,True,1314237814,1314238147,"JPlag AVG 100, same user, same score, same result"
gigel-si-sosetele,java,1314238139,1314238147,user_0206,user_0206,13.54,13.54,Wrong Answer,Wrong Answer,252,254,True,True,True,True,1314238139,1314238147,"JPlag AVG 100, same user, same score, same result"
gigel-si-sosetele,java,1344600007,1344613861,user_0207,user_0207,5.21,5.21,Terminated due ...,Terminated due ...,1580090,1580955,True,True,True,True,1344600007,1344613861,"JPlag AVG 100, same user, same score, same result"
gigel-si-sosetele,java,1323432707,1323432814,user_0208,user_0208,4.17,4.17,Runtime Error,Runtime Error,521952,521964,True,True,True,True,1323432707,1323432814,"JPlag AVG 100, same user, same score, same result"
gigel-si-sosetele,java,1314235844,1314236183,user_0209,user_0209,33.33,33.33,Runtime Error,Runtime Error,69,90,True,True,True,True,1314235844,1314236183,"JPlag AVG 100, same user, same score, same result"
gigel-si-sosetele,java,1314237277,1314237532,user_0213,user_0213,1.04,1.04,Wrong Answer,Wrong Answer,156,168,True,True,True,True,1314237277,1314237532,"JPlag AVG 100, same user, same score, same result"
gigel-si-sosetele,java,1314236193,1314236288,user_0218,user_0218,1.04,1.04,Wrong Answer,Wrong Answer,90,97,True,True,True,True,1314236193,1314236288,"JPlag AVG 100, same user, same score, same result"
gigel-si-sosetele,java,1314234942,1314235248,user_0227,user_0227,1.04,1.04,Wrong Answer,Wrong Answer,34,44,True,True,True,True,1314234942,1314235248,"JPlag AVG 100, same user, same score, same result"
gigel-si-sosetele,java,1314237146,1314237279,user_0229,user_0229,9.38,9.38,Terminated due ...,Terminated due ...,149,156,True,True,True,True,1314237146,1314237279,"JPlag AVG 100, same user, same score, same result"
gigel-si-sosetele,java,1314237004,1314237166,user_0234,user_0234,8.33,8.33,Wrong Answer,Wrong Answer,141,150,True,True,True,True,1314237004,1314237166,"JPlag AVG 100, same user, same score, same result"
gigel-si-sosetele,java,1314237655,1314237742,user_0234,user_0234,8.33,8.33,Wrong Answer,Wrong Answer,174,178,True,True,True,True,1314237655,1314237742,"JPlag AVG 100, same user, same score, same result"
gigel-si-sosetele,java,1314236852,1314237211,user_0250,user_0250,50.0,50.0,Accepted,Accepted,132,152,True,True,True,True,1314236852,1314237211,"JPlag AVG 100, same user, same score, same result"
gigel-si-sosetele,java,1378159089,1378159110,user_0264,user_0264,12.5,12.5,Wrong Answer,Wrong Answer,2640108,2640110,True,True,True,True,1378159089,1378159110,"JPlag AVG 100, same user, same score, same result"
gigel-si-sosetele,java,1378159089,1378159141,user_0264,user_0264,12.5,12.5,Wrong Answer,Wrong Answer,2640108,2640113,True,True,True,True,1378159089,1378159141,"JPlag AVG 100, same user, same score, same result"
gigel-si-sosetele,java,1378159089,1378159179,user_0264,user_0264,12.5,12.5,Wrong Answer,Wrong Answer,2640108,2640116,True,True,True,True,1378159089,1378159179,"JPlag AVG 100, same user, same score, same result"
gigel-si-sosetele,java,1378159110,1378159141,user_0264,user_0264,12.5,12.5,Wrong Answer,Wrong Answer,2640110,2640113,True,True,True,True,1378159110,1378159141,"JPlag AVG 100, same user, same score, same result"
gigel-si-sosetele,java,1378159110,1378159179,user_0264,user_0264,12.5,12.5,Wrong Answer,Wrong Answer,2640110,2640116,True,True,True,True,1378159110,1378159179,"JPlag AVG 100, same user, same score, same result"
gigel-si-sosetele,java,1378159141,1378159179,user_0264,user_0264,12.5,12.5,Wrong Answer,Wrong Answer,2640113,2640116,True,True,True,True,1378159141,1378159179,"JPlag AVG 100, same user, same score, same result"
gigel-si-sosetele,java,1378159214,1378159258,user_0264,user_0264,12.5,12.5,Wrong Answer,Wrong Answer,2640119,2640123,True,True,True,True,1378159214,1378159258,"JPlag AVG 100, same user, same score, same result"
gigel-si-sosetele,java,1378159214,1378159278,user_0264,user_0264,12.5,12.5,Wrong Answer,Wrong Answer,2640119,2640126,True,True,True,True,1378159214,1378159278,"JPlag AVG 100, same user, same score, same result"
gigel-si-sosetele,java,1378159214,1378159313,user_0264,user_0264,12.5,12.5,Wrong Answer,Wrong Answer,2640119,2640130,True,True,True,True,1378159214,1378159313,"JPlag AVG 100, same user, same score, same result"
gigel-si-sosetele,java,1378159214,1378159340,user_0264,user_0264,12.5,12.5,Wrong Answer,Wrong Answer,2640119,2640132,True,True,True,True,1378159214,1378159340,"JPlag AVG 100, same user, same score, same result"
gigel-si-sosetele,java,1378159258,1378159278,user_0264,user_0264,12.5,12.5,Wrong Answer,Wrong Answer,2640123,2640126,True,True,True,True,1378159258,1378159278,"JPlag AVG 100, same user, same score, same result"
gigel-si-sosetele,java,1378159258,1378159313,user_0264,user_0264,12.5,12.5,Wrong Answer,Wrong Answer,2640123,2640130,True,True,True,True,1378159258,1378159313,"JPlag AVG 100, same user, same score, same result"
gigel-si-sosetele,java,1378159258,1378159340,user_0264,user_0264,12.5,12.5,Wrong Answer,Wrong Answer,2640123,2640132,True,True,True,True,1378159258,1378159340,"JPlag AVG 100, same user, same score, same result"
gigel-si-sosetele,java,1378159278,1378159313,user_0264,user_0264,12.5,12.5,Wrong Answer,Wrong Answer,2640126,2640130,True,True,True,True,1378159278,1378159313,"JPlag AVG 100, same user, same score, same result"
gigel-si-sosetele,java,1378159278,1378159340,user_0264,user_0264,12.5,12.5,Wrong Answer,Wrong Answer,2640126,2640132,True,True,True,True,1378159278,1378159340,"JPlag AVG 100, same user, same score, same result"
gigel-si-sosetele,java,1378159313,1378159340,user_0264,user_0264,12.5,12.5,Wrong Answer,Wrong Answer,2640130,2640132,True,True,True,True,1378159313,1378159340,"JPlag AVG 100, same user, same score, same result"
gigel-si-sosetele,java,1391935440,1391935455,user_0274,user_0274,12.5,12.5,Wrong Answer,Wrong Answer,3148053,3148054,True,True,True,True,1391935440,1391935455,"JPlag AVG 100, same user, same score, same result"
gigel-si-sosetele,java,1314235960,1314236041,user_0289,user_0289,11.46,11.46,Terminated due ...,Terminated due ...,75,80,True,True,True,True,1314235960,1314236041,"JPlag AVG 100, same user, same score, same result"
gigel-si-sosetele,java,1314236314,1314236339,user_0291,user_0291,46.88,46.88,Wrong Answer,Wrong Answer,99,100,True,True,True,True,1314236314,1314236339,"JPlag AVG 100, same user, same score, same result"
gigel-si-sosetele,java,1314236487,1314236601,user_0291,user_0291,46.88,46.88,Wrong Answer,Wrong Answer,109,117,True,True,True,True,1314236487,1314236601,"JPlag AVG 100, same user, same score, same result"
gigel-si-sosetele,java,1314237294,1314237527,user_0305,user_0305,3.13,3.13,Terminated due ...,Terminated due ...,157,168,True,True,True,True,1314237294,1314237527,"JPlag AVG 100, same user, same score, same result"
gigel-si-sosetele,java,1314237150,1314237187,user_0307,user_0307,11.46,11.46,Wrong Answer,Wrong Answer,149,151,True,True,True,True,1314237150,1314237187,"JPlag AVG 100, same user, same score, same result"
gigel-si-sosetele,java,1314237675,1314237688,user_0307,user_0307,11.46,11.46,Wrong Answer,Wrong Answer,174,175,True,True,True,True,1314237675,1314237688,"JPlag AVG 100, same user, same score, same result"
gigel-si-sosetele,java,1314236600,1314236733,user_0311,user_0311,1.04,1.04,Wrong Answer,Wrong Answer,117,125,True,True,True,True,1314236600,1314236733,"JPlag AVG 100, same user, same score, same result"
gigel-si-sosetele,java,1314236794,1314236824,user_0311,user_0311,1.04,1.04,Wrong Answer,Wrong Answer,129,131,True,True,True,True,1314236794,1314236824,"JPlag AVG 100, same user, same score, same result"
gigel-si-sosetele,java,1391935200,1391935316,user_0316,user_0316,50.0,50.0,Accepted,Accepted,3148032,3148042,True,True,True,True,1391935200,1391935316,"JPlag AVG 100, same user, same score, same result"
gigel-si-sosetele,java,1378121015,1378121021,user_0321,user_0321,14.58,14.58,Wrong Answer,Wrong Answer,2638697,2638699,True,True,True,True,1378121015,1378121021,"JPlag AVG 100, same user, same score, same result"
gigel-si-sosetele,java,1314236271,1314236527,user_0338,user_0338,3.13,3.13,Terminated due ...,Terminated due ...,95,112,True,True,True,True,1314236271,1314236527,"JPlag AVG 100, same user, same score, same result"
gigel-si-sosetele,java,1314237715,1314237815,user_0339,user_0339,1.04,1.04,Runtime Error,Runtime Error,177,180,True,True,True,True,1314237715,1314237815,"JPlag AVG 100, same user, same score, same result"
gigel-si-telefonul,cpp,1323386957,1323387090,user_0003,user_0003,25.0,25.0,Wrong Answer,Wrong Answer,519683,519688,True,True,True,True,1323386957,1323387090,"JPlag AVG 100, same user, same score, same result"
gigel-si-telefonul,cpp,1314235971,1314236148,user_0004,user_0004,7.5,7.5,Wrong Answer,Wrong Answer,75,87,True,True,True,True,1314235971,1314236148,"JPlag AVG 100, same user, same score, same result"
gigel-si-telefonul,cpp,1314235971,1314236238,user_0004,user_0004,7.5,7.5,Wrong Answer,Wrong Answer,75,93,True,True,True,True,1314235971,1314236238,"JPlag AVG 100, same user, same score, same result"
gigel-si-telefonul,cpp,1314236148,1314236238,user_0004,user_0004,7.5,7.5,Wrong Answer,Wrong Answer,87,93,True,True,True,True,1314236148,1314236238,"JPlag AVG 100, same user, same score, same result"
gigel-si-telefonul,cpp,1314237066,1314237184,user_0004,user_0004,7.5,7.5,Wrong Answer,Wrong Answer,145,151,True,True,True,True,1314237066,1314237184,"JPlag AVG 100, same user, same score, same result"
gigel-si-telefonul,cpp,1314237066,1314237623,user_0004,user_0004,7.5,7.5,Wrong Answer,Wrong Answer,145,172,True,True,True,True,1314237066,1314237623,"JPlag AVG 100, same user, same score, same result"
gigel-si-telefonul,cpp,1314237184,1314237623,user_0004,user_0004,7.5,7.5,Wrong Answer,Wrong Answer,151,172,True,True,True,True,1314237184,1314237623,"JPlag AVG 100, same user, same score, same result"
gigel-si-telefonul,cpp,1323427765,1323429397,user_0006,user_0006,42.5,42.5,Wrong Answer,Wrong Answer,521631,521689,True,True,True,True,1323427765,1323429397,"JPlag AVG 100, same user, same score, same result"
gigel-si-telefonul,cpp,1323427765,1323429954,user_0006,user_0006,42.5,42.5,Wrong Answer,Wrong Answer,521631,521709,True,True,True,True,1323427765,1323429954,"JPlag AVG 100, same user, same score, same result"
gigel-si-telefonul,cpp,1323429397,1323429954,user_0006,user_0006,42.5,42.5,Wrong Answer,Wrong Answer,521689,521709,True,True,True,True,1323429397,1323429954,"JPlag AVG 100, same user, same score, same result"
gigel-si-telefonul,cpp,1323427973,1323427996,user_0014,user_0014,50.0,50.0,Accepted,Accepted,521643,521644,True,True,True,True,1323427973,1323427996,"JPlag AVG 100, same user, same score, same result"
gigel-si-telefonul,cpp,1323427658,1323427691,user_0018,user_0018,7.5,7.5,Wrong Answer,Wrong Answer,521625,521627,True,True,True,True,1323427658,1323427691,"JPlag AVG 100, same user, same score, same result"
gigel-si-telefonul,cpp,1323427658,1323431836,user_0018,user_0018,7.5,7.5,Wrong Answer,Wrong Answer,521625,521845,True,True,True,True,1323427658,1323431836,"JPlag AVG 100, same user, same score, same result"
gigel-si-telefonul,cpp,1323427658,1323431948,user_0018,user_0018,7.5,7.5,Wrong Answer,Wrong Answer,521625,521858,True,True,True,True,1323427658,1323431948,"JPlag AVG 100, same user, same score, same result"
gigel-si-telefonul,cpp,1323427691,1323431836,user_0018,user_0018,7.5,7.5,Wrong Answer,Wrong Answer,521627,521845,True,True,True,True,1323427691,1323431836,"JPlag AVG 100, same user, same score, same result"
gigel-si-telefonul,cpp,1323427691,1323431948,user_0018,user_0018,7.5,7.5,Wrong Answer,Wrong Answer,521627,521858,True,True,True,True,1323427691,1323431948,"JPlag AVG 100, same user, same score, same result"
gigel-si-telefonul,cpp,1323431836,1323431948,user_0018,user_0018,7.5,7.5,Wrong Answer,Wrong Answer,521845,521858,True,True,True,True,1323431836,1323431948,"JPlag AVG 100, same user, same score, same result"
gigel-si-telefonul,cpp,1323432495,1323432510,user_0018,user_0018,25.0,25.0,Wrong Answer,Wrong Answer,521922,521923,True,True,True,True,1323432495,1323432510,"JPlag AVG 100, same user, same score, same result"
gigel-si-telefonul,cpp,1323432665,1323432739,user_0018,user_0018,25.0,25.0,Wrong Answer,Wrong Answer,521946,521955,True,True,True,True,1323432665,1323432739,"JPlag AVG 100, same user, same score, same result"
gigel-si-telefonul,cpp,1332755677,1332755933,user_0019,user_0019,25.0,25.0,Wrong Answer,Wrong Answer,1026925,1026935,True,True,True,True,1332755677,1332755933,"JPlag AVG 100, same user, same score, same result"
gigel-si-telefonul,cpp,1332757506,1332757636,user_0026,user_0026,42.5,42.5,Wrong Answer,Wrong Answer,1026987,1026992,True,True,True,True,1332757506,1332757636,"JPlag AVG 100, same user, same score, same result"
gigel-si-telefonul,cpp,1332757506,1332757801,user_0026,user_0026,42.5,42.5,Wrong Answer,Wrong Answer,1026987,1026997,True,True,True,True,1332757506,1332757801,"JPlag AVG 100, same user, same score, same result"
gigel-si-telefonul,cpp,1332757636,1332757801,user_0026,user_0026,42.5,42.5,Wrong Answer,Wrong Answer,1026992,1026997,True,True,True,True,1332757636,1332757801,"JPlag AVG 100, same user, same score, same result"
gigel-si-telefonul,cpp,1342820510,1342820556,user_0038,user_0038,25.0,25.0,Wrong Answer,Wrong Answer,1502246,1502248,True,True,True,True,1342820510,1342820556,"JPlag AVG 100, same user, same score, same result"
gigel-si-telefonul,cpp,1342820510,1342820606,user_0038,user_0038,25.0,25.0,Wrong Answer,Wrong Answer,1502246,1502249,True,True,True,True,1342820510,1342820606,"JPlag AVG 100, same user, same score, same result"
gigel-si-telefonul,cpp,1342820556,1342820606,user_0038,user_0038,25.0,25.0,Wrong Answer,Wrong Answer,1502248,1502249,True,True,True,True,1342820556,1342820606,"JPlag AVG 100, same user, same score, same result"
gigel-si-telefonul,cpp,1332183204,1332199818,user_0045,user_0045,50.0,50.0,Accepted,Accepted,1003609,1004090,True,True,True,True,1332183204,1332199818,"JPlag AVG 100, same user, same score, same result"
gigel-si-telefonul,cpp,1332757327,1332757584,user_0049,user_0049,30.0,30.0,Wrong Answer,Wrong Answer,1026981,1026990,True,True,True,True,1332757327,1332757584,"JPlag AVG 100, same user, same score, same result"
gigel-si-telefonul,cpp,1332758186,1332758274,user_0049,user_0049,35.0,35.0,Wrong Answer,Wrong Answer,1027009,1027012,True,True,True,True,1332758186,1332758274,"JPlag AVG 100, same user, same score, same result"
gigel-si-telefonul,cpp,1332758186,1332758308,user_0049,user_0049,35.0,35.0,Wrong Answer,Wrong Answer,1027009,1027013,True,True,True,True,1332758186,1332758308,"JPlag AVG 100, same user, same score, same result"
gigel-si-telefonul,cpp,1332758274,1332758308,user_0049,user_0049,35.0,35.0,Wrong Answer,Wrong Answer,1027012,1027013,True,True,True,True,1332758274,1332758308,"JPlag AVG 100, same user, same score, same result"
gigel-si-telefonul,cpp,1408569671,1408569709,user_0062,user_0062,17.5,17.5,Wrong Answer,Wrong Answer,3698490,3698492,True,True,True,True,1408569671,1408569709,"JPlag AVG 100, same user, same score, same result"
gigel-si-telefonul,cpp,1314236007,1314236034,user_0078,user_0078,5.0,5.0,Wrong Answer,Wrong Answer,78,80,True,True,True,True,1314236007,1314236034,"JPlag AVG 100, same user, same score, same result"
gigel-si-telefonul,cpp,1314236007,1314236196,user_0078,user_0078,5.0,5.0,Wrong Answer,Wrong Answer,78,91,True,True,True,True,1314236007,1314236196,"JPlag AVG 100, same user, same score, same result"
gigel-si-telefonul,cpp,1314236034,1314236196,user_0078,user_0078,5.0,5.0,Wrong Answer,Wrong Answer,80,91,True,True,True,True,1314236034,1314236196,"JPlag AVG 100, same user, same score, same result"
gigel-si-telefonul,cpp,1314236081,1314236104,user_0078,user_0078,2.5,2.5,Wrong Answer,Wrong Answer,82,84,True,True,True,True,1314236081,1314236104,"JPlag AVG 100, same user, same score, same result"
gigel-si-telefonul,cpp,1314237405,1314237429,user_0078,user_0078,20.0,20.0,Wrong Answer,Wrong Answer,162,163,True,True,True,True,1314237405,1314237429,"JPlag AVG 100, same user, same score, same result"
gigel-si-telefonul,cpp,1314237519,1314237557,user_0078,user_0078,45.0,45.0,Wrong Answer,Wrong Answer,168,170,True,True,True,True,1314237519,1314237557,"JPlag AVG 100, same user, same score, same result"
gigel-si-telefonul,cpp,1314237519,1314237716,user_0078,user_0078,45.0,45.0,Wrong Answer,Wrong Answer,168,177,True,True,True,True,1314237519,1314237716,"JPlag AVG 100, same user, same score, same result"
gigel-si-telefonul,cpp,1314237519,1314237808,user_0078,user_0078,45.0,45.0,Wrong Answer,Wrong Answer,168,180,True,True,True,True,1314237519,1314237808,"JPlag AVG 100, same user, same score, same result"
gigel-si-telefonul,cpp,1314237557,1314237716,user_0078,user_0078,45.0,45.0,Wrong Answer,Wrong Answer,170,177,True,True,True,True,1314237557,1314237716,"JPlag AVG 100, same user, same score, same result"
gigel-si-telefonul,cpp,1314237557,1314237808,user_0078,user_0078,45.0,45.0,Wrong Answer,Wrong Answer,170,180,True,True,True,True,1314237557,1314237808,"JPlag AVG 100, same user, same score, same result"
gigel-si-telefonul,cpp,1314237716,1314237808,user_0078,user_0078,45.0,45.0,Wrong Answer,Wrong Answer,177,180,True,True,True,True,1314237716,1314237808,"JPlag AVG 100, same user, same score, same result"
gigel-si-telefonul,cpp,1314237768,1314237787,user_0078,user_0078,22.5,22.5,Wrong Answer,Wrong Answer,178,179,True,True,True,True,1314237768,1314237787,"JPlag AVG 100, same user, same score, same result"
gigel-si-telefonul,cpp,1408485379,1408485954,user_0079,user_0079,25.0,25.0,Wrong Answer,Wrong Answer,3695311,3695320,True,True,True,True,1408485379,1408485954,"JPlag AVG 100, same user, same score, same result"
gigel-si-telefonul,cpp,1408519031,1408519251,user_0080,user_0080,25.0,25.0,Wrong Answer,Wrong Answer,3696516,3696523,True,True,True,True,1408519031,1408519251,"JPlag AVG 100, same user, same score, same result"
gigel-si-telefonul,cpp,1408519031,1408519319,user_0080,user_0080,25.0,25.0,Wrong Answer,Wrong Answer,3696516,3696525,True,True,True,True,1408519031,1408519319,"JPlag AVG 100, same user, same score, same result"
gigel-si-telefonul,cpp,1408519031,1408519493,user_0080,user_0080,25.0,25.0,Wrong Answer,Wrong Answer,3696516,3696530,True,True,True,True,1408519031,1408519493,"JPlag AVG 100, same user, same score, same result"
gigel-si-telefonul,cpp,1408519031,1408519524,user_0080,user_0080,25.0,25.0,Wrong Answer,Wrong Answer,3696516,3696532,True,True,True,True,1408519031,1408519524,"JPlag AVG 100, same user, same score, same result"
gigel-si-telefonul,cpp,1408519251,1408519319,user_0080,user_0080,25.0,25.0,Wrong Answer,Wrong Answer,3696523,3696525,True,True,True,True,1408519251,1408519319,"JPlag AVG 100, same user, same score, same result"
gigel-si-telefonul,cpp,1408519251,1408519493,user_0080,user_0080,25.0,25.0,Wrong Answer,Wrong Answer,3696523,3696530,True,True,True,True,1408519251,1408519493,"JPlag AVG 100, same user, same score, same result"
gigel-si-telefonul,cpp,1408519251,1408519524,user_0080,user_0080,25.0,25.0,Wrong Answer,Wrong Answer,3696523,3696532,True,True,True,True,1408519251,1408519524,"JPlag AVG 100, same user, same score, same result"
gigel-si-telefonul,cpp,1408519319,1408519493,user_0080,user_0080,25.0,25.0,Wrong Answer,Wrong Answer,3696525,3696530,True,True,True,True,1408519319,1408519493,"JPlag AVG 100, same user, same score, same result"
gigel-si-telefonul,cpp,1408519319,1408519524,user_0080,user_0080,25.0,25.0,Wrong Answer,Wrong Answer,3696525,3696532,True,True,True,True,1408519319,1408519524,"JPlag AVG 100, same user, same score, same result"
gigel-si-telefonul,cpp,1408519493,1408519524,user_0080,user_0080,25.0,25.0,Wrong Answer,Wrong Answer,3696530,3696532,True,True,True,True,1408519493,1408519524,"JPlag AVG 100, same user, same score, same result"
gigel-si-telefonul,cpp,1391864011,1391864034,user_0083,user_0083,25.0,25.0,Wrong Answer,Wrong Answer,3145323,3145325,True,True,True,True,1391864011,1391864034,"JPlag AVG 100, same user, same score, same result"
gigel-si-telefonul,cpp,1391864011,1391864040,user_0083,user_0083,25.0,25.0,Wrong Answer,Wrong Answer,3145323,3145326,True,True,True,True,1391864011,1391864040,"JPlag AVG 100, same user, same score, same result"
gigel-si-telefonul,cpp,1391864034,1391864040,user_0083,user_0083,25.0,25.0,Wrong Answer,Wrong Answer,3145325,3145326,True,True,True,True,1391864034,1391864040,"JPlag AVG 100, same user, same score, same result"
gigel-si-telefonul,cpp,1314236735,1314236746,user_0092,user_0092,2.5,2.5,Wrong Answer,Wrong Answer,125,126,True,True,True,True,1314236735,1314236746,"JPlag AVG 100, same user, same score, same result"
gigel-si-telefonul,cpp,1408435063,1408435073,user_0093,user_0093,25.0,25.0,Wrong Answer,Wrong Answer,3692771,3692772,True,True,True,True,1408435063,1408435073,"JPlag AVG 100, same user, same score, same result"
gigel-si-telefonul,cpp,1408435214,1408435238,user_0093,user_0093,25.0,25.0,Wrong Answer,Wrong Answer,3692801,3692804,True,True,True,True,1408435214,1408435238,"JPlag AVG 100, same user, same score, same result"
gigel-si-telefonul,cpp,1391836330,1391836567,user_0099,user_0099,25.0,25.0,Wrong Answer,Wrong Answer,3143914,3143921,True,True,True,True,1391836330,1391836567,"JPlag AVG 100, same user, same score, same result"
gigel-si-telefonul,cpp,1391836330,1391836611,user_0099,user_0099,25.0,25.0,Wrong Answer,Wrong Answer,3143914,3143922,True,True,True,True,1391836330,1391836611,"JPlag AVG 100, same user, same score, same result"
gigel-si-telefonul,cpp,1391836567,1391836611,user_0099,user_0099,25.0,25.0,Wrong Answer,Wrong Answer,3143921,3143922,True,True,True,True,1391836567,1391836611,"JPlag AVG 100, same user, same score, same result"
gigel-si-telefonul,cpp,1378093199,1378093326,user_0101,user_0101,10.0,10.0,Wrong Answer,Wrong Answer,2637003,2637007,True,True,True,True,1378093199,1378093326,"JPlag AVG 100, same user, same score, same result"
gigel-si-telefonul,cpp,1378158787,1378158909,user_0104,user_0104,45.0,45.0,Wrong Answer,Wrong Answer,2640081,2640092,True,True,True,True,1378158787,1378158909,"JPlag AVG 100, same user, same score, same result"
gigel-si-telefonul,cpp,1378159543,1378159550,user_0106,user_0106,5.0,5.0,Terminated due ...,Terminated due ...,2640155,2640155,True,True,True,True,1378159543,1378159550,"JPlag AVG 100, same user, same score, same result"
gigel-si-telefonul,cpp,1408564202,1408571126,user_0109,user_0109,50.0,50.0,Accepted,Accepted,3698282,3698681,True,True,True,True,1408564202,1408571126,"JPlag AVG 100, same user, same score, same result"
gigel-si-telefonul,cpp,1408525900,1408525923,user_0110,user_0110,22.5,22.5,Wrong Answer,Wrong Answer,3696785,3696786,True,True,True,True,1408525900,1408525923,"JPlag AVG 100, same user, same score, same result"
gigel-si-telefonul,cpp,1323405258,1323405345,user_0130,user_0130,5.0,5.0,Wrong Answer,Wrong Answer,520636,520650,True,True,True,True,1323405258,1323405345,"JPlag AVG 100, same user, same score, same result"
gigel-si-telefonul,cpp,1323405388,1323405398,user_0130,user_0130,40.0,40.0,Wrong Answer,Wrong Answer,520657,520659,True,True,True,True,1323405388,1323405398,"JPlag AVG 100, same user, same score, same result"
gigel-si-telefonul,cpp,1408462797,1408462803,user_0139,user_0139,2.5,2.5,Wrong Answer,Wrong Answer,3694316,3694317,True,True,True,True,1408462797,1408462803,"JPlag AVG 100, same user, same score, same result"
gigel-si-telefonul,cpp,1408462847,1408462855,user_0139,user_0139,25.0,25.0,Wrong Answer,Wrong Answer,3694335,3694337,True,True,True,True,1408462847,1408462855,"JPlag AVG 100, same user, same score, same result"
gigel-si-telefonul,cpp,1391778985,1391778995,user_0152,user_0152,22.5,22.5,Wrong Answer,Wrong Answer,3141200,3141201,True,True,True,True,1391778985,1391778995,"JPlag AVG 100, same user, same score, same result"
gigel-si-telefonul,cpp,1408512846,1408513125,user_0156,user_0156,2.5,2.5,Wrong Answer,Wrong Answer,3696439,3696440,True,True,True,True,1408512846,1408513125,"JPlag AVG 100, same user, same score, same result"
gigel-si-telefonul,cpp,1314225955,1314225959,user_0166,user_0166,50.0,50.0,Accepted,Accepted,-779,-777,True,True,True,True,1314225955,1314225959,"JPlag AVG 100, same user, same score, same result"
gigel-si-telefonul,cpp,1408526498,1408526748,user_0170,user_0170,22.5,22.5,Wrong Answer,Wrong Answer,3696812,3696823,True,True,True,True,1408526498,1408526748,"JPlag AVG 100, same user, same score, same result"
gigel-si-telefonul,cpp,1314235933,1314236336,user_0172,user_0172,25.0,25.0,Wrong Answer,Wrong Answer,73,100,True,True,True,True,1314235933,1314236336,"JPlag AVG 100, same user, same score, same result"
gigel-si-telefonul,cpp,1314235933,1314236395,user_0172,user_0172,25.0,25.0,Wrong Answer,Wrong Answer,73,103,True,True,True,True,1314235933,1314236395,"JPlag AVG 100, same user, same score, same result"
gigel-si-telefonul,cpp,1314235933,1314236484,user_0172,user_0172,25.0,25.0,Wrong Answer,Wrong Answer,73,109,True,True,True,True,1314235933,1314236484,"JPlag AVG 100, same user, same score, same result"
gigel-si-telefonul,cpp,1314235933,1314236764,user_0172,user_0172,25.0,25.0,Wrong Answer,Wrong Answer,73,127,True,True,True,True,1314235933,1314236764,"JPlag AVG 100, same user, same score, same result"
gigel-si-telefonul,cpp,1314236336,1314236395,user_0172,user_0172,25.0,25.0,Wrong Answer,Wrong Answer,100,103,True,True,True,True,1314236336,1314236395,"JPlag AVG 100, same user, same score, same result"
gigel-si-telefonul,cpp,1314236336,1314236484,user_0172,user_0172,25.0,25.0,Wrong Answer,Wrong Answer,100,109,True,True,True,True,1314236336,1314236484,"JPlag AVG 100, same user, same score, same result"
gigel-si-telefonul,cpp,1314236336,1314236764,user_0172,user_0172,25.0,25.0,Wrong Answer,Wrong Answer,100,127,True,True,True,True,1314236336,1314236764,"JPlag AVG 100, same user, same score, same result"
gigel-si-telefonul,cpp,1314236395,1314236484,user_0172,user_0172,25.0,25.0,Wrong Answer,Wrong Answer,103,109,True,True,True,True,1314236395,1314236484,"JPlag AVG 100, same user, same score, same result"
gigel-si-telefonul,cpp,1314236395,1314236764,user_0172,user_0172,25.0,25.0,Wrong Answer,Wrong Answer,103,127,True,True,True,True,1314236395,1314236764,"JPlag AVG 100, same user, same score, same result"
gigel-si-telefonul,cpp,1314236469,1314236615,user_0172,user_0172,22.5,22.5,Wrong Answer,Wrong Answer,108,118,True,True,True,True,1314236469,1314236615,"JPlag AVG 100, same user, same score, same result"
gigel-si-telefonul,cpp,1314236469,1314236747,user_0172,user_0172,22.5,22.5,Wrong Answer,Wrong Answer,108,126,True,True,True,True,1314236469,1314236747,"JPlag AVG 100, same user, same score, same result"
gigel-si-telefonul,cpp,1314236469,1314236757,user_0172,user_0172,22.5,22.5,Wrong Answer,Wrong Answer,108,126,True,True,True,True,1314236469,1314236757,"JPlag AVG 100, same user, same score, same result"
gigel-si-telefonul,cpp,1314236484,1314236764,user_0172,user_0172,25.0,25.0,Wrong Answer,Wrong Answer,109,127,True,True,True,True,1314236484,1314236764,"JPlag AVG 100, same user, same score, same result"
gigel-si-telefonul,cpp,1314236615,1314236747,user_0172,user_0172,22.5,22.5,Wrong Answer,Wrong Answer,118,126,True,True,True,True,1314236615,1314236747,"JPlag AVG 100, same user, same score, same result"
gigel-si-telefonul,cpp,1314236615,1314236757,user_0172,user_0172,22.5,22.5,Wrong Answer,Wrong Answer,118,126,True,True,True,True,1314236615,1314236757,"JPlag AVG 100, same user, same score, same result"
gigel-si-telefonul,cpp,1314236747,1314236757,user_0172,user_0172,22.5,22.5,Wrong Answer,Wrong Answer,126,126,True,True,True,True,1314236747,1314236757,"JPlag AVG 100, same user, same score, same result"
gigel-si-telefonul,cpp,1314237355,1314237541,user_0179,user_0179,25.0,25.0,Wrong Answer,Wrong Answer,160,169,True,True,True,True,1314237355,1314237541,"JPlag AVG 100, same user, same score, same result"
gigel-si-telefonul,cpp,1314237355,1314237770,user_0179,user_0179,25.0,25.0,Wrong Answer,Wrong Answer,160,178,True,True,True,True,1314237355,1314237770,"JPlag AVG 100, same user, same score, same result"
gigel-si-telefonul,cpp,1314237541,1314237770,user_0179,user_0179,25.0,25.0,Wrong Answer,Wrong Answer,169,178,True,True,True,True,1314237541,1314237770,"JPlag AVG 100, same user, same score, same result"
gigel-si-telefonul,java,1314237182,1314237319,user_0011,user_0011,5.0,5.0,Wrong Answer,Wrong Answer,151,158,True,True,True,True,1314237182,1314237319,"JPlag AVG 100, same user, same score, same result"
gigel-si-telefonul,java,1314236785,1314236934,user_0015,user_0015,25.0,25.0,Wrong Answer,Wrong Answer,128,136,True,True,True,True,1314236785,1314236934,"JPlag AVG 100, same user, same score, same result"
gigel-si-telefonul,java,1314236785,1314237695,user_0015,user_0015,25.0,25.0,Wrong Answer,Wrong Answer,128,176,True,True,True,True,1314236785,1314237695,"JPlag AVG 100, same user, same score, same result"
gigel-si-telefonul,java,1314236934,1314237695,user_0015,user_0015,25.0,25.0,Wrong Answer,Wrong Answer,136,176,True,True,True,True,1314236934,1314237695,"JPlag AVG 100, same user, same score, same result"
gigel-si-telefonul,java,1323453212,1323453274,user_0028,user_0028,22.5,22.5,Wrong Answer,Wrong Answer,523085,523090,True,True,True,True,1323453212,1323453274,"JPlag AVG 100, same user, same score, same result"
gigel-si-telefonul,java,1323427412,1323427469,user_0057,user_0057,10.0,10.0,Wrong Answer,Wrong Answer,521612,521615,True,True,True,True,1323427412,1323427469,"JPlag AVG 100, same user, same score, same result"
gigel-si-telefonul,java,1323427513,1323427525,user_0057,user_0057,10.0,10.0,Wrong Answer,Wrong Answer,521617,521618,True,True,True,True,1323427513,1323427525,"JPlag AVG 100, same user, same score, same result"
gigel-si-telefonul,java,1323427555,1323427571,user_0057,user_0057,22.5,22.5,Wrong Answer,Wrong Answer,521619,521620,True,True,True,True,1323427555,1323427571,"JPlag AVG 100, same user, same score, same result"
gigel-si-telefonul,java,1323427555,1323427617,user_0057,user_0057,22.5,22.5,Wrong Answer,Wrong Answer,521619,521622,True,True,True,True,1323427555,1323427617,"JPlag AVG 100, same user, same score, same result"
gigel-si-telefonul,java,1323427571,1323427617,user_0057,user_0057,22.5,22.5,Wrong Answer,Wrong Answer,521620,521622,True,True,True,True,1323427571,1323427617,"JPlag AVG 100, same user, same score, same result"
gigel-si-telefonul,java,1314237439,1314237639,user_0058,user_0058,25.0,25.0,Wrong Answer,Wrong Answer,163,173,True,True,True,True,1314237439,1314237639,"JPlag AVG 100, same user, same score, same result"
gigel-si-telefonul,java,1331968170,1331968204,user_0095,user_0095,22.5,22.5,Wrong Answer,Wrong Answer,991093,991095,True,True,True,True,1331968170,1331968204,"JPlag AVG 100, same user, same score, same result"
gigel-si-telefonul,java,1314237172,1314237227,user_0107,user_0107,2.5,2.5,Wrong Answer,Wrong Answer,150,153,True,True,True,True,1314237172,1314237227,"JPlag AVG 100, same user, same score, same result"
gigel-si-telefonul,java,1314237700,1314237809,user_0107,user_0107,45.0,45.0,Wrong Answer,Wrong Answer,176,180,True,True,True,True,1314237700,1314237809,"JPlag AVG 100, same user, same score, same result"
gigel-si-telefonul,java,1314237333,1314237481,user_0118,user_0118,2.5,2.5,Wrong Answer,Wrong Answer,159,166,True,True,True,True,1314237333,1314237481,"JPlag AVG 100, same user, same score, same result"
gigel-si-telefonul,java,1391996596,1391996670,user_0128,user_0128,35.0,35.0,Wrong Answer,Wrong Answer,3151018,3151022,True,True,True,True,1391996596,1391996670,"JPlag AVG 100, same user, same score, same result"
gigel-si-telefonul,java,1391996596,1391996688,user_0128,user_0128,35.0,35.0,Wrong Answer,Wrong Answer,3151018,3151023,True,True,True,True,1391996596,1391996688,"JPlag AVG 100, same user, same score, same result"
gigel-si-telefonul,java,1391996596,1391996722,user_0128,user_0128,35.0,35.0,Wrong Answer,Wrong Answer,3151018,3151025,True,True,True,True,1391996596,1391996722,"JPlag AVG 100, same user, same score, same result"
gigel-si-telefonul,java,1391996670,1391996688,user_0128,user_0128,35.0,35.0,Wrong Answer,Wrong Answer,3151022,3151023,True,True,True,True,1391996670,1391996688,"JPlag AVG 100, same user, same score, same result"
gigel-si-telefonul,java,1391996670,1391996722,user_0128,user_0128,35.0,35.0,Wrong Answer,Wrong Answer,3151022,3151025,True,True,True,True,1391996670,1391996722,"JPlag AVG 100, same user, same score, same result"
gigel-si-telefonul,java,1391996688,1391996722,user_0128,user_0128,35.0,35.0,Wrong Answer,Wrong Answer,3151023,3151025,True,True,True,True,1391996688,1391996722,"JPlag AVG 100, same user, same score, same result"
gigel-si-telefonul,java,1314236992,1314237046,user_0131,user_0131,22.5,22.5,Wrong Answer,Wrong Answer,140,144,True,True,True,True,1314236992,1314237046,"JPlag AVG 100, same user, same score, same result"
gigel-si-telefonul,java,1314236040,1314236076,user_0140,user_0140,25.0,25.0,Wrong Answer,Wrong Answer,80,82,True,True,True,True,1314236040,1314236076,"JPlag AVG 100, same user, same score, same result"
gigel-si-telefonul,java,1391860494,1391860516,user_0169,user_0169,42.5,42.5,Wrong Answer,Wrong Answer,3145044,3145045,True,True,True,True,1391860494,1391860516,"JPlag AVG 100, same user, same score, same result"
matei-si-diamantele,cpp,1314235042,1314235130,user_0005,user_0005,42.86,42.86,Wrong Answer,Wrong Answer,37,41,True,True,True,True,1314235042,1314235130,"JPlag AVG 100, same user, same score, same result"
matei-si-diamantele,cpp,1332755147,1332755169,user_0017,user_0017,50.0,50.0,Accepted,Accepted,1026904,1026905,True,True,True,True,1332755147,1332755169,"JPlag AVG 100, same user, same score, same result"
matei-si-diamantele,cpp,1314234890,1314234993,user_0045,user_0045,41.07,41.07,Wrong Answer,Wrong Answer,32,36,True,True,True,True,1314234890,1314234993,"JPlag AVG 100, same user, same score, same result"
matei-si-diamantele,cpp,1314234890,1314236283,user_0045,user_0045,41.07,41.07,Wrong Answer,Wrong Answer,32,97,True,True,True,True,1314234890,1314236283,"JPlag AVG 100, same user, same score, same result"
matei-si-diamantele,cpp,1314234993,1314236283,user_0045,user_0045,41.07,41.07,Wrong Answer,Wrong Answer,36,97,True,True,True,True,1314234993,1314236283,"JPlag AVG 100, same user, same score, same result"
matei-si-diamantele,cpp,1314236304,1314236356,user_0045,user_0045,41.07,41.07,Terminated due ...,Terminated due ...,99,101,True,True,True,True,1314236304,1314236356,"JPlag AVG 100, same user, same score, same result"
matei-si-diamantele,cpp,1323447535,1323447679,user_0046,user_0046,41.07,41.07,Terminated due ...,Terminated due ...,522788,522794,True,True,True,True,1323447535,1323447679,"JPlag AVG 100, same user, same score, same result"
matei-si-diamantele,cpp,1323448212,1323448279,user_0046,user_0046,41.07,41.07,Terminated due ...,Terminated due ...,522821,522824,True,True,True,True,1323448212,1323448279,"JPlag AVG 100, same user, same score, same result"
matei-si-diamantele,cpp,1323448212,1323448895,user_0046,user_0046,41.07,41.07,Terminated due ...,Terminated due ...,522821,522861,True,True,True,True,1323448212,1323448895,"JPlag AVG 100, same user, same score, same result"
matei-si-diamantele,cpp,1323448279,1323448895,user_0046,user_0046,41.07,41.07,Terminated due ...,Terminated due ...,522824,522861,True,True,True,True,1323448279,1323448895,"JPlag AVG 100, same user, same score, same result"
matei-si-diamantele,cpp,1314237335,1314237594,user_0048,user_0048,5.36,5.36,Wrong Answer,Wrong Answer,159,171,True,True,True,True,1314237335,1314237594,"JPlag AVG 100, same user, same score, same result"
matei-si-diamantele,cpp,1314237335,1314237759,user_0048,user_0048,5.36,5.36,Wrong Answer,Wrong Answer,159,178,True,True,True,True,1314237335,1314237759,"JPlag AVG 100, same user, same score, same result"
matei-si-diamantele,cpp,1314237594,1314237759,user_0048,user_0048,5.36,5.36,Wrong Answer,Wrong Answer,171,178,True,True,True,True,1314237594,1314237759,"JPlag AVG 100, same user, same score, same result"
matei-si-diamantele,cpp,1332753509,1332753538,user_0053,user_0053,41.07,41.07,Abort Called,Abort Called,1026826,1026827,True,True,True,True,1332753509,1332753538,"JPlag AVG 100, same user, same score, same result"
matei-si-diamantele,cpp,1332753509,1332753583,user_0053,user_0053,41.07,41.07,Abort Called,Abort Called,1026826,1026828,True,True,True,True,1332753509,1332753583,"JPlag AVG 100, same user, same score, same result"
matei-si-diamantele,cpp,1332753509,1332753606,user_0053,user_0053,41.07,41.07,Abort Called,Abort Called,1026826,1026829,True,True,True,True,1332753509,1332753606,"JPlag AVG 100, same user, same score, same result"
matei-si-diamantele,cpp,1332753538,1332753583,user_0053,user_0053,41.07,41.07,Abort Called,Abort Called,1026827,1026828,True,True,True,True,1332753538,1332753583,"JPlag AVG 100, same user, same score, same result"
matei-si-diamantele,cpp,1332753538,1332753606,user_0053,user_0053,41.07,41.07,Abort Called,Abort Called,1026827,1026829,True,True,True,True,1332753538,1332753606,"JPlag AVG 100, same user, same score, same result"
matei-si-diamantele,cpp,1332753583,1332753606,user_0053,user_0053,41.07,41.07,Abort Called,Abort Called,1026828,1026829,True,True,True,True,1332753583,1332753606,"JPlag AVG 100, same user, same score, same result"
matei-si-diamantele,cpp,1344697577,1344697701,user_0070,user_0070,35.71,35.71,Abort Called,Abort Called,1584636,1584685,True,True,True,True,1344697577,1344697701,"JPlag AVG 100, same user, same score, same result"
matei-si-diamantele,cpp,1323389180,1323389192,user_0075,user_0075,3.57,3.57,Wrong Answer,Wrong Answer,519798,519799,True,True,True,True,1323389180,1323389192,"JPlag AVG 100, same user, same score, same result"
matei-si-diamantele,cpp,1314237507,1314237516,user_0077,user_0077,50.0,50.0,Accepted,Accepted,167,168,True,True,True,True,1314237507,1314237516,"JPlag AVG 100, same user, same score, same result"
matei-si-diamantele,cpp,1323450132,1323450151,user_0078,user_0078,30.36,30.36,Wrong Answer,Wrong Answer,522944,522945,True,True,True,True,1323450132,1323450151,"JPlag AVG 100, same user, same score, same result"
matei-si-diamantele,cpp,1314234927,1314234971,user_0090,user_0090,10.71,10.71,Wrong Answer,Wrong Answer,33,35,True,True,True,True,1314234927,1314234971,"JPlag AVG 100, same user, same score, same result"
matei-si-diamantele,cpp,1344568192,1344568201,user_0099,user_0099,50.0,50.0,Accepted,Accepted,1578382,1578383,True,True,True,True,1344568192,1344568201,"JPlag AVG 100, same user, same score, same result"
matei-si-diamantele,cpp,1314234632,1314236281,user_0120,user_0120,42.86,42.86,Wrong Answer,Wrong Answer,21,97,True,True,True,True,1314234632,1314236281,"JPlag AVG 100, same user, same score, same result"
matei-si-diamantele,cpp,1323376847,1323376948,user_0122,user_0122,14.29,14.29,Wrong Answer,Wrong Answer,518945,518959,True,True,True,True,1323376847,1323376948,"JPlag AVG 100, same user, same score, same result"
matei-si-diamantele,cpp,1323376847,1323377021,user_0122,user_0122,14.29,14.29,Wrong Answer,Wrong Answer,518945,518969,True,True,True,True,1323376847,1323377021,"JPlag AVG 100, same user, same score, same result"
matei-si-diamantele,cpp,1323376948,1323377021,user_0122,user_0122,14.29,14.29,Wrong Answer,Wrong Answer,518959,518969,True,True,True,True,1323376948,1323377021,"JPlag AVG 100, same user, same score, same result"
matei-si-diamantele,cpp,1323416560,1323416576,user_0127,user_0127,50.0,50.0,Accepted,Accepted,521293,521294,True,True,True,True,1323416560,1323416576,"JPlag AVG 100, same user, same score, same result"
matei-si-diamantele,cpp,1314235519,1314235541,user_0130,user_0130,5.36,5.36,Wrong Answer,Wrong Answer,55,56,True,True,True,True,1314235519,1314235541,"JPlag AVG 100, same user, same score, same result"
matei-si-diamantele,cpp,1314235519,1314235588,user_0130,user_0130,5.36,5.36,Wrong Answer,Wrong Answer,55,57,True,True,True,True,1314235519,1314235588,"JPlag AVG 100, same user, same score, same result"
matei-si-diamantele,cpp,1314235541,1314235588,user_0130,user_0130,5.36,5.36,Wrong Answer,Wrong Answer,56,57,True,True,True,True,1314235541,1314235588,"JPlag AVG 100, same user, same score, same result"
matei-si-diamantele,cpp,1314237710,1314237785,user_0130,user_0130,50.0,50.0,Accepted,Accepted,177,179,True,True,True,True,1314237710,1314237785,"JPlag AVG 100, same user, same score, same result"
matei-si-diamantele,cpp,1332757017,1332757079,user_0131,user_0131,14.29,14.29,Terminated due ...,Terminated due ...,1026969,1026971,True,True,True,True,1332757017,1332757079,"JPlag AVG 100, same user, same score, same result"
matei-si-diamantele,cpp,1333796493,1333796587,user_0141,user_0141,37.5,37.5,Segmentation Fault,Segmentation Fault,1077412,1077415,True,True,True,True,1333796493,1333796587,"JPlag AVG 100, same user, same score, same result"
matei-si-diamantele,cpp,1333796493,1333796657,user_0141,user_0141,37.5,37.5,Segmentation Fault,Segmentation Fault,1077412,1077418,True,True,True,True,1333796493,1333796657,"JPlag AVG 100, same user, same score, same result"
matei-si-diamantele,cpp,1333796493,1333796684,user_0141,user_0141,37.5,37.5,Segmentation Fault,Segmentation Fault,1077412,1077419,True,True,True,True,1333796493,1333796684,"JPlag AVG 100, same user, same score, same result"
matei-si-diamantele,cpp,1333796587,1333796657,user_0141,user_0141,37.5,37.5,Segmentation Fault,Segmentation Fault,1077415,1077418,True,True,True,True,1333796587,1333796657,"JPlag AVG 100, same user, same score, same result"
matei-si-diamantele,cpp,1333796587,1333796684,user_0141,user_0141,37.5,37.5,Segmentation Fault,Segmentation Fault,1077415,1077419,True,True,True,True,1333796587,1333796684,"JPlag AVG 100, same user, same score, same result"
matei-si-diamantele,cpp,1333796657,1333796684,user_0141,user_0141,37.5,37.5,Segmentation Fault,Segmentation Fault,1077418,1077419,True,True,True,True,1333796657,1333796684,"JPlag AVG 100, same user, same score, same result"
matei-si-diamantele,cpp,1314235395,1314235559,user_0147,user_0147,41.07,41.07,Terminated due ...,Terminated due ...,50,56,True,True,True,True,1314235395,1314235559,"JPlag AVG 100, same user, same score, same result"
matei-si-diamantele,cpp,1323405696,1323405761,user_0154,user_0154,41.07,41.07,Wrong Answer,Wrong Answer,520711,520722,True,True,True,True,1323405696,1323405761,"JPlag AVG 100, same user, same score, same result"
matei-si-diamantele,cpp,1323405769,1323405774,user_0154,user_0154,41.07,41.07,Wrong Answer,Wrong Answer,520723,520725,True,True,True,True,1323405769,1323405774,"JPlag AVG 100, same user, same score, same result"
matei-si-diamantele,cpp,1314235531,1314235580,user_0158,user_0158,1.79,1.79,Wrong Answer,Wrong Answer,55,57,True,True,True,True,1314235531,1314235580,"JPlag AVG 100, same user, same score, same result"
matei-si-diamantele,cpp,1314235663,1314235721,user_0158,user_0158,1.79,1.79,Wrong Answer,Wrong Answer,60,63,True,True,True,True,1314235663,1314235721,"JPlag AVG 100, same user, same score, same result"
matei-si-diamantele,cpp,1314235663,1314235785,user_0158,user_0158,1.79,1.79,Wrong Answer,Wrong Answer,60,66,True,True,True,True,1314235663,1314235785,"JPlag AVG 100, same user, same score, same result"
matei-si-diamantele,cpp,1314235715,1314236808,user_0158,user_0158,5.36,5.36,Wrong Answer,Wrong Answer,63,130,True,True,True,True,1314235715,1314236808,"JPlag AVG 100, same user, same score, same result"
matei-si-diamantele,cpp,1314235721,1314235785,user_0158,user_0158,1.79,1.79,Wrong Answer,Wrong Answer,63,66,True,True,True,True,1314235721,1314235785,"JPlag AVG 100, same user, same score, same result"
matei-si-diamantele,cpp,1314236529,1314236577,user_0165,user_0165,3.57,3.57,Wrong Answer,Wrong Answer,112,116,True,True,True,True,1314236529,1314236577,"JPlag AVG 100, same user, same score, same result"
matei-si-diamantele,cpp,1314236529,1314236614,user_0165,user_0165,3.57,3.57,Wrong Answer,Wrong Answer,112,118,True,True,True,True,1314236529,1314236614,"JPlag AVG 100, same user, same score, same result"
matei-si-diamantele,cpp,1314236529,1314236645,user_0165,user_0165,3.57,3.57,Wrong Answer,Wrong Answer,112,120,True,True,True,True,1314236529,1314236645,"JPlag AVG 100, same user, same score, same result"
matei-si-diamantele,cpp,1314236529,1314237401,user_0165,user_0165,3.57,3.57,Wrong Answer,Wrong Answer,112,162,True,True,True,True,1314236529,1314237401,"JPlag AVG 100, same user, same score, same result"
matei-si-diamantele,cpp,1314236529,1314237436,user_0165,user_0165,3.57,3.57,Wrong Answer,Wrong Answer,112,163,True,True,True,True,1314236529,1314237436,"JPlag AVG 100, same user, same score, same result"
matei-si-diamantele,cpp,1314236529,1314237526,user_0165,user_0165,3.57,3.57,Wrong Answer,Wrong Answer,112,168,True,True,True,True,1314236529,1314237526,"JPlag AVG 100, same user, same score, same result"
matei-si-diamantele,cpp,1314236577,1314236614,user_0165,user_0165,3.57,3.57,Wrong Answer,Wrong Answer,116,118,True,True,True,True,1314236577,1314236614,"JPlag AVG 100, same user, same score, same result"
matei-si-diamantele,cpp,1314236577,1314236645,user_0165,user_0165,3.57,3.57,Wrong Answer,Wrong Answer,116,120,True,True,True,True,1314236577,1314236645,"JPlag AVG 100, same user, same score, same result"
matei-si-diamantele,cpp,1314236577,1314237401,user_0165,user_0165,3.57,3.57,Wrong Answer,Wrong Answer,116,162,True,True,True,True,1314236577,1314237401,"JPlag AVG 100, same user, same score, same result"
matei-si-diamantele,cpp,1314236577,1314237436,user_0165,user_0165,3.57,3.57,Wrong Answer,Wrong Answer,116,163,True,True,True,True,1314236577,1314237436,"JPlag AVG 100, same user, same score, same result"
matei-si-diamantele,cpp,1314236577,1314237526,user_0165,user_0165,3.57,3.57,Wrong Answer,Wrong Answer,116,168,True,True,True,True,1314236577,1314237526,"JPlag AVG 100, same user, same score, same result"
matei-si-diamantele,cpp,1314236614,1314236645,user_0165,user_0165,3.57,3.57,Wrong Answer,Wrong Answer,118,120,True,True,True,True,1314236614,1314236645,"JPlag AVG 100, same user, same score, same result"
matei-si-diamantele,cpp,1314236614,1314237401,user_0165,user_0165,3.57,3.57,Wrong Answer,Wrong Answer,118,162,True,True,True,True,1314236614,1314237401,"JPlag AVG 100, same user, same score, same result"
matei-si-diamantele,cpp,1314236614,1314237436,user_0165,user_0165,3.57,3.57,Wrong Answer,Wrong Answer,118,163,True,True,True,True,1314236614,1314237436,"JPlag AVG 100, same user, same score, same result"
matei-si-diamantele,cpp,1314236614,1314237526,user_0165,user_0165,3.57,3.57,Wrong Answer,Wrong Answer,118,168,True,True,True,True,1314236614,1314237526,"JPlag AVG 100, same user, same score, same result"
matei-si-diamantele,cpp,1314236645,1314237401,user_0165,user_0165,3.57,3.57,Wrong Answer,Wrong Answer,120,162,True,True,True,True,1314236645,1314237401,"JPlag AVG 100, same user, same score, same result"
matei-si-diamantele,cpp,1314236645,1314237436,user_0165,user_0165,3.57,3.57,Wrong Answer,Wrong Answer,120,163,True,True,True,True,1314236645,1314237436,"JPlag AVG 100, same user, same score, same result"
matei-si-diamantele,cpp,1314236645,1314237526,user_0165,user_0165,3.57,3.57,Wrong Answer,Wrong Answer,120,168,True,True,True,True,1314236645,1314237526,"JPlag AVG 100, same user, same score, same result"
matei-si-diamantele,cpp,1314237040,1314237055,user_0165,user_0165,3.57,3.57,Wrong Answer,Wrong Answer,143,144,True,True,True,True,1314237040,1314237055,"JPlag AVG 100, same user, same score, same result"
matei-si-diamantele,cpp,1314237040,1314237076,user_0165,user_0165,3.57,3.57,Wrong Answer,Wrong Answer,143,145,True,True,True,True,1314237040,1314237076,"JPlag AVG 100, same user, same score, same result"
matei-si-diamantele,cpp,1314237040,1314237099,user_0165,user_0165,3.57,3.57,Wrong Answer,Wrong Answer,143,147,True,True,True,True,1314237040,1314237099,"JPlag AVG 100, same user, same score, same result"
matei-si-diamantele,cpp,1314237040,1314237115,user_0165,user_0165,3.57,3.57,Wrong Answer,Wrong Answer,143,147,True,True,True,True,1314237040,1314237115,"JPlag AVG 100, same user, same score, same result"
matei-si-diamantele,cpp,1314237040,1314237205,user_0165,user_0165,3.57,3.57,Wrong Answer,Wrong Answer,143,152,True,True,True,True,1314237040,1314237205,"JPlag AVG 100, same user, same score, same result"
matei-si-diamantele,cpp,1314237040,1314237219,user_0165,user_0165,3.57,3.57,Wrong Answer,Wrong Answer,143,153,True,True,True,True,1314237040,1314237219,"JPlag AVG 100, same user, same score, same result"
matei-si-diamantele,cpp,1314237040,1314237289,user_0165,user_0165,3.57,3.57,Wrong Answer,Wrong Answer,143,156,True,True,True,True,1314237040,1314237289,"JPlag AVG 100, same user, same score, same result"
matei-si-diamantele,cpp,1314237055,1314237076,user_0165,user_0165,3.57,3.57,Wrong Answer,Wrong Answer,144,145,True,True,True,True,1314237055,1314237076,"JPlag AVG 100, same user, same score, same result"
matei-si-diamantele,cpp,1314237055,1314237099,user_0165,user_0165,3.57,3.57,Wrong Answer,Wrong Answer,144,147,True,True,True,True,1314237055,1314237099,"JPlag AVG 100, same user, same score, same result"
matei-si-diamantele,cpp,1314237055,1314237115,user_0165,user_0165,3.57,3.57,Wrong Answer,Wrong Answer,144,147,True,True,True,True,1314237055,1314237115,"JPlag AVG 100, same user, same score, same result"
matei-si-diamantele,cpp,1314237055,1314237205,user_0165,user_0165,3.57,3.57,Wrong Answer,Wrong Answer,144,152,True,True,True,True,1314237055,1314237205,"JPlag AVG 100, same user, same score, same result"
matei-si-diamantele,cpp,1314237055,1314237219,user_0165,user_0165,3.57,3.57,Wrong Answer,Wrong Answer,144,153,True,True,True,True,1314237055,1314237219,"JPlag AVG 100, same user, same score, same result"
matei-si-diamantele,cpp,1314237055,1314237289,user_0165,user_0165,3.57,3.57,Wrong Answer,Wrong Answer,144,156,True,True,True,True,1314237055,1314237289,"JPlag AVG 100, same user, same score, same result"
matei-si-diamantele,cpp,1314237076,1314237099,user_0165,user_0165,3.57,3.57,Wrong Answer,Wrong Answer,145,147,True,True,True,True,1314237076,1314237099,"JPlag AVG 100, same user, same score, same result"
matei-si-diamantele,cpp,1314237076,1314237115,user_0165,user_0165,3.57,3.57,Wrong Answer,Wrong Answer,145,147,True,True,True,True,1314237076,1314237115,"JPlag AVG 100, same user, same score, same result"
matei-si-diamantele,cpp,1314237076,1314237205,user_0165,user_0165,3.57,3.57,Wrong Answer,Wrong Answer,145,152,True,True,True,True,1314237076,1314237205,"JPlag AVG 100, same user, same score, same result"
matei-si-diamantele,cpp,1314237076,1314237219,user_0165,user_0165,3.57,3.57,Wrong Answer,Wrong Answer,145,153,True,True,True,True,1314237076,1314237219,"JPlag AVG 100, same user, same score, same result"
matei-si-diamantele,cpp,1314237076,1314237289,user_0165,user_0165,3.57,3.57,Wrong Answer,Wrong Answer,145,156,True,True,True,True,1314237076,1314237289,"JPlag AVG 100, same user, same score, same result"
matei-si-diamantele,cpp,1314237099,1314237115,user_0165,user_0165,3.57,3.57,Wrong Answer,Wrong Answer,147,147,True,True,True,True,1314237099,1314237115,"JPlag AVG 100, same user, same score, same result"
matei-si-diamantele,cpp,1314237099,1314237205,user_0165,user_0165,3.57,3.57,Wrong Answer,Wrong Answer,147,152,True,True,True,True,1314237099,1314237205,"JPlag AVG 100, same user, same score, same result"
matei-si-diamantele,cpp,1314237099,1314237219,user_0165,user_0165,3.57,3.57,Wrong Answer,Wrong Answer,147,153,True,True,True,True,1314237099,1314237219,"JPlag AVG 100, same user, same score, same result"
matei-si-diamantele,cpp,1314237099,1314237289,user_0165,user_0165,3.57,3.57,Wrong Answer,Wrong Answer,147,156,True,True,True,True,1314237099,1314237289,"JPlag AVG 100, same user, same score, same result"
matei-si-diamantele,cpp,1314237115,1314237205,user_0165,user_0165,3.57,3.57,Wrong Answer,Wrong Answer,147,152,True,True,True,True,1314237115,1314237205,"JPlag AVG 100, same user, same score, same result"
matei-si-diamantele,cpp,1314237115,1314237219,user_0165,user_0165,3.57,3.57,Wrong Answer,Wrong Answer,147,153,True,True,True,True,1314237115,1314237219,"JPlag AVG 100, same user, same score, same result"
matei-si-diamantele,cpp,1314237115,1314237289,user_0165,user_0165,3.57,3.57,Wrong Answer,Wrong Answer,147,156,True,True,True,True,1314237115,1314237289,"JPlag AVG 100, same user, same score, same result"
matei-si-diamantele,cpp,1314237205,1314237219,user_0165,user_0165,3.57,3.57,Wrong Answer,Wrong Answer,152,153,True,True,True,True,1314237205,1314237219,"JPlag AVG 100, same user, same score, same result"
matei-si-diamantele,cpp,1314237205,1314237289,user_0165,user_0165,3.57,3.57,Wrong Answer,Wrong Answer,152,156,True,True,True,True,1314237205,1314237289,"JPlag AVG 100, same user, same score, same result"
matei-si-diamantele,cpp,1314237219,1314237289,user_0165,user_0165,3.57,3.57,Wrong Answer,Wrong Answer,153,156,True,True,True,True,1314237219,1314237289,"JPlag AVG 100, same user, same score, same result"
matei-si-diamantele,cpp,1314237401,1314237436,user_0165,user_0165,3.57,3.57,Wrong Answer,Wrong Answer,162,163,True,True,True,True,1314237401,1314237436,"JPlag AVG 100, same user, same score, same result"
matei-si-diamantele,cpp,1314237401,1314237526,user_0165,user_0165,3.57,3.57,Wrong Answer,Wrong Answer,162,168,True,True,True,True,1314237401,1314237526,"JPlag AVG 100, same user, same score, same result"
matei-si-diamantele,cpp,1314237436,1314237526,user_0165,user_0165,3.57,3.57,Wrong Answer,Wrong Answer,163,168,True,True,True,True,1314237436,1314237526,"JPlag AVG 100, same user, same score, same result"
matei-si-diamantele,cpp,1391986473,1391986526,user_0192,user_0192,50.0,50.0,Accepted,Accepted,3150676,3150678,True,True,True,True,1391986473,1391986526,"JPlag AVG 100, same user, same score, same result"
matei-si-diamantele,cpp,1378159378,1378159392,user_0218,user_0218,12.5,12.5,Wrong Answer,Wrong Answer,2640134,2640135,True,True,True,True,1378159378,1378159392,"JPlag AVG 100, same user, same score, same result"
matei-si-diamantele,cpp,1323424047,1323424374,user_0225,user_0225,50.0,50.0,Accepted,Accepted,521503,521508,True,True,True,True,1323424047,1323424374,"JPlag AVG 100, same user, same score, same result"
matei-si-diamantele,cpp,1323404104,1323404111,user_0238,user_0238,41.07,41.07,Segmentation Fault,Segmentation Fault,520463,520464,True,True,True,True,1323404104,1323404111,"JPlag AVG 100, same user, same score, same result"
matei-si-diamantele,cpp,1314235605,1314235774,user_0244,user_0244,10.71,10.71,Wrong Answer,Wrong Answer,58,65,True,True,True,True,1314235605,1314235774,"JPlag AVG 100, same user, same score, same result"
matei-si-diamantele,cpp,1314234680,1314234717,user_0246,user_0246,1.79,1.79,Wrong Answer,Wrong Answer,23,25,True,True,True,True,1314234680,1314234717,"JPlag AVG 100, same user, same score, same result"
matei-si-diamantele,cpp,1314235667,1314236493,user_0246,user_0246,5.36,5.36,Wrong Answer,Wrong Answer,61,109,True,True,True,True,1314235667,1314236493,"JPlag AVG 100, same user, same score, same result"
matei-si-diamantele,cpp,1314236884,1314237766,user_0246,user_0246,7.14,7.14,Wrong Answer,Wrong Answer,133,178,True,True,True,True,1314236884,1314237766,"JPlag AVG 100, same user, same score, same result"
matei-si-diamantele,cpp,1361807199,1361807918,user_0250,user_0250,50.0,50.0,Accepted,Accepted,2125616,2125624,True,True,True,True,1361807199,1361807918,"JPlag AVG 100, same user, same score, same result"
matei-si-diamantele,cpp,1314237280,1314237631,user_0252,user_0252,3.57,3.57,Wrong Answer,Wrong Answer,156,173,True,True,True,True,1314237280,1314237631,"JPlag AVG 100, same user, same score, same result"
matei-si-diamantele,cpp,1314237427,1314237451,user_0252,user_0252,3.57,3.57,Wrong Answer,Wrong Answer,163,164,True,True,True,True,1314237427,1314237451,"JPlag AVG 100, same user, same score, same result"
matei-si-diamantele,cpp,1314237427,1314237538,user_0252,user_0252,3.57,3.57,Wrong Answer,Wrong Answer,163,169,True,True,True,True,1314237427,1314237538,"JPlag AVG 100, same user, same score, same result"
matei-si-diamantele,cpp,1314237451,1314237538,user_0252,user_0252,3.57,3.57,Wrong Answer,Wrong Answer,164,169,True,True,True,True,1314237451,1314237538,"JPlag AVG 100, same user, same score, same result"
matei-si-diamantele,cpp,1314237664,1314237687,user_0252,user_0252,3.57,3.57,Wrong Answer,Wrong Answer,174,175,True,True,True,True,1314237664,1314237687,"JPlag AVG 100, same user, same score, same result"
matei-si-diamantele,cpp,1314237664,1314237701,user_0252,user_0252,3.57,3.57,Wrong Answer,Wrong Answer,174,176,True,True,True,True,1314237664,1314237701,"JPlag AVG 100, same user, same score, same result"
matei-si-diamantele,cpp,1314237687,1314237701,user_0252,user_0252,3.57,3.57,Wrong Answer,Wrong Answer,175,176,True,True,True,True,1314237687,1314237701,"JPlag AVG 100, same user, same score, same result"
matei-si-diamantele,cpp,1344373500,1344373550,user_0259,user_0259,39.29,39.29,Wrong Answer,Wrong Answer,1568563,1568565,True,True,True,True,1344373500,1344373550,"JPlag AVG 100, same user, same score, same result"
matei-si-diamantele,cpp,1344373500,1344373579,user_0259,user_0259,39.29,39.29,Wrong Answer,Wrong Answer,1568563,1568566,True,True,True,True,1344373500,1344373579,"JPlag AVG 100, same user, same score, same result"
matei-si-diamantele,cpp,1344373550,1344373579,user_0259,user_0259,39.29,39.29,Wrong Answer,Wrong Answer,1568565,1568566,True,True,True,True,1344373550,1344373579,"JPlag AVG 100, same user, same score, same result"
matei-si-diamantele,cpp,1361359794,1361580037,user_0265,user_0265,50.0,50.0,Accepted,Accepted,2109009,2116657,True,True,True,True,1361359794,1361580037,"JPlag AVG 100, same user, same score, same result"
matei-si-diamantele,java,1314234559,1314234588,user_0031,user_0031,16.07,16.07,Wrong Answer,Wrong Answer,17,18,True,True,True,True,1314234559,1314234588,"JPlag AVG 100, same user, same score, same result"
matei-si-diamantele,java,1314235268,1314235326,user_0038,user_0038,17.86,17.86,Terminated due ...,Terminated due ...,45,47,True,True,True,True,1314235268,1314235326,"JPlag AVG 100, same user, same score, same result"
matei-si-diamantele,java,1314235226,1314235385,user_0040,user_0040,8.93,8.93,Wrong Answer,Wrong Answer,44,50,True,True,True,True,1314235226,1314235385,"JPlag AVG 100, same user, same score, same result"
matei-si-diamantele,java,1314235088,1314235207,user_0042,user_0042,35.71,35.71,Runtime Error,Runtime Error,39,43,True,True,True,True,1314235088,1314235207,"JPlag AVG 100, same user, same score, same result"
matei-si-diamantele,java,1314235088,1314236673,user_0042,user_0042,35.71,35.71,Runtime Error,Runtime Error,39,121,True,True,True,True,1314235088,1314236673,"JPlag AVG 100, same user, same score, same result"
matei-si-diamantele,java,1314235207,1314236673,user_0042,user_0042,35.71,35.71,Runtime Error,Runtime Error,43,121,True,True,True,True,1314235207,1314236673,"JPlag AVG 100, same user, same score, same result"
matei-si-diamantele,java,1323404910,1323404969,user_0054,user_0054,30.36,30.36,Runtime Error,Runtime Error,520585,520596,True,True,True,True,1323404910,1323404969,"JPlag AVG 100, same user, same score, same result"
matei-si-diamantele,java,1323404984,1323405095,user_0054,user_0054,33.93,33.93,Runtime Error,Runtime Error,520598,520613,True,True,True,True,1323404984,1323405095,"JPlag AVG 100, same user, same score, same result"
matei-si-diamantele,java,1323451903,1323452016,user_0065,user_0065,10.71,10.71,Wrong Answer,Wrong Answer,523032,523036,True,True,True,True,1323451903,1323452016,"JPlag AVG 100, same user, same score, same result"
matei-si-diamantele,java,1332673244,1332673256,user_0068,user_0068,10.71,10.71,Wrong Answer,Wrong Answer,1024553,1024555,True,True,True,True,1332673244,1332673256,"JPlag AVG 100, same user, same score, same result"
matei-si-diamantele,java,1332661224,1332711180,user_0069,user_0069,37.5,37.5,Runtime Error,Runtime Error,1023904,1025437,True,True,True,True,1332661224,1332711180,"JPlag AVG 100, same user, same score, same result"
matei-si-diamantele,java,1314236555,1314236790,user_0095,user_0095,3.57,3.57,Wrong Answer,Wrong Answer,114,129,True,True,True,True,1314236555,1314236790,"JPlag AVG 100, same user, same score, same result"
matei-si-diamantele,java,1314236555,1314237755,user_0095,user_0095,3.57,3.57,Wrong Answer,Wrong Answer,114,178,True,True,True,True,1314236555,1314237755,"JPlag AVG 100, same user, same score, same result"
matei-si-diamantele,java,1314236790,1314237755,user_0095,user_0095,3.57,3.57,Wrong Answer,Wrong Answer,129,178,True,True,True,True,1314236790,1314237755,"JPlag AVG 100, same user, same score, same result"
matei-si-diamantele,java,1314235708,1314235839,user_0097,user_0097,1.79,1.79,Wrong Answer,Wrong Answer,63,68,True,True,True,True,1314235708,1314235839,"JPlag AVG 100, same user, same score, same result"
matei-si-diamantele,java,1314235708,1314236346,user_0097,user_0097,1.79,1.79,Wrong Answer,Wrong Answer,63,101,True,True,True,True,1314235708,1314236346,"JPlag AVG 100, same user, same score, same result"
matei-si-diamantele,java,1314235708,1314236476,user_0097,user_0097,1.79,1.79,Wrong Answer,Wrong Answer,63,108,True,True,True,True,1314235708,1314236476,"JPlag AVG 100, same user, same score, same result"
matei-si-diamantele,java,1314235839,1314236346,user_0097,user_0097,1.79,1.79,Wrong Answer,Wrong Answer,68,101,True,True,True,True,1314235839,1314236346,"JPlag AVG 100, same user, same score, same result"
matei-si-diamantele,java,1314235839,1314236476,user_0097,user_0097,1.79,1.79,Wrong Answer,Wrong Answer,68,108,True,True,True,True,1314235839,1314236476,"JPlag AVG 100, same user, same score, same result"
matei-si-diamantele,java,1314236346,1314236476,user_0097,user_0097,1.79,1.79,Wrong Answer,Wrong Answer,101,108,True,True,True,True,1314236346,1314236476,"JPlag AVG 100, same user, same score, same result"
matei-si-diamantele,java,1314234628,1314234934,user_0103,user_0103,3.57,3.57,Wrong Answer,Wrong Answer,21,33,True,True,True,True,1314234628,1314234934,"JPlag AVG 100, same user, same score, same result"
matei-si-diamantele,java,1314235247,1314236167,user_0103,user_0103,5.36,5.36,Wrong Answer,Wrong Answer,44,89,True,True,True,True,1314235247,1314236167,"JPlag AVG 100, same user, same score, same result"
matei-si-diamantele,java,1314234797,1314235113,user_0116,user_0116,8.93,8.93,Wrong Answer,Wrong Answer,28,40,True,True,True,True,1314234797,1314235113,"JPlag AVG 100, same user, same score, same result"
matei-si-diamantele,java,1314235004,1314235137,user_0116,user_0116,8.93,8.93,Wrong Answer,Wrong Answer,36,41,True,True,True,True,1314235004,1314235137,"JPlag AVG 100, same user, same score, same result"
matei-si-diamantele,java,1314235004,1314235200,user_0116,user_0116,8.93,8.93,Wrong Answer,Wrong Answer,36,43,True,True,True,True,1314235004,1314235200,"JPlag AVG 100, same user, same score, same result"
matei-si-diamantele,java,1314235004,1314235251,user_0116,user_0116,8.93,8.93,Wrong Answer,Wrong Answer,36,44,True,True,True,True,1314235004,1314235251,"JPlag AVG 100, same user, same score, same result"
matei-si-diamantele,java,1314235004,1314235529,user_0116,user_0116,8.93,8.93,Wrong Answer,Wrong Answer,36,55,True,True,True,True,1314235004,1314235529,"JPlag AVG 100, same user, same score, same result"
matei-si-diamantele,java,1314235137,1314235200,user_0116,user_0116,8.93,8.93,Wrong Answer,Wrong Answer,41,43,True,True,True,True,1314235137,1314235200,"JPlag AVG 100, same user, same score, same result"
matei-si-diamantele,java,1314235137,1314235251,user_0116,user_0116,8.93,8.93,Wrong Answer,Wrong Answer,41,44,True,True,True,True,1314235137,1314235251,"JPlag AVG 100, same user, same score, same result"
matei-si-diamantele,java,1314235137,1314235529,user_0116,user_0116,8.93,8.93,Wrong Answer,Wrong Answer,41,55,True,True,True,True,1314235137,1314235529,"JPlag AVG 100, same user, same score, same result"
matei-si-diamantele,java,1314235200,1314235251,user_0116,user_0116,8.93,8.93,Wrong Answer,Wrong Answer,43,44,True,True,True,True,1314235200,1314235251,"JPlag AVG 100, same user, same score, same result"
matei-si-diamantele,java,1314235200,1314235529,user_0116,user_0116,8.93,8.93,Wrong Answer,Wrong Answer,43,55,True,True,True,True,1314235200,1314235529,"JPlag AVG 100, same user, same score, same result"
matei-si-diamantele,java,1314235251,1314235529,user_0116,user_0116,8.93,8.93,Wrong Answer,Wrong Answer,44,55,True,True,True,True,1314235251,1314235529,"JPlag AVG 100, same user, same score, same result"
matei-si-diamantele,java,1314235196,1314235313,user_0126,user_0126,5.36,5.36,Wrong Answer,Wrong Answer,43,47,True,True,True,True,1314235196,1314235313,"JPlag AVG 100, same user, same score, same result"
matei-si-diamantele,java,1333804032,1333804052,user_0128,user_0128,44.64,44.64,Wrong Answer,Wrong Answer,1077658,1077661,True,True,True,True,1333804032,1333804052,"JPlag AVG 100, same user, same score, same result"
matei-si-diamantele,java,1323418578,1323418708,user_0138,user_0138,8.93,8.93,Wrong Answer,Wrong Answer,521374,521378,True,True,True,True,1323418578,1323418708,"JPlag AVG 100, same user, same score, same result"
matei-si-diamantele,java,1323421354,1323421631,user_0138,user_0138,8.93,8.93,Wrong Answer,Wrong Answer,521444,521449,True,True,True,True,1323421354,1323421631,"JPlag AVG 100, same user, same score, same result"
matei-si-diamantele,java,1323422341,1323424771,user_0138,user_0138,10.71,10.71,Wrong Answer,Wrong Answer,521463,521514,True,True,True,True,1323422341,1323424771,"JPlag AVG 100, same user, same score, same result"
matei-si-diamantele,java,1323422341,1323441579,user_0138,user_0138,10.71,10.71,Wrong Answer,Wrong Answer,521463,522537,True,True,True,True,1323422341,1323441579,"JPlag AVG 100, same user, same score, same result"
matei-si-diamantele,java,1323424771,1323441579,user_0138,user_0138,10.71,10.71,Wrong Answer,Wrong Answer,521514,522537,True,True,True,True,1323424771,1323441579,"JPlag AVG 100, same user, same score, same result"
matei-si-diamantele,java,1323450102,1323450140,user_0138,user_0138,14.29,14.29,Wrong Answer,Wrong Answer,522941,522944,True,True,True,True,1323450102,1323450140,"JPlag AVG 100, same user, same score, same result"
matei-si-diamantele,java,1314237030,1314237222,user_0145,user_0145,5.36,5.36,Wrong Answer,Wrong Answer,143,153,True,True,True,True,1314237030,1314237222,"JPlag AVG 100, same user, same score, same result"
matei-si-diamantele,java,1314237409,1314237486,user_0145,user_0145,14.29,14.29,Wrong Answer,Wrong Answer,162,166,True,True,True,True,1314237409,1314237486,"JPlag AVG 100, same user, same score, same result"
matei-si-diamantele,java,1314237409,1314237619,user_0145,user_0145,14.29,14.29,Wrong Answer,Wrong Answer,162,172,True,True,True,True,1314237409,1314237619,"JPlag AVG 100, same user, same score, same result"
matei-si-diamantele,java,1314237486,1314237619,user_0145,user_0145,14.29,14.29,Wrong Answer,Wrong Answer,166,172,True,True,True,True,1314237486,1314237619,"JPlag AVG 100, same user, same score, same result"
matei-si-diamantele,java,1314236045,1314236114,user_0151,user_0151,14.29,14.29,Wrong Answer,Wrong Answer,80,85,True,True,True,True,1314236045,1314236114,"JPlag AVG 100, same user, same score, same result"
matei-si-diamantele,java,1314236045,1314236127,user_0151,user_0151,14.29,14.29,Wrong Answer,Wrong Answer,80,86,True,True,True,True,1314236045,1314236127,"JPlag AVG 100, same user, same score, same result"
matei-si-diamantele,java,1314236045,1314236968,user_0151,user_0151,14.29,14.29,Wrong Answer,Wrong Answer,80,139,True,True,True,True,1314236045,1314236968,"JPlag AVG 100, same user, same score, same result"
matei-si-diamantele,java,1314236114,1314236127,user_0151,user_0151,14.29,14.29,Wrong Answer,Wrong Answer,85,86,True,True,True,True,1314236114,1314236127,"JPlag AVG 100, same user, same score, same result"
matei-si-diamantele,java,1314236114,1314236968,user_0151,user_0151,14.29,14.29,Wrong Answer,Wrong Answer,85,139,True,True,True,True,1314236114,1314236968,"JPlag AVG 100, same user, same score, same result"
matei-si-diamantele,java,1314236127,1314236968,user_0151,user_0151,14.29,14.29,Wrong Answer,Wrong Answer,86,139,True,True,True,True,1314236127,1314236968,"JPlag AVG 100, same user, same score, same result"
matei-si-diamantele,java,1314236951,1314236988,user_0151,user_0151,42.86,42.86,Terminated due ...,Terminated due ...,138,140,True,True,True,True,1314236951,1314236988,"JPlag AVG 100, same user, same score, same result"
matei-si-diamantele,java,1378121757,1378121858,user_0206,user_0206,8.93,8.93,Wrong Answer,Wrong Answer,2638937,2638956,True,True,True,True,1378121757,1378121858,"JPlag AVG 100, same user, same score, same result"
matei-si-diamantele,java,1378112521,1378112672,user_0213,user_0213,50.0,50.0,Accepted,Accepted,2638218,2638225,True,True,True,True,1378112521,1378112672,"JPlag AVG 100, same user, same score, same result"
matei-si-diamantele,java,1391933713,1391934043,user_0224,user_0224,50.0,50.0,Accepted,Accepted,3147937,3147957,True,True,True,True,1391933713,1391934043,"JPlag AVG 100, same user, same score, same result"
matei-si-diamantele,java,1323404065,1323404098,user_0228,user_0228,5.36,5.36,Wrong Answer,Wrong Answer,520459,520462,True,True,True,True,1323404065,1323404098,"JPlag AVG 100, same user, same score, same result"
matei-si-diamantele,java,1323404065,1323404117,user_0228,user_0228,5.36,5.36,Wrong Answer,Wrong Answer,520459,520465,True,True,True,True,1323404065,1323404117,"JPlag AVG 100, same user, same score, same result"
matei-si-diamantele,java,1323404098,1323404117,user_0228,user_0228,5.36,5.36,Wrong Answer,Wrong Answer,520462,520465,True,True,True,True,1323404098,1323404117,"JPlag AVG 100, same user, same score, same result"
matei-si-diamantele,java,1314234969,1314235023,user_0235,user_0235,42.86,42.86,Runtime Error,Runtime Error,35,37,True,True,True,True,1314234969,1314235023,"JPlag AVG 100, same user, same score, same result"
matei-si-diamantele,java,1314234969,1314236913,user_0235,user_0235,42.86,42.86,Runtime Error,Runtime Error,35,135,True,True,True,True,1314234969,1314236913,"JPlag AVG 100, same user, same score, same result"
matei-si-diamantele,java,1314235023,1314236913,user_0235,user_0235,42.86,42.86,Runtime Error,Runtime Error,37,135,True,True,True,True,1314235023,1314236913,"JPlag AVG 100, same user, same score, same result"
matei-si-diamantele,java,1314234819,1314236343,user_0261,user_0261,1.79,1.79,Wrong Answer,Wrong Answer,29,100,True,True,True,True,1314234819,1314236343,"JPlag AVG 100, same user, same score, same result"
matei-si-diamantele,java,1314237283,1314237453,user_0261,user_0261,5.36,5.36,Wrong Answer,Wrong Answer,156,164,True,True,True,True,1314237283,1314237453,"JPlag AVG 100, same user, same score, same result"
matei-si-diamantele,java,1314237283,1314237483,user_0261,user_0261,5.36,5.36,Wrong Answer,Wrong Answer,156,166,True,True,True,True,1314237283,1314237483,"JPlag AVG 100, same user, same score, same result"
matei-si-diamantele,java,1314237453,1314237483,user_0261,user_0261,5.36,5.36,Wrong Answer,Wrong Answer,164,166,True,True,True,True,1314237453,1314237483,"JPlag AVG 100, same user, same score, same result"
matei-si-diamantele,java,1391933920,1391933979,user_0271,user_0271,39.29,39.29,Wrong Answer,Wrong Answer,3147949,3147953,True,True,True,True,1391933920,1391933979,"JPlag AVG 100, same user, same score, same result"
matei-si-diamantele,java,1314236118,1314236134,user_0288,user_0288,1.79,1.79,Wrong Answer,Wrong Answer,85,86,True,True,True,True,1314236118,1314236134,"JPlag AVG 100, same user, same score, same result"
organizare-mafiota,cpp,1314236683,1314236704,user_0010,user_0010,2.5,2.5,Wrong Answer,Wrong Answer,122,123,True,True,True,True,1314236683,1314236704,"JPlag AVG 100, same user, same score, same result"
organizare-mafiota,cpp,1314236788,1314236836,user_0010,user_0010,47.5,47.5,Wrong Answer,Wrong Answer,128,131,True,True,True,True,1314236788,1314236836,"JPlag AVG 100, same user, same score, same result"
organizare-mafiota,cpp,1314236920,1314237388,user_0010,user_0010,47.5,47.5,Wrong Answer,Wrong Answer,135,161,True,True,True,True,1314236920,1314237388,"JPlag AVG 100, same user, same score, same result"
organizare-mafiota,cpp,1323078705,1323079197,user_0011,user_0011,12.5,12.5,Terminated due ...,Terminated due ...,504041,504048,True,True,True,True,1323078705,1323079197,"JPlag AVG 100, same user, same score, same result"
organizare-mafiota,cpp,1323078705,1323079984,user_0011,user_0011,12.5,12.5,Terminated due ...,Terminated due ...,504041,504060,True,True,True,True,1323078705,1323079984,"JPlag AVG 100, same user, same score, same result"
organizare-mafiota,cpp,1323079197,1323079984,user_0011,user_0011,12.5,12.5,Terminated due ...,Terminated due ...,504048,504060,True,True,True,True,1323079197,1323079984,"JPlag AVG 100, same user, same score, same result"
organizare-mafiota,cpp,1323079843,1323079906,user_0011,user_0011,7.5,7.5,Terminated due ...,Terminated due ...,504058,504059,True,True,True,True,1323079843,1323079906,"JPlag AVG 100, same user, same score, same result"
organizare-mafiota,cpp,1323079843,1323079964,user_0011,user_0011,7.5,7.5,Terminated due ...,Terminated due ...,504058,504060,True,True,True,True,1323079843,1323079964,"JPlag AVG 100, same user, same score, same result"
organizare-mafiota,cpp,1323079906,1323079964,user_0011,user_0011,7.5,7.5,Terminated due ...,Terminated due ...,504059,504060,True,True,True,True,1323079906,1323079964,"JPlag AVG 100, same user, same score, same result"
organizare-mafiota,cpp,1314236163,1314236843,user_0014,user_0014,47.5,47.5,Wrong Answer,Wrong Answer,89,131,True,True,True,True,1314236163,1314236843,"JPlag AVG 100, same user, same score, same result"
organizare-mafiota,cpp,1314236829,1314237200,user_0035,user_0035,7.5,7.5,Terminated due ...,Terminated due ...,131,152,True,True,True,True,1314236829,1314237200,"JPlag AVG 100, same user, same score, same result"
organizare-mafiota,cpp,1314237264,1314237297,user_0035,user_0035,7.5,7.5,Terminated due ...,Terminated due ...,155,157,True,True,True,True,1314237264,1314237297,"JPlag AVG 100, same user, same score, same result"
organizare-mafiota,cpp,1314237178,1314237186,user_0038,user_0038,10.0,10.0,Terminated due ...,Terminated due ...,151,151,True,True,True,True,1314237178,1314237186,"JPlag AVG 100, same user, same score, same result"
organizare-mafiota,cpp,1314237178,1314237217,user_0038,user_0038,10.0,10.0,Terminated due ...,Terminated due ...,151,153,True,True,True,True,1314237178,1314237217,"JPlag AVG 100, same user, same score, same result"
organizare-mafiota,cpp,1314237186,1314237217,user_0038,user_0038,10.0,10.0,Terminated due ...,Terminated due ...,151,153,True,True,True,True,1314237186,1314237217,"JPlag AVG 100, same user, same score, same result"
organizare-mafiota,cpp,1333773505,1333773550,user_0041,user_0041,5.0,5.0,Terminated due ...,Terminated due ...,1076062,1076064,True,True,True,True,1333773505,1333773550,"JPlag AVG 100, same user, same score, same result"
organizare-mafiota,cpp,1314158859,1314222947,user_0053,user_0053,50.0,50.0,Accepted,Accepted,-7311,-1224,True,True,True,True,1314158859,1314222947,"JPlag AVG 100, same user, same score, same result"
organizare-mafiota,cpp,1314158862,1314222951,user_0053,user_0053,50.0,50.0,Accepted,Accepted,-7310,-1224,True,True,True,True,1314158862,1314222951,"JPlag AVG 100, same user, same score, same result"
cutiile-magice,cpp,1314237431,1314237505,user_0003,user_0003,8.33,5.56,Wrong Answer,Wrong Answer,163,167,True,False,True,False,,,different_score
cutiile-magice,cpp,1332763768,1344635355,user_0004,user_0013,50.0,50.0,Accepted,Accepted,1027292,1581584,False,True,True,False,,,different_user
cutiile-magice,cpp,1332763768,1391865112,user_0004,user_0093,50.0,50.0,Accepted,Accepted,1027292,3145461,False,True,True,False,,,different_user
cutiile-magice,cpp,1323457013,1332757696,user_0005,user_0077,50.0,50.0,Accepted,Accepted,523454,1026994,False,True,True,False,,,different_user
cutiile-magice,cpp,1323457013,1332762969,user_0005,user_0045,50.0,50.0,Accepted,Accepted,523454,1027215,False,True,True,False,,,different_user
cutiile-magice,cpp,1323457013,1332763768,user_0005,user_0004,50.0,50.0,Accepted,Accepted,523454,1027292,False,True,True,False,,,different_user
cutiile-magice,cpp,1323457013,1344635355,user_0005,user_0013,50.0,50.0,Accepted,Accepted,523454,1581584,False,True,True,False,,,different_user
cutiile-magice,cpp,1323457013,1391865112,user_0005,user_0093,50.0,50.0,Accepted,Accepted,523454,3145461,False,True,True,False,,,different_user
cutiile-magice,cpp,1344635355,1391865112,user_0013,user_0093,50.0,50.0,Accepted,Accepted,1581584,3145461,False,True,True,False,,,different_user
cutiile-magice,cpp,1323431482,1323431895,user_0015,user_0015,2.78,50.0,Wrong Answer,Accepted,521803,521850,True,False,False,False,,,"different_score,different_result"
cutiile-magice,cpp,1314236649,1314236710,user_0020,user_0020,2.78,19.44,Wrong Answer,Wrong Answer,120,124,True,False,True,False,,,different_score
cutiile-magice,cpp,1344729739,1344729743,user_0031,user_0031,8.33,5.56,Wrong Answer,Wrong Answer,1586134,1586135,True,False,True,False,,,different_score
cutiile-magice,cpp,1344729739,1344729748,user_0031,user_0031,8.33,5.56,Wrong Answer,Wrong Answer,1586134,1586137,True,False,True,False,,,different_score
cutiile-magice,cpp,1344729739,1344729753,user_0031,user_0031,8.33,5.56,Wrong Answer,Wrong Answer,1586134,1586140,True,False,True,False,,,different_score
cutiile-magice,cpp,1344729739,1344729754,user_0031,user_0031,8.33,5.56,Wrong Answer,Wrong Answer,1586134,1586140,True,False,True,False,,,different_score
cutiile-magice,cpp,1344729739,1344729756,user_0031,user_0031,8.33,5.56,Wrong Answer,Wrong Answer,1586134,1586142,True,False,True,False,,,different_score
cutiile-magice,cpp,1344729743,1344729751,user_0031,user_0031,5.56,8.33,Wrong Answer,Wrong Answer,1586135,1586139,True,False,True,False,,,different_score
cutiile-magice,cpp,1344729748,1344729751,user_0031,user_0031,5.56,8.33,Wrong Answer,Wrong Answer,1586137,1586139,True,False,True,False,,,different_score
cutiile-magice,cpp,1344729749,1344729750,user_0031,user_0031,5.56,2.78,Wrong Answer,Wrong Answer,1586137,1586138,True,False,True,False,,,different_score
cutiile-magice,cpp,1344729751,1344729753,user_0031,user_0031,8.33,5.56,Wrong Answer,Wrong Answer,1586139,1586140,True,False,True,False,,,different_score
cutiile-magice,cpp,1344729751,1344729754,user_0031,user_0031,8.33,5.56,Wrong Answer,Wrong Answer,1586139,1586140,True,False,True,False,,,different_score
cutiile-magice,cpp,1344729751,1344729756,user_0031,user_0031,8.33,5.56,Wrong Answer,Wrong Answer,1586139,1586142,True,False,True,False,,,different_score
cutiile-magice,cpp,1332671770,1332671953,user_0036,user_0036,47.22,50.0,Wrong Answer,Accepted,1024330,1024336,True,False,False,False,,,"different_score,different_result"
cutiile-magice,cpp,1332762969,1332763768,user_0045,user_0004,50.0,50.0,Accepted,Accepted,1027215,1027292,False,True,True,False,,,different_user
cutiile-magice,cpp,1332762969,1344635355,user_0045,user_0013,50.0,50.0,Accepted,Accepted,1027215,1581584,False,True,True,False,,,different_user
cutiile-magice,cpp,1332762969,1391865112,user_0045,user_0093,50.0,50.0,Accepted,Accepted,1027215,3145461,False,True,True,False,,,different_user
cutiile-magice,cpp,1323456262,1323457013,user_0046,user_0005,50.0,50.0,Accepted,Accepted,523346,523454,False,True,True,False,,,different_user
cutiile-magice,cpp,1323456262,1332757696,user_0046,user_0077,50.0,50.0,Accepted,Accepted,523346,1026994,False,True,True,False,,,different_user
cutiile-magice,cpp,1323456262,1332762969,user_0046,user_0045,50.0,50.0,Accepted,Accepted,523346,1027215,False,True,True,False,,,different_user
cutiile-magice,cpp,1323456262,1332763768,user_0046,user_0004,50.0,50.0,Accepted,Accepted,523346,1027292,False,True,True,False,,,different_user
cutiile-magice,cpp,1323456262,1344635355,user_0046,user_0013,50.0,50.0,Accepted,Accepted,523346,1581584,False,True,True,False,,,different_user
cutiile-magice,cpp,1323456262,1391865112,user_0046,user_0093,50.0,50.0,Accepted,Accepted,523346,3145461,False,True,True,False,,,different_user
cutiile-magice,cpp,1323410554,1323410728,user_0049,user_0049,19.44,50.0,Wrong Answer,Accepted,521022,521030,True,False,False,False,,,"different_score,different_result"
cutiile-magice,cpp,1314237593,1378145261,user_0054,user_0106,50.0,50.0,Accepted,Accepted,171,2639773,False,True,True,False,,,different_user
cutiile-magice,cpp,1344584433,1344585022,user_0056,user_0056,2.78,50.0,Wrong Answer,Accepted,1579604,1579622,True,False,False,False,,,"different_score,different_result"
cutiile-magice,cpp,1344623858,1344623923,user_0057,user_0057,2.78,50.0,Wrong Answer,Accepted,1581273,1581277,True,False,False,False,,,"different_score,different_result"
cutiile-magice,cpp,1332757696,1332762969,user_0077,user_0045,50.0,50.0,Accepted,Accepted,1026994,1027215,False,True,True,False,,,different_user
cutiile-magice,cpp,1332757696,1332763768,user_0077,user_0004,50.0,50.0,Accepted,Accepted,1026994,1027292,False,True,True,False,,,different_user
cutiile-magice,cpp,1332757696,1344635355,user_0077,user_0013,50.0,50.0,Accepted,Accepted,1026994,1581584,False,True,True,False,,,different_user
cutiile-magice,cpp,1332757696,1391865112,user_0077,user_0093,50.0,50.0,Accepted,Accepted,1026994,3145461,False,True,True,False,,,different_user
cutiile-magice,cpp,1323075305,1323075392,user_0080,user_0080,2.78,8.33,Wrong Answer,Wrong Answer,503991,503992,True,False,True,False,,,different_score
cutiile-magice,cpp,1378140628,1378159634,user_0108,user_0117,50.0,50.0,Accepted,Accepted,2639607,2640165,False,True,True,False,,,different_user
cutiile-magice,cpp,1314237608,1361810555,user_0121,user_0001,2.78,2.78,Wrong Answer,Wrong Answer,172,2125667,False,True,True,False,,,different_user
cutiile-magice,cpp,1314213343,1314213373,user_0125,user_0125,2.78,50.0,Wrong Answer,Accepted,-2166,-2158,True,False,False,False,,,"different_score,different_result"
cutiile-magice,cpp,1314213343,1314213401,user_0125,user_0125,2.78,50.0,Wrong Answer,Accepted,-2166,-2152,True,False,False,False,,,"different_score,different_result"
cutiile-magice,cpp,1314213352,1314213373,user_0125,user_0125,2.78,50.0,Wrong Answer,Accepted,-2164,-2158,True,False,False,False,,,"different_score,different_result"
cutiile-magice,cpp,1314213352,1314213401,user_0125,user_0125,2.78,50.0,Wrong Answer,Accepted,-2164,-2152,True,False,False,False,,,"different_score,different_result"
cutiile-magice,cpp,1314213373,1314213388,user_0125,user_0125,50.0,2.78,Accepted,Wrong Answer,-2158,-2155,True,False,False,False,,,"different_score,different_result"
cutiile-magice,cpp,1314213388,1314213401,user_0125,user_0125,2.78,50.0,Wrong Answer,Accepted,-2155,-2152,True,False,False,False,,,"different_score,different_result"
cutiile-magice,cpp,1314154420,1314154422,user_0131,user_0131,36.11,50.0,Segmentation Fault,Accepted,-8431,-8431,True,False,False,False,,,"different_score,different_result"
cutiile-magice,cpp,1370576009,1370576071,user_0135,user_0135,27.78,25.0,Wrong Answer,Wrong Answer,2376505,2376509,True,False,True,False,,,different_score
cutiile-magice,cpp,1370576016,1370576071,user_0135,user_0135,27.78,25.0,Wrong Answer,Wrong Answer,2376506,2376509,True,False,True,False,,,different_score
cutiile-magice,cpp,1370576071,1370576093,user_0135,user_0135,25.0,27.78,Wrong Answer,Wrong Answer,2376509,2376510,True,False,True,False,,,different_score
cutiile-magice,cpp,1314234762,1323456262,user_0137,user_0046,50.0,50.0,Accepted,Accepted,27,523346,False,True,True,False,,,different_user
cutiile-magice,cpp,1314234762,1323457013,user_0137,user_0005,50.0,50.0,Accepted,Accepted,27,523454,False,True,True,False,,,different_user
cutiile-magice,cpp,1314234762,1332757696,user_0137,user_0077,50.0,50.0,Accepted,Accepted,27,1026994,False,True,True,False,,,different_user
cutiile-magice,cpp,1314234762,1332762969,user_0137,user_0045,50.0,50.0,Accepted,Accepted,27,1027215,False,True,True,False,,,different_user
cutiile-magice,cpp,1314234762,1332763768,user_0137,user_0004,50.0,50.0,Accepted,Accepted,27,1027292,False,True,True,False,,,different_user
cutiile-magice,cpp,1314234762,1344635355,user_0137,user_0013,50.0,50.0,Accepted,Accepted,27,1581584,False,True,True,False,,,different_user
cutiile-magice,cpp,1314234762,1391865112,user_0137,user_0093,50.0,50.0,Accepted,Accepted,27,3145461,False,True,True,False,,,different_user
cutiile-magice,java,1323427221,1323427418,user_0006,user_0006,2.78,50.0,Wrong Answer,Accepted,521602,521612,True,False,False,False,,,"different_score,different_result"
cutiile-magice,java,1332728738,1332760961,user_0040,user_0037,50.0,50.0,Accepted,Accepted,1026540,1027117,False,True,True,False,,,different_user
cutiile-magice,java,1314235549,1323445657,user_0052,user_0086,50.0,50.0,Accepted,Accepted,56,522700,False,True,True,False,,,different_user
cutiile-magice,java,1314235549,1391740454,user_0052,user_0130,50.0,50.0,Accepted,Accepted,56,3139915,False,True,True,False,,,different_user
cutiile-magice,java,1314235549,1391832143,user_0052,user_0127,50.0,50.0,Accepted,Accepted,56,3143821,False,True,True,False,,,different_user
cutiile-magice,java,1323426563,1332728738,user_0060,user_0040,50.0,50.0,Accepted,Accepted,521572,1026540,False,True,True,False,,,different_user
cutiile-magice,java,1323426563,1332760961,user_0060,user_0037,50.0,50.0,Accepted,Accepted,521572,1027117,False,True,True,False,,,different_user
cutiile-magice,java,1323445657,1391740454,user_0086,user_0130,50.0,50.0,Accepted,Accepted,522700,3139915,False,True,True,False,,,different_user
cutiile-magice,java,1323445657,1391832143,user_0086,user_0127,50.0,50.0,Accepted,Accepted,522700,3143821,False,True,True,False,,,different_user
cutiile-magice,java,1314237678,1314237850,user_0088,user_0088,2.78,50.0,Wrong Answer,Accepted,175,182,True,False,False,False,,,"different_score,different_result"
cutiile-magice,java,1314237834,1314237850,user_0088,user_0088,2.78,50.0,Wrong Answer,Accepted,181,182,True,False,False,False,,,"different_score,different_result"
cutiile-magice,java,1314236668,1323426563,user_0092,user_0060,50.0,50.0,Accepted,Accepted,121,521572,False,True,True,False,,,different_user
cutiile-magice,java,1314236668,1332728738,user_0092,user_0040,50.0,50.0,Accepted,Accepted,121,1026540,False,True,True,False,,,different_user
cutiile-magice,java,1314236668,1332760961,user_0092,user_0037,50.0,50.0,Accepted,Accepted,121,1027117,False,True,True,False,,,different_user
cutiile-magice,java,1378139483,1378139688,user_0100,user_0100,2.78,50.0,Wrong Answer,Accepted,2639578,2639583,True,False,False,False,,,"different_score,different_result"
cutiile-magice,java,1378139543,1378139688,user_0100,user_0100,2.78,50.0,Wrong Answer,Accepted,2639580,2639583,True,False,False,False,,,"different_score,different_result"
cutiile-magice,java,1314236656,1314236677,user_0118,user_0118,2.78,2.78,Runtime Error,Wrong Answer,120,121,True,True,False,False,,,different_result
cutiile-magice,java,1314236656,1314236709,user_0118,user_0118,2.78,2.78,Runtime Error,Wrong Answer,120,123,True,True,False,False,,,different_result
cutiile-magice,java,1391740454,1391832143,user_0130,user_0127,50.0,50.0,Accepted,Accepted,3139915,3143821,False,True,True,False,,,different_user
gigel-si-raspandirea-vestilor,cpp,1344623105,1344623170,user_0017,user_0017,42.5,50.0,Segmentation Fault,Accepted,1581234,1581237,True,False,False,False,,,"different_score,different_result"
gigel-si-raspandirea-vestilor,cpp,1344623137,1344623170,user_0017,user_0017,42.5,50.0,Segmentation Fault,Accepted,1581235,1581237,True,False,False,False,,,"different_score,different_result"
gigel-si-raspandirea-vestilor,cpp,1314234899,1314235259,user_0021,user_0021,50.0,42.5,Accepted,Segmentation Fault,32,45,True,False,False,False,,,"different_score,different_result"
gigel-si-raspandirea-vestilor,cpp,1314235259,1314235273,user_0021,user_0021,42.5,50.0,Segmentation Fault,Accepted,45,45,True,False,False,False,,,"different_score,different_result"
gigel-si-raspandirea-vestilor,cpp,1332755913,1332755958,user_0024,user_0024,10.0,50.0,Wrong Answer,Accepted,1026934,1026936,True,False,False,False,,,"different_score,different_result"
gigel-si-raspandirea-vestilor,cpp,1344630550,1344638178,user_0036,user_0135,50.0,50.0,Accepted,Accepted,1581473,1581894,False,True,True,False,,,different_user
gigel-si-raspandirea-vestilor,cpp,1323445078,1323445140,user_0037,user_0037,42.5,50.0,Abort Called,Accepted,522673,522677,True,False,False,False,,,"different_score,different_result"
gigel-si-raspandirea-vestilor,cpp,1323445123,1323445140,user_0037,user_0037,42.5,50.0,Abort Called,Accepted,522676,522677,True,False,False,False,,,"different_score,different_result"
gigel-si-raspandirea-vestilor,cpp,1323455295,1323455306,user_0038,user_0038,10.0,50.0,Wrong Answer,Accepted,523241,523242,True,False,False,False,,,"different_score,different_result"
gigel-si-raspandirea-vestilor,cpp,1314237697,1314237733,user_0040,user_0040,42.5,7.5,Segmentation Fault,Wrong Answer,176,177,True,False,False,False,,,"different_score,different_result"
gigel-si-raspandirea-vestilor,cpp,1314237733,1314237746,user_0040,user_0040,7.5,42.5,Wrong Answer,Segmentation Fault,177,178,True,False,False,False,,,"different_score,different_result"
gigel-si-raspandirea-vestilor,cpp,1314235860,1314235962,user_0043,user_0043,2.5,2.5,Wrong Answer,Segmentation Fault,69,75,True,True,False,False,,,different_result
gigel-si-raspandirea-vestilor,cpp,1314235860,1314235965,user_0043,user_0043,2.5,5.0,Wrong Answer,Wrong Answer,69,75,True,False,True,False,,,different_score
gigel-si-raspandirea-vestilor,cpp,1314235962,1314235965,user_0043,user_0043,2.5,5.0,Segmentation Fault,Wrong Answer,75,75,True,False,False,False,,,"different_score,different_result"
gigel-si-raspandirea-vestilor,cpp,1323455786,1323455796,user_0059,user_0059,15.0,17.5,Wrong Answer,Wrong Answer,523289,523290,True,False,True,False,,,different_score
gigel-si-raspandirea-vestilor,cpp,1314235102,1314235257,user_0060,user_0060,10.0,50.0,Wrong Answer,Accepted,39,45,True,False,False,False,,,"different_score,different_result"
gigel-si-raspandirea-vestilor,cpp,1333804292,1333804310,user_0076,user_0195,50.0,50.0,Accepted,Accepted,1077690,1077692,False,True,True,False,,,different_user
gigel-si-raspandirea-vestilor,cpp,1344729495,1344729501,user_0082,user_0082,10.0,50.0,Wrong Answer,Accepted,1586055,1586057,True,False,False,False,,,"different_score,different_result"
gigel-si-raspandirea-vestilor,cpp,1314235204,1314235349,user_0085,user_0085,15.0,2.5,Segmentation Fault,Segmentation Fault,43,48,True,False,True,False,,,different_score
gigel-si-raspandirea-vestilor,cpp,1314235832,1314235857,user_0085,user_0085,7.5,15.0,Segmentation Fault,Segmentation Fault,68,69,True,False,True,False,,,different_score
gigel-si-raspandirea-vestilor,cpp,1314235595,1314236365,user_0097,user_0097,42.5,50.0,Wrong Answer,Accepted,58,101,True,False,False,False,,,"different_score,different_result"
gigel-si-raspandirea-vestilor,cpp,1314235698,1314236365,user_0097,user_0097,42.5,50.0,Wrong Answer,Accepted,62,101,True,False,False,False,,,"different_score,different_result"
gigel-si-raspandirea-vestilor,cpp,1314234446,1344604055,user_0109,user_0153,50.0,50.0,Accepted,Accepted,11,1580285,False,True,True,False,,,different_user
gigel-si-raspandirea-vestilor,cpp,1314234446,1344630550,user_0109,user_0036,50.0,50.0,Accepted,Accepted,11,1581473,False,True,True,False,,,different_user
gigel-si-raspandirea-vestilor,cpp,1314234446,1344638178,user_0109,user_0135,50.0,50.0,Accepted,Accepted,11,1581894,False,True,True,False,,,different_user
gigel-si-raspandirea-vestilor,cpp,1344638145,1344638167,user_0135,user_0135,40.0,45.0,Wrong Answer,Wrong Answer,1581883,1581891,True,False,True,False,,,different_score
gigel-si-raspandirea-vestilor,cpp,1314234531,1361905703,user_0144,user_0091,50.0,50.0,Accepted,Accepted,16,2130355,False,True,True,False,,,different_user
gigel-si-raspandirea-vestilor,cpp,1344604055,1344630550,user_0153,user_0036,50.0,50.0,Accepted,Accepted,1580285,1581473,False,True,True,False,,,different_user
gigel-si-raspandirea-vestilor,cpp,1344604055,1344638178,user_0153,user_0135,50.0,50.0,Accepted,Accepted,1580285,1581894,False,True,True,False,,,different_user
gigel-si-raspandirea-vestilor,cpp,1323417597,1323417646,user_0167,user_0167,7.5,5.0,Wrong Answer,Wrong Answer,521337,521339,True,False,True,False,,,different_score
gigel-si-raspandirea-vestilor,cpp,1323417597,1323417757,user_0167,user_0167,7.5,42.5,Wrong Answer,Segmentation Fault,521337,521343,True,False,False,False,,,"different_score,different_result"
gigel-si-raspandirea-vestilor,cpp,1323417597,1323417811,user_0167,user_0167,7.5,42.5,Wrong Answer,Segmentation Fault,521337,521344,True,False,False,False,,,"different_score,different_result"
gigel-si-raspandirea-vestilor,cpp,1323417646,1323417757,user_0167,user_0167,5.0,42.5,Wrong Answer,Segmentation Fault,521339,521343,True,False,False,False,,,"different_score,different_result"
gigel-si-raspandirea-vestilor,cpp,1323417646,1323417811,user_0167,user_0167,5.0,42.5,Wrong Answer,Segmentation Fault,521339,521344,True,False,False,False,,,"different_score,different_result"
gigel-si-raspandirea-vestilor,cpp,1323417873,1323418038,user_0167,user_0167,42.5,50.0,Segmentation Fault,Accepted,521346,521353,True,False,False,False,,,"different_score,different_result"
gigel-si-raspandirea-vestilor,cpp,1333804455,1333804466,user_0196,user_0196,42.5,50.0,Segmentation Fault,Accepted,1077708,1077710,True,False,False,False,,,"different_score,different_result"
gigel-si-raspandirea-vestilor,cpp,1333804455,1333804558,user_0196,user_0196,42.5,50.0,Segmentation Fault,Accepted,1077708,1077720,True,False,False,False,,,"different_score,different_result"
gigel-si-raspandirea-vestilor,cpp,1408428384,1408428408,user_0223,user_0223,10.0,50.0,Wrong Answer,Accepted,3692412,3692412,True,False,False,False,,,"different_score,different_result"
gigel-si-raspandirea-vestilor,cpp,1408454408,1408454528,user_0225,user_0225,10.0,50.0,Wrong Answer,Accepted,3693798,3693802,True,False,False,False,,,"different_score,different_result"
gigel-si-raspandirea-vestilor,cpp,1408520332,1408520376,user_0238,user_0238,7.5,20.0,Wrong Answer,Wrong Answer,3696560,3696562,True,False,True,False,,,different_score
gigel-si-raspandirea-vestilor,cpp,1408520332,1408520393,user_0238,user_0238,7.5,25.0,Wrong Answer,Segmentation Fault,3696560,3696563,True,False,False,False,,,"different_score,different_result"
gigel-si-raspandirea-vestilor,cpp,1408520356,1408520376,user_0238,user_0238,7.5,20.0,Wrong Answer,Wrong Answer,3696561,3696562,True,False,True,False,,,different_score
gigel-si-raspandirea-vestilor,cpp,1408520356,1408520393,user_0238,user_0238,7.5,25.0,Wrong Answer,Segmentation Fault,3696561,3696563,True,False,False,False,,,"different_score,different_result"
gigel-si-raspandirea-vestilor,cpp,1408520376,1408520393,user_0238,user_0238,20.0,25.0,Wrong Answer,Segmentation Fault,3696562,3696563,True,False,False,False,,,"different_score,different_result"
gigel-si-raspandirea-vestilor,cpp,1314234833,1314234967,user_0239,user_0239,7.5,50.0,Segmentation Fault,Accepted,30,35,True,False,False,False,,,"different_score,different_result"
gigel-si-raspandirea-vestilor,cpp,1408503580,1408569069,user_0250,user_0212,50.0,50.0,Accepted,Accepted,3696326,3698451,False,True,True,False,,,different_user
gigel-si-raspandirea-vestilor,cpp,1333683754,1333683868,user_0266,user_0266,40.0,37.5,Wrong Answer,Wrong Answer,1071642,1071645,True,False,True,False,,,different_score
gigel-si-raspandirea-vestilor,cpp,1333683754,1333683895,user_0266,user_0266,40.0,42.5,Wrong Answer,Wrong Answer,1071642,1071645,True,False,True,False,,,different_score
gigel-si-raspandirea-vestilor,cpp,1333683868,1333683895,user_0266,user_0266,37.5,42.5,Wrong Answer,Wrong Answer,1071645,1071645,True,False,True,False,,,different_score
gigel-si-raspandirea-vestilor,cpp,1391989663,1391989869,user_0277,user_0277,10.0,50.0,Wrong Answer,Accepted,3150734,3150738,True,False,False,False,,,"different_score,different_result"
gigel-si-raspandirea-vestilor,cpp,1391930092,1392022530,user_0284,user_0331,50.0,50.0,Accepted,Accepted,3147852,3152090,False,True,True,False,,,different_user
gigel-si-raspandirea-vestilor,cpp,1391930092,1408569037,user_0284,user_0317,50.0,50.0,Accepted,Accepted,3147852,3698449,False,True,True,False,,,different_user
gigel-si-raspandirea-vestilor,cpp,1391930092,1408569325,user_0284,user_0317,50.0,50.0,Accepted,Accepted,3147852,3698467,False,True,True,False,,,different_user
gigel-si-raspandirea-vestilor,cpp,1391930092,1408570962,user_0284,user_0317,50.0,50.0,Accepted,Accepted,3147852,3698638,False,True,True,False,,,different_user
gigel-si-raspandirea-vestilor,cpp,1378096911,1408543362,user_0289,user_0432,50.0,50.0,Accepted,Accepted,2637310,3697775,False,True,True,False,,,different_user
gigel-si-raspandirea-vestilor,cpp,1378154426,1391951461,user_0290,user_0261,50.0,50.0,Accepted,Accepted,2639908,3149065,False,True,True,False,,,different_user
gigel-si-raspandirea-vestilor,cpp,1378154566,1378154619,user_0293,user_0308,50.0,50.0,Accepted,Accepted,2639912,2639913,False,True,True,False,,,different_user
gigel-si-raspandirea-vestilor,cpp,1378120705,1408556490,user_0297,user_0327,50.0,50.0,Accepted,Accepted,2638648,3698027,False,True,True,False,,,different_user
gigel-si-raspandirea-vestilor,cpp,1378118502,1378118526,user_0304,user_0304,27.5,50.0,Segmentation Fault,Accepted,2638474,2638475,True,False,False,False,,,"different_score,different_result"
gigel-si-raspandirea-vestilor,cpp,1378128663,1392033851,user_0306,user_0280,50.0,50.0,Accepted,Accepted,2639304,3152414,False,True,True,False,,,different_user
gigel-si-raspandirea-vestilor,cpp,1378033463,1378033499,user_0309,user_0309,10.0,50.0,Segmentation Fault,Accepted,2633938,2633940,True,False,False,False,,,"different_score,different_result"
gigel-si-raspandirea-vestilor,cpp,1391941282,1391941298,user_0316,user_0316,2.5,50.0,Wrong Answer,Accepted,3148315,3148316,True,False,False,False,,,"different_score,different_result"
gigel-si-raspandirea-vestilor,cpp,1392022530,1408569037,user_0331,user_0317,50.0,50.0,Accepted,Accepted,3152090,3698449,False,True,True,False,,,different_user
gigel-si-raspandirea-vestilor,cpp,1392022530,1408569325,user_0331,user_0317,50.0,50.0,Accepted,Accepted,3152090,3698467,False,True,True,False,,,different_user
gigel-si-raspandirea-vestilor,cpp,1392022530,1408570962,user_0331,user_0317,50.0,50.0,Accepted,Accepted,3152090,3698638,False,True,True,False,,,different_user
gigel-si-raspandirea-vestilor,cpp,1408493418,1408493422,user_0336,user_0336,10.0,50.0,Wrong Answer,Accepted,3695749,3695750,True,False,False,False,,,"different_score,different_result"
gigel-si-raspandirea-vestilor,cpp,1408485381,1408485743,user_0341,user_0341,15.0,50.0,Wrong Answer,Accepted,3695311,3695316,True,False,False,False,,,"different_score,different_result"
gigel-si-raspandirea-vestilor,cpp,1323404453,1323445868,user_0353,user_0124,50.0,50.0,Accepted,Accepted,520514,522709,False,True,True,False,,,different_user
gigel-si-raspandirea-vestilor,cpp,1408462117,1408462126,user_0358,user_0358,10.0,50.0,Wrong Answer,Accepted,3694177,3694178,True,False,False,False,,,"different_score,different_result"
gigel-si-raspandirea-vestilor,cpp,1314235475,1314235627,user_0374,user_0374,2.5,50.0,Wrong Answer,Accepted,53,59,True,False,False,False,,,"different_score,different_result"
gigel-si-raspandirea-vestilor,cpp,1391827197,1391827266,user_0388,user_0388,10.0,50.0,Wrong Answer,Accepted,3143616,3143620,True,False,False,False,,,"different_score,different_result"
gigel-si-raspandirea-vestilor,cpp,1408569364,1408569420,user_0404,user_0404,42.5,50.0,Abort Called,Accepted,3698470,3698473,True,False,False,False,,,"different_score,different_result"
gigel-si-raspandirea-vestilor,cpp,1314235258,1314235277,user_0436,user_0436,22.5,42.5,Segmentation Fault,Segmentation Fault,45,45,True,False,True,False,,,different_score
gigel-si-raspandirea-vestilor,cpp,1314235258,1314235303,user_0436,user_0436,22.5,50.0,Segmentation Fault,Accepted,45,46,True,False,False,False,,,"different_score,different_result"
gigel-si-raspandirea-vestilor,cpp,1314235277,1314235303,user_0436,user_0436,42.5,50.0,Segmentation Fault,Accepted,45,46,True,False,False,False,,,"different_score,different_result"
gigel-si-raspandirea-vestilor,cpp,1391856285,1391930092,user_0444,user_0284,50.0,50.0,Accepted,Accepted,3144926,3147852,False,True,True,False,,,different_user
gigel-si-raspandirea-vestilor,cpp,1391856285,1392022530,user_0444,user_0331,50.0,50.0,Accepted,Accepted,3144926,3152090,False,True,True,False,,,different_user
gigel-si-raspandirea-vestilor,cpp,1391856285,1408569037,user_0444,user_0317,50.0,50.0,Accepted,Accepted,3144926,3698449,False,True,True,False,,,different_user
gigel-si-raspandirea-vestilor,cpp,1391856285,1408569325,user_0444,user_0317,50.0,50.0,Accepted,Accepted,3144926,3698467,False,True,True,False,,,different_user
gigel-si-raspandirea-vestilor,cpp,1391856285,1408570962,user_0444,user_0317,50.0,50.0,Accepted,Accepted,3144926,3698638,False,True,True,False,,,different_user
gigel-si-raspandirea-vestilor,cpp,1323341310,1323341340,user_0462,user_0462,32.5,50.0,Segmentation Fault,Accepted,517065,517066,True,False,False,False,,,"different_score,different_result"
gigel-si-raspandirea-vestilor,java,1314234524,1314234555,user_0016,user_0016,42.5,50.0,Runtime Error,Accepted,15,17,True,False,False,False,,,"different_score,different_result"
gigel-si-raspandirea-vestilor,java,1314236462,1314236479,user_0071,user_0071,7.5,27.5,Runtime Error,Runtime Error,108,108,True,False,True,False,,,different_score
gigel-si-raspandirea-vestilor,java,1314236525,1314236545,user_0071,user_0071,27.5,27.5,Runtime Error,Terminated due ...,111,113,True,True,False,False,,,different_result
gigel-si-raspandirea-vestilor,java,1323456754,1323456875,user_0080,user_0080,5.0,25.0,Wrong Answer,Terminated due ...,523413,523431,True,False,False,False,,,"different_score,different_result"
gigel-si-raspandirea-vestilor,java,1323433112,1323433120,user_0096,user_0163,50.0,50.0,Accepted,Accepted,522008,522010,False,True,True,False,,,different_user
gigel-si-raspandirea-vestilor,java,1314235665,1314235900,user_0123,user_0123,2.5,5.0,Wrong Answer,Wrong Answer,61,71,True,False,True,False,,,different_score
gigel-si-raspandirea-vestilor,java,1314234861,1314234956,user_0128,user_0128,7.5,15.0,Wrong Answer,Wrong Answer,31,34,True,False,True,False,,,different_score
gigel-si-raspandirea-vestilor,java,1314235363,1314235460,user_0137,user_0137,50.0,22.5,Accepted,Runtime Error,48,52,True,False,False,False,,,"different_score,different_result"
gigel-si-raspandirea-vestilor,java,1314235363,1314235512,user_0137,user_0137,50.0,22.5,Accepted,Runtime Error,48,54,True,False,False,False,,,"different_score,different_result"
gigel-si-raspandirea-vestilor,java,1314235460,1314235600,user_0137,user_0137,22.5,50.0,Runtime Error,Accepted,52,58,True,False,False,False,,,"different_score,different_result"
gigel-si-raspandirea-vestilor,java,1314235512,1314235600,user_0137,user_0137,22.5,50.0,Runtime Error,Accepted,54,58,True,False,False,False,,,"different_score,different_result"
gigel-si-raspandirea-vestilor,java,1314236610,1314236643,user_0140,user_0140,27.5,27.5,Terminated due ...,Runtime Error,118,119,True,True,False,False,,,different_result
gigel-si-raspandirea-vestilor,java,1323442606,1323453195,user_0156,user_0158,50.0,50.0,Accepted,Accepted,522576,523084,False,True,True,False,,,different_user
gigel-si-raspandirea-vestilor,java,1323442606,1323453229,user_0156,user_0158,50.0,50.0,Accepted,Accepted,522576,523086,False,True,True,False,,,different_user
gigel-si-raspandirea-vestilor,java,1314235877,1314235968,user_0175,user_0175,32.5,50.0,Runtime Error,Accepted,70,75,True,False,False,False,,,"different_score,different_result"
gigel-si-raspandirea-vestilor,java,1314235416,1314235513,user_0176,user_0176,42.5,50.0,Runtime Error,Accepted,51,54,True,False,False,False,,,"different_score,different_result"
gigel-si-raspandirea-vestilor,java,1323456423,1323456481,user_0188,user_0188,37.5,42.5,Wrong Answer,Runtime Error,523366,523374,True,False,False,False,,,"different_score,different_result"
gigel-si-raspandirea-vestilor,java,1323456423,1323456486,user_0188,user_0188,37.5,50.0,Wrong Answer,Accepted,523366,523375,True,False,False,False,,,"different_score,different_result"
gigel-si-raspandirea-vestilor,java,1323456481,1323456486,user_0188,user_0188,42.5,50.0,Runtime Error,Accepted,523374,523375,True,False,False,False,,,"different_score,different_result"
gigel-si-raspandirea-vestilor,java,1314235221,1314235312,user_0200,user_0200,42.5,50.0,Runtime Error,Accepted,44,46,True,False,False,False,,,"different_score,different_result"
gigel-si-raspandirea-vestilor,java,1323432225,1323442606,user_0202,user_0156,50.0,50.0,Accepted,Accepted,521890,522576,False,True,True,False,,,different_user
gigel-si-raspandirea-vestilor,java,1323432225,1323453195,user_0202,user_0158,50.0,50.0,Accepted,Accepted,521890,523084,False,True,True,False,,,different_user
gigel-si-raspandirea-vestilor,java,1323432225,1323453229,user_0202,user_0158,50.0,50.0,Accepted,Accepted,521890,523086,False,True,True,False,,,different_user
gigel-si-raspandirea-vestilor,java,1314234492,1314234671,user_0204,user_0204,25.0,50.0,Runtime Error,Accepted,14,23,True,False,False,False,,,"different_score,different_result"
gigel-si-raspandirea-vestilor,java,1314234554,1314234671,user_0204,user_0204,25.0,50.0,Runtime Error,Accepted,17,23,True,False,False,False,,,"different_score,different_result"
gigel-si-raspandirea-vestilor,java,1314234438,1333797004,user_0208,user_0157,50.0,50.0,Accepted,Accepted,11,1077430,False,True,True,False,,,different_user
gigel-si-raspandirea-vestilor,java,1333789453,1333789616,user_0268,user_0268,2.5,50.0,Wrong Answer,Accepted,1077209,1077215,True,False,False,False,,,"different_score,different_result"
gigel-si-raspandirea-vestilor,java,1378118090,1378121500,user_0302,user_0294,50.0,50.0,Accepted,Accepted,2638453,2638835,False,True,True,False,,,different_user
gigel-si-raspandirea-vestilor,java,1378118090,1378121512,user_0302,user_0294,50.0,50.0,Accepted,Accepted,2638453,2638838,False,True,True,False,,,different_user
gigel-si-raspandirea-vestilor,java,1391942133,1408526447,user_0364,user_0451,50.0,50.0,Accepted,Accepted,3148421,3696810,False,True,True,False,,,different_user
gigel-si-raspandirea-vestilor,java,1323362228,1323362255,user_0429,user_0429,42.5,50.0,Runtime Error,Accepted,518319,518320,True,False,False,False,,,"different_score,different_result"
gigel-si-raspandirea-vestilor,java,1378120860,1378120877,user_0435,user_0435,2.5,50.0,Wrong Answer,Accepted,2638672,2638675,True,False,False,False,,,"different_score,different_result"
gigel-si-raspandirea-vestilor,java,1314235041,1314235232,user_0455,user_0455,42.5,50.0,Runtime Error,Accepted,37,44,True,False,False,False,,,"different_score,different_result"
gigel-si-raspandirea-vestilor,java,1314235077,1314235232,user_0455,user_0455,42.5,50.0,Runtime Error,Accepted,39,44,True,False,False,False,,,"different_score,different_result"
gigel-si-sosetele,cpp,1361592884,1361592965,user_0001,user_0001,1.04,47.92,Wrong Answer,Wrong Answer,2117027,2117030,True,False,True,False,,,different_score
gigel-si-sosetele,cpp,1361592884,1361593026,user_0001,user_0001,1.04,47.92,Wrong Answer,Wrong Answer,2117027,2117032,True,False,True,False,,,different_score
gigel-si-sosetele,cpp,1359946327,1361756395,user_0003,user_0255,50.0,50.0,Accepted,Accepted,2067586,2123858,False,True,True,False,,,different_user
gigel-si-sosetele,cpp,1323387618,1323387637,user_0011,user_0011,8.33,12.5,Wrong Answer,Wrong Answer,519708,519708,True,False,True,False,,,different_score
gigel-si-sosetele,cpp,1314235539,1314236842,user_0012,user_0012,11.46,12.5,Wrong Answer,Wrong Answer,56,131,True,False,True,False,,,different_score
gigel-si-sosetele,cpp,1314237275,1314237309,user_0012,user_0012,32.29,48.96,Wrong Answer,Wrong Answer,156,158,True,False,True,False,,,different_score
gigel-si-sosetele,cpp,1314237237,1314237304,user_0034,user_0034,14.58,50.0,Wrong Answer,Accepted,154,158,True,False,False,False,,,"different_score,different_result"
gigel-si-sosetele,cpp,1314236865,1314236956,user_0062,user_0062,13.54,46.88,Wrong Answer,Wrong Answer,132,138,True,False,True,False,,,different_score
gigel-si-sosetele,cpp,1314236865,1314237008,user_0062,user_0062,13.54,46.88,Wrong Answer,Wrong Answer,132,141,True,False,True,False,,,different_score
gigel-si-sosetele,cpp,1314236865,1314237103,user_0062,user_0062,13.54,46.88,Wrong Answer,Wrong Answer,132,147,True,False,True,False,,,different_score
gigel-si-sosetele,cpp,1314236865,1314237167,user_0062,user_0062,13.54,46.88,Wrong Answer,Wrong Answer,132,150,True,False,True,False,,,different_score
gigel-si-sosetele,cpp,1314237422,1314237497,user_0062,user_0062,14.58,50.0,Wrong Answer,Accepted,163,167,True,False,False,False,,,"different_score,different_result"
gigel-si-sosetele,cpp,1314236220,1314237145,user_0070,user_0070,22.92,20.83,Wrong Answer,Wrong Answer,92,149,True,False,True,False,,,different_score
gigel-si-sosetele,cpp,1314236261,1314237145,user_0070,user_0070,22.92,20.83,Wrong Answer,Wrong Answer,95,149,True,False,True,False,,,different_score
gigel-si-sosetele,cpp,1332760380,1332760394,user_0093,user_0093,7.29,12.5,Wrong Answer,Wrong Answer,1027095,1027095,True,False,True,False,,,different_score
gigel-si-sosetele,cpp,1332760380,1332760482,user_0093,user_0093,7.29,50.0,Wrong Answer,Accepted,1027095,1027100,True,False,False,False,,,"different_score,different_result"
gigel-si-sosetele,cpp,1332760394,1332760482,user_0093,user_0093,12.5,50.0,Wrong Answer,Accepted,1027095,1027100,True,False,False,False,,,"different_score,different_result"
gigel-si-sosetele,cpp,1314234991,1314235154,user_0110,user_0110,8.33,20.83,Wrong Answer,Wrong Answer,36,41,True,False,True,False,,,different_score
gigel-si-sosetele,cpp,1314234991,1314235295,user_0110,user_0110,8.33,20.83,Wrong Answer,Wrong Answer,36,46,True,False,True,False,,,different_score
gigel-si-sosetele,cpp,1323455614,1323455629,user_0123,user_0123,1.04,50.0,Wrong Answer,Accepted,523272,523273,True,False,False,False,,,"different_score,different_result"
gigel-si-sosetele,cpp,1323074295,1323074412,user_0140,user_0140,11.46,12.5,Wrong Answer,Wrong Answer,503975,503977,True,False,True,False,,,different_score
gigel-si-sosetele,cpp,1323076015,1323076245,user_0140,user_0140,47.92,46.88,Wrong Answer,Wrong Answer,504001,504005,True,False,True,False,,,different_score
gigel-si-sosetele,cpp,1323076188,1323076245,user_0140,user_0140,47.92,46.88,Wrong Answer,Wrong Answer,504004,504005,True,False,True,False,,,different_score
gigel-si-sosetele,cpp,1314236832,1314237048,user_0164,user_0164,26.04,5.21,Wrong Answer,Wrong Answer,131,144,True,False,True,False,,,different_score
gigel-si-sosetele,cpp,1323432768,1323432892,user_0172,user_0172,11.46,12.5,Wrong Answer,Wrong Answer,521958,521976,True,False,True,False,,,different_score
gigel-si-sosetele,cpp,1323432768,1323432896,user_0172,user_0172,11.46,12.5,Wrong Answer,Wrong Answer,521958,521977,True,False,True,False,,,different_score
gigel-si-sosetele,cpp,1323433002,1323442426,user_0172,user_0172,12.5,2.08,Wrong Answer,Wrong Answer,521991,522570,True,False,True,False,,,different_score
gigel-si-sosetele,cpp,1323433002,1323443115,user_0172,user_0172,12.5,1.04,Wrong Answer,Wrong Answer,521991,522594,True,False,True,False,,,different_score
gigel-si-sosetele,cpp,1323442426,1323442435,user_0172,user_0172,2.08,12.5,Wrong Answer,Wrong Answer,522570,522571,True,False,True,False,,,different_score
gigel-si-sosetele,cpp,1323442426,1323442703,user_0172,user_0172,2.08,12.5,Wrong Answer,Wrong Answer,522570,522579,True,False,True,False,,,different_score
gigel-si-sosetele,cpp,1323442426,1323442848,user_0172,user_0172,2.08,12.5,Wrong Answer,Wrong Answer,522570,522584,True,False,True,False,,,different_score
gigel-si-sosetele,cpp,1323442426,1323443115,user_0172,user_0172,2.08,1.04,Wrong Answer,Wrong Answer,522570,522594,True,False,True,False,,,different_score
gigel-si-sosetele,cpp,1323442426,1323443126,user_0172,user_0172,2.08,12.5,Wrong Answer,Wrong Answer,522570,522594,True,False,True,False,,,different_score
gigel-si-sosetele,cpp,1323442435,1323443115,user_0172,user_0172,12.5,1.04,Wrong Answer,Wrong Answer,522571,522594,True,False,True,False,,,different_score
gigel-si-sosetele,cpp,1323442703,1323443115,user_0172,user_0172,12.5,1.04,Wrong Answer,Wrong Answer,522579,522594,True,False,True,False,,,different_score
gigel-si-sosetele,cpp,1323442848,1323443115,user_0172,user_0172,12.5,1.04,Wrong Answer,Wrong Answer,522584,522594,True,False,True,False,,,different_score
gigel-si-sosetele,cpp,1323443115,1323443126,user_0172,user_0172,1.04,12.5,Wrong Answer,Wrong Answer,522594,522594,True,False,True,False,,,different_score
gigel-si-sosetele,cpp,1323445293,1323445311,user_0172,user_0172,12.5,2.08,Wrong Answer,Wrong Answer,522683,522685,True,False,True,False,,,different_score
gigel-si-sosetele,cpp,1323445311,1323445337,user_0172,user_0172,2.08,12.5,Wrong Answer,Wrong Answer,522685,522686,True,False,True,False,,,different_score
gigel-si-sosetele,cpp,1323445311,1323445365,user_0172,user_0172,2.08,12.5,Wrong Answer,Wrong Answer,522685,522687,True,False,True,False,,,different_score
gigel-si-sosetele,cpp,1323445461,1323445516,user_0172,user_0172,11.46,12.5,Wrong Answer,Wrong Answer,522691,522694,True,False,True,False,,,different_score
gigel-si-sosetele,cpp,1314235685,1314235742,user_0177,user_0177,2.08,14.58,Wrong Answer,Wrong Answer,62,64,True,False,True,False,,,different_score
gigel-si-sosetele,cpp,1323078576,1323078759,user_0187,user_0187,12.5,46.88,Wrong Answer,Wrong Answer,504039,504042,True,False,True,False,,,different_score
gigel-si-sosetele,cpp,1323078576,1323079467,user_0187,user_0187,12.5,46.88,Wrong Answer,Wrong Answer,504039,504053,True,False,True,False,,,different_score
gigel-si-sosetele,cpp,1361674642,1361734461,user_0194,user_0257,50.0,50.0,Accepted,Accepted,2121015,2122816,False,True,True,False,,,different_user
gigel-si-sosetele,cpp,1361674642,1361764067,user_0194,user_0256,50.0,50.0,Accepted,Accepted,2121015,2123973,False,True,True,False,,,different_user
gigel-si-sosetele,cpp,1361674642,1361776441,user_0194,user_0259,50.0,50.0,Accepted,Accepted,2121015,2124250,False,True,True,False,,,different_user
gigel-si-sosetele,cpp,1361674642,1361903381,user_0194,user_0230,50.0,50.0,Accepted,Accepted,2121015,2130182,False,True,True,False,,,different_user
gigel-si-sosetele,cpp,1361674642,1361905953,user_0194,user_0246,50.0,50.0,Accepted,Accepted,2121015,2130452,False,True,True,False,,,different_user
gigel-si-sosetele,cpp,1314234771,1314234798,user_0195,user_0195,2.08,50.0,Wrong Answer,Accepted,27,28,True,False,False,False,,,"different_score,different_result"
gigel-si-sosetele,cpp,1314234771,1332760448,user_0195,user_0093,2.08,50.0,Wrong Answer,Accepted,27,1027098,False,False,False,False,,,"different_user,different_score,different_result"
gigel-si-sosetele,cpp,1314234798,1332760448,user_0195,user_0093,50.0,50.0,Accepted,Accepted,28,1027098,False,True,True,False,,,different_user
gigel-si-sosetele,cpp,1344626070,1344626398,user_0201,user_0201,4.17,50.0,Wrong Answer,Accepted,1581356,1581365,True,False,False,False,,,"different_score,different_result"
gigel-si-sosetele,cpp,1323454555,1323454579,user_0203,user_0203,40.63,50.0,Wrong Answer,Accepted,523175,523177,True,False,False,False,,,"different_score,different_result"
gigel-si-sosetele,cpp,1314236698,1314236714,user_0215,user_0215,5.21,1.04,Wrong Answer,Wrong Answer,123,124,True,False,True,False,,,different_score
gigel-si-sosetele,cpp,1314236698,1314236789,user_0215,user_0215,5.21,1.04,Wrong Answer,Wrong Answer,123,129,True,False,True,False,,,different_score
gigel-si-sosetele,cpp,1314236698,1314236806,user_0215,user_0215,5.21,2.08,Wrong Answer,Wrong Answer,123,130,True,False,True,False,,,different_score
gigel-si-sosetele,cpp,1314236698,1314236815,user_0215,user_0215,5.21,6.25,Wrong Answer,Wrong Answer,123,130,True,False,True,False,,,different_score
gigel-si-sosetele,cpp,1314236698,1314236831,user_0215,user_0215,5.21,2.08,Wrong Answer,Wrong Answer,123,131,True,False,True,False,,,different_score
gigel-si-sosetele,cpp,1314236698,1314236849,user_0215,user_0215,5.21,6.25,Wrong Answer,Wrong Answer,123,131,True,False,True,False,,,different_score
gigel-si-sosetele,cpp,1314236698,1314236895,user_0215,user_0215,5.21,6.25,Wrong Answer,Wrong Answer,123,134,True,False,True,False,,,different_score
gigel-si-sosetele,cpp,1314236714,1314236806,user_0215,user_0215,1.04,2.08,Wrong Answer,Wrong Answer,124,130,True,False,True,False,,,different_score
gigel-si-sosetele,cpp,1314236714,1314236815,user_0215,user_0215,1.04,6.25,Wrong Answer,Wrong Answer,124,130,True,False,True,False,,,different_score
gigel-si-sosetele,cpp,1314236714,1314236820,user_0215,user_0215,1.04,5.21,Wrong Answer,Wrong Answer,124,131,True,False,True,False,,,different_score
gigel-si-sosetele,cpp,1314236714,1314236831,user_0215,user_0215,1.04,2.08,Wrong Answer,Wrong Answer,124,131,True,False,True,False,,,different_score
gigel-si-sosetele,cpp,1314236714,1314236849,user_0215,user_0215,1.04,6.25,Wrong Answer,Wrong Answer,124,131,True,False,True,False,,,different_score
gigel-si-sosetele,cpp,1314236714,1314236895,user_0215,user_0215,1.04,6.25,Wrong Answer,Wrong Answer,124,134,True,False,True,False,,,different_score
gigel-si-sosetele,cpp,1314236714,1314236906,user_0215,user_0215,1.04,5.21,Wrong Answer,Wrong Answer,124,135,True,False,True,False,,,different_score
gigel-si-sosetele,cpp,1314236789,1314236806,user_0215,user_0215,1.04,2.08,Wrong Answer,Wrong Answer,129,130,True,False,True,False,,,different_score
gigel-si-sosetele,cpp,1314236789,1314236815,user_0215,user_0215,1.04,6.25,Wrong Answer,Wrong Answer,129,130,True,False,True,False,,,different_score
gigel-si-sosetele,cpp,1314236789,1314236820,user_0215,user_0215,1.04,5.21,Wrong Answer,Wrong Answer,129,131,True,False,True,False,,,different_score
gigel-si-sosetele,cpp,1314236789,1314236831,user_0215,user_0215,1.04,2.08,Wrong Answer,Wrong Answer,129,131,True,False,True,False,,,different_score
gigel-si-sosetele,cpp,1314236789,1314236849,user_0215,user_0215,1.04,6.25,Wrong Answer,Wrong Answer,129,131,True,False,True,False,,,different_score
gigel-si-sosetele,cpp,1314236789,1314236895,user_0215,user_0215,1.04,6.25,Wrong Answer,Wrong Answer,129,134,True,False,True,False,,,different_score
gigel-si-sosetele,cpp,1314236789,1314236906,user_0215,user_0215,1.04,5.21,Wrong Answer,Wrong Answer,129,135,True,False,True,False,,,different_score
gigel-si-sosetele,cpp,1314236806,1314236815,user_0215,user_0215,2.08,6.25,Wrong Answer,Wrong Answer,130,130,True,False,True,False,,,different_score
gigel-si-sosetele,cpp,1314236806,1314236820,user_0215,user_0215,2.08,5.21,Wrong Answer,Wrong Answer,130,131,True,False,True,False,,,different_score
gigel-si-sosetele,cpp,1314236806,1314236849,user_0215,user_0215,2.08,6.25,Wrong Answer,Wrong Answer,130,131,True,False,True,False,,,different_score
gigel-si-sosetele,cpp,1314236806,1314236895,user_0215,user_0215,2.08,6.25,Wrong Answer,Wrong Answer,130,134,True,False,True,False,,,different_score
gigel-si-sosetele,cpp,1314236806,1314236906,user_0215,user_0215,2.08,5.21,Wrong Answer,Wrong Answer,130,135,True,False,True,False,,,different_score
gigel-si-sosetele,cpp,1314236815,1314236820,user_0215,user_0215,6.25,5.21,Wrong Answer,Wrong Answer,130,131,True,False,True,False,,,different_score
gigel-si-sosetele,cpp,1314236815,1314236831,user_0215,user_0215,6.25,2.08,Wrong Answer,Wrong Answer,130,131,True,False,True,False,,,different_score
gigel-si-sosetele,cpp,1314236815,1314236906,user_0215,user_0215,6.25,5.21,Wrong Answer,Wrong Answer,130,135,True,False,True,False,,,different_score
gigel-si-sosetele,cpp,1314236820,1314236831,user_0215,user_0215,5.21,2.08,Wrong Answer,Wrong Answer,131,131,True,False,True,False,,,different_score
gigel-si-sosetele,cpp,1314236820,1314236849,user_0215,user_0215,5.21,6.25,Wrong Answer,Wrong Answer,131,131,True,False,True,False,,,different_score
gigel-si-sosetele,cpp,1314236820,1314236895,user_0215,user_0215,5.21,6.25,Wrong Answer,Wrong Answer,131,134,True,False,True,False,,,different_score
gigel-si-sosetele,cpp,1314236831,1314236849,user_0215,user_0215,2.08,6.25,Wrong Answer,Wrong Answer,131,131,True,False,True,False,,,different_score
gigel-si-sosetele,cpp,1314236831,1314236895,user_0215,user_0215,2.08,6.25,Wrong Answer,Wrong Answer,131,134,True,False,True,False,,,different_score
gigel-si-sosetele,cpp,1314236831,1314236906,user_0215,user_0215,2.08,5.21,Wrong Answer,Wrong Answer,131,135,True,False,True,False,,,different_score
gigel-si-sosetele,cpp,1314236849,1314236906,user_0215,user_0215,6.25,5.21,Wrong Answer,Wrong Answer,131,135,True,False,True,False,,,different_score
gigel-si-sosetele,cpp,1314236895,1314236906,user_0215,user_0215,6.25,5.21,Wrong Answer,Wrong Answer,134,135,True,False,True,False,,,different_score
gigel-si-sosetele,cpp,1314236989,1314237010,user_0215,user_0215,1.04,5.21,Wrong Answer,Wrong Answer,140,141,True,False,True,False,,,different_score
gigel-si-sosetele,cpp,1314236989,1314237017,user_0215,user_0215,1.04,5.21,Wrong Answer,Wrong Answer,140,142,True,False,True,False,,,different_score
gigel-si-sosetele,cpp,1314236989,1314237027,user_0215,user_0215,1.04,5.21,Wrong Answer,Wrong Answer,140,143,True,False,True,False,,,different_score
gigel-si-sosetele,cpp,1314236989,1314237071,user_0215,user_0215,1.04,5.21,Wrong Answer,Wrong Answer,140,145,True,False,True,False,,,different_score
gigel-si-sosetele,cpp,1314236989,1314237098,user_0215,user_0215,1.04,5.21,Wrong Answer,Wrong Answer,140,146,True,False,True,False,,,different_score
gigel-si-sosetele,cpp,1314236989,1314237104,user_0215,user_0215,1.04,5.21,Wrong Answer,Wrong Answer,140,147,True,False,True,False,,,different_score
gigel-si-sosetele,cpp,1314236989,1314237113,user_0215,user_0215,1.04,5.21,Wrong Answer,Wrong Answer,140,147,True,False,True,False,,,different_score
gigel-si-sosetele,cpp,1314236989,1314237122,user_0215,user_0215,1.04,5.21,Wrong Answer,Wrong Answer,140,148,True,False,True,False,,,different_score
gigel-si-sosetele,cpp,1314236989,1314237131,user_0215,user_0215,1.04,5.21,Wrong Answer,Wrong Answer,140,148,True,False,True,False,,,different_score
gigel-si-sosetele,cpp,1314236989,1314237191,user_0215,user_0215,1.04,5.21,Wrong Answer,Wrong Answer,140,151,True,False,True,False,,,different_score
gigel-si-sosetele,cpp,1314236989,1314237361,user_0215,user_0215,1.04,5.21,Wrong Answer,Wrong Answer,140,160,True,False,True,False,,,different_score
gigel-si-sosetele,cpp,1314237010,1314237176,user_0215,user_0215,5.21,1.04,Wrong Answer,Wrong Answer,141,151,True,False,True,False,,,different_score
gigel-si-sosetele,cpp,1314237010,1314237331,user_0215,user_0215,5.21,1.04,Wrong Answer,Wrong Answer,141,158,True,False,True,False,,,different_score
gigel-si-sosetele,cpp,1314237010,1314237352,user_0215,user_0215,5.21,1.04,Wrong Answer,Wrong Answer,141,160,True,False,True,False,,,different_score
gigel-si-sosetele,cpp,1314237017,1314237176,user_0215,user_0215,5.21,1.04,Wrong Answer,Wrong Answer,142,151,True,False,True,False,,,different_score
gigel-si-sosetele,cpp,1314237017,1314237331,user_0215,user_0215,5.21,1.04,Wrong Answer,Wrong Answer,142,158,True,False,True,False,,,different_score
gigel-si-sosetele,cpp,1314237017,1314237352,user_0215,user_0215,5.21,1.04,Wrong Answer,Wrong Answer,142,160,True,False,True,False,,,different_score
gigel-si-sosetele,cpp,1314237027,1314237176,user_0215,user_0215,5.21,1.04,Wrong Answer,Wrong Answer,143,151,True,False,True,False,,,different_score
gigel-si-sosetele,cpp,1314237027,1314237331,user_0215,user_0215,5.21,1.04,Wrong Answer,Wrong Answer,143,158,True,False,True,False,,,different_score
gigel-si-sosetele,cpp,1314237027,1314237352,user_0215,user_0215,5.21,1.04,Wrong Answer,Wrong Answer,143,160,True,False,True,False,,,different_score
gigel-si-sosetele,cpp,1314237071,1314237176,user_0215,user_0215,5.21,1.04,Wrong Answer,Wrong Answer,145,151,True,False,True,False,,,different_score
gigel-si-sosetele,cpp,1314237071,1314237331,user_0215,user_0215,5.21,1.04,Wrong Answer,Wrong Answer,145,158,True,False,True,False,,,different_score
gigel-si-sosetele,cpp,1314237071,1314237352,user_0215,user_0215,5.21,1.04,Wrong Answer,Wrong Answer,145,160,True,False,True,False,,,different_score
gigel-si-sosetele,cpp,1314237098,1314237176,user_0215,user_0215,5.21,1.04,Wrong Answer,Wrong Answer,146,151,True,False,True,False,,,different_score
gigel-si-sosetele,cpp,1314237098,1314237331,user_0215,user_0215,5.21,1.04,Wrong Answer,Wrong Answer,146,158,True,False,True,False,,,different_score
gigel-si-sosetele,cpp,1314237098,1314237352,user_0215,user_0215,5.21,1.04,Wrong Answer,Wrong Answer,146,160,True,False,True,False,,,different_score
gigel-si-sosetele,cpp,1314237104,1314237176,user_0215,user_0215,5.21,1.04,Wrong Answer,Wrong Answer,147,151,True,False,True,False,,,different_score
gigel-si-sosetele,cpp,1314237104,1314237331,user_0215,user_0215,5.21,1.04,Wrong Answer,Wrong Answer,147,158,True,False,True,False,,,different_score
gigel-si-sosetele,cpp,1314237104,1314237352,user_0215,user_0215,5.21,1.04,Wrong Answer,Wrong Answer,147,160,True,False,True,False,,,different_score
gigel-si-sosetele,cpp,1314237113,1314237176,user_0215,user_0215,5.21,1.04,Wrong Answer,Wrong Answer,147,151,True,False,True,False,,,different_score
gigel-si-sosetele,cpp,1314237113,1314237331,user_0215,user_0215,5.21,1.04,Wrong Answer,Wrong Answer,147,158,True,False,True,False,,,different_score
gigel-si-sosetele,cpp,1314237113,1314237352,user_0215,user_0215,5.21,1.04,Wrong Answer,Wrong Answer,147,160,True,False,True,False,,,different_score
gigel-si-sosetele,cpp,1314237122,1314237176,user_0215,user_0215,5.21,1.04,Wrong Answer,Wrong Answer,148,151,True,False,True,False,,,different_score
gigel-si-sosetele,cpp,1314237122,1314237331,user_0215,user_0215,5.21,1.04,Wrong Answer,Wrong Answer,148,158,True,False,True,False,,,different_score
gigel-si-sosetele,cpp,1314237122,1314237352,user_0215,user_0215,5.21,1.04,Wrong Answer,Wrong Answer,148,160,True,False,True,False,,,different_score
gigel-si-sosetele,cpp,1314237131,1314237176,user_0215,user_0215,5.21,1.04,Wrong Answer,Wrong Answer,148,151,True,False,True,False,,,different_score
gigel-si-sosetele,cpp,1314237131,1314237331,user_0215,user_0215,5.21,1.04,Wrong Answer,Wrong Answer,148,158,True,False,True,False,,,different_score
gigel-si-sosetele,cpp,1314237131,1314237352,user_0215,user_0215,5.21,1.04,Wrong Answer,Wrong Answer,148,160,True,False,True,False,,,different_score
gigel-si-sosetele,cpp,1314237176,1314237191,user_0215,user_0215,1.04,5.21,Wrong Answer,Wrong Answer,151,151,True,False,True,False,,,different_score
gigel-si-sosetele,cpp,1314237176,1314237361,user_0215,user_0215,1.04,5.21,Wrong Answer,Wrong Answer,151,160,True,False,True,False,,,different_score
gigel-si-sosetele,cpp,1314237191,1314237331,user_0215,user_0215,5.21,1.04,Wrong Answer,Wrong Answer,151,158,True,False,True,False,,,different_score
gigel-si-sosetele,cpp,1314237191,1314237352,user_0215,user_0215,5.21,1.04,Wrong Answer,Wrong Answer,151,160,True,False,True,False,,,different_score
gigel-si-sosetele,cpp,1314237331,1314237361,user_0215,user_0215,1.04,5.21,Wrong Answer,Wrong Answer,158,160,True,False,True,False,,,different_score
gigel-si-sosetele,cpp,1314237352,1314237361,user_0215,user_0215,1.04,5.21,Wrong Answer,Wrong Answer,160,160,True,False,True,False,,,different_score
gigel-si-sosetele,cpp,1314237375,1314237463,user_0215,user_0215,5.21,1.04,Wrong Answer,Wrong Answer,161,165,True,False,True,False,,,different_score
gigel-si-sosetele,cpp,1314237375,1314237625,user_0215,user_0215,5.21,1.04,Wrong Answer,Wrong Answer,161,172,True,False,True,False,,,different_score
gigel-si-sosetele,cpp,1314237375,1314237636,user_0215,user_0215,5.21,1.04,Wrong Answer,Wrong Answer,161,173,True,False,True,False,,,different_score
gigel-si-sosetele,cpp,1314237375,1314237656,user_0215,user_0215,5.21,1.04,Wrong Answer,Wrong Answer,161,174,True,False,True,False,,,different_score
gigel-si-sosetele,cpp,1314237397,1314237463,user_0215,user_0215,5.21,1.04,Wrong Answer,Wrong Answer,161,165,True,False,True,False,,,different_score
gigel-si-sosetele,cpp,1314237397,1314237625,user_0215,user_0215,5.21,1.04,Wrong Answer,Wrong Answer,161,172,True,False,True,False,,,different_score
gigel-si-sosetele,cpp,1314237397,1314237636,user_0215,user_0215,5.21,1.04,Wrong Answer,Wrong Answer,161,173,True,False,True,False,,,different_score
gigel-si-sosetele,cpp,1314237397,1314237656,user_0215,user_0215,5.21,1.04,Wrong Answer,Wrong Answer,161,174,True,False,True,False,,,different_score
gigel-si-sosetele,cpp,1314237416,1314237463,user_0215,user_0215,5.21,1.04,Wrong Answer,Wrong Answer,162,165,True,False,True,False,,,different_score
gigel-si-sosetele,cpp,1314237416,1314237625,user_0215,user_0215,5.21,1.04,Wrong Answer,Wrong Answer,162,172,True,False,True,False,,,different_score
gigel-si-sosetele,cpp,1314237416,1314237636,user_0215,user_0215,5.21,1.04,Wrong Answer,Wrong Answer,162,173,True,False,True,False,,,different_score
gigel-si-sosetele,cpp,1314237416,1314237656,user_0215,user_0215,5.21,1.04,Wrong Answer,Wrong Answer,162,174,True,False,True,False,,,different_score
gigel-si-sosetele,cpp,1314237423,1314237463,user_0215,user_0215,5.21,1.04,Wrong Answer,Wrong Answer,163,165,True,False,True,False,,,different_score
gigel-si-sosetele,cpp,1314237423,1314237625,user_0215,user_0215,5.21,1.04,Wrong Answer,Wrong Answer,163,172,True,False,True,False,,,different_score
gigel-si-sosetele,cpp,1314237423,1314237636,user_0215,user_0215,5.21,1.04,Wrong Answer,Wrong Answer,163,173,True,False,True,False,,,different_score
gigel-si-sosetele,cpp,1314237423,1314237656,user_0215,user_0215,5.21,1.04,Wrong Answer,Wrong Answer,163,174,True,False,True,False,,,different_score
gigel-si-sosetele,cpp,1314237446,1314237463,user_0215,user_0215,5.21,1.04,Wrong Answer,Wrong Answer,164,165,True,False,True,False,,,different_score
gigel-si-sosetele,cpp,1314237446,1314237625,user_0215,user_0215,5.21,1.04,Wrong Answer,Wrong Answer,164,172,True,False,True,False,,,different_score
gigel-si-sosetele,cpp,1314237446,1314237636,user_0215,user_0215,5.21,1.04,Wrong Answer,Wrong Answer,164,173,True,False,True,False,,,different_score
gigel-si-sosetele,cpp,1314237446,1314237656,user_0215,user_0215,5.21,1.04,Wrong Answer,Wrong Answer,164,174,True,False,True,False,,,different_score
gigel-si-sosetele,cpp,1314237463,1314237470,user_0215,user_0215,1.04,5.21,Wrong Answer,Wrong Answer,165,165,True,False,True,False,,,different_score
gigel-si-sosetele,cpp,1314237463,1314237534,user_0215,user_0215,1.04,5.21,Wrong Answer,Wrong Answer,165,168,True,False,True,False,,,different_score
gigel-si-sosetele,cpp,1314237463,1314237555,user_0215,user_0215,1.04,5.21,Wrong Answer,Wrong Answer,165,170,True,False,True,False,,,different_score
gigel-si-sosetele,cpp,1314237463,1314237574,user_0215,user_0215,1.04,5.21,Wrong Answer,Wrong Answer,165,171,True,False,True,False,,,different_score
gigel-si-sosetele,cpp,1314237463,1314237585,user_0215,user_0215,1.04,5.21,Wrong Answer,Wrong Answer,165,171,True,False,True,False,,,different_score
gigel-si-sosetele,cpp,1314237463,1314237600,user_0215,user_0215,1.04,5.21,Wrong Answer,Wrong Answer,165,172,True,False,True,False,,,different_score
gigel-si-sosetele,cpp,1314237470,1314237625,user_0215,user_0215,5.21,1.04,Wrong Answer,Wrong Answer,165,172,True,False,True,False,,,different_score
gigel-si-sosetele,cpp,1314237470,1314237636,user_0215,user_0215,5.21,1.04,Wrong Answer,Wrong Answer,165,173,True,False,True,False,,,different_score
gigel-si-sosetele,cpp,1314237470,1314237656,user_0215,user_0215,5.21,1.04,Wrong Answer,Wrong Answer,165,174,True,False,True,False,,,different_score
gigel-si-sosetele,cpp,1314237534,1314237625,user_0215,user_0215,5.21,1.04,Wrong Answer,Wrong Answer,168,172,True,False,True,False,,,different_score
gigel-si-sosetele,cpp,1314237534,1314237636,user_0215,user_0215,5.21,1.04,Wrong Answer,Wrong Answer,168,173,True,False,True,False,,,different_score
gigel-si-sosetele,cpp,1314237534,1314237656,user_0215,user_0215,5.21,1.04,Wrong Answer,Wrong Answer,168,174,True,False,True,False,,,different_score
gigel-si-sosetele,cpp,1314237555,1314237625,user_0215,user_0215,5.21,1.04,Wrong Answer,Wrong Answer,170,172,True,False,True,False,,,different_score
gigel-si-sosetele,cpp,1314237555,1314237636,user_0215,user_0215,5.21,1.04,Wrong Answer,Wrong Answer,170,173,True,False,True,False,,,different_score
gigel-si-sosetele,cpp,1314237555,1314237656,user_0215,user_0215,5.21,1.04,Wrong Answer,Wrong Answer,170,174,True,False,True,False,,,different_score
gigel-si-sosetele,cpp,1314237574,1314237625,user_0215,user_0215,5.21,1.04,Wrong Answer,Wrong Answer,171,172,True,False,True,False,,,different_score
gigel-si-sosetele,cpp,1314237574,1314237636,user_0215,user_0215,5.21,1.04,Wrong Answer,Wrong Answer,171,173,True,False,True,False,,,different_score
gigel-si-sosetele,cpp,1314237574,1314237656,user_0215,user_0215,5.21,1.04,Wrong Answer,Wrong Answer,171,174,True,False,True,False,,,different_score
gigel-si-sosetele,cpp,1314237585,1314237625,user_0215,user_0215,5.21,1.04,Wrong Answer,Wrong Answer,171,172,True,False,True,False,,,different_score
gigel-si-sosetele,cpp,1314237585,1314237636,user_0215,user_0215,5.21,1.04,Wrong Answer,Wrong Answer,171,173,True,False,True,False,,,different_score
gigel-si-sosetele,cpp,1314237585,1314237656,user_0215,user_0215,5.21,1.04,Wrong Answer,Wrong Answer,171,174,True,False,True,False,,,different_score
gigel-si-sosetele,cpp,1314237600,1314237625,user_0215,user_0215,5.21,1.04,Wrong Answer,Wrong Answer,172,172,True,False,True,False,,,different_score
gigel-si-sosetele,cpp,1314237600,1314237636,user_0215,user_0215,5.21,1.04,Wrong Answer,Wrong Answer,172,173,True,False,True,False,,,different_score
gigel-si-sosetele,cpp,1314237600,1314237656,user_0215,user_0215,5.21,1.04,Wrong Answer,Wrong Answer,172,174,True,False,True,False,,,different_score
gigel-si-sosetele,cpp,1314237693,1314237713,user_0215,user_0215,8.33,5.21,Wrong Answer,Wrong Answer,176,177,True,False,True,False,,,different_score
gigel-si-sosetele,cpp,1314237713,1314237773,user_0215,user_0215,5.21,8.33,Wrong Answer,Wrong Answer,177,179,True,False,True,False,,,different_score
gigel-si-sosetele,cpp,1361902902,1361902947,user_0217,user_0217,1.04,50.0,Wrong Answer,Accepted,2130165,2130166,True,False,False,False,,,"different_score,different_result"
gigel-si-sosetele,cpp,1391927314,1391927371,user_0222,user_0222,3.13,2.08,Segmentation Fault,Segmentation Fault,3147812,3147813,True,False,True,False,,,different_score
gigel-si-sosetele,cpp,1361903381,1361905953,user_0230,user_0246,50.0,50.0,Accepted,Accepted,2130182,2130452,False,True,True,False,,,different_user
gigel-si-sosetele,cpp,1391779648,1391779651,user_0233,user_0233,2.08,50.0,Wrong Answer,Accepted,3141373,3141373,True,False,False,False,,,"different_score,different_result"
gigel-si-sosetele,cpp,1331753790,1331754276,user_0236,user_0236,47.92,50.0,Terminated due ...,Accepted,979670,979689,True,False,False,False,,,"different_score,different_result"
gigel-si-sosetele,cpp,1344432119,1344432139,user_0244,user_0244,12.5,46.88,Wrong Answer,Wrong Answer,1571762,1571772,True,False,True,False,,,different_score
gigel-si-sosetele,cpp,1332464030,1332464046,user_0252,user_0302,50.0,50.0,Accepted,Accepted,1016755,1016755,False,True,True,False,,,different_user
gigel-si-sosetele,cpp,1361764067,1361776441,user_0256,user_0259,50.0,50.0,Accepted,Accepted,2123973,2124250,False,True,True,False,,,different_user
gigel-si-sosetele,cpp,1361764067,1361903381,user_0256,user_0230,50.0,50.0,Accepted,Accepted,2123973,2130182,False,True,True,False,,,different_user
gigel-si-sosetele,cpp,1361764067,1361905953,user_0256,user_0246,50.0,50.0,Accepted,Accepted,2123973,2130452,False,True,True,False,,,different_user
gigel-si-sosetele,cpp,1361734461,1361764067,user_0257,user_0256,50.0,50.0,Accepted,Accepted,2122816,2123973,False,True,True,False,,,different_user
gigel-si-sosetele,cpp,1361734461,1361776441,user_0257,user_0259,50.0,50.0,Accepted,Accepted,2122816,2124250,False,True,True,False,,,different_user
gigel-si-sosetele,cpp,1361734461,1361903381,user_0257,user_0230,50.0,50.0,Accepted,Accepted,2122816,2130182,False,True,True,False,,,different_user
gigel-si-sosetele,cpp,1361734461,1361905953,user_0257,user_0246,50.0,50.0,Accepted,Accepted,2122816,2130452,False,True,True,False,,,different_user
gigel-si-sosetele,cpp,1361776441,1361903381,user_0259,user_0230,50.0,50.0,Accepted,Accepted,2124250,2130182,False,True,True,False,,,different_user
gigel-si-sosetele,cpp,1361776441,1361905953,user_0259,user_0246,50.0,50.0,Accepted,Accepted,2124250,2130452,False,True,True,False,,,different_user
gigel-si-sosetele,cpp,1378119320,1378119359,user_0270,user_0270,2.08,2.08,Wrong Answer,Terminated due ...,2638515,2638517,True,True,False,False,,,different_result
gigel-si-sosetele,cpp,1332720191,1332720196,user_0278,user_0278,13.54,46.88,Wrong Answer,Wrong Answer,1025859,1025860,True,False,True,False,,,different_score
gigel-si-sosetele,cpp,1332305438,1332305841,user_0282,user_0282,48.96,50.0,Wrong Answer,Accepted,1009387,1009395,True,False,False,False,,,"different_score,different_result"
gigel-si-sosetele,cpp,1332305719,1332305841,user_0282,user_0282,48.96,50.0,Wrong Answer,Accepted,1009393,1009395,True,False,False,False,,,"different_score,different_result"
gigel-si-sosetele,cpp,1361601083,1361674642,user_0283,user_0194,50.0,50.0,Accepted,Accepted,2117310,2121015,False,True,True,False,,,different_user
gigel-si-sosetele,cpp,1361601083,1361734461,user_0283,user_0257,50.0,50.0,Accepted,Accepted,2117310,2122816,False,True,True,False,,,different_user
gigel-si-sosetele,cpp,1361601083,1361764067,user_0283,user_0256,50.0,50.0,Accepted,Accepted,2117310,2123973,False,True,True,False,,,different_user
gigel-si-sosetele,cpp,1361601083,1361776441,user_0283,user_0259,50.0,50.0,Accepted,Accepted,2117310,2124250,False,True,True,False,,,different_user
gigel-si-sosetele,cpp,1361601083,1361903381,user_0283,user_0230,50.0,50.0,Accepted,Accepted,2117310,2130182,False,True,True,False,,,different_user
gigel-si-sosetele,cpp,1361601083,1361905953,user_0283,user_0246,50.0,50.0,Accepted,Accepted,2117310,2130452,False,True,True,False,,,different_user
gigel-si-sosetele,cpp,1323071463,1323071955,user_0284,user_0284,2.08,11.46,Wrong Answer,Wrong Answer,503919,503929,True,False,True,False,,,different_score
gigel-si-sosetele,cpp,1323071463,1323074695,user_0284,user_0284,2.08,1.04,Wrong Answer,Wrong Answer,503919,503981,True,False,True,False,,,different_score
gigel-si-sosetele,cpp,1323071955,1323074695,user_0284,user_0284,11.46,1.04,Wrong Answer,Wrong Answer,503929,503981,True,False,True,False,,,different_score
gigel-si-sosetele,cpp,1378137577,1378137803,user_0286,user_0286,46.88,50.0,Wrong Answer,Accepted,2639539,2639542,True,False,False,False,,,"different_score,different_result"
gigel-si-sosetele,cpp,1323404622,1323404630,user_0290,user_0290,21.88,7.29,Wrong Answer,Wrong Answer,520544,520545,True,False,True,False,,,different_score
gigel-si-sosetele,cpp,1323404695,1323445876,user_0290,user_0128,50.0,50.0,Accepted,Accepted,520556,522709,False,True,True,False,,,different_user
gigel-si-sosetele,cpp,1332463492,1332463504,user_0302,user_0252,47.92,47.92,Wrong Answer,Wrong Answer,1016740,1016741,False,True,True,False,,,different_user
gigel-si-sosetele,cpp,1332687031,1332687364,user_0306,user_0306,45.83,47.92,Wrong Answer,Wrong Answer,1025214,1025216,True,False,True,False,,,different_score
gigel-si-sosetele,cpp,1391770795,1391770822,user_0308,user_0308,31.25,47.92,Wrong Answer,Wrong Answer,3140746,3140747,True,False,True,False,,,different_score
gigel-si-sosetele,cpp,1391770860,1391770949,user_0308,user_0308,47.92,50.0,Wrong Answer,Accepted,3140748,3140751,True,False,False,False,,,"different_score,different_result"
gigel-si-sosetele,cpp,1361582042,1361601083,user_0310,user_0283,50.0,50.0,Accepted,Accepted,2116728,2117310,False,True,True,False,,,different_user
gigel-si-sosetele,cpp,1361582042,1361674642,user_0310,user_0194,50.0,50.0,Accepted,Accepted,2116728,2121015,False,True,True,False,,,different_user
gigel-si-sosetele,cpp,1361582042,1361734461,user_0310,user_0257,50.0,50.0,Accepted,Accepted,2116728,2122816,False,True,True,False,,,different_user
gigel-si-sosetele,cpp,1361582042,1361764067,user_0310,user_0256,50.0,50.0,Accepted,Accepted,2116728,2123973,False,True,True,False,,,different_user
gigel-si-sosetele,cpp,1361582042,1361776441,user_0310,user_0259,50.0,50.0,Accepted,Accepted,2116728,2124250,False,True,True,False,,,different_user
gigel-si-sosetele,cpp,1361582042,1361903381,user_0310,user_0230,50.0,50.0,Accepted,Accepted,2116728,2130182,False,True,True,False,,,different_user
gigel-si-sosetele,cpp,1361582042,1361905953,user_0310,user_0246,50.0,50.0,Accepted,Accepted,2116728,2130452,False,True,True,False,,,different_user
gigel-si-sosetele,java,1323426114,1323426450,user_0009,user_0009,10.42,50.0,Wrong Answer,Accepted,521551,521567,True,False,False,False,,,"different_score,different_result"
gigel-si-sosetele,java,1323426260,1323426450,user_0009,user_0009,10.42,50.0,Wrong Answer,Accepted,521558,521567,True,False,False,False,,,"different_score,different_result"
gigel-si-sosetele,java,1314235019,1314235209,user_0015,user_0015,47.92,48.96,Wrong Answer,Wrong Answer,36,43,True,False,True,False,,,different_score
gigel-si-sosetele,java,1314236218,1314236253,user_0020,user_0020,11.46,46.88,Wrong Answer,Wrong Answer,92,94,True,False,True,False,,,different_score
gigel-si-sosetele,java,1314236979,1314237728,user_0027,user_0027,6.25,5.21,Terminated due ...,Terminated due ...,140,177,True,False,True,False,,,different_score
gigel-si-sosetele,java,1314237195,1314237728,user_0027,user_0027,6.25,5.21,Terminated due ...,Terminated due ...,152,177,True,False,True,False,,,different_score
gigel-si-sosetele,java,1314237728,1314237771,user_0027,user_0027,5.21,6.25,Terminated due ...,Terminated due ...,177,178,True,False,True,False,,,different_score
gigel-si-sosetele,java,1314237728,1314237855,user_0027,user_0027,5.21,6.25,Terminated due ...,Terminated due ...,177,183,True,False,True,False,,,different_score
gigel-si-sosetele,java,1323364313,1323364419,user_0050,user_0050,1.04,2.08,Wrong Answer,Terminated due ...,518419,518423,True,False,False,False,,,"different_score,different_result"
gigel-si-sosetele,java,1323367810,1323370334,user_0050,user_0050,6.25,10.42,Terminated due ...,Terminated due ...,518553,518634,True,False,True,False,,,different_score
gigel-si-sosetele,java,1323368532,1323370334,user_0050,user_0050,6.25,10.42,Terminated due ...,Terminated due ...,518580,518634,True,False,True,False,,,different_score
gigel-si-sosetele,java,1323370083,1323370334,user_0050,user_0050,6.25,10.42,Terminated due ...,Terminated due ...,518627,518634,True,False,True,False,,,different_score
gigel-si-sosetele,java,1323447320,1323447420,user_0060,user_0060,5.21,2.08,Terminated due ...,Terminated due ...,522777,522782,True,False,True,False,,,different_score
gigel-si-sosetele,java,1314235187,1314235767,user_0078,user_0078,20.83,21.88,Terminated due ...,Terminated due ...,43,65,True,False,True,False,,,different_score
gigel-si-sosetele,java,1323421343,1323421515,user_0079,user_0079,12.5,40.63,Runtime Error,Wrong Answer,521444,521447,True,False,False,False,,,"different_score,different_result"
gigel-si-sosetele,java,1314237454,1314237488,user_0080,user_0080,31.25,50.0,Wrong Answer,Accepted,164,166,True,False,False,False,,,"different_score,different_result"
gigel-si-sosetele,java,1314237284,1314237659,user_0081,user_0081,16.67,15.63,Wrong Answer,Wrong Answer,156,174,True,False,True,False,,,different_score
gigel-si-sosetele,java,1314235484,1314236121,user_0084,user_0084,1.04,3.13,Wrong Answer,Wrong Answer,53,85,True,False,True,False,,,different_score
gigel-si-sosetele,java,1314235484,1314236150,user_0084,user_0084,1.04,3.13,Wrong Answer,Wrong Answer,53,87,True,False,True,False,,,different_score
gigel-si-sosetele,java,1314236094,1314236121,user_0084,user_0084,1.04,3.13,Wrong Answer,Wrong Answer,83,85,True,False,True,False,,,different_score
gigel-si-sosetele,java,1314236094,1314236150,user_0084,user_0084,1.04,3.13,Wrong Answer,Wrong Answer,83,87,True,False,True,False,,,different_score
gigel-si-sosetele,java,1323450466,1323450645,user_0097,user_0097,14.58,50.0,Wrong Answer,Accepted,522965,522976,True,False,False,False,,,"different_score,different_result"
gigel-si-sosetele,java,1323450489,1323450645,user_0097,user_0097,14.58,50.0,Wrong Answer,Accepted,522966,522976,True,False,False,False,,,"different_score,different_result"
gigel-si-sosetele,java,1323418536,1323418585,user_0105,user_0105,1.04,6.25,Wrong Answer,Terminated due ...,521372,521374,True,False,False,False,,,"different_score,different_result"
gigel-si-sosetele,java,1314237240,1314237373,user_0114,user_0114,4.17,8.33,Wrong Answer,Terminated due ...,154,161,True,False,False,False,,,"different_score,different_result"
gigel-si-sosetele,java,1314237545,1314237790,user_0124,user_0124,2.08,1.04,Terminated due ...,Runtime Error,169,179,True,False,False,False,,,"different_score,different_result"
gigel-si-sosetele,java,1314235875,1314236070,user_0130,user_0130,4.17,5.21,Wrong Answer,Wrong Answer,70,82,True,False,True,False,,,different_score
gigel-si-sosetele,java,1314236197,1314237501,user_0130,user_0130,4.17,5.21,Wrong Answer,Wrong Answer,91,167,True,False,True,False,,,different_score
gigel-si-sosetele,java,1314236990,1314237110,user_0146,user_0146,14.58,1.04,Wrong Answer,Wrong Answer,140,147,True,False,True,False,,,different_score
gigel-si-sosetele,java,1314237070,1314237110,user_0146,user_0146,14.58,1.04,Wrong Answer,Wrong Answer,145,147,True,False,True,False,,,different_score
gigel-si-sosetele,java,1323372857,1323372974,user_0153,user_0153,17.71,16.67,Terminated due ...,Terminated due ...,518711,518716,True,False,True,False,,,different_score
gigel-si-sosetele,java,1314237569,1314237616,user_0160,user_0160,11.46,45.83,Wrong Answer,Wrong Answer,170,172,True,False,True,False,,,different_score
gigel-si-sosetele,java,1323450795,1323450863,user_0169,user_0169,6.25,10.42,Wrong Answer,Wrong Answer,522985,522988,True,False,True,False,,,different_score
gigel-si-sosetele,java,1323450795,1323451322,user_0169,user_0169,6.25,50.0,Wrong Answer,Accepted,522985,523014,True,False,False,False,,,"different_score,different_result"
gigel-si-sosetele,java,1323450863,1323451322,user_0169,user_0169,10.42,50.0,Wrong Answer,Accepted,522988,523014,True,False,False,False,,,"different_score,different_result"
gigel-si-sosetele,java,1332392159,1332398740,user_0190,user_0190,46.88,12.5,Wrong Answer,Wrong Answer,1013835,1014056,True,False,True,False,,,different_score
gigel-si-sosetele,java,1332398213,1332398341,user_0190,user_0190,30.21,12.5,Wrong Answer,Wrong Answer,1014032,1014039,True,False,True,False,,,different_score
gigel-si-sosetele,java,1332398740,1332398750,user_0190,user_0190,12.5,46.88,Wrong Answer,Wrong Answer,1014056,1014056,True,False,True,False,,,different_score
gigel-si-sosetele,java,1332399243,1332400106,user_0190,user_0190,47.92,12.5,Wrong Answer,Wrong Answer,1014074,1014106,True,False,True,False,,,different_score
gigel-si-sosetele,java,1314236549,1314236618,user_0192,user_0192,18.75,17.71,Wrong Answer,Wrong Answer,114,118,True,False,True,False,,,different_score
gigel-si-sosetele,java,1344599918,1344600007,user_0207,user_0207,4.17,5.21,Wrong Answer,Terminated due ...,1580088,1580090,True,False,False,False,,,"different_score,different_result"
gigel-si-sosetele,java,1344599918,1344613861,user_0207,user_0207,4.17,5.21,Wrong Answer,Terminated due ...,1580088,1580955,True,False,False,False,,,"different_score,different_result"
gigel-si-sosetele,java,1323432707,1323432863,user_0208,user_0208,4.17,5.21,Runtime Error,Wrong Answer,521952,521971,True,False,False,False,,,"different_score,different_result"
gigel-si-sosetele,java,1323432814,1323432863,user_0208,user_0208,4.17,5.21,Runtime Error,Wrong Answer,521964,521971,True,False,False,False,,,"different_score,different_result"
gigel-si-sosetele,java,1323398894,1323398992,user_0212,user_0212,11.46,50.0,Wrong Answer,Accepted,520127,520130,True,False,False,False,,,"different_score,different_result"
gigel-si-sosetele,java,1314236315,1314236505,user_0214,user_0214,11.46,46.88,Wrong Answer,Wrong Answer,99,110,True,False,True,False,,,different_score
gigel-si-sosetele,java,1314235445,1314236294,user_0227,user_0227,1.04,9.38,Wrong Answer,Terminated due ...,52,98,True,False,False,False,,,"different_score,different_result"
gigel-si-sosetele,java,1314237146,1314237246,user_0229,user_0229,9.38,8.33,Terminated due ...,Wrong Answer,149,154,True,False,False,False,,,"different_score,different_result"
gigel-si-sosetele,java,1314237246,1314237279,user_0229,user_0229,8.33,9.38,Wrong Answer,Terminated due ...,154,156,True,False,False,False,,,"different_score,different_result"
gigel-si-sosetele,java,1332551353,1332551364,user_0245,user_0245,20.83,50.0,Wrong Answer,Accepted,1020059,1020061,True,False,False,False,,,"different_score,different_result"
gigel-si-sosetele,java,1314236403,1314236418,user_0250,user_0250,3.13,2.08,Terminated due ...,Terminated due ...,104,105,True,False,True,False,,,different_score
gigel-si-sosetele,java,1314236306,1314236352,user_0289,user_0289,10.42,11.46,Wrong Answer,Terminated due ...,99,101,True,False,False,False,,,"different_score,different_result"
gigel-si-sosetele,java,1314236487,1314236928,user_0291,user_0291,46.88,50.0,Wrong Answer,Accepted,109,136,True,False,False,False,,,"different_score,different_result"
gigel-si-sosetele,java,1314236601,1314236928,user_0291,user_0291,46.88,50.0,Wrong Answer,Accepted,117,136,True,False,False,False,,,"different_score,different_result"
gigel-si-sosetele,java,1314236899,1314236964,user_0292,user_0292,17.71,18.75,Wrong Answer,Wrong Answer,134,139,True,False,True,False,,,different_score
gigel-si-sosetele,java,1314236899,1314236996,user_0292,user_0292,17.71,15.63,Wrong Answer,Wrong Answer,134,141,True,False,True,False,,,different_score
gigel-si-sosetele,java,1314236899,1314237474,user_0292,user_0292,17.71,19.79,Wrong Answer,Wrong Answer,134,165,True,False,True,False,,,different_score
gigel-si-sosetele,java,1314236964,1314236996,user_0292,user_0292,18.75,15.63,Wrong Answer,Wrong Answer,139,141,True,False,True,False,,,different_score
gigel-si-sosetele,java,1314236964,1314237474,user_0292,user_0292,18.75,19.79,Wrong Answer,Wrong Answer,139,165,True,False,True,False,,,different_score
gigel-si-sosetele,java,1314236996,1314237474,user_0292,user_0292,15.63,19.79,Wrong Answer,Wrong Answer,141,165,True,False,True,False,,,different_score
gigel-si-sosetele,java,1391942747,1392017996,user_0301,user_0238,50.0,50.0,Accepted,Accepted,3148634,3151985,False,True,True,False,,,different_user
gigel-si-sosetele,java,1314237150,1314237646,user_0307,user_0307,11.46,47.92,Wrong Answer,Wrong Answer,149,173,True,False,True,False,,,different_score
gigel-si-sosetele,java,1314237187,1314237646,user_0307,user_0307,11.46,47.92,Wrong Answer,Wrong Answer,151,173,True,False,True,False,,,different_score
gigel-si-sosetele,java,1314237675,1314237747,user_0307,user_0307,11.46,50.0,Wrong Answer,Accepted,174,178,True,False,False,False,,,"different_score,different_result"
gigel-si-sosetele,java,1314237688,1314237747,user_0307,user_0307,11.46,50.0,Wrong Answer,Accepted,175,178,True,False,False,False,,,"different_score,different_result"
gigel-si-sosetele,java,1391827899,1391827922,user_0313,user_0313,2.08,12.5,Wrong Answer,Wrong Answer,3143651,3143652,True,False,True,False,,,different_score
gigel-si-sosetele,java,1314236387,1314236443,user_0335,user_0335,6.25,50.0,Runtime Error,Accepted,103,106,True,False,False,False,,,"different_score,different_result"
gigel-si-sosetele,java,1314236309,1314236631,user_0338,user_0338,2.08,5.21,Wrong Answer,Terminated due ...,99,119,True,False,False,False,,,"different_score,different_result"
gigel-si-telefonul,cpp,1359951515,1361756817,user_0001,user_0097,50.0,50.0,Accepted,Accepted,2067688,2123867,False,True,True,False,,,different_user
gigel-si-telefonul,cpp,1359951515,1361911498,user_0001,user_0126,50.0,50.0,Accepted,Accepted,2067688,2130941,False,True,True,False,,,different_user
gigel-si-telefonul,cpp,1323386252,1323386334,user_0003,user_0003,5.0,20.0,Abort Called,Wrong Answer,519656,519660,True,False,False,False,,,"different_score,different_result"
gigel-si-telefonul,cpp,1314237066,1314237596,user_0004,user_0004,7.5,5.0,Wrong Answer,Wrong Answer,145,171,True,False,True,False,,,different_score
gigel-si-telefonul,cpp,1314237184,1314237596,user_0004,user_0004,7.5,5.0,Wrong Answer,Wrong Answer,151,171,True,False,True,False,,,different_score
gigel-si-telefonul,cpp,1314237596,1314237623,user_0004,user_0004,5.0,7.5,Wrong Answer,Wrong Answer,171,172,True,False,True,False,,,different_score
gigel-si-telefonul,cpp,1323429910,1323429935,user_0006,user_0006,45.0,50.0,Wrong Answer,Accepted,521707,521708,True,False,False,False,,,"different_score,different_result"
gigel-si-telefonul,cpp,1332720333,1332720368,user_0010,user_0010,5.0,50.0,Wrong Answer,Accepted,1025886,1025894,True,False,False,False,,,"different_score,different_result"
gigel-si-telefonul,cpp,1344635291,1408489680,user_0013,user_0155,50.0,50.0,Accepted,Accepted,1581581,3695429,False,True,True,False,,,different_user
gigel-si-telefonul,cpp,1314235184,1344635291,user_0017,user_0013,50.0,50.0,Accepted,Accepted,42,1581581,False,True,True,False,,,different_user
gigel-si-telefonul,cpp,1314235184,1408489680,user_0017,user_0155,50.0,50.0,Accepted,Accepted,42,3695429,False,True,True,False,,,different_user
gigel-si-telefonul,cpp,1323432645,1323432665,user_0018,user_0018,20.0,25.0,Wrong Answer,Wrong Answer,521941,521946,True,False,True,False,,,different_score
gigel-si-telefonul,cpp,1323432645,1323432739,user_0018,user_0018,20.0,25.0,Wrong Answer,Wrong Answer,521941,521955,True,False,True,False,,,different_score
gigel-si-telefonul,cpp,1332755494,1332756043,user_0019,user_0019,22.5,25.0,Wrong Answer,Wrong Answer,1026918,1026938,True,False,True,False,,,different_score
gigel-si-telefonul,cpp,1332755545,1332755677,user_0019,user_0019,17.5,25.0,Wrong Answer,Wrong Answer,1026920,1026925,True,False,True,False,,,different_score
gigel-si-telefonul,cpp,1332755545,1332755933,user_0019,user_0019,17.5,25.0,Wrong Answer,Wrong Answer,1026920,1026935,True,False,True,False,,,different_score
gigel-si-telefonul,cpp,1323456041,1323456140,user_0034,user_0034,25.0,17.5,Wrong Answer,Wrong Answer,523315,523330,True,False,True,False,,,different_score
gigel-si-telefonul,cpp,1332180294,1332180897,user_0045,user_0045,25.0,22.5,Abort Called,Abort Called,1003538,1003562,True,False,True,False,,,different_score
gigel-si-telefonul,cpp,1332180294,1332180910,user_0045,user_0045,25.0,17.5,Abort Called,Wrong Answer,1003538,1003563,True,False,False,False,,,"different_score,different_result"
gigel-si-telefonul,cpp,1332180897,1332180910,user_0045,user_0045,22.5,17.5,Abort Called,Wrong Answer,1003562,1003563,True,False,False,False,,,"different_score,different_result"
gigel-si-telefonul,cpp,1332757327,1332757539,user_0049,user_0049,30.0,20.0,Wrong Answer,Wrong Answer,1026981,1026988,True,False,True,False,,,different_score
gigel-si-telefonul,cpp,1332757539,1332757584,user_0049,user_0049,20.0,30.0,Wrong Answer,Wrong Answer,1026988,1026990,True,False,True,False,,,different_score
gigel-si-telefonul,cpp,1332758186,1332758469,user_0049,user_0049,35.0,32.5,Wrong Answer,Wrong Answer,1027009,1027018,True,False,True,False,,,different_score
gigel-si-telefonul,cpp,1332758274,1332758469,user_0049,user_0049,35.0,32.5,Wrong Answer,Wrong Answer,1027012,1027018,True,False,True,False,,,different_score
gigel-si-telefonul,cpp,1332758308,1332758469,user_0049,user_0049,35.0,32.5,Wrong Answer,Wrong Answer,1027013,1027018,True,False,True,False,,,different_score
gigel-si-telefonul,cpp,1331965868,1331966085,user_0052,user_0052,22.5,50.0,Wrong Answer,Accepted,990961,990975,True,False,False,False,,,"different_score,different_result"
gigel-si-telefonul,cpp,1408569671,1408569744,user_0062,user_0062,17.5,50.0,Wrong Answer,Accepted,3698490,3698495,True,False,False,False,,,"different_score,different_result"
gigel-si-telefonul,cpp,1408569709,1408569744,user_0062,user_0062,17.5,50.0,Wrong Answer,Accepted,3698492,3698495,True,False,False,False,,,"different_score,different_result"
gigel-si-telefonul,cpp,1391931654,1391931719,user_0069,user_0069,7.5,22.5,Wrong Answer,Wrong Answer,3147876,3147877,True,False,True,False,,,different_score
gigel-si-telefonul,cpp,1314237405,1314237460,user_0078,user_0078,20.0,45.0,Wrong Answer,Wrong Answer,162,165,True,False,True,False,,,different_score
gigel-si-telefonul,cpp,1314237429,1314237460,user_0078,user_0078,20.0,45.0,Wrong Answer,Wrong Answer,163,165,True,False,True,False,,,different_score
gigel-si-telefonul,cpp,1314237519,1314237768,user_0078,user_0078,45.0,22.5,Wrong Answer,Wrong Answer,168,178,True,False,True,False,,,different_score
gigel-si-telefonul,cpp,1314237519,1314237787,user_0078,user_0078,45.0,22.5,Wrong Answer,Wrong Answer,168,179,True,False,True,False,,,different_score
gigel-si-telefonul,cpp,1314237557,1314237768,user_0078,user_0078,45.0,22.5,Wrong Answer,Wrong Answer,170,178,True,False,True,False,,,different_score
gigel-si-telefonul,cpp,1314237557,1314237787,user_0078,user_0078,45.0,22.5,Wrong Answer,Wrong Answer,170,179,True,False,True,False,,,different_score
gigel-si-telefonul,cpp,1314237716,1314237768,user_0078,user_0078,45.0,22.5,Wrong Answer,Wrong Answer,177,178,True,False,True,False,,,different_score
gigel-si-telefonul,cpp,1314237716,1314237787,user_0078,user_0078,45.0,22.5,Wrong Answer,Wrong Answer,177,179,True,False,True,False,,,different_score
gigel-si-telefonul,cpp,1314237768,1314237808,user_0078,user_0078,22.5,45.0,Wrong Answer,Wrong Answer,178,180,True,False,True,False,,,different_score
gigel-si-telefonul,cpp,1314237787,1314237808,user_0078,user_0078,22.5,45.0,Wrong Answer,Wrong Answer,179,180,True,False,True,False,,,different_score
gigel-si-telefonul,cpp,1408485379,1408485926,user_0079,user_0079,25.0,17.5,Wrong Answer,Wrong Answer,3695311,3695320,True,False,True,False,,,different_score
gigel-si-telefonul,cpp,1408485379,1408486016,user_0079,user_0079,25.0,22.5,Wrong Answer,Wrong Answer,3695311,3695321,True,False,True,False,,,different_score
gigel-si-telefonul,cpp,1408485926,1408485954,user_0079,user_0079,17.5,25.0,Wrong Answer,Wrong Answer,3695320,3695320,True,False,True,False,,,different_score
gigel-si-telefonul,cpp,1408485926,1408486016,user_0079,user_0079,17.5,22.5,Wrong Answer,Wrong Answer,3695320,3695321,True,False,True,False,,,different_score
gigel-si-telefonul,cpp,1408485954,1408486016,user_0079,user_0079,25.0,22.5,Wrong Answer,Wrong Answer,3695320,3695321,True,False,True,False,,,different_score
gigel-si-telefonul,cpp,1408486537,1408487459,user_0079,user_0079,25.0,50.0,Wrong Answer,Accepted,3695333,3695355,True,False,False,False,,,"different_score,different_result"
gigel-si-telefonul,cpp,1408520167,1408555579,user_0080,user_0158,50.0,50.0,Accepted,Accepted,3696552,3697999,False,True,True,False,,,different_user
gigel-si-telefonul,cpp,1314236106,1344623009,user_0082,user_0043,50.0,50.0,Accepted,Accepted,84,1581227,False,True,True,False,,,different_user
gigel-si-telefonul,cpp,1361756817,1361911498,user_0097,user_0126,50.0,50.0,Accepted,Accepted,2123867,2130941,False,True,True,False,,,different_user
gigel-si-telefonul,cpp,1323403394,1323403431,user_0127,user_0127,47.5,50.0,Wrong Answer,Accepted,520356,520362,True,False,False,False,,,"different_score,different_result"
gigel-si-telefonul,cpp,1323405388,1323405414,user_0130,user_0130,40.0,50.0,Wrong Answer,Accepted,520657,520662,True,False,False,False,,,"different_score,different_result"
gigel-si-telefonul,cpp,1323405388,1323445893,user_0130,user_0037,40.0,50.0,Wrong Answer,Accepted,520657,522710,False,False,False,False,,,"different_user,different_score,different_result"
gigel-si-telefonul,cpp,1323405398,1323405414,user_0130,user_0130,40.0,50.0,Wrong Answer,Accepted,520659,520662,True,False,False,False,,,"different_score,different_result"
gigel-si-telefonul,cpp,1323405398,1323445893,user_0130,user_0037,40.0,50.0,Wrong Answer,Accepted,520659,522710,False,False,False,False,,,"different_user,different_score,different_result"
gigel-si-telefonul,cpp,1323405414,1323445893,user_0130,user_0037,50.0,50.0,Accepted,Accepted,520662,522710,False,True,True,False,,,different_user
gigel-si-telefonul,cpp,1408462834,1408462841,user_0139,user_0139,2.5,17.5,Wrong Answer,Wrong Answer,3694332,3694334,True,False,True,False,,,different_score
gigel-si-telefonul,cpp,1408462834,1408462843,user_0139,user_0139,2.5,25.0,Wrong Answer,Wrong Answer,3694332,3694334,True,False,True,False,,,different_score
gigel-si-telefonul,cpp,1408462841,1408462843,user_0139,user_0139,17.5,25.0,Wrong Answer,Wrong Answer,3694334,3694334,True,False,True,False,,,different_score
gigel-si-telefonul,cpp,1314215227,1314224063,user_0154,user_0154,17.5,50.0,Wrong Answer,Accepted,-1573,-1076,True,False,False,False,,,"different_score,different_result"
gigel-si-telefonul,cpp,1408512846,1408513544,user_0156,user_0156,2.5,50.0,Wrong Answer,Accepted,3696439,3696442,True,False,False,False,,,"different_score,different_result"
gigel-si-telefonul,cpp,1408513125,1408513544,user_0156,user_0156,2.5,50.0,Wrong Answer,Accepted,3696440,3696442,True,False,False,False,,,"different_score,different_result"
gigel-si-telefonul,cpp,1408526498,1408526853,user_0170,user_0170,22.5,50.0,Wrong Answer,Accepted,3696812,3696828,True,False,False,False,,,"different_score,different_result"
gigel-si-telefonul,cpp,1408526748,1408526853,user_0170,user_0170,22.5,50.0,Wrong Answer,Accepted,3696823,3696828,True,False,False,False,,,"different_score,different_result"
gigel-si-telefonul,cpp,1408571021,1408571026,user_0171,user_0171,32.5,30.0,Abort Called,Abort Called,3698654,3698656,True,False,True,False,,,different_score
gigel-si-telefonul,cpp,1314235933,1314236469,user_0172,user_0172,25.0,22.5,Wrong Answer,Wrong Answer,73,108,True,False,True,False,,,different_score
gigel-si-telefonul,cpp,1314235933,1314236615,user_0172,user_0172,25.0,22.5,Wrong Answer,Wrong Answer,73,118,True,False,True,False,,,different_score
gigel-si-telefonul,cpp,1314235933,1314236747,user_0172,user_0172,25.0,22.5,Wrong Answer,Wrong Answer,73,126,True,False,True,False,,,different_score
gigel-si-telefonul,cpp,1314235933,1314236757,user_0172,user_0172,25.0,22.5,Wrong Answer,Wrong Answer,73,126,True,False,True,False,,,different_score
gigel-si-telefonul,cpp,1314236336,1314236469,user_0172,user_0172,25.0,22.5,Wrong Answer,Wrong Answer,100,108,True,False,True,False,,,different_score
gigel-si-telefonul,cpp,1314236336,1314236615,user_0172,user_0172,25.0,22.5,Wrong Answer,Wrong Answer,100,118,True,False,True,False,,,different_score
gigel-si-telefonul,cpp,1314236336,1314236747,user_0172,user_0172,25.0,22.5,Wrong Answer,Wrong Answer,100,126,True,False,True,False,,,different_score
gigel-si-telefonul,cpp,1314236336,1314236757,user_0172,user_0172,25.0,22.5,Wrong Answer,Wrong Answer,100,126,True,False,True,False,,,different_score
gigel-si-telefonul,cpp,1314236395,1314236469,user_0172,user_0172,25.0,22.5,Wrong Answer,Wrong Answer,103,108,True,False,True,False,,,different_score
gigel-si-telefonul,cpp,1314236395,1314236615,user_0172,user_0172,25.0,22.5,Wrong Answer,Wrong Answer,103,118,True,False,True,False,,,different_score
gigel-si-telefonul,cpp,1314236395,1314236747,user_0172,user_0172,25.0,22.5,Wrong Answer,Wrong Answer,103,126,True,False,True,False,,,different_score
gigel-si-telefonul,cpp,1314236395,1314236757,user_0172,user_0172,25.0,22.5,Wrong Answer,Wrong Answer,103,126,True,False,True,False,,,different_score
gigel-si-telefonul,cpp,1314236469,1314236484,user_0172,user_0172,22.5,25.0,Wrong Answer,Wrong Answer,108,109,True,False,True,False,,,different_score
gigel-si-telefonul,cpp,1314236469,1314236764,user_0172,user_0172,22.5,25.0,Wrong Answer,Wrong Answer,108,127,True,False,True,False,,,different_score
gigel-si-telefonul,cpp,1314236484,1314236615,user_0172,user_0172,25.0,22.5,Wrong Answer,Wrong Answer,109,118,True,False,True,False,,,different_score
gigel-si-telefonul,cpp,1314236484,1314236747,user_0172,user_0172,25.0,22.5,Wrong Answer,Wrong Answer,109,126,True,False,True,False,,,different_score
gigel-si-telefonul,cpp,1314236484,1314236757,user_0172,user_0172,25.0,22.5,Wrong Answer,Wrong Answer,109,126,True,False,True,False,,,different_score
gigel-si-telefonul,cpp,1314236615,1314236764,user_0172,user_0172,22.5,25.0,Wrong Answer,Wrong Answer,118,127,True,False,True,False,,,different_score
gigel-si-telefonul,cpp,1314236747,1314236764,user_0172,user_0172,22.5,25.0,Wrong Answer,Wrong Answer,126,127,True,False,True,False,,,different_score
gigel-si-telefonul,cpp,1314236757,1314236764,user_0172,user_0172,22.5,25.0,Wrong Answer,Wrong Answer,126,127,True,False,True,False,,,different_score
gigel-si-telefonul,cpp,1408568669,1408568689,user_0174,user_0174,2.5,25.0,Terminated due ...,Wrong Answer,3698429,3698430,True,False,False,False,,,"different_score,different_result"
gigel-si-telefonul,cpp,1314237355,1314237410,user_0179,user_0179,25.0,20.0,Wrong Answer,Wrong Answer,160,162,True,False,True,False,,,different_score
gigel-si-telefonul,cpp,1314237410,1314237541,user_0179,user_0179,20.0,25.0,Wrong Answer,Wrong Answer,162,169,True,False,True,False,,,different_score
gigel-si-telefonul,cpp,1314237410,1314237770,user_0179,user_0179,20.0,25.0,Wrong Answer,Wrong Answer,162,178,True,False,True,False,,,different_score
gigel-si-telefonul,cpp,1378145122,1378145178,user_0180,user_0180,22.5,7.5,Wrong Answer,Wrong Answer,2639768,2639770,True,False,True,False,,,different_score
gigel-si-telefonul,java,1323453212,1323453254,user_0028,user_0028,22.5,20.0,Wrong Answer,Wrong Answer,523085,523088,True,False,True,False,,,different_score
gigel-si-telefonul,java,1323453254,1323453274,user_0028,user_0028,20.0,22.5,Wrong Answer,Wrong Answer,523088,523090,True,False,True,False,,,different_score
gigel-si-telefonul,java,1332143427,1332143610,user_0030,user_0030,30.0,42.5,Wrong Answer,Wrong Answer,1001222,1001227,True,False,True,False,,,different_score
gigel-si-telefonul,java,1332143427,1332143661,user_0030,user_0030,30.0,50.0,Wrong Answer,Accepted,1001222,1001229,True,False,False,False,,,"different_score,different_result"
gigel-si-telefonul,java,1332143610,1332143661,user_0030,user_0030,42.5,50.0,Wrong Answer,Accepted,1001227,1001229,True,False,False,False,,,"different_score,different_result"
gigel-si-telefonul,java,1314236017,1314236173,user_0040,user_0040,2.5,5.0,Wrong Answer,Wrong Answer,79,89,True,False,True,False,,,different_score
gigel-si-telefonul,java,1314236017,1314236206,user_0040,user_0040,2.5,50.0,Wrong Answer,Accepted,79,92,True,False,False,False,,,"different_score,different_result"
gigel-si-telefonul,java,1314236017,1391740457,user_0040,user_0169,2.5,50.0,Wrong Answer,Accepted,79,3139916,False,False,False,False,,,"different_user,different_score,different_result"
gigel-si-telefonul,java,1314236173,1314236206,user_0040,user_0040,5.0,50.0,Wrong Answer,Accepted,89,92,True,False,False,False,,,"different_score,different_result"
gigel-si-telefonul,java,1314236173,1391740457,user_0040,user_0169,5.0,50.0,Wrong Answer,Accepted,89,3139916,False,False,False,False,,,"different_user,different_score,different_result"
gigel-si-telefonul,java,1314236206,1391740457,user_0040,user_0169,50.0,50.0,Accepted,Accepted,92,3139916,False,True,True,False,,,different_user
gigel-si-telefonul,java,1314236440,1314236793,user_0051,user_0051,22.5,50.0,Wrong Answer,Accepted,106,129,True,False,False,False,,,"different_score,different_result"
gigel-si-telefonul,java,1323452108,1323452822,user_0054,user_0054,5.0,22.5,Wrong Answer,Wrong Answer,523038,523061,True,False,True,False,,,different_score
gigel-si-telefonul,java,1323452108,1323453010,user_0054,user_0054,5.0,25.0,Wrong Answer,Wrong Answer,523038,523071,True,False,True,False,,,different_score
gigel-si-telefonul,java,1323452822,1323453010,user_0054,user_0054,22.5,25.0,Wrong Answer,Wrong Answer,523061,523071,True,False,True,False,,,different_score
gigel-si-telefonul,java,1323427513,1323427555,user_0057,user_0057,10.0,22.5,Wrong Answer,Wrong Answer,521617,521619,True,False,True,False,,,different_score
gigel-si-telefonul,java,1323427513,1323427571,user_0057,user_0057,10.0,22.5,Wrong Answer,Wrong Answer,521617,521620,True,False,True,False,,,different_score
gigel-si-telefonul,java,1323427513,1323427617,user_0057,user_0057,10.0,22.5,Wrong Answer,Wrong Answer,521617,521622,True,False,True,False,,,different_score
gigel-si-telefonul,java,1323427525,1323427555,user_0057,user_0057,10.0,22.5,Wrong Answer,Wrong Answer,521618,521619,True,False,True,False,,,different_score
gigel-si-telefonul,java,1323427525,1323427571,user_0057,user_0057,10.0,22.5,Wrong Answer,Wrong Answer,521618,521620,True,False,True,False,,,different_score
gigel-si-telefonul,java,1323427525,1323427617,user_0057,user_0057,10.0,22.5,Wrong Answer,Wrong Answer,521618,521622,True,False,True,False,,,different_score
gigel-si-telefonul,java,1314237203,1314237439,user_0058,user_0058,5.0,25.0,Wrong Answer,Wrong Answer,152,163,True,False,True,False,,,different_score
gigel-si-telefonul,java,1314237203,1314237639,user_0058,user_0058,5.0,25.0,Wrong Answer,Wrong Answer,152,173,True,False,True,False,,,different_score
gigel-si-telefonul,java,1323404295,1323404577,user_0114,user_0114,7.5,25.0,Wrong Answer,Wrong Answer,520491,520536,True,False,True,False,,,different_score
gigel-si-telefonul,java,1391996009,1391996094,user_0128,user_0128,10.0,15.0,Wrong Answer,Wrong Answer,3150988,3150993,True,False,True,False,,,different_score
matei-si-diamantele,cpp,1361752702,1361766635,user_0003,user_0185,50.0,50.0,Accepted,Accepted,2123781,2124022,False,True,True,False,,,different_user
matei-si-diamantele,cpp,1314235265,1314235709,user_0005,user_0005,42.86,44.64,Wrong Answer,Wrong Answer,45,63,True,False,True,False,,,different_score
matei-si-diamantele,cpp,1314235265,1314235761,user_0005,user_0005,42.86,50.0,Wrong Answer,Accepted,45,65,True,False,False,False,,,"different_score,different_result"
matei-si-diamantele,cpp,1314235709,1314235761,user_0005,user_0005,44.64,50.0,Wrong Answer,Accepted,63,65,True,False,False,False,,,"different_score,different_result"
matei-si-diamantele,cpp,1314234882,1314234950,user_0015,user_0015,35.71,41.07,Segmentation Fault,Terminated due ...,32,34,True,False,False,False,,,"different_score,different_result"
matei-si-diamantele,cpp,1323405516,1323405532,user_0033,user_0033,14.29,8.93,Terminated due ...,Terminated due ...,520681,520682,True,False,True,False,,,different_score
matei-si-diamantele,cpp,1314234735,1314234751,user_0045,user_0045,39.29,37.5,Wrong Answer,Wrong Answer,26,26,True,False,True,False,,,different_score
matei-si-diamantele,cpp,1314234772,1314234803,user_0045,user_0045,37.5,41.07,Wrong Answer,Wrong Answer,27,28,True,False,True,False,,,different_score
matei-si-diamantele,cpp,1391905393,1392000917,user_0059,user_0193,50.0,50.0,Accepted,Accepted,3146726,3151369,False,True,True,False,,,different_user
matei-si-diamantele,cpp,1361899304,1361903314,user_0066,user_0170,50.0,50.0,Accepted,Accepted,2130069,2130179,False,True,True,False,,,different_user
matei-si-diamantele,cpp,1361899304,1361903704,user_0066,user_0227,50.0,50.0,Accepted,Accepted,2130069,2130194,False,True,True,False,,,different_user
matei-si-diamantele,cpp,1344667416,1344667444,user_0070,user_0070,1.79,5.36,Wrong Answer,Wrong Answer,1582644,1582645,True,False,True,False,,,different_score
matei-si-diamantele,cpp,1344697577,1344697704,user_0070,user_0070,35.71,50.0,Abort Called,Accepted,1584636,1584686,True,False,False,False,,,"different_score,different_result"
matei-si-diamantele,cpp,1344697701,1344697704,user_0070,user_0070,35.71,50.0,Abort Called,Accepted,1584685,1584686,True,False,False,False,,,"different_score,different_result"
matei-si-diamantele,cpp,1323450110,1323450132,user_0078,user_0078,23.21,30.36,Wrong Answer,Wrong Answer,522942,522944,True,False,True,False,,,different_score
matei-si-diamantele,cpp,1323450110,1323450151,user_0078,user_0078,23.21,30.36,Wrong Answer,Wrong Answer,522942,522945,True,False,True,False,,,different_score
matei-si-diamantele,cpp,1314234901,1314234927,user_0090,user_0090,3.57,10.71,Wrong Answer,Wrong Answer,32,33,True,False,True,False,,,different_score
matei-si-diamantele,cpp,1314234901,1314234971,user_0090,user_0090,3.57,10.71,Wrong Answer,Wrong Answer,32,35,True,False,True,False,,,different_score
matei-si-diamantele,cpp,1323423070,1323423196,user_0093,user_0093,48.21,50.0,Abort Called,Accepted,521479,521483,True,False,False,False,,,"different_score,different_result"
matei-si-diamantele,cpp,1361892615,1361899304,user_0104,user_0066,50.0,50.0,Accepted,Accepted,2129887,2130069,False,True,True,False,,,different_user
matei-si-diamantele,cpp,1361892615,1361903314,user_0104,user_0170,50.0,50.0,Accepted,Accepted,2129887,2130179,False,True,True,False,,,different_user
matei-si-diamantele,cpp,1361892615,1361903704,user_0104,user_0227,50.0,50.0,Accepted,Accepted,2129887,2130194,False,True,True,False,,,different_user
matei-si-diamantele,cpp,1344603567,1344626355,user_0113,user_0096,50.0,50.0,Accepted,Accepted,1580215,1581364,False,True,True,False,,,different_user
matei-si-diamantele,cpp,1323070546,1323070598,user_0115,user_0115,8.93,14.29,Wrong Answer,Wrong Answer,503900,503901,True,False,True,False,,,different_score
matei-si-diamantele,cpp,1314234632,1314236354,user_0120,user_0120,42.86,50.0,Wrong Answer,Accepted,21,101,True,False,False,False,,,"different_score,different_result"
matei-si-diamantele,cpp,1314236281,1314236354,user_0120,user_0120,42.86,50.0,Wrong Answer,Accepted,97,101,True,False,False,False,,,"different_score,different_result"
matei-si-diamantele,cpp,1361869243,1361892615,user_0136,user_0104,50.0,50.0,Accepted,Accepted,2128857,2129887,False,True,True,False,,,different_user
matei-si-diamantele,cpp,1361869243,1361899304,user_0136,user_0066,50.0,50.0,Accepted,Accepted,2128857,2130069,False,True,True,False,,,different_user
matei-si-diamantele,cpp,1361869243,1361903314,user_0136,user_0170,50.0,50.0,Accepted,Accepted,2128857,2130179,False,True,True,False,,,different_user
matei-si-diamantele,cpp,1361869243,1361903704,user_0136,user_0227,50.0,50.0,Accepted,Accepted,2128857,2130194,False,True,True,False,,,different_user
matei-si-diamantele,cpp,1378078710,1378078722,user_0140,user_0140,12.5,41.07,Wrong Answer,Abort Called,2636555,2636556,True,False,False,False,,,"different_score,different_result"
matei-si-diamantele,cpp,1323426687,1323428875,user_0146,user_0146,46.43,50.0,Wrong Answer,Accepted,521577,521673,True,False,False,False,,,"different_score,different_result"
matei-si-diamantele,cpp,1333804206,1391825752,user_0150,user_0162,50.0,41.07,Accepted,Terminated due ...,1077681,3143574,False,False,False,False,,,"different_user,different_score,different_result"
matei-si-diamantele,cpp,1333804206,1391905393,user_0150,user_0059,50.0,50.0,Accepted,Accepted,1077681,3146726,False,True,True,False,,,different_user
matei-si-diamantele,cpp,1333804206,1392000917,user_0150,user_0193,50.0,50.0,Accepted,Accepted,1077681,3151369,False,True,True,False,,,different_user
matei-si-diamantele,cpp,1323405696,1323405756,user_0154,user_0154,41.07,8.93,Wrong Answer,Wrong Answer,520711,520721,True,False,True,False,,,different_score
matei-si-diamantele,cpp,1323405756,1323405761,user_0154,user_0154,8.93,41.07,Wrong Answer,Wrong Answer,520721,520722,True,False,True,False,,,different_score
matei-si-diamantele,cpp,1391825752,1391905393,user_0162,user_0059,41.07,50.0,Terminated due ...,Accepted,3143574,3146726,False,False,False,False,,,"different_user,different_score,different_result"
matei-si-diamantele,cpp,1391825752,1392000917,user_0162,user_0193,41.07,50.0,Terminated due ...,Accepted,3143574,3151369,False,False,False,False,,,"different_user,different_score,different_result"
matei-si-diamantele,cpp,1361903314,1361903704,user_0170,user_0227,50.0,50.0,Accepted,Accepted,2130179,2130194,False,True,True,False,,,different_user
matei-si-diamantele,cpp,1361652769,1361703636,user_0186,user_0239,50.0,50.0,Accepted,Accepted,2119964,2121752,False,True,True,False,,,different_user
matei-si-diamantele,cpp,1361652769,1361733211,user_0186,user_0188,50.0,50.0,Accepted,Accepted,2119964,2122773,False,True,True,False,,,different_user
matei-si-diamantele,cpp,1361652769,1361737162,user_0186,user_0187,50.0,50.0,Accepted,Accepted,2119964,2122896,False,True,True,False,,,different_user
matei-si-diamantele,cpp,1361652769,1361869243,user_0186,user_0136,50.0,50.0,Accepted,Accepted,2119964,2128857,False,True,True,False,,,different_user
matei-si-diamantele,cpp,1361652769,1361892615,user_0186,user_0104,50.0,50.0,Accepted,Accepted,2119964,2129887,False,True,True,False,,,different_user
matei-si-diamantele,cpp,1361652769,1361899304,user_0186,user_0066,50.0,50.0,Accepted,Accepted,2119964,2130069,False,True,True,False,,,different_user
matei-si-diamantele,cpp,1361652769,1361903314,user_0186,user_0170,50.0,50.0,Accepted,Accepted,2119964,2130179,False,True,True,False,,,different_user
matei-si-diamantele,cpp,1361652769,1361903704,user_0186,user_0227,50.0,50.0,Accepted,Accepted,2119964,2130194,False,True,True,False,,,different_user
matei-si-diamantele,cpp,1361737162,1361869243,user_0187,user_0136,50.0,50.0,Accepted,Accepted,2122896,2128857,False,True,True,False,,,different_user
matei-si-diamantele,cpp,1361737162,1361892615,user_0187,user_0104,50.0,50.0,Accepted,Accepted,2122896,2129887,False,True,True,False,,,different_user
matei-si-diamantele,cpp,1361737162,1361899304,user_0187,user_0066,50.0,50.0,Accepted,Accepted,2122896,2130069,False,True,True,False,,,different_user
matei-si-diamantele,cpp,1361737162,1361903314,user_0187,user_0170,50.0,50.0,Accepted,Accepted,2122896,2130179,False,True,True,False,,,different_user
matei-si-diamantele,cpp,1361737162,1361903704,user_0187,user_0227,50.0,50.0,Accepted,Accepted,2122896,2130194,False,True,True,False,,,different_user
matei-si-diamantele,cpp,1361733211,1361737162,user_0188,user_0187,50.0,50.0,Accepted,Accepted,2122773,2122896,False,True,True,False,,,different_user
matei-si-diamantele,cpp,1361733211,1361869243,user_0188,user_0136,50.0,50.0,Accepted,Accepted,2122773,2128857,False,True,True,False,,,different_user
matei-si-diamantele,cpp,1361733211,1361892615,user_0188,user_0104,50.0,50.0,Accepted,Accepted,2122773,2129887,False,True,True,False,,,different_user
matei-si-diamantele,cpp,1361733211,1361899304,user_0188,user_0066,50.0,50.0,Accepted,Accepted,2122773,2130069,False,True,True,False,,,different_user
matei-si-diamantele,cpp,1361733211,1361903314,user_0188,user_0170,50.0,50.0,Accepted,Accepted,2122773,2130179,False,True,True,False,,,different_user
matei-si-diamantele,cpp,1361733211,1361903704,user_0188,user_0227,50.0,50.0,Accepted,Accepted,2122773,2130194,False,True,True,False,,,different_user
matei-si-diamantele,cpp,1378120312,1378120328,user_0204,user_0204,1.79,35.71,Wrong Answer,Segmentation Fault,2638601,2638602,True,False,False,False,,,"different_score,different_result"
matei-si-diamantele,cpp,1378120312,1378120335,user_0204,user_0204,1.79,41.07,Wrong Answer,Terminated due ...,2638601,2638603,True,False,False,False,,,"different_score,different_result"
matei-si-diamantele,cpp,1378120328,1378120335,user_0204,user_0204,35.71,41.07,Segmentation Fault,Terminated due ...,2638602,2638603,True,False,False,False,,,"different_score,different_result"
matei-si-diamantele,cpp,1378153091,1378153284,user_0211,user_0221,50.0,50.0,Wrong Answer,Accepted,2639885,2639888,False,True,False,False,,,"different_user,different_result"
matei-si-diamantele,cpp,1378153091,1378153358,user_0211,user_0211,50.0,50.0,Wrong Answer,Accepted,2639885,2639889,True,True,False,False,,,different_result
matei-si-diamantele,cpp,1378156639,1378156696,user_0212,user_0212,50.0,50.0,Wrong Answer,Accepted,2639972,2639974,True,True,False,False,,,different_result
matei-si-diamantele,cpp,1378159190,1378159204,user_0215,user_0215,8.93,50.0,Wrong Answer,Accepted,2640117,2640118,True,False,False,False,,,"different_score,different_result"
matei-si-diamantele,cpp,1378153284,1378153358,user_0221,user_0211,50.0,50.0,Accepted,Accepted,2639888,2639889,False,True,True,False,,,different_user
matei-si-diamantele,cpp,1314238008,1314238011,user_0223,user_0223,8.93,50.0,Wrong Answer,Accepted,221,223,True,False,False,False,,,"different_score,different_result"
matei-si-diamantele,cpp,1323404127,1323445852,user_0238,user_0091,50.0,50.0,Accepted,Accepted,520466,522708,False,True,True,False,,,different_user
matei-si-diamantele,cpp,1361703636,1361733211,user_0239,user_0188,50.0,50.0,Accepted,Accepted,2121752,2122773,False,True,True,False,,,different_user
matei-si-diamantele,cpp,1361703636,1361737162,user_0239,user_0187,50.0,50.0,Accepted,Accepted,2121752,2122896,False,True,True,False,,,different_user
matei-si-diamantele,cpp,1361703636,1361869243,user_0239,user_0136,50.0,50.0,Accepted,Accepted,2121752,2128857,False,True,True,False,,,different_user
matei-si-diamantele,cpp,1361703636,1361892615,user_0239,user_0104,50.0,50.0,Accepted,Accepted,2121752,2129887,False,True,True,False,,,different_user
matei-si-diamantele,cpp,1361703636,1361899304,user_0239,user_0066,50.0,50.0,Accepted,Accepted,2121752,2130069,False,True,True,False,,,different_user
matei-si-diamantele,cpp,1361703636,1361903314,user_0239,user_0170,50.0,50.0,Accepted,Accepted,2121752,2130179,False,True,True,False,,,different_user
matei-si-diamantele,cpp,1361703636,1361903704,user_0239,user_0227,50.0,50.0,Accepted,Accepted,2121752,2130194,False,True,True,False,,,different_user
matei-si-diamantele,cpp,1314234886,1314235322,user_0246,user_0246,1.79,5.36,Wrong Answer,Wrong Answer,32,47,True,False,True,False,,,different_score
matei-si-diamantele,cpp,1391825514,1391825589,user_0258,user_0258,28.57,50.0,Segmentation Fault,Accepted,3143568,3143570,True,False,False,False,,,"different_score,different_result"
matei-si-diamantele,cpp,1361359794,1361652769,user_0265,user_0186,50.0,50.0,Accepted,Accepted,2109009,2119964,False,True,True,False,,,different_user
matei-si-diamantele,cpp,1361359794,1361703636,user_0265,user_0239,50.0,50.0,Accepted,Accepted,2109009,2121752,False,True,True,False,,,different_user
matei-si-diamantele,cpp,1361359794,1361733211,user_0265,user_0188,50.0,50.0,Accepted,Accepted,2109009,2122773,False,True,True,False,,,different_user
matei-si-diamantele,cpp,1361359794,1361737162,user_0265,user_0187,50.0,50.0,Accepted,Accepted,2109009,2122896,False,True,True,False,,,different_user
matei-si-diamantele,cpp,1361359794,1361869243,user_0265,user_0136,50.0,50.0,Accepted,Accepted,2109009,2128857,False,True,True,False,,,different_user
matei-si-diamantele,cpp,1361359794,1361892615,user_0265,user_0104,50.0,50.0,Accepted,Accepted,2109009,2129887,False,True,True,False,,,different_user
matei-si-diamantele,cpp,1361359794,1361899304,user_0265,user_0066,50.0,50.0,Accepted,Accepted,2109009,2130069,False,True,True,False,,,different_user
matei-si-diamantele,cpp,1361359794,1361903314,user_0265,user_0170,50.0,50.0,Accepted,Accepted,2109009,2130179,False,True,True,False,,,different_user
matei-si-diamantele,cpp,1361359794,1361903704,user_0265,user_0227,50.0,50.0,Accepted,Accepted,2109009,2130194,False,True,True,False,,,different_user
matei-si-diamantele,cpp,1361580037,1361652769,user_0265,user_0186,50.0,50.0,Accepted,Accepted,2116657,2119964,False,True,True,False,,,different_user
matei-si-diamantele,cpp,1361580037,1361703636,user_0265,user_0239,50.0,50.0,Accepted,Accepted,2116657,2121752,False,True,True,False,,,different_user
matei-si-diamantele,cpp,1361580037,1361733211,user_0265,user_0188,50.0,50.0,Accepted,Accepted,2116657,2122773,False,True,True,False,,,different_user
matei-si-diamantele,cpp,1361580037,1361737162,user_0265,user_0187,50.0,50.0,Accepted,Accepted,2116657,2122896,False,True,True,False,,,different_user
matei-si-diamantele,cpp,1361580037,1361869243,user_0265,user_0136,50.0,50.0,Accepted,Accepted,2116657,2128857,False,True,True,False,,,different_user
matei-si-diamantele,cpp,1361580037,1361892615,user_0265,user_0104,50.0,50.0,Accepted,Accepted,2116657,2129887,False,True,True,False,,,different_user
matei-si-diamantele,cpp,1361580037,1361899304,user_0265,user_0066,50.0,50.0,Accepted,Accepted,2116657,2130069,False,True,True,False,,,different_user
matei-si-diamantele,cpp,1361580037,1361903314,user_0265,user_0170,50.0,50.0,Accepted,Accepted,2116657,2130179,False,True,True,False,,,different_user
matei-si-diamantele,cpp,1361580037,1361903704,user_0265,user_0227,50.0,50.0,Accepted,Accepted,2116657,2130194,False,True,True,False,,,different_user
matei-si-diamantele,cpp,1332764012,1344628662,user_0267,user_0025,50.0,50.0,Accepted,Accepted,1027323,1581430,False,True,True,False,,,different_user
matei-si-diamantele,cpp,1314234360,1332764012,user_0292,user_0267,50.0,50.0,Accepted,Accepted,6,1027323,False,True,True,False,,,different_user
matei-si-diamantele,cpp,1314234360,1344628662,user_0292,user_0025,50.0,50.0,Accepted,Accepted,6,1581430,False,True,True,False,,,different_user
matei-si-diamantele,java,1314234759,1314234839,user_0014,user_0014,42.86,50.0,Runtime Error,Accepted,26,30,True,False,False,False,,,"different_score,different_result"
matei-si-diamantele,java,1332549435,1392016149,user_0024,user_0174,50.0,50.0,Accepted,Accepted,1019902,3151962,False,True,True,False,,,different_user
matei-si-diamantele,java,1332615936,1332616033,user_0032,user_0032,42.86,50.0,Runtime Error,Accepted,1022687,1022690,True,False,False,False,,,"different_score,different_result"
matei-si-diamantele,java,1332615936,1361701961,user_0032,user_0061,42.86,50.0,Runtime Error,Accepted,1022687,2121589,False,False,False,False,,,"different_user,different_score,different_result"
matei-si-diamantele,java,1332616033,1361701961,user_0032,user_0061,50.0,50.0,Accepted,Accepted,1022690,2121589,False,True,True,False,,,different_user
matei-si-diamantele,java,1314234542,1314234704,user_0038,user_0038,14.29,12.5,Terminated due ...,Wrong Answer,16,24,True,False,False,False,,,"different_score,different_result"
matei-si-diamantele,java,1314235226,1314235287,user_0040,user_0040,8.93,14.29,Wrong Answer,Terminated due ...,44,46,True,False,False,False,,,"different_score,different_result"
matei-si-diamantele,java,1314235226,1314235427,user_0040,user_0040,8.93,10.71,Wrong Answer,Wrong Answer,44,51,True,False,True,False,,,different_score
matei-si-diamantele,java,1314235287,1314235385,user_0040,user_0040,14.29,8.93,Terminated due ...,Wrong Answer,46,50,True,False,False,False,,,"different_score,different_result"
matei-si-diamantele,java,1314235287,1314235427,user_0040,user_0040,14.29,10.71,Terminated due ...,Wrong Answer,46,51,True,False,False,False,,,"different_score,different_result"
matei-si-diamantele,java,1314235385,1314235427,user_0040,user_0040,8.93,10.71,Wrong Answer,Wrong Answer,50,51,True,False,True,False,,,different_score
matei-si-diamantele,java,1323404825,1323404864,user_0054,user_0054,5.36,7.14,Wrong Answer,Wrong Answer,520573,520577,True,False,True,False,,,different_score
matei-si-diamantele,java,1323404910,1323404960,user_0054,user_0054,30.36,37.5,Runtime Error,Wrong Answer,520585,520595,True,False,False,False,,,"different_score,different_result"
matei-si-diamantele,java,1323404910,1323404984,user_0054,user_0054,30.36,33.93,Runtime Error,Runtime Error,520585,520598,True,False,True,False,,,different_score
matei-si-diamantele,java,1323404910,1323405095,user_0054,user_0054,30.36,33.93,Runtime Error,Runtime Error,520585,520613,True,False,True,False,,,different_score
matei-si-diamantele,java,1323404960,1323404969,user_0054,user_0054,37.5,30.36,Wrong Answer,Runtime Error,520595,520596,True,False,False,False,,,"different_score,different_result"
matei-si-diamantele,java,1323404960,1323404984,user_0054,user_0054,37.5,33.93,Wrong Answer,Runtime Error,520595,520598,True,False,False,False,,,"different_score,different_result"
matei-si-diamantele,java,1323404960,1323405095,user_0054,user_0054,37.5,33.93,Wrong Answer,Runtime Error,520595,520613,True,False,False,False,,,"different_score,different_result"
matei-si-diamantele,java,1323404969,1323404984,user_0054,user_0054,30.36,33.93,Runtime Error,Runtime Error,520596,520598,True,False,True,False,,,different_score
matei-si-diamantele,java,1323404969,1323405095,user_0054,user_0054,30.36,33.93,Runtime Error,Runtime Error,520596,520613,True,False,True,False,,,different_score
matei-si-diamantele,java,1323451903,1323452118,user_0065,user_0065,10.71,14.29,Wrong Answer,Wrong Answer,523032,523038,True,False,True,False,,,different_score
matei-si-diamantele,java,1323452016,1323452118,user_0065,user_0065,10.71,14.29,Wrong Answer,Wrong Answer,523036,523038,True,False,True,False,,,different_score
matei-si-diamantele,java,1323452268,1323452434,user_0065,user_0065,8.93,50.0,Wrong Answer,Accepted,523043,523047,True,False,False,False,,,"different_score,different_result"
matei-si-diamantele,java,1332673192,1332673197,user_0068,user_0068,8.93,14.29,Wrong Answer,Wrong Answer,1024539,1024541,True,False,True,False,,,different_score
matei-si-diamantele,java,1332673234,1332673244,user_0068,user_0068,5.36,10.71,Wrong Answer,Wrong Answer,1024550,1024553,True,False,True,False,,,different_score
matei-si-diamantele,java,1332673234,1332673256,user_0068,user_0068,5.36,10.71,Wrong Answer,Wrong Answer,1024550,1024555,True,False,True,False,,,different_score
matei-si-diamantele,java,1332711394,1332711589,user_0069,user_0069,37.5,50.0,Runtime Error,Accepted,1025446,1025454,True,False,False,False,,,"different_score,different_result"
matei-si-diamantele,java,1314234548,1391817271,user_0094,user_0268,50.0,50.0,Accepted,Accepted,17,3143415,False,True,True,False,,,different_user
matei-si-diamantele,java,1314237409,1314237582,user_0145,user_0145,14.29,1.79,Wrong Answer,Wrong Answer,162,171,True,False,True,False,,,different_score
matei-si-diamantele,java,1314237486,1314237582,user_0145,user_0145,14.29,1.79,Wrong Answer,Wrong Answer,166,171,True,False,True,False,,,different_score
matei-si-diamantele,java,1314237582,1314237619,user_0145,user_0145,1.79,14.29,Wrong Answer,Wrong Answer,171,172,True,False,True,False,,,different_score
matei-si-diamantele,java,1391907417,1391995049,user_0163,user_0236,50.0,50.0,Accepted,Accepted,3146827,3150934,False,True,True,False,,,different_user
matei-si-diamantele,java,1314235422,1314235577,user_0182,user_0182,7.14,16.07,Wrong Answer,Wrong Answer,51,57,True,False,True,False,,,different_score
matei-si-diamantele,java,1314237213,1323367653,user_0226,user_0023,30.36,50.0,Runtime Error,Accepted,152,518547,False,False,False,False,,,"different_user,different_score,different_result"
matei-si-diamantele,java,1314234433,1323454400,user_0231,user_0072,50.0,50.0,Accepted,Accepted,10,523165,False,True,True,False,,,different_user
matei-si-diamantele,java,1314234819,1314235428,user_0261,user_0261,1.79,1.79,Wrong Answer,Runtime Error,29,51,True,True,False,False,,,different_result
matei-si-diamantele,java,1314235428,1314236343,user_0261,user_0261,1.79,1.79,Runtime Error,Wrong Answer,51,100,True,True,False,False,,,different_result
matei-si-diamantele,java,1314236780,1314236921,user_0261,user_0261,1.79,5.36,Wrong Answer,Wrong Answer,128,136,True,False,True,False,,,different_score
matei-si-diamantele,java,1314234605,1314234652,user_0266,user_0266,35.71,41.07,Runtime Error,Terminated due ...,19,22,True,False,False,False,,,"different_score,different_result"
matei-si-diamantele,java,1391933920,1391934010,user_0271,user_0271,39.29,41.07,Wrong Answer,Terminated due ...,3147949,3147955,True,False,False,False,,,"different_score,different_result"
matei-si-diamantele,java,1391933979,1391934010,user_0271,user_0271,39.29,41.07,Wrong Answer,Terminated due ...,3147953,3147955,True,False,False,False,,,"different_score,different_result"
matei-si-diamantele,java,1391856779,1391856810,user_0278,user_0278,32.14,41.07,Wrong Answer,Wrong Answer,3144941,3144942,True,False,True,False,,,different_score
matei-si-diamantele,java,1391856787,1391856823,user_0278,user_0278,35.71,50.0,Wrong Answer,Accepted,3144942,3144943,True,False,False,False,,,"different_score,different_result"
organizare-mafiota,cpp,1323398709,1323398884,user_0002,user_0002,5.0,10.0,Wrong Answer,Terminated due ...,520119,520127,True,False,False,False,,,"different_score,different_result"
organizare-mafiota,cpp,1314236901,1314236920,user_0010,user_0010,12.5,47.5,Wrong Answer,Wrong Answer,134,135,True,False,True,False,,,different_score
organizare-mafiota,cpp,1314236901,1314237388,user_0010,user_0010,12.5,47.5,Wrong Answer,Wrong Answer,134,161,True,False,True,False,,,different_score
organizare-mafiota,cpp,1314158843,1314158851,user_0053,user_0053,45.0,47.5,Terminated due ...,Terminated due ...,-7313,-7312,True,False,True,False,,,different_score
organizare-mafiota,cpp,1314158843,1314158859,user_0053,user_0053,45.0,50.0,Terminated due ...,Accepted,-7313,-7311,True,False,False,False,,,"different_score,different_result"
organizare-mafiota,cpp,1314158843,1314222947,user_0053,user_0053,45.0,50.0,Terminated due ...,Accepted,-7313,-1224,True,False,False,False,,,"different_score,different_result"
organizare-mafiota,cpp,1314158851,1314158859,user_0053,user_0053,47.5,50.0,Terminated due ...,Accepted,-7312,-7311,True,False,False,False,,,"different_score,different_result"
organizare-mafiota,cpp,1314158851,1314222947,user_0053,user_0053,47.5,50.0,Terminated due ...,Accepted,-7312,-1224,True,False,False,False,,,"different_score,different_result"
organizare-mafiota,cpp,1314235802,1344635351,user_0056,user_0008,50.0,50.0,Accepted,Accepted,67,1581584,False,True,True,False,,,different_user
organizare-mafiota,java,1314236741,1391740445,user_0003,user_0051,50.0,50.0,Accepted,Accepted,125,3139913,False,True,True,False,,,different_user
organizare-mafiota,java,1314236741,1391831565,user_0003,user_0050,50.0,50.0,Accepted,Accepted,125,3143805,False,True,True,False,,,different_user
organizare-mafiota,java,1314168969,1314222956,user_0047,user_0053,50.0,50.0,Accepted,Accepted,-7131,-1223,False,True,True,False,,,different_user
organizare-mafiota,java,1314184304,1314222962,user_0047,user_0053,25.0,12.5,Terminated due ...,Terminated due ...,-5440,-1222,False,False,True,False,,,"different_user,different_score"
organizare-mafiota,java,1391740445,1391831565,user_0051,user_0050,50.0,50.0,Accepted,Accepted,3139913,3143805,False,True,True,False,,,different_user
