submission_id,score,language,code_algorithm,text_algorithm,same,code_probability,code_second_algorithm,code_second_probability,text_probability,text_second_algorithm,text_second_probability,description
1314154354,50,cpp,GEOMETRIC_SCAN,GEOMETRIC_SCAN,YES,1,SORTED_MANHATTAN,0.000404358,0.99609375,SORTED_MANHATTAN,0.001167297,"The program begins by reading the grid dimensions \(n\) and \(m\), the maximum number of moves \(P\), and the starting position \((l_{\text{start}},c_{\text{start}})\). It then reads the \(n \times m\) matrix of diamond values into a 2‑D array `a`. 

The solution value is initialized to the value of the diamond at the starting cell. The program then iterates over every cell \((i,j)\) in the grid. For each cell it computes the Manhattan distance \(|i-l_{\text{start}}| + |j-c_{\text{start}}|\). If this distance is less than or equal to \(P\), the cell is reachable within the allowed number of moves, and the program updates the answer to the maximum of its current value and the diamond value at that cell. 

After scanning all cells, the program outputs the maximum diamond value that can be reached in at most \(P\) moves. The algorithm is a simple exhaustive check of all grid positions, using only basic loops and a distance comparison."
1314184660,50,java,GEOMETRIC_SCAN,GEOMETRIC_SCAN,YES,1,BFS_RADIUS,0.000148773,1,SORTED_MANHATTAN,0.001029968,"The program reads the grid dimensions \(N\) and \(M\), the maximum number of moves \(P\), and the starting position \((L,C)\). It then stores the diamond values in a 1‑based 2‑dimensional array `grid`. After the input, it iterates over every cell of the grid. For each cell \((i,j)\) it computes the Manhattan distance \(|i-L|+|j-C|\). If this distance is at most \(P\), the value of that cell is compared with the current maximum and the maximum is updated if necessary. Finally, the program prints the largest diamond value that can be reached within the allowed number of moves. The algorithm is a simple exhaustive scan of all cells, using a nested loop and a distance check to filter reachable positions."
1314234360,50,cpp,GEOMETRIC_SCAN,GEOMETRIC_SCAN,YES,1,BFS_RADIUS,0.00014019,0.99609375,SORTED_MANHATTAN,0.001167297,"The program reads the grid dimensions \(n\) and \(m\), the maximum number of moves \(p\), and the starting position \((l,c)\). It then iterates over every cell of the grid, reading the diamond value \(x\) at that cell. For each cell it computes the Manhattan distance from the starting position: 
\[
\text{dist} = |l-i| + |c-j|.
\]
If this distance is no larger than the allowed number of moves \(p\) and the value \(x\) is greater than the current best value, the program updates the best value. A single integer variable, initially set to the smallest 32‑bit signed integer, keeps track of the maximum reachable diamond value. After all cells have been processed, the program outputs this maximum value. If no cell is reachable within \(p\) moves, the output will be the initial sentinel value (the minimum 32‑bit integer)."
1314234384,50,cpp,GEOMETRIC_SCAN,GEOMETRIC_SCAN,YES,1,SORTED_MANHATTAN,0.000488281,0.98828125,SORTED_MANHATTAN,0.010986328,"The program reads the grid dimensions \(N\) and \(M\), the maximum number of moves \(P\), and the starting position \((L,C)\). It stores the start coordinates in a pair `J`. It then iterates over every cell of the grid, reading the diamond value `x` for each position \((i,j)\). For each cell it computes the Manhattan distance \(d = |J.x-i| + |J.y-j|\) from the starting square. If this distance is at most \(P\), the cell is reachable within the allowed moves, and the program updates a running maximum `rs` with the larger of its current value and the diamond value `x`. The variable `rs` is initialized to a very negative number \(-10^{15}\) to ensure any reachable diamond value will replace it. After all cells have been processed, the program outputs the value stored in `rs`, which represents the maximum diamond value that can be reached in at most \(P\) moves. No other data structures or complex logic are used."
1314234411,50,cpp,GEOMETRIC_SCAN,GEOMETRIC_SCAN,YES,1,BFS_RADIUS,0.000179291,0.99609375,SORTED_MANHATTAN,0.002182007,"The program reads the grid dimensions \(N\) and \(M\), the maximum number of moves \(P\), and the starting position \((L,C)\). It then reads the \(N \times M\) matrix of diamond values into a 1‑based array `a`. 

It initializes the answer `ans` with the value of the diamond at the starting cell. Afterwards it scans every cell of the grid with two nested loops. For each cell \((i,j)\) it computes the Manhattan distance to the start, `abs(L-i)+abs(C-j)`. If this distance is at most \(P\), the cell is reachable within the allowed moves, and the program updates `ans` to the maximum of its current value and `a[i][j]`. 

Finally, the program outputs the maximum diamond value found among all cells that are within Manhattan distance \(P\) from the starting position. The algorithm is a simple exhaustive search over the grid, using only basic arithmetic and comparisons."
1314234433,50,java,GEOMETRIC_SCAN,GEOMETRIC_SCAN,YES,1,BFS_RADIUS,0.00014019,0.99609375,SORTED_MANHATTAN,0.003173828,"The program reads the grid dimensions \(N\) and \(M\), the maximum number of moves \(P\), and the starting position \((L,C)\) (converted to 0‑based indices). It then reads the \(N \times M\) matrix of diamond values. 

It initializes the answer with the value of the starting cell. Afterwards it iterates over every cell \((i,j)\) of the grid, computing the Manhattan distance \(|i-L|+|j-C|\) from the start. If this distance exceeds \(P\) the cell is ignored; otherwise the cell’s value is compared with the current maximum and replaces it if larger. 

After scanning all cells, the program outputs the maximum diamond value that can be reached within at most \(P\) moves. The algorithm is a simple exhaustive search over the grid, using only basic loops and integer arithmetic."
1314234451,50,cpp,GEOMETRIC_SCAN,GEOMETRIC_SCAN,YES,1,BFS_RADIUS,0.000115871,1,SORTED_MANHATTAN,0.00062561,"The program reads the grid dimensions \(N\) and \(M\), the maximum number of moves \(P\), and the starting position \((L,C)\). It then iterates over every cell of the grid, reading the diamond value \(F[i][j]\) for each position. While scanning, it keeps a single variable `max` initialized to \(-10^9\). For each cell, it computes the Manhattan distance from the starting cell, \(|L-i|+|C-j|\). If this distance is at most \(P\) and the cell’s value is larger than the current `max`, the variable is updated to that value. After all cells have been processed, the program outputs the largest value found among all cells reachable within at most \(P\) moves. The algorithm is a straightforward linear scan with a simple distance check, using only a few integer variables and no additional data structures."
1314234466,50,java,GEOMETRIC_SCAN,GEOMETRIC_SCAN,YES,1,SORTED_MANHATTAN,0.000314713,0.98828125,SORTED_MANHATTAN,0.012390137,"The program reads the grid dimensions \(N\) and \(M\), the maximum number of moves \(P\), and the starting position \((L,C)\). It then iterates over every cell of the \(N \times M\) grid, reading the diamond value stored in that cell. For each cell \((i,j)\) it computes the Manhattan distance \(|i-L|+|j-C|\). If this distance is at most \(P\), the cell is reachable within the allowed number of moves, and the program compares its value to a running maximum. The maximum value among all reachable cells is stored in the variable `maxim`. After all cells have been processed, the program outputs this maximum value (or \(-1\) if no cell was reachable). The implementation uses a simple nested loop and a single integer comparison, with no recursion or advanced data structures."
1314234491,50,cpp,BFS_RADIUS,BFS_RADIUS,YES,0.99609375,GEOMETRIC_SCAN,0.002319336,1,GEOMETRIC_SCAN,0.000404358,"The program reads the grid dimensions \(n\) and \(m\), the maximum number of moves \(p\), and the starting position \((x_1,x_2)\). It then reads an \(n\times m\) matrix of integer diamond values, using 1‑based indexing. The variable `maxValue` is initialized to the value of the starting cell.

A breadth‑first search is performed from the starting cell. A queue stores tuples \((x,y,d)\) where \((x,y)\) is a cell and \(d\) is the distance (number of moves) from the start. The array `viz` marks cells that have already been enqueued. For each dequeued cell, the algorithm examines its four orthogonal neighbours. A neighbour is skipped if it lies outside the grid, has already been visited, or would require more than \(p\) moves. Otherwise the neighbour is enqueued with distance \(d+1\), marked visited, and its diamond value is compared to `maxValue`; if larger, `maxValue` is updated.

After the BFS terminates (when the queue is empty or all reachable cells within \(p\) steps have been processed), the program outputs `maxValue`, which is the maximum diamond value reachable in at most \(p\) moves from the starting position."
1314234542,14.29,java,DFS_RADIUS,DFS_RADIUS,YES,0.8515625,GREEDY_NEIGHBOR_WALK,0.079101563,0.8671875,GREEDY_NEIGHBOR_WALK,0.062988281,"The program reads the grid dimensions \(N\) and \(M\), the maximum number of moves \(P\), and the starting position \((L,C)\). It then reads an \(N\times M\) matrix of integer diamond values, storing them in a 1‑based array `Matrix`. The variable `max` is initialized to the value at the starting cell.

A recursive depth‑first search `find(i,j,deep)` is used to explore all reachable cells within at most \(P\) steps. At each call the current cell’s value is compared with `max` and `max` is updated if larger. The cell is then marked as visited by setting its value to a sentinel `-100000000` to avoid revisiting it in the same path. If the current depth is still less than \(P\), the function recursively calls itself for each of the four orthogonal neighbours (north, south, east, west) that lie inside the grid bounds. The recursion stops when the depth reaches \(P\) or no further moves are possible.

After the exhaustive search finishes, the program outputs the maximum diamond value found. The algorithm performs an exponential search over all paths up to length \(P\), using the matrix itself to keep track of visited cells during each recursive branch."
1314234545,50,cpp,GEOMETRIC_SCAN,GEOMETRIC_SCAN,YES,1,BFS_RADIUS,0.000123024,0.99609375,SORTED_MANHATTAN,0.002182007,"The program reads the grid dimensions \(N\) and \(M\), the maximum number of moves \(P\), and the starting position \((L,C)\) (converted to 0‑based indices). It then reads the \(N \times M\) matrix of diamond values into a local two‑dimensional array. 

For every cell \((i,j)\) of the grid the program computes the Manhattan distance to the starting cell using the helper function `calcDist`, which sums the absolute differences of the row and column indices. If this distance is at most \(P\), the cell is reachable within the allowed number of moves. The program keeps a running maximum `maxV` of the values of all such reachable cells, initializing `maxV` to the smallest 32‑bit signed integer. 

After scanning all cells, the program outputs the value of `maxV`, which is the largest diamond value that can be reached in at most \(P\) moves. The algorithm is a simple exhaustive search over the grid, relying on the Manhattan distance as the movement metric."
1314234548,50,java,GEOMETRIC_SCAN,GEOMETRIC_SCAN,YES,1,SORTED_MANHATTAN,0.000553131,1,SORTED_MANHATTAN,0.001502991,"The program reads the grid dimensions \(N\) and \(M\), the maximum number of moves \(P\), and the starting position \((L,C)\). It then scans every cell of the grid, reading the diamond value \(F[i][j]\) one by one. For each cell it computes the Manhattan distance from the starting cell, using the formula \(|i-L|+|j-C|\). If this distance is no larger than the allowed number of moves \(P\), the value of that cell is considered reachable and the program keeps track of the largest such value seen so far. After all cells have been processed, the maximum reachable diamond value is printed. The algorithm uses a simple double‑loop over the grid and an integer variable to store the current best value; no additional data structures or complex search techniques are employed."
1314234559,16.07,java,DFS_RADIUS,DFS_RADIUS,YES,0.90234375,SORTED_MANHATTAN,0.02734375,0.9765625,DP_RADIUS,0.012268066,"The program reads the grid dimensions \(N\) and \(M\), the maximum number of moves \(P\), and the starting position \((L,C)\) (converted to 0‑based indices). It then reads the \(N \times M\) matrix of diamond values into a 2‑dimensional array `grid`. A global variable `max` is initialized to the smallest integer and will hold the highest value encountered during the search.

The core of the solution is a depth‑first search implemented by the recursive method `getMax`. Starting from the initial cell, the method marks the current position as visited, updates `max` if the current cell’s value is larger, and then recursively explores the four orthogonal neighbours (north, west, south, east) provided they are inside the grid and have not yet been visited. Each recursive call decrements the remaining depth counter; when the counter becomes negative the call returns immediately. Because a cell is marked visited before any further recursion, the search never revisits a cell, effectively exploring all simple paths of length at most \(P\) from the start.

After the recursive exploration finishes, the program prints the value stored in `max`, which represents the maximum diamond value that can be reached within at most \(P\) moves from the starting position. The algorithm relies on a visited matrix to avoid cycles, a depth counter to respect the move limit, and a global maximum tracker to record the best value found."
1314234561,50,cpp,BFS_RADIUS,BFS_RADIUS,YES,0.9921875,GEOMETRIC_SCAN,0.005187988,0.99609375,DFS_RADIUS,0.001693726,"The program reads the size of a rectangular grid (N rows, M columns), the maximum number of moves P, and the starting position (L, C). It then reads the integer value of each cell into a 1‑based array `A`. 

A breadth‑first search is performed from the starting cell. The array `d` stores the minimum number of steps needed to reach each cell; it is initialized to a very large value (`N*M+1`). The queue `q` holds cells to explore. For each dequeued cell, the four orthogonal neighbours are examined; if a neighbour lies inside the grid and can be reached in fewer steps than previously recorded, its distance is updated and it is enqueued. After the BFS, `d[i][j]` contains the shortest path length from the start to every cell.

Finally, the program scans all cells. For every cell whose distance is at most P, it considers the diamond value stored in `A[i][j]`. It keeps track of the maximum such value in the variable `maxim`. After the scan, it outputs this maximum value. Thus the program reports the highest diamond value that can be reached within at most P moves from the starting position."
1314234563,1.79,cpp,GEOMETRIC_SCAN,GEOMETRIC_SCAN,YES,0.99609375,BFS_RADIUS,0.000553131,0.99609375,SORTED_MANHATTAN,0.001319885,"The program reads the size of a rectangular grid (N rows, M columns), the maximum number of moves P, and the starting position (L, C). It then reads the integer value of each cell into a 2‑dimensional array indexed from 1. 

If P is zero the answer is simply the value in the starting cell. 
Otherwise the program first sets the current best value to the value at the starting position. It then scans a sub‑rectangle that is offset by one from the full Manhattan‑distance‑P diamond: the outer loop runs `i` from `L‑P+1` up to `L+P‑2`, and the inner loop runs `j` from `C‑P+1` up to `C+P‑2`. For every cell `(i, j)` inside this inner rectangle it updates the best value if the cell’s value is larger. 

After the rectangle scan the program explicitly checks the four cells that lie exactly P steps north, south, east, and west of the start: `(L‑P, C)`, `(L+P, C)`, `(L, C‑P)`, and `(L, C+P)`. If any of these cells contains a larger value, the best value is updated accordingly. Finally, the program outputs the maximum value found. 

The algorithm therefore considers only cells that are at most P steps away in Manhattan distance, but it does so by examining a rectangular region plus the four extreme points, without performing any path‑finding or boundary checks."
1314234576,50,java,BFS_RADIUS,BFS_RADIUS,YES,0.859375,DFS_RADIUS,0.062255859,0.99609375,DFS_RADIUS,0.001922607,"The program reads the grid dimensions \(N\) and \(M\), the maximum number of moves \(P\), and the starting coordinates \((L,C)\). The diamond values are stored in a 1‑based array `A`. A linked list `l` is used as a queue of positions to explore; each element is a `Position` object holding a row, column, and the number of steps taken to reach that cell.

The main loop repeatedly removes the first position from the list and calls `nextStep`. Inside `nextStep` the position is validated: it must lie inside the grid, the number of steps must not exceed \(P\), and the cell must not have been visited before (the code marks visited cells by setting `A[l][c]` to –1). If the cell is valid, its value is compared to the current best and the best value is updated if larger. The cell is then marked visited, and four new positions—north, south, east, and west—are added to the list with an incremented step count. This process continues until the list is empty, meaning all reachable cells within \(P\) steps have been examined. Finally, the program prints the maximum diamond value found."
1314234594,50,cpp,GEOMETRIC_SCAN,GEOMETRIC_SCAN,YES,1,SORTED_MANHATTAN,0.0001688,0.99609375,SORTED_MANHATTAN,0.002792358,"The program reads the grid dimensions \(N\) and \(M\), the maximum number of moves \(P\), and the starting position \((L,C)\). It converts the 1‑based coordinates to 0‑based indices and stores the diamond values in a 2‑dimensional vector `mat`. 

It initializes `max_val` with the value at the starting cell. Then it iterates over every cell \((i,j)\) of the grid. For each cell it computes the Manhattan distance to the start using the helper function `manhattan_dist`, which returns \(|i-s_line|+|j-s_col|\). If this distance is less than or equal to `moves`, the cell is reachable within the allowed number of steps. The program compares the cell’s value with `max_val` and updates `max_val` if a larger value is found. 

After scanning all cells, the program outputs the largest diamond value that can be reached in at most `P` moves. The algorithm is a straightforward brute‑force search over the grid, relying on the Manhattan distance condition to filter reachable cells."
1314234605,35.71,java,GEOMETRIC_SCAN,GEOMETRIC_SCAN,YES,1,BFS_RADIUS,0.000216484,1,BFS_RADIUS,7.49E-05,"The program reads the grid dimensions \(N\) and \(M\), the maximum number of moves \(P\), and the starting coordinates \(L\) and \(C\). It then reads an \(N \times M\) matrix of integer diamond values, storing it in a 1‑based array `mat`. 

The core routine begins by setting `bestDiamond` to the value of the starting cell. It treats the allowed number of moves as a Manhattan radius: any cell whose row‑difference plus column‑difference from the start is at most \(P\) is considered reachable. To enumerate these cells, the code defines a square window from \((L-P,\,C-P)\) to \((L+P,\,C+P)\). For each row \(i\) in this window it computes an `offset` equal to \(P - |i-L|\); this offset is the maximum column distance allowed for that row. It then iterates over columns \(j\) from \(C-\text{offset}\) to \(C+\text{offset}\). For every such \((i,j)\) that lies inside the grid (the code only checks that \(i>0\) and \(j>0\), but does not guard against exceeding \(N\) or \(M\)), it compares the diamond value `mat[i][j]` with the current best and updates `bestDiamond` if a larger value is found. 

After scanning all cells within the Manhattan distance \(P\), the program outputs the maximum diamond value discovered. The algorithm is essentially a bounded diamond‑shaped scan around the starting position, implemented with nested loops and simple arithmetic to limit the column range per row."
1314234628,3.57,java,GREEDY_NEIGHBOR_WALK,GREEDY_NEIGHBOR_WALK,YES,0.99609375,GEOMETRIC_SCAN,0.002471924,1,UNKNOWN,0.001167297,"The program reads the size of a rectangular grid (N rows, M columns), the maximum number of moves P, and the starting position (L, C). It then stores the integer value of each cell in a 1‑based 2‑dimensional array `table`. 

If no moves are allowed (`P == 0`) the program simply outputs the value of the starting cell. 
Otherwise it enters a loop that runs exactly `P` times. In each iteration it looks at the four orthogonal neighbours of the current position: north (`l‑1, c`), south (`l+1, c`), west (`l, c‑1`), and east (`l, c+1`). It first compares the north and south values, keeping the larger one and its coordinates in temporary variables. It then compares the west and east values, again keeping the larger one and its coordinates. Finally it chooses the larger of the two candidate values (north/south vs west/east), updates the current position to that cell, and records the value in `finalMax`. After performing `P` such greedy steps, it prints `finalMax`, the value of the last cell reached.

The algorithm therefore follows a simple greedy path: at each step it moves to the neighbouring cell with the highest value among the two vertical neighbours or the two horizontal neighbours, then chooses the higher of those two options. No backtracking, recursion, or global search is performed. The program assumes all neighbour indices are valid, using a 1‑based array that extends one row/column beyond the input bounds."
1314234632,42.86,cpp,GEOMETRIC_SCAN,GEOMETRIC_SCAN,YES,1,SORTED_MANHATTAN,0.000553131,0.98828125,SORTED_MANHATTAN,0.00668335,"The program reads the grid dimensions \(N\) and \(M\), the maximum number of moves \(P\), and the starting position \((L,C)\). It then reads an \(N\times M\) matrix of integer diamond values, storing them in a 1‑based array `matrix`. 

A `Point` structure holds a row and column. The starting point `p1` is set to \((L,C)\) and its value is immediately added to a vector `values`. The program then iterates over all rows `i` from 1 to `N` and, mistakenly, over all columns `j` from 1 to `N` (instead of 1 to `M`). For each cell \((i,j)\) it computes the Manhattan distance to the start using `distancer(p1,p2)` and, if this distance is at most `P`, it appends the cell’s value to `values`. 

After collecting all reachable values, the program scans the `values` vector to find the maximum element, storing it in `maxim`. Finally, it prints this maximum value. Thus the program outputs the largest diamond value that lies within Manhattan distance `P` from the starting cell, albeit with a bug that limits column iteration to `N` instead of `M`."
1314234634,50,java,GEOMETRIC_SCAN,GEOMETRIC_SCAN,YES,1,SORTED_MANHATTAN,0.000553131,1,SORTED_MANHATTAN,0.000379562,"The program reads the grid dimensions \(N\) and \(M\), the maximum number of moves \(P\), and the starting position \((L,C)\). It then reads the \(N \times M\) matrix of diamond values into a 1‑indexed array `map`. While filling this array it keeps a running maximum `maxBeauty`. For each cell \((i,j)\) it checks whether the Manhattan distance \(|i-L|+|j-C|\) is at most \(P\); if so and if the cell’s value is larger than the current `maxBeauty`, it updates `maxBeauty`. After all cells have been processed, the program outputs the value stored in `maxBeauty`, which is the largest diamond value reachable within at most \(P\) moves from the starting position. The algorithm therefore simply scans the grid once, applying a distance filter and a maximum‑value comparison."
1314234652,41.07,java,GEOMETRIC_SCAN,GEOMETRIC_SCAN,YES,1,BFS_RADIUS,0.0001688,1,SORTED_MANHATTAN,0.000379562,"The program reads the grid dimensions \(N\) and \(M\), the maximum number of moves \(P\), and the starting position \((L,C)\). It stores the diamond values in a 1‑based array `mat`. 

The core routine initializes `bestDiamond` with the value at the starting cell. It then treats the set of reachable cells as all positions whose Manhattan distance from the start is at most \(P\). For each row \(i\) in the square \([L-P,\,L+P]\) it computes an offset \(d = P - |i-L|\); the columns that satisfy the distance constraint are then \([C-d,\,C+d]\). For every such \((i,j)\) that lies inside the grid bounds, the program updates `bestDiamond` if the cell’s value is larger. 

Finally, the maximum value found within the reachable diamond is printed. The algorithm is a simple nested loop over a diamond‑shaped region, with constant‑time updates, and runs in \(O(P^2)\) time."
1314234680,1.79,cpp,GREEDY_NEIGHBOR_WALK,GREEDY_NEIGHBOR_WALK,YES,0.984375,GEOMETRIC_SCAN,0.009643555,1,UNKNOWN,0.000335693,"The program reads the grid dimensions \(N\) and \(M\), the maximum number of moves \(P\), and the starting position \((L,C)\). It then reads the \(N\times M\) matrix of diamond values into a 2‑D array `v`. If no moves are allowed (\(P=0\)) it simply outputs the value at the starting cell.

Otherwise the code pads the array with a border of zeros so that every neighbor access is safe. It then simulates a walk of exactly \(P\) steps. At each step it looks at the four orthogonal neighbours of the current cell (north, west, south, east) and selects the one with the largest value. The current position is updated to that neighbour, and the maximum value seen so far (`frum_max`) is updated if the chosen neighbour’s value is larger. This greedy choice is repeated until \(P\) steps have been taken. Finally the program prints the largest diamond value that was encountered during the walk.

Thus the implementation follows a simple greedy path: always move to the adjacent cell with the highest value, keeping track of the best value seen along the way."
1314234695,41.07,java,GEOMETRIC_SCAN,GEOMETRIC_SCAN,YES,1,BFS_RADIUS,0.000123024,1,SORTED_MANHATTAN,0.00015831,"The program reads the grid dimensions \(N\) and \(M\), the maximum number of moves \(P\), and the starting coordinates \(L, C\). It then reads an \(N \times M\) matrix of integer diamond values, storing it in a 1‑based array `mat`. 

To determine the highest value reachable in at most \(P\) steps, the code treats the set of reachable cells as all positions whose Manhattan distance from \((L, C)\) is ≤ \(P\). It iterates over each row \(i\) from \(\max(1, L-P)\) to \(\min(N, L+P)\). For a given row, the horizontal reach is limited by the remaining steps after moving vertically: `offset = P - |i - L|`. The code then scans columns \(j\) from \(C-offset\) to \(C+offset\), checking that \(j\) lies within the grid bounds. For every such cell, it compares its value with the current best and updates the best if larger. 

Finally, the maximum value found is printed. The algorithm is a simple bounded scan of a diamond‑shaped region around the start, with no recursion or advanced data structures."
1314234699,41.07,cpp,GEOMETRIC_SCAN,GEOMETRIC_SCAN,YES,0.99609375,BFS_RADIUS,0.000801086,1,SORTED_MANHATTAN,0.000179291,"The program reads the grid dimensions \(N\) and \(M\), the maximum number of moves \(P\), and the starting position \((L,C)\). It then reads the \(N\times M\) matrix of diamond values into a 1‑based vector `mat`. 

To find the highest value reachable in at most \(P\) steps, the code iterates over a set of rows from `i = L-P` to `i = L+P`. For each row it maintains a variable `aux` that starts at 0 and is increased by one while the loop index `i` is below the starting row, and decreased by one once `i` passes the starting row. This `aux` value is used to bound the column loop: `j` runs from `C-aux` to `C+aux`. Thus the nested loops visit cells that lie within a diamond‑shaped region centered at \((L,C)\) with Manhattan radius \(P\). 

During the traversal each cell’s coordinates are checked against the grid bounds (although the bounds test uses 0‑based indices while the matrix is 1‑based, so the test is slightly incorrect). If a cell is inside the grid, its value is compared to a running maximum `max`, which is initialized to the smallest 32‑bit integer. After all eligible cells have been examined, the program prints the maximum value found. The algorithm therefore scans a diamond‑shaped area around the starting position and reports the largest diamond value within that area."
1314234704,12.5,java,DFS_RADIUS,DFS_RADIUS,YES,0.765625,GREEDY_NEIGHBOR_WALK,0.080566406,0.9765625,DP_RADIUS,0.013916016,"The program reads the grid dimensions \(N\) and \(M\), the maximum number of moves \(P\), and the starting position \((L,C)\). It then loads the \(N\times M\) matrix of diamond values into a 1‑based array `Matrix`. The variable `max` is initialized to the value at the starting cell.

A depth‑first search is performed by the recursive method `find(i,j,deep)`. At each call it first updates `max` if the current cell’s value is larger. It then marks the current cell with a special sentinel value `-100000001` to avoid revisiting it. If the current depth `deep` is still less than `P`, the method recursively explores the four orthogonal neighbours (north, south, east, west) that lie inside the grid and have not yet been visited (i.e., their value is not the sentinel). The recursion stops either when the depth limit is reached or when no unvisited neighbours remain.

After the search completes, the program outputs the maximum diamond value found within at most \(P\) moves from the starting position. The algorithm essentially performs a bounded exhaustive traversal of all reachable cells up to depth \(P\), keeping track of the highest value encountered."
1314234706,50,java,BFS_RADIUS,BFS_RADIUS,YES,0.9765625,DFS_RADIUS,0.008483887,1,DFS_RADIUS,0.000335693,"The program reads the grid dimensions \(N\) and \(M\), the maximum number of moves \(P\) (stored in variable `d`), and the starting position \((L,C)\). It then reads the \(N \times M\) matrix of diamond values into a 1‑based array `a`. 

To find the highest‑valued diamond reachable within at most \(P\) steps, the code performs a breadth‑first search (BFS) starting from the initial cell. A 2‑dimensional array `viz` keeps the distance (number of moves) from the start to each cell; a value of 0 means the cell has not yet been visited. The BFS queue is implemented with two parallel integer arrays `q[0]` and `q[1]`, holding the row and column indices of queued cells. The search proceeds by dequeuing a cell, checking whether its distance exceeds `d` (in which case it is skipped), and then exploring its four orthogonal neighbours (north, south, east, west). For each unvisited neighbour that lies inside the grid, the neighbour is enqueued, its distance is set to the current cell’s distance plus one, and the maximum diamond value seen so far is updated if the neighbour’s value is larger. 

The loop continues until the queue is exhausted. The variable `maximum` holds the highest diamond value encountered during the BFS, and this value is printed as the result. The algorithm runs in \(O(NM)\) time and uses \(O(NM)\) additional memory for the distance and queue arrays."
1314234719,16.07,java,DFS_RADIUS,DFS_RADIUS,YES,0.8671875,SORTED_MANHATTAN,0.043212891,0.87890625,GREEDY_NEIGHBOR_WALK,0.08203125,"The program reads the grid dimensions \(N\) and \(M\), the maximum number of moves \(P\), and the starting position \((L,C)\) (converted to 0‑based indices). It then reads the \(N \times M\) matrix of diamond values into a 2‑dimensional array `grid`. A second 2‑dimensional boolean array `visited` is created to keep track of cells that have already been entered during the current search path.

The core of the solution is the recursive method `getMax`. Starting from the initial cell, it marks the current cell as visited and updates a global variable `max` if the value in that cell is larger than the current maximum. If the remaining depth (`depth`) is negative, the recursion stops. Otherwise, the method attempts to move to each of the four orthogonal neighbours (north, west, south, east) that are inside the grid and have not yet been visited in the current path. For each such neighbour it calls itself with the depth decreased by one. Because the `visited` flag is never cleared when backtracking, the search never revisits a cell on the same path, effectively exploring all simple paths of length up to \(P\) from the start.

After the recursive exploration finishes, the program prints the value stored in `max`, which represents the highest diamond value reachable within at most \(P\) moves from the starting position. The algorithm performs a depth‑first traversal with pruning by depth and visited status, but it does not backtrack the visited marks, so it only considers each cell once per path."
1314234735,39.29,cpp,GEOMETRIC_SCAN,GEOMETRIC_SCAN,YES,1,BFS_RADIUS,0.000457764,1,SORTED_MANHATTAN,0.000295639,"The program reads the grid dimensions `n` and `m`, the maximum number of moves `mutari`, and the starting position `(l, c)` (1‑based indices). It then reads the `n × m` matrix of diamond values into a 1‑based vector `mat`. 

To find the best diamond reachable in at most `mutari` steps, the code iterates over rows `i` from `l‑mutari` to `l+mutari`. For each row it keeps a variable `aux` that represents the horizontal reach allowed at that row: it starts at 0 and is increased by one for each row above the start and decreased for each row below. Inside the row loop it scans columns `j` from `c‑aux` to `c+aux`. For every cell that lies inside the grid bounds (the code mistakenly checks the row limit `n` for columns as well), it updates a running maximum `max` with the value of `mat[i][j]`. 

After processing all rows within the diamond, the program prints the maximum value found. The algorithm therefore attempts to examine all cells within a Manhattan‑distance diamond around the starting position, but it contains off‑by‑one errors in the bounds checks and uses the wrong dimension for column limits."
1314234741,17.86,cpp,BFS_RADIUS,BFS_RADIUS,YES,0.9296875,DFS_RADIUS,0.024780273,0.99609375,DFS_RADIUS,0.00075531,"The program reads the grid dimensions \(N,M\), the maximum number of moves \(P\), and the starting cell \((L,C)\). After converting the coordinates to 0‑based indices it stores the diamond values in a 2‑D vector `mat`. A second 2‑D boolean array `visited` keeps track of cells that have already been processed.

The core of the algorithm is a breadth‑first search that expands level by level up to depth \(P\). Two queues, `current` and `next`, hold the frontier cells for the current and next levels. Initially `next` contains only the starting position. For each level from 0 to \(P\):

1. `current` is set to the contents of `next`, and `next` is cleared.
2. While `current` is not empty, the algorithm pops a cell \((x,y)\). 
 - If it has already been visited, it is skipped. 
 - Otherwise it is marked visited, its value is compared to a running maximum `maxx` for this level, and all unvisited neighboring cells (north, south, east, west) are added to `next` via the helper `get_neighbors`.
3. After processing all cells of the current level, the overall result `res` is updated to the larger of its current value and `maxx`.

The helper `get_neighbors` receives the matrix, a coordinate pair, and a copy of the visited array. It returns a vector of adjacent coordinates that lie inside the grid and have not yet been visited. The visited array is passed by value, so the helper only reads it; the main loop updates the original array.

After the loop finishes, `res` holds the maximum diamond value that can be reached in at most \(P\) moves, and this value is printed. The algorithm runs in \(O(NM)\) time and uses \(O(NM)\) additional memory for the visited array and the queues."
1314234743,50,java,GEOMETRIC_SCAN,GEOMETRIC_SCAN,YES,1,BFS_RADIUS,0.000335693,1,SORTED_MANHATTAN,0.001029968,"The program reads the grid dimensions \(N\) and \(M\), the maximum number of moves \(P\), and the starting position \((L,C)\) (converted to 0‑based indices). It then reads the \(N \times M\) matrix of diamond values. While scanning the matrix it computes the Manhattan distance from the starting cell to the current cell. If this distance is strictly less than \(P+1\) (i.e., the cell can be reached in at most \(P\) steps), the program compares the cell’s value with a running maximum and updates the maximum if the current value is larger. After all cells have been examined, the program outputs the largest value found among all cells that are reachable within the allowed number of moves. The algorithm uses a single nested loop over the grid and a simple distance check, storing only the current maximum value."
1314234751,37.5,cpp,GEOMETRIC_SCAN,GEOMETRIC_SCAN,YES,1,BFS_RADIUS,0.000379562,1,SORTED_MANHATTAN,0.000553131,"The program reads the grid dimensions \(N\) and \(M\), the maximum number of moves \(P\), and the starting position \((L,C)\). It then reads the \(N\times M\) matrix of diamond values into a 1‑based array `mat`. 

To find the best diamond reachable in at most \(P\) steps, the code iterates over rows \(i\) from \(L-P\) to \(L+P\). For each row it keeps a variable `aux` that represents the horizontal reach allowed at that row: it starts at 0 and is increased by one for each row above the start and decreased for each row below. Inside the row loop it scans columns \(j\) from \(C-aux\) to \(C+aux\), checking that the indices stay within the grid bounds (although the column bound check mistakenly uses \(n\) instead of \(m\)). For every cell in this diamond‑shaped region it updates a running maximum `max` with the cell’s value. 

After all rows have been processed, the program prints the maximum value found. The algorithm therefore attempts to examine all cells that are at Manhattan distance at most \(P\) from the starting position, but due to the incorrect bound checks it may skip or incorrectly include some cells. The final output is the largest diamond value among the cells considered."
1314234757,41.07,java,GEOMETRIC_SCAN,GEOMETRIC_SCAN,YES,1,BFS_RADIUS,0.00015831,1,SORTED_MANHATTAN,0.000261307,"The program reads the grid dimensions \(N\) and \(M\), the maximum number of moves \(P\), and the starting coordinates \(L, C\). It stores the diamond values in a 1‑based array `mat`. 

To find the highest value reachable in at most \(P\) steps, the code enumerates every cell whose Manhattan distance from the start is no larger than \(P\). It does this by iterating over rows \(i\) from \(\max(1, L-P)\) to \(\min(N, L+P)\). For each such row it computes an offset \(d = P - |i-L|\); this offset gives the horizontal reach in that row. The columns considered are from \(\max(1, C-d)\) to \(\min(M, C+d)\). Inside the nested loops the program checks that the current cell is within bounds (a redundant safety check) and updates the best value found so far. 

Finally, the maximum diamond value discovered in this diamond‑shaped region is printed. The algorithm is a straightforward brute‑force scan of all cells within the allowed Manhattan distance, using simple arithmetic to bound the search area."
1314234759,42.86,java,GEOMETRIC_SCAN,GEOMETRIC_SCAN,YES,1,BFS_RADIUS,0.000203133,1,SORTED_MANHATTAN,0.001029968,"The program reads the grid dimensions \(N\) and \(M\), the maximum number of moves \(P\), and the starting position \((L,C)\). It then reads an \(N\times M\) matrix of integer values, storing it in a 1‑based array `matrix`. The value at the starting cell is taken as the initial maximum beauty `frumuseteMax`.

To find a better diamond, the code iterates over a square window centered at the start: rows from `max(1, L-P)` to `min(N, L+P)` and columns from `max(1, C-P)` to `min(N, C+P)` (note that the column upper bound mistakenly uses `N` instead of `M`). For each cell \((i,j)\) in this window it computes the Manhattan distance to the start using `computeDistance(L,C,i,j)`. If that distance is at most \(P\) and the cell’s value exceeds the current maximum, the maximum is updated. After scanning all eligible cells, the program outputs the highest value found.

Thus the algorithm simply checks every cell whose Manhattan distance from the start is within the allowed number of moves, keeping the largest value among them. It does not perform any path‑finding or dynamic programming; it relies on the fact that any cell within that distance is reachable in at most \(P\) steps."
1314234772,37.5,cpp,GEOMETRIC_SCAN,GEOMETRIC_SCAN,YES,0.99609375,BFS_RADIUS,0.000709534,0.99609375,SORTED_MANHATTAN,0.001167297,"The program reads the grid dimensions \(N\) and \(M\), the maximum number of moves \(P\), and the starting position \((L,C)\). It then reads the \(N\times M\) matrix of diamond values into a 1‑based vector `mat`. 

To find the best reachable diamond, the code iterates over rows \(i\) from \(L-P\) to \(L+P\). For each row it keeps a variable `aux` that represents the horizontal reach allowed at that row. Initially `aux` is 0; it is increased by one for each row above the start and decreased for each row below, so that the set of visited cells forms a diamond shape centered at \((L,C)\). For each row it scans columns \(j\) from \(C-aux\) to \(C+aux\), checking that the indices stay within the grid bounds (although the column bound mistakenly uses \(n\) instead of \(m\)). During this scan it keeps track of the maximum value seen in `max`. 

After all rows are processed, the program prints the maximum value found. The algorithm therefore attempts a breadth‑first‑like diamond traversal limited by the number of moves, but it uses a simple nested loop rather than an explicit search."
1314234782,1.79,java,GREEDY_NEIGHBOR_WALK,GEOMETRIC_SCAN,NO,0.96484375,GEOMETRIC_SCAN,0.017700195,0.96875,GREEDY_NEIGHBOR_WALK,0.017700195,"The program reads the grid dimensions, the maximum number of moves P, and the starting position (L, C). It stores the grid in a 1‑based array `matrix`. It then initializes `max` to the value at the starting cell and keeps two variables `L1` and `C1` that will hold the coordinates of the best cell found.

In a loop that runs exactly P times, the code looks at the four orthogonal neighbours of the starting cell (north, south, west, east). For each neighbour it checks whether its value is larger than the current `max`. If so, it updates `max` and records that neighbour’s coordinates in `L1` and `C1`. The loop does **not** change the current position `L` and `C`; it repeatedly compares the same four neighbours, so after the first iteration the values of `max`, `L1`, and `C1` will never change again.

After the loop finishes, the program outputs the value stored in `matrix[L1][C1]`, which is the maximum value among the starting cell and its four immediate neighbours (or the starting cell itself if all neighbours are smaller). The number of allowed moves P has no effect beyond the redundant iterations."
1314234797,8.93,java,GEOMETRIC_SCAN,GEOMETRIC_SCAN,YES,1,BFS_RADIUS,0.000431061,0.9921875,SORTED_MANHATTAN,0.003158569,"The program reads the grid dimensions \(N\) and \(M\), the maximum number of moves \(P\), and the starting position \((L,C)\) (converted to 0‑based indices). It then reads the \(N\times M\) matrix of diamond values. 

If \(P=1\) the code attempts to examine the four orthogonal neighbours of the starting cell. It stores each neighbour’s value in temporary variables \(s1\)–\(s4\) (with a bug that overwrites \(s3\) when checking the right neighbour). It then takes the maximum of these four values and prints it. 

For \(P>1\) the program constructs a rectangular sub‑grid that is intended to contain all cells reachable within at most \(P\) steps. The rectangle’s bounds are calculated as \([\,\max(0,\,L-P-1),\,\min(N,\,L+P-1)\,)\) for rows and similarly for columns. It then iterates over every cell in this rectangle, keeping track of the largest value encountered, and finally prints that maximum. The algorithm therefore outputs the highest diamond value found in the computed neighbourhood, not necessarily the true reachable set."
1314234803,41.07,cpp,GEOMETRIC_SCAN,GEOMETRIC_SCAN,YES,0.99609375,BFS_RADIUS,0.000907898,1,SORTED_MANHATTAN,0.000553131,"The program reads the grid dimensions \(N\) and \(M\), the maximum number of moves \(P\), and the starting position \((L,C)\). It then reads the \(N\times M\) matrix of diamond values into a 1‑based vector `mat`. 

To find the largest value reachable in at most \(P\) steps, the code iterates over all rows \(i\) from \(L-P\) to \(L+P\). For each such row it keeps a variable `aux` that represents the horizontal reach allowed at that row: `aux` starts at 0, increases by one for each row above the start until the start row, then decreases by one for each row below. Thus for a given row \(i\) the code scans columns \(j\) from \(C-aux\) to \(C+aux\). During the scan it checks that the indices stay within the grid bounds (although the bounds checks are slightly off because the matrix is 1‑based). Whenever a cell’s value exceeds the current maximum, the maximum is updated. 

After all rows in the diamond‑shaped region have been examined, the program prints the maximum value found. This approach effectively explores all cells whose Manhattan distance from the starting position is no greater than \(P\)."
1314234805,12.5,java,DFS_RADIUS,DFS_RADIUS,YES,0.53515625,GREEDY_NEIGHBOR_WALK,0.196289063,0.765625,GREEDY_NEIGHBOR_WALK,0.1171875,"The program reads the size of a rectangular grid (N rows, M columns), the maximum number of moves P, and the starting position (L, C). It then stores the integer value of each cell in a 1‑based array `val`. The variable `max` is initialized with the value of the starting cell.

The core of the solution is the recursive method `aux(l, c, p)`. For a given position `(l, c)` and remaining steps `p`, the method first checks if no steps are left; if so it simply returns the value of the current cell. Otherwise it recursively calls itself for each of the four orthogonal neighbours (north, south, west, east) that stay inside the grid, decrementing the step counter by one. Each recursive call returns the maximum diamond value reachable from that neighbour within the remaining steps. After obtaining the four candidate values, the method updates the global `max` variable if any of them is larger than the current `max`. Finally it returns `max`.

The `solve()` method merely invokes `aux` with the initial position and step count, and prints the value returned. No memoisation or pruning is performed, so the algorithm explores all possible paths of length up to `P`, leading to an exponential time complexity. The program outputs the largest diamond value that can be reached from the starting cell in at most `P` moves."
1314234819,1.79,java,GREEDY_NEIGHBOR_WALK,GREEDY_NEIGHBOR_WALK,YES,0.96875,GEOMETRIC_SCAN,0.022705078,1,UNKNOWN,0.00062561,"The program reads the grid dimensions, the maximum number of moves \(P\), and the starting position \((L,C)\). It stores the diamond values in a 2‑D array `matrix`. The value at the starting cell is taken as the initial maximum (`fmax` and `finall`). 

If no moves are allowed the program simply outputs the starting value. Otherwise it enters a loop that runs exactly \(P\) times. In each iteration it examines the four orthogonal neighbours of the current position (up, right, down, left) by indexing the array with `L-2`, `L-1`, `L`, `C-2`, `C-1`, `C`, etc. It selects the neighbour with the largest value (`fmax`) and updates the current coordinates to that neighbour. If this new value exceeds the best value seen so far (`finall`), it updates `finall`. The loop counter `moves` is incremented until it reaches \(P\). 

After the loop the program prints `finall`, which is the maximum diamond value that could be reached in at most \(P\) steps according to the greedy rule of always moving to the locally highest neighbour. The implementation does not perform any bounds checking on the neighbour indices, so it may access invalid array positions if the current cell is on the grid edge."
1314234834,1.79,java,GEOMETRIC_SCAN,GREEDY_NEIGHBOR_WALK,NO,0.71484375,GREEDY_NEIGHBOR_WALK,0.180664063,1,UNKNOWN,0.00014019,"The program reads the grid dimensions \(N\) and \(M\), the maximum number of moves \(P\), and the starting position \((L,C)\) (converted to 0‑based indices). It then reads the \(N\times M\) matrix of diamond values. 

For each of the \(P\) moves it calls the helper `getMax`, which examines the four orthogonal neighbours of the current cell: down \((l+1,c)\), right \((l,c+1)\), left \((l,c-1)\), and up \((l-1,c)\). It keeps a pair \((x,y)\) that initially points to the down neighbour and then updates it whenever a neighbour with a strictly larger value is found. After the loop, the current position \((L,C)\) is updated to the chosen neighbour. 

After performing up to \(P\) such greedy steps, the program outputs the value of the diamond at the final position. If \(P=0\) it simply prints the value at the starting cell. The algorithm therefore moves the piece greedily to the locally highest neighbour at each step, without considering longer‑range possibilities."
1314234837,16.07,java,DFS_RADIUS,DFS_RADIUS,YES,0.8671875,GREEDY_NEIGHBOR_WALK,0.049072266,0.94921875,GREEDY_NEIGHBOR_WALK,0.025268555,"The program reads the grid dimensions \(N\) and \(M\), the maximum number of moves \(P\), and the starting coordinates \((L,C)\). It then stores the diamond values in a 1‑based array `grid` and creates a parallel boolean array `visited` to mark cells that have already been entered during a recursive search.

Starting from the initial cell, the method `getMax` performs a depth‑first traversal. At each call it marks the current cell as visited, updates the global variable `max` if the diamond value in that cell is larger, and then recursively explores the four orthogonal neighbours (north, west, south, east) provided the neighbour lies inside the grid and has not yet been visited. The recursion depth is decremented on each move; when the remaining depth becomes negative the call returns immediately. Because a cell is never un‑marked after returning, the search never revisits the same cell within a single path, effectively exploring all simple paths of length up to \(P\) starting from the initial position.

After the recursive exploration finishes, the program prints the maximum diamond value found among all reachable cells within the allowed number of moves. The algorithm is a brute‑force DFS that tracks visited cells to avoid cycles, but it does not backtrack the visited marks, so each cell can be visited at most once per path."
1314234838,8.93,java,DP_RADIUS,DP_RADIUS,YES,0.890625,DFS_RADIUS,0.0390625,0.6328125,DFS_RADIUS,0.263671875,"The program reads the grid dimensions \(N\) and \(M\), the maximum number of moves \(P\), and the starting position \((L,C)\). The grid values are stored in a 1‑indexed array `matrice`. A second array `dp` of the same size is used to cache results of subproblems; every entry is initially set to `Integer.MIN_VALUE` to indicate “not yet computed”.

The core routine is the recursive method `helperDiamond(i,j,ramase)`. It returns the largest diamond value that can be reached from cell \((i,j)\) when exactly `ramase` moves remain. If no moves are left (`ramase==0`) the method simply returns the value stored in `matrice[i][j]`. Otherwise the method explores the four orthogonal neighbours (north, west, south, east) that stay inside the grid. For each neighbour it first checks whether the result for that neighbour with one fewer remaining move has already been computed and stored in `dp`. If not, it recursively calls itself for that neighbour with `ramase-1` and then stores the returned value in `dp`. The maximum of the four neighbour results is kept in a local variable `max`. After all neighbours are processed, the current cell’s value in `matrice` is overwritten with this maximum, and the maximum is returned.

The initial call is `helperDiamond(L,C,P)`. The returned value is printed as the answer. The algorithm therefore performs a depth‑first search with memoisation over all paths of length up to `P`, but it does not correctly account for the fact that the same cell may be visited multiple times with different remaining‑move counts; it simply keeps the best value found for each cell regardless of the remaining steps. The recursion depth is bounded by `P`, and the program uses the two 2‑D arrays to store intermediate results."
1314234839,50,java,GEOMETRIC_SCAN,GEOMETRIC_SCAN,YES,1,BFS_RADIUS,0.000230789,1,SORTED_MANHATTAN,0.000709534,"The program reads the grid dimensions \(N\) and \(M\), the maximum number of moves \(P\), and the starting position \((L,C)\). It then reads the \(N \times M\) matrix of diamond values, storing it in a 1‑based array `matrix`. 

The algorithm keeps a variable `frumuseteMax` initialized to the value at the starting cell. It iterates over all cells whose row index lies between \(\max(1,L-P)\) and \(\min(N,L+P)\) and whose column index lies between \(\max(1,C-P)\) and \(\min(M,C+P)\). For each such cell \((i,j)\) it computes the Manhattan distance to the start using `computeDistance(L,C,i,j)`. If this distance is at most \(P\) and the cell’s value exceeds the current maximum, `frumuseteMax` is updated. 

After scanning the bounded diamond-shaped region, the program outputs the largest diamond value that can be reached within at most \(P\) moves. The solution is a straightforward brute‑force search over the cells that satisfy the distance constraint."
1314234840,41.07,cpp,GEOMETRIC_SCAN,GEOMETRIC_SCAN,YES,0.99609375,SORTED_MANHATTAN,0.001922607,1,SORTED_MANHATTAN,0.000261307,"The program reads the grid dimensions `n` and `m`, the maximum number of moves `mutari` (P), and the starting position `(l, c)` (1‑based indices). It then reads the `n × m` matrix of diamond values into a 1‑based vector `mat`. 

To find the highest value reachable within at most `mutari` steps, the code scans a diamond‑shaped region centered at `(l, c)` whose Manhattan radius is `mutari`. It uses a variable `aux` that starts at 0 and is increased while the outer loop index `i` is below the start row `l`, then decreased once `i` passes `l`. For each row `i` in the range `l‑mutari … l+mutari` (clipped to the grid bounds), the inner loop iterates over columns `j` from `c‑aux` to `c+aux`, again clipped to the grid limits. During this traversal the program keeps track of the maximum value seen in `max`. 

Finally, it prints this maximum value. The algorithm therefore performs a single pass over all cells whose Manhattan distance from the starting position does not exceed `mutari`, selecting the largest diamond value among them."
1314234854,1.79,cpp,GEOMETRIC_SCAN,GEOMETRIC_SCAN,YES,0.9765625,UNKNOWN,0.01574707,0.96875,UNKNOWN,0.022705078,"The program reads the size of a rectangular grid (N rows, M columns), the maximum number of moves P, and the starting position (L, C). It then stores the integer value of each cell in a 2‑D array `grid`. 

After reading the input, the program initializes `final_result` to a very small number. It then performs a loop that iterates exactly `P` times. In each iteration it does **not** move the piece; instead it simply looks at the four cells that are immediately north, south, west, and east of the original starting position. The values of those four cells are passed to the helper function `get_max`, which is intended to return the largest of the four numbers. However, due to a copy‑paste error the function actually compares each candidate to the current maximum but then assigns the result to the variable `South` instead of the correct variable, so the returned value is always the value of the southern neighbor. The loop keeps the largest value returned by `get_max` in `final_result`. 

When the loop finishes, if `P` is zero the program outputs the value of the starting cell; otherwise it outputs `final_result`, which is the maximum value among the southern neighbors of the starting cell (repeated `P` times, but the result does not change). Thus the program effectively reports the value of the cell directly south of the starting position, unless no moves are allowed, in which case it reports the starting cell’s value."
1314234858,50,java,GEOMETRIC_SCAN,GEOMETRIC_SCAN,YES,0.99609375,SORTED_MANHATTAN,0.001701355,1,SORTED_MANHATTAN,0.001327515,"The program reads the grid dimensions \(N\) and \(M\), the maximum number of moves \(P\), and the starting position \((L,C)\) (converted to 0‑based indices). It then reads the \(N \times M\) matrix of diamond values into a 2‑dimensional array. 

The variable `best` is initialized with the value of the diamond at the starting cell. The program iterates over every cell \((i,j)\) of the grid, computing the Manhattan distance from the start as `k = |l-i|` and `h = |c-j|`. If the sum `k + h` is less than or equal to \(P\), the cell is reachable within the allowed moves, and the program updates `best` if the diamond value at that cell is larger than the current `best`. 

After examining all cells, the program prints the maximum diamond value that can be reached in at most \(P\) moves. The algorithm is a straightforward brute‑force scan using Manhattan distance to determine reachability."
1314234877,1.79,java,GREEDY_NEIGHBOR_WALK,GREEDY_NEIGHBOR_WALK,YES,0.9453125,GEOMETRIC_SCAN,0.041503906,1,UNKNOWN,0.000431061,"The program reads the size of a rectangular grid (N rows, M columns), the maximum number of moves P, and the starting position (L, C) – converted to 0‑based indices. It then reads the N × M matrix of integer diamond values. 

For each of the P moves it calls the helper `getMax`, which examines the four cells that are directly north, east, south, and west of the current position. It starts by assuming the south neighbour (row + 1, same column) is the best, then compares that value with the east neighbour, the west neighbour, and finally the north neighbour, updating the candidate coordinates whenever a larger value is found. The function returns the coordinates of the neighbour with the largest value among those four. The main loop updates the current position to these coordinates for the next iteration. 

After performing up to P such greedy steps, the program outputs the value of the diamond located at the final position. The algorithm therefore moves the piece greedily to the locally highest adjacent diamond at each step, without any boundary checks or consideration of the overall path."
1314234878,5.36,java,DFS_RADIUS,DFS_RADIUS,YES,0.36328125,GREEDY_NEIGHBOR_WALK,0.25,0.9375,DP_RADIUS,0.028320313,"The program reads the size of a rectangular grid (N rows, M columns), the maximum number of moves P, and the starting position (L, C). It then reads an N × M matrix of integer values that represent the diamonds in each cell. The variable `max` is initially set to the value of the starting cell.

The core of the solution is a recursive depth‑first search implemented in the method `aux`. The method receives the current coordinates and the remaining number of moves. If no moves are left, it simply returns the value of the current cell. Otherwise, it attempts to move one step north, south, west, or east, provided the move stays inside the grid and the target cell has not been visited in the current recursion path (checked via the `viz` array). For each valid direction it recursively calls `aux` with one fewer remaining move. After exploring all possible directions, it marks the current cell as visited, updates the global `max` variable with the largest value returned from any of the recursive calls, and finally returns this maximum.

The `solve` method initializes the visitation array and invokes `aux` starting from the initial position with P moves. The value returned by `aux` (which is the global maximum found) is printed as the result. The algorithm explores all reachable cells within at most P steps, keeping track of the highest diamond value encountered during the search."
1314234881,3.57,java,GEOMETRIC_SCAN,GEOMETRIC_SCAN,YES,0.984375,UNKNOWN,0.009643555,1,BFS_RADIUS,0.000131607,"The program reads the size of a rectangular grid, the maximum number of moves P, and the starting position (L, C). It stores the grid values in a 1‑based array `table`. 

It then scans up to P cells in each of the four cardinal directions from the start. For each step i it compares the value of the cell directly north (`table[L‑i][C]`), directly west (`table[L][C‑1]`), directly east (`table[L][C+i]`), and directly south (`table[L+i][C]`) with the current best value found in that direction, keeping the maximum for each direction in the variables `nord`, `vest`, `est`, and `sud`. (Note that the west and east checks use a fixed offset of 1 and 0 + i respectively, and the east value is mistakenly stored in `vest`.)

After the loop, the program starts with `max` equal to the value at the starting cell. It then checks each direction in turn: if a direction’s maximum is strictly greater than the other three direction maxima, it updates `max` to that value. Finally it prints `max`.

Thus the output is the value of the starting cell or, if one of the four direction maxima is strictly the largest among them, that direction’s maximum value. The program does not consider any path that turns or uses more than one step in a direction; it only looks at the farthest cell in each straight line up to P steps."
1314234882,35.71,cpp,GEOMETRIC_SCAN,GEOMETRIC_SCAN,YES,1,BFS_RADIUS,0.000179291,0.99609375,SORTED_MANHATTAN,0.001701355,"The program reads the grid dimensions \(N\) and \(M\), the maximum number of moves \(P\), and the starting position \((L,C)\). It then reads the \(N \times M\) matrix of diamond values into an array of vectors, one vector per row. 

To find the best diamond reachable in at most \(P\) steps, the code iterates over a square window centered at the start: rows from \(L-P\) to \(L+P\) and columns from \(C-P\) to \(C+P\). For each cell \((i,j)\) inside this window it first checks that the cell lies inside the grid bounds. It then computes the Manhattan distance \(|L-i|+|C-j|\); if this distance exceeds \(P\) the cell is skipped. Otherwise the value stored in that cell is compared with a running maximum, which is updated whenever a larger value is found. 

After scanning all eligible cells, the maximum value found is printed as the result. The algorithm therefore examines only those cells whose Manhattan distance from the starting position does not exceed the allowed number of moves, and selects the largest diamond value among them."
1314234886,1.79,cpp,GREEDY_NEIGHBOR_WALK,GREEDY_NEIGHBOR_WALK,YES,0.98046875,GEOMETRIC_SCAN,0.012329102,1,UNKNOWN,0.000553131,"The program reads the grid dimensions \(N\) and \(M\), the maximum number of moves \(P\), and the starting position \((L,C)\). It then reads the \(N\times M\) matrix of diamond values into a 1‑based array `v`. If no moves are allowed (\(P=0\)), it simply outputs the value at the starting cell.

Otherwise the code pads the array with a sentinel value of `-INT_MAX` on all four borders so that any attempt to move outside the grid will be ignored. It then performs a greedy walk for exactly \(P\) steps: at each step it looks at the four orthogonal neighbours of the current cell, chooses the neighbour with the largest value, moves the current position to that neighbour, and records the largest value seen so far (`frum_max`). After completing the loop it prints this maximum value.

Thus the program implements a simple “always step to the locally highest neighbour” strategy, tracking the highest diamond value encountered along that deterministic path of up to \(P\) moves."
1314234887,50,java,GEOMETRIC_SCAN,GEOMETRIC_SCAN,YES,1,SORTED_MANHATTAN,0.000335693,1,SORTED_MANHATTAN,0.001327515,"The program reads the grid dimensions \(N\) and \(M\), the maximum number of moves \(P\), and the starting position \((L,C)\). It then reads an \(N \times M\) matrix of integer diamond values, storing them in a 1‑based array `matrix`. 

The algorithm initializes the answer `max` with the value of the starting cell. It then iterates over every cell \((i,j)\) in the grid. For each cell it computes the Manhattan distance to the start, \(|L-i|+|C-j|\). If this distance is at most \(P\), the cell is reachable within the allowed moves, and the program compares its value with the current `max`, updating `max` if a larger value is found. 

After scanning all cells, the program outputs the maximum diamond value that can be reached in at most \(P\) moves. The solution relies on a simple double loop and a distance check, without any recursion or advanced data structures."
1314234890,41.07,cpp,GEOMETRIC_SCAN,GEOMETRIC_SCAN,YES,0.99609375,SORTED_MANHATTAN,0.001029968,1,SORTED_MANHATTAN,0.000709534,"The program reads the grid dimensions \(N\) and \(M\), the maximum number of moves \(P\), and the starting position \((L,C)\). It then reads an \(N\times M\) matrix of long‑long values, storing it in a 1‑based vector `mat`. 

To find the largest diamond‑shaped region reachable in at most \(P\) steps, the code iterates over rows \(i\) from \(L-P\) to \(L+P\). For each row it keeps a variable `aux` that represents the horizontal radius allowed at that row. Initially `aux` is 0; it is increased by one for each row above the start and decreased for each row below, so that the horizontal span grows as the row index moves away from \(L\). For each valid row \(i\) (within the grid bounds) the inner loop scans columns \(j\) from \(C-aux\) to \(C+aux\), again checking that \(j\) lies inside the grid. During this scan the program keeps track of the maximum value seen in `max`. 

After all rows have been processed, the program prints the maximum value found. The algorithm therefore examines all cells that lie within a Manhattan distance of at most \(P\) from the starting cell, using a simple nested loop with a growing horizontal window."
1314234901,3.57,cpp,GEOMETRIC_SCAN,GEOMETRIC_SCAN,YES,0.9921875,UNKNOWN,0.004058838,0.98828125,SORTED_MANHATTAN,0.007537842,"The program reads the grid dimensions `n` and `m`, the maximum number of moves `k`, and the starting position `(x, y)` (converted to 0‑based indices). It then reads the `n × m` matrix of diamond values into `mat`. An auxiliary `visited` array is created but never used.

The core of the algorithm is a double loop that tries to examine cells that are a fixed Manhattan distance `k` away from the start. The outer loop iterates `level` from `0` to `k`. For each `level`, the inner loop iterates `i` from `0` to `level` and sets `j = k - i`. Four conditional checks are performed, each intended to look at one of the four “quadrants” relative to the start: north‑west, north‑east, south‑west, and south‑east. In each case the code verifies that the target coordinates are inside the grid (using `> 0` or `< m`/`< n` comparisons) and then updates the maximum result `res` with the value at `mat[x-i][y-j]`. Note that all four branches mistakenly use the same index expression `mat[x-i][y-j]` instead of adjusting the row or column for the other directions.

After the loops finish, the program outputs the maximum value found in `res`. The algorithm therefore attempts to find the largest diamond value among cells that lie exactly `k` steps away in Manhattan distance from the starting position, but due to the indexing errors it actually only considers a subset of those cells and may miss the true maximum."
1314234906,1.79,java,GREEDY_NEIGHBOR_WALK,GREEDY_NEIGHBOR_WALK,YES,0.984375,GEOMETRIC_SCAN,0.008544922,0.6640625,GEOMETRIC_SCAN,0.16796875,"The program reads the grid dimensions, the maximum number of moves \(P\), and the starting position \((L,C)\). It stores the grid in a 1‑based array `matrix`. After reading all values it scans the whole matrix once to find the overall maximum value `max1`.

Starting from the initial cell, the program keeps a pair of coordinates `L1` and `C1` (initially the start). It then enters a loop that runs at most \(P\) times. In each iteration it first checks whether the current cell’s value equals the global maximum; if so it stops early. Otherwise it compares the values of the four orthogonal neighbours (north, south, west, east) and, if any neighbour has a strictly larger value than the current `max`, it updates `max` and records that neighbour’s coordinates in `L1` and `C1`. After examining all four neighbours it decrements the remaining move counter `P`. Note that the loop does **not** update the current position `L` and `C`, so each iteration always compares neighbours of the original starting cell.

When the loop finishes, the program outputs the value stored at the last recorded coordinates `matrix[L1][C1]`. Thus the output is the value of the highest‑valued neighbour that could be reached in at most \(P\) steps, but the algorithm never actually moves the piece beyond the first step and ignores boundary checks, potentially accessing out‑of‑bounds indices."
1314234907,41.07,java,GEOMETRIC_SCAN,GEOMETRIC_SCAN,YES,1,SORTED_MANHATTAN,0.000553131,1,SORTED_MANHATTAN,0.001167297,"The program reads the grid dimensions \(N\) and \(M\), the maximum number of moves \(P\), and the starting position \((L,C)\). It then reads an \(N \times M\) matrix of integer diamond values, storing it in a 1‑based array `matrix`. 

To find the best diamond reachable in at most \(P\) steps, the code iterates over all integer offsets \((i,j)\) such that the Manhattan distance \(|i|+|j|\) does not exceed \(P\). This is achieved by looping `i` from \(-P\) to \(P\) and, for each `i`, looping `j` from \(-P+|i|\) to \(P-|i|\). For every offset, it checks whether the resulting cell \((L+i, C+j)\) lies inside the grid bounds. If it does, the diamond value at that cell is compared with a running maximum `MAX_DIAMOND`, which is updated whenever a larger value is found. The initial value of `MAX_DIAMOND` is set to \(-200\). 

After examining all reachable cells, the program outputs the maximum diamond value found. The algorithm is a brute‑force scan of all cells within the diamond-shaped region of radius \(P\) centered at the starting position."
1314234927,10.71,cpp,GEOMETRIC_SCAN,GEOMETRIC_SCAN,YES,0.99609375,SORTED_MANHATTAN,0.000801086,0.9921875,SORTED_MANHATTAN,0.004058838,"The program reads the grid dimensions \(n\) and \(m\), the maximum number of moves \(k\), and the starting position \((x,y)\) (converted to 0‑based indices). It then reads the \(n \times m\) matrix of diamond values into a 2‑D vector `mat`. An auxiliary `visited` matrix is created but never used.

The core of the algorithm is a double loop that iterates over all pairs \((i,j)\) such that \(i+j = k\). The outer loop runs `level` from 0 to `k`, and the inner loop runs `i` from 0 to `level`; for each `i` it sets `j = k - i`. For each pair it checks the four cells that are `i` steps vertically and `j` steps horizontally away from the start, in the four diagonal directions: up‑left, up‑right, down‑left, and down‑right. For each of these four positions it verifies that the coordinates are strictly inside the grid (using `> 0` and `< n`/`< m` checks, which actually exclude the boundary cells) and updates the maximum value `res` with the diamond value at that cell.

After exhausting all such pairs, the program outputs the maximum diamond value found among all cells that lie exactly at Manhattan distance `k` from the starting position (subject to the off‑by‑one boundary checks). The algorithm does not consider any cells reachable in fewer than `k` moves, nor does it perform any pathfinding; it simply scans the diagonal “shell” at distance `k`."
1314234943,8.93,java,DP_RADIUS,DFS_RADIUS,NO,0.81640625,DFS_RADIUS,0.076171875,0.4375,DP_RADIUS,0.33984375,"The program reads a rectangular grid of integers and a starting position (L, C) together with a maximum number of moves P. All indices are treated as 1‑based. It keeps two 2‑D arrays of size (N+1)×(M+1): `matrice`, which initially holds the diamond values, and `dp`, which is filled with `Integer.MIN_VALUE` to mark cells whose best reachable value has not yet been computed.

The core routine is the recursive method `helperDiamond(i, j, ramase)`. It is called with the starting coordinates and the remaining number of moves. If no moves are left (`ramase==0`) the method simply returns the value stored in `matrice[i][j]`. Otherwise it looks at the four orthogonal neighbours (north, west, south, east) that stay inside the grid. For each neighbour it first checks whether `dp` already contains a computed result; if not it recurses into that neighbour with one fewer remaining move. The maximum value returned from any neighbour is kept in `max`. After examining all valid neighbours, the method writes this maximum into `matrice[i][j]` (overwriting the original value) and returns it. The `dp` array is never updated after the initial fill, so the memoisation check is ineffective and the same subproblems are recomputed many times.

Finally, `getSolution()` simply calls `helperDiamond(L, C, P)` and the main method prints the returned integer. Thus the program attempts to determine the largest diamond value that can be reached from the starting cell in exactly P moves by exploring all possible paths recursively, but it does so with an ineffective memoisation scheme and by corrupting the original grid values during the search."
1314234944,12.5,java,BFS_RADIUS,BFS_RADIUS,YES,0.96875,GEOMETRIC_SCAN,0.010803223,0.99609375,DFS_RADIUS,0.000804901,"The program reads the grid dimensions \(N\) and \(M\), the maximum number of moves \(P\), and the starting coordinates \((L,C)\). It then stores the diamond values in a 1‑based array `mat`. A breadth‑first search is performed using a queue of `Move` objects that hold a cell’s coordinates and the number of moves taken to reach it. The search starts from the initial cell with 0 moves and keeps a running maximum of the diamond value seen.

For each dequeued move, the program updates the maximum if the current cell’s value is larger. If the move count is still less than \(P\), it generates up to four new moves corresponding to the four cardinal directions. The code checks bounds for the horizontal moves correctly, but the vertical “south” move mistakenly uses `y + 1 <= n` instead of `x + 1 <= n`, so it may incorrectly allow or disallow moves. Each generated move is enqueued with an incremented move count. A `seen` array is declared but never used, so the algorithm may revisit cells multiple times.

After the queue is exhausted, the program prints the maximum diamond value that could be reached within at most \(P\) steps."
1314234950,41.07,cpp,GEOMETRIC_SCAN,GEOMETRIC_SCAN,YES,1,BFS_RADIUS,0.000179291,0.99609375,SORTED_MANHATTAN,0.001701355,"The program reads the grid dimensions \(N\) and \(M\), the maximum number of moves \(P\), and the starting position \((L,C)\). It then stores the \(N \times M\) matrix of diamond values in a vector of vectors, indexed from 1 for convenience. 

To find the best diamond reachable in at most \(P\) steps, the code iterates over every cell whose row index lies between \(L-P\) and \(L+P\) and whose column index lies between \(C-P\) and \(C+P\). For each candidate cell it first checks that the coordinates are inside the grid, then verifies that the Manhattan distance \(|L-i|+|C-j|\) does not exceed \(P\). If both conditions hold, the value of that cell is compared with a running maximum, which is initially set to the smallest 32‑bit integer. After scanning all eligible cells, the maximum value found is returned and printed. 

Thus the solution simply enumerates all cells within the diamond‑shaped region centered at the start and bounded by the move limit, selecting the highest diamond value among them."
1314234951,14.29,cpp,GEOMETRIC_SCAN,DFS_RADIUS,NO,0.640625,DFS_RADIUS,0.086914063,0.7890625,DP_RADIUS,0.073730469,"The program reads the grid dimensions \(N\) and \(M\), the maximum number of moves \(P\), and the starting position \((L,C)\). It stores the diamond values in a 1‑based array `a[1001][1001]`. The core of the solution is the recursive function `getMax`, which takes the current coordinates and the remaining number of moves. If no moves are left, it simply returns the value of the current cell. Otherwise, it recursively calls itself for each of the four orthogonal neighbours (north, south, east, west) with one fewer move, and returns the maximum of those four results together with the value of the current cell. The main function invokes `getMax` with the starting position and prints the returned maximum.

Thus the program explores every possible path of length up to \(P\) from the starting cell, considering all four directions at each step, and reports the highest diamond value that can be reached within that number of moves. It does not perform any bounds checking on the recursive calls, so accesses outside the grid would lead to undefined behaviour."
1314234952,3.57,cpp,GREEDY_NEIGHBOR_WALK,GREEDY_NEIGHBOR_WALK,YES,0.953125,GEOMETRIC_SCAN,0.036865234,0.9375,UNKNOWN,0.046630859,"The program reads the size of a rectangular grid (N rows, M columns), the maximum number of moves P, and the starting position (L, C). It then reads the integer value of each cell into a 1‑based array `grid`. 

The main loop runs exactly P times. In each iteration it looks at the four orthogonal neighbours of the current position: north (`grid[L-1][C]`), south (`grid[L+1][C]`), west (`grid[L][C-1]`), and east (`grid[L][C+1]`). It calls `get_max` to determine the largest of these four values. The function `get_max` is intended to return the maximum of the four arguments, but due to a copy‑paste error it actually returns the value of the south neighbour for all cases where the west or east neighbour is larger. 

The program then moves the current position to the neighbour that holds the value returned by `get_max`. If the returned value equals the north neighbour it moves north, if it equals the south neighbour it moves south, if it equals the east neighbour it moves east, and otherwise it moves west. While moving, it keeps track of the largest value encountered in any visited cell in the variable `final_result`. 

After the loop, if no moves were allowed (`P == 0`) the program outputs the value of the starting cell; otherwise it outputs the maximum value found during the simulated walk. The code does not perform any bounds checking on the neighbour accesses, so it may read outside the array when the current position is on the edge of the grid."
1314234957,35.71,cpp,GEOMETRIC_SCAN,GEOMETRIC_SCAN,YES,1,SORTED_MANHATTAN,0.000553131,1,SORTED_MANHATTAN,0.000709534,"The program reads the grid dimensions `n` and `m`, the maximum number of moves `mutari`, and the starting position `(l, c)` (1‑based indices). It then reads the `n × m` matrix of diamond values into a 1‑based vector `mat`. 

To determine the best diamond reachable in at most `mutari` steps, the code performs a single nested loop that sweeps a diamond‑shaped region around the start. The outer loop iterates `i` from `l‑mutari` up to `l+mutari`, stopping when `i` reaches `n`. A helper variable `aux` is used to control the horizontal extent of each row: it starts at 0, increases by 1 for each row above the start until the start row is reached, then decreases by 1 for each row below. For each row `i`, the inner loop runs `j` from `c‑aux` to `c+aux`, stopping when `j` reaches `m`. During this scan, the program keeps track of the maximum value encountered in `max`. 

Finally, the maximum value found is printed. The algorithm therefore attempts to examine all cells whose Manhattan distance from the starting cell does not exceed `mutari`, but the boundary checks (`i < n` and `j < m`) and the use of 1‑based indices mean that the outermost rows and columns may be omitted or accessed incorrectly. The result is the largest diamond value within the intended diamond‑shaped area."
1314234969,42.86,java,BFS_RADIUS,BFS_RADIUS,YES,0.98046875,DFS_RADIUS,0.010864258,1,GEOMETRIC_SCAN,0.000667572,"The program reads the grid dimensions \(N\) and \(M\), the maximum number of moves \(P\), and the starting position \((L,C)\). It then reads the \(N\times M\) matrix of diamond values into a 1‑indexed array `mat`. Two auxiliary arrays of the same size are created: `dist`, which will hold the shortest distance from the start to each cell (initialised to –1), and `maxim`, an array of length \(P+1\) that will keep, for each possible distance \(d\le P\), the largest diamond value that can be reached in exactly \(d\) steps (initialised to the smallest integer).

A simple breadth‑first search is performed using a `LinkedList` as a queue. The start cell is enqueued with distance 0. While the queue is not empty, the front cell is dequeued, its value is used to update `maxim[dist]` if it is larger than the current entry, and its four orthogonal neighbours are examined. A neighbour is added to the queue only if it has not been visited before (`dist == -1`) and the new distance does not exceed \(P\). The distance of a neighbour is set to the current cell’s distance plus one.

After the BFS finishes, the program scans the `maxim` array from 0 to \(P\) to find the overall maximum diamond value that can be reached within the allowed number of moves. This maximum is printed as the result. The algorithm therefore explores all cells reachable within \(P\) steps, records the best value at each exact step count, and finally reports the best value among all those step counts."
1314234980,50,c,GEOMETRIC_SCAN,GEOMETRIC_SCAN,YES,1,SORTED_MANHATTAN,0.001167297,0.9921875,SORTED_MANHATTAN,0.007568359,"The program reads the grid dimensions \(N\) and \(M\), the maximum number of moves \(P\), and the starting position \((L,C)\). It then reads an \(N\times M\) matrix of integer diamond values into a 1‑based array `v`. The value at the starting cell is stored in `initial`.

If no moves are allowed (\(P=0\)), the program simply outputs the starting value. Otherwise it scans every cell of the grid. For each cell \((i,j)\) it computes the Manhattan distance to the start using the helper function `manhattanDistance`. If this distance is at most \(P\) and the cell’s value is strictly larger than the current `initial`, the program updates `initial` to that larger value. After examining all cells, it prints the final `initial`, which represents the maximum diamond value that can be reached within at most \(P\) steps (assuming only the Manhattan distance constraint matters)."
1314234981,3.57,java,GREEDY_NEIGHBOR_WALK,GREEDY_NEIGHBOR_WALK,YES,0.99609375,GEOMETRIC_SCAN,0.002792358,1,UNKNOWN,0.00062561,"The program reads the grid dimensions \(N\) and \(M\), the maximum number of moves \(P\), and the starting position \((L,C)\). It then stores the diamond values in a 1‑based array `table`, padding the first row and column with zeros so that the indices used later are always valid for the input cells.

If no moves are allowed (\(P=0\)), the value at the starting cell is printed immediately. 
Otherwise the program simulates exactly \(P\) steps. In each step it looks at the four orthogonal neighbours of the current position: north \((l-1,c)\), south \((l+1,c)\), west \((l,c-1)\), and east \((l,c+1)\). It first chooses the larger of the north and south neighbours (`max1`), then the larger of the west and east neighbours (`max2`). Between these two candidates it selects the larger one, moves the current position to that cell, and records its value in `finalMax`. This process repeats until the move counter reaches \(P\).

After performing the prescribed number of greedy moves, the program outputs the value of the last cell visited (`finalMax`). The algorithm therefore follows a simple greedy path: at each step it moves to the adjacent cell with the highest diamond value among the two vertical and two horizontal options."
1314235004,8.93,java,GEOMETRIC_SCAN,GEOMETRIC_SCAN,YES,0.99609375,UNKNOWN,0.002182007,1,SORTED_MANHATTAN,0.000804901,"The program reads the grid dimensions `n` and `m`, the maximum number of moves `p`, and the starting position `(line, col)` (converted to 0‑based indices). It then reads the `n × m` matrix of diamond values. 

If `p` equals 1, the code checks the four orthogonal neighbours of the starting cell (north, south, west, east) – provided those neighbours lie inside the grid – and keeps the largest value among them. (A small bug overwrites the west value with the east value, but the intent is to consider all four neighbours.) The result is printed.

For any other `p`, the program constructs a rectangular window around the start: the top‑left corner is at `(max(0, line‑p‑1), max(0, col‑p‑1))` and the bottom‑right corner is at `(min(n, line+p‑1), min(m, col+p‑1))`. It then iterates over every cell inside this rectangle. A convoluted conditional that is always true is used, so effectively every cell in the rectangle is considered. The maximum value found in this sub‑matrix is stored in `max` and finally printed. Thus the program attempts to return the largest diamond value reachable within `p` moves, but it actually scans a square region rather than the true Manhattan‑distance reachable cells."
1314235007,5.36,java,GREEDY_NEIGHBOR_WALK,GREEDY_NEIGHBOR_WALK,YES,0.984375,GEOMETRIC_SCAN,0.012390137,1,UNKNOWN,0.000553131,"The program reads the grid dimensions \(N\) and \(M\), the maximum number of moves \(P\), and the starting position \((L,C)\). It stores the diamond values in a 1‑based array `matrix`. After reading the grid it scans all cells once to determine the overall maximum value `max1`.

Starting from the initial cell, the program repeatedly performs up to \(P\) steps. In each step it looks at the four orthogonal neighbours (north, south, west, east) of the current position and selects the neighbour with the largest diamond value. It updates the current coordinates to that neighbour and decreases the remaining move count. If at any point the selected neighbour already contains the global maximum value, the loop terminates early. The algorithm does not check for grid boundaries; it assumes the neighbours exist.

When the loop ends, the program outputs the value of the diamond at the last chosen position (`matrix[L1][C1]`). Thus the program greedily walks from the start cell, always moving to the locally highest adjacent cell, up to \(P\) moves or until the global maximum is reached."
1314235016,41.07,cpp,GEOMETRIC_SCAN,GEOMETRIC_SCAN,YES,1,BFS_RADIUS,0.000148773,0.99609375,SORTED_MANHATTAN,0.002182007,"The program reads the grid dimensions \(N\) and \(M\), the maximum number of moves \(P\), and the starting position \((L,C)\). It then reads the \(N \times M\) matrix of diamond values into an array of vectors, one vector per row. 

To find the best diamond reachable in at most \(P\) steps, the code iterates over all cells whose row index lies between \(L-P\) and \(L+P\) and whose column index lies between \(C-P\) and \(C+P\). For each candidate cell it first checks that the coordinates are inside the grid, then verifies that the Manhattan distance \(|L-i|+|C-j|\) does not exceed \(P\). If both conditions hold, the value of that cell is compared with the current maximum and the maximum is updated if necessary. 

After scanning all eligible cells, the program outputs the largest diamond value found. The algorithm is a straightforward brute‑force search over the diamond‑shaped region of radius \(P\) centered at the starting position."
1314235026,50,java,GEOMETRIC_SCAN,GEOMETRIC_SCAN,YES,1,SORTED_MANHATTAN,0.000335693,1,SORTED_MANHATTAN,0.001029968,"The program reads the grid dimensions \(N\) and \(M\), the maximum number of moves \(P\), and the starting position \((L,C)\). It then reads the \(N \times M\) matrix of diamond values into a 1‑based array `matrice`. While filling the array it immediately computes the Manhattan distance from each cell to the starting cell: 
\[
\text{dist} = |i-L| + |j-C|.
\]
If this distance is at most \(P\) and the cell’s value is larger than the current best, the program updates a variable `max` with that value. After all cells have been processed, it prints the value stored in `max`.

Thus the algorithm simply scans every cell once, checks whether the cell is reachable within the allowed number of moves (using the Manhattan distance as a proxy for reachability on a grid with four‑direction moves), and keeps track of the largest diamond value among those reachable cells. The output is the maximum reachable diamond value."
1314235028,50,java,GEOMETRIC_SCAN,GEOMETRIC_SCAN,YES,0.99609375,SORTED_MANHATTAN,0.002471924,0.9921875,SORTED_MANHATTAN,0.00668335,"The program reads the grid dimensions \(N\) and \(M\), the maximum number of moves \(P\), and the starting position \((L,C)\). It then reads the value of every cell in the grid. While reading, it keeps track of the largest value among all cells whose Manhattan distance \(|i-L|+|j-C|\) is at most \(P\). This distance check is performed for each cell as it is read; if the cell lies within the reachable diamond around the starting position and its value exceeds the current maximum, the maximum is updated. After all cells have been processed, the program outputs this maximum value. The code does not actually simulate any path or movement; it simply selects the highest-valued cell that lies within the allowed Manhattan distance from the start."
1314235033,12.5,java,DP_RADIUS,DFS_RADIUS,NO,0.60546875,DFS_RADIUS,0.153320313,0.91796875,DP_RADIUS,0.031494141,"The program reads the grid dimensions \(N\) and \(M\), the maximum number of moves \(P\), and the starting position \((L,C)\). It stores the diamond values in a 1‑based array `matrice` and initializes a second array `dp` with the sentinel value `Integer.MIN_VALUE`. 

The core routine is the recursive method `helperDiamond(i,j,ramase)`. When the remaining steps `ramase` reach zero, the method simply returns the value stored in `matrice[i][j]` and records it in `dp[i][j]`. For any other case it explores each of the four orthogonal neighbours (north, west, south, east) that stay inside the grid, recursively calling itself with `ramase‑1`. It keeps the maximum value returned from these neighbours in a local variable `max`. After evaluating all valid neighbours, the method overwrites `matrice[i][j]` with this maximum and returns it. The `dp` array is never used to memoise results beyond the base case, so the recursion recomputes many subproblems repeatedly.

The `solve()` method simply calls `helperDiamond(L,C,P)` and prints the returned value, which is intended to be the highest diamond value reachable from the start within at most \(P\) moves. The algorithm therefore performs a depth‑first search of all paths of length exactly \(P\) from the starting cell, propagating the maximum value found along each path back to the start."
1314235040,50,cpp,GEOMETRIC_SCAN,GEOMETRIC_SCAN,YES,0.99609375,SORTED_MANHATTAN,0.001319885,1,SORTED_MANHATTAN,0.00062561,"The program begins by reading five integers: the number of rows N, the number of columns M, the maximum number of moves P, and the starting position of the piece given by row L and column C. It then reads the N × M grid of diamond values, one integer per cell.

While reading the grid it immediately evaluates a geometric test for each cell. For a cell at coordinates (i, j) (with i and j zero‑based indices), the test checks whether the following inequality holds:

```
abs((j + i + 2) - (L + C)) ≤ P
and
abs(j - C + 1) ≤ P
and
abs(i - L + 1) ≤ P - abs(j - C + 1)
```

If the cell satisfies this condition, its diamond value is appended to a vector called `diamonds`. The test is intended to approximate a Manhattan‑distance constraint from the starting position, but the arithmetic is off by constant offsets and the nested conditions are redundant.

After all cells have been processed, the program calls a helper function `maximum` that scans the `diamonds` vector and returns the largest value found. This maximum is then printed as the result.

Thus, the code collects all diamond values that meet the (incorrect) distance‑like condition and outputs the highest among them. If no cell satisfies the condition, the program will attempt to access the first element of an empty vector, leading to undefined behaviour."
1314235042,42.86,cpp,GEOMETRIC_SCAN,GEOMETRIC_SCAN,YES,1,SORTED_MANHATTAN,0.000335693,1,BFS_RADIUS,8.49E-05,"The program reads the grid dimensions \(N\) and \(M\), the maximum number of moves \(P\), and the starting position \((L,C)\). It then allocates a 1‑based two‑dimensional array and fills it with the diamond values from the input. 

The variable `val` is initialized with the value of the starting cell. 
To find the best diamond reachable in at most \(P\) steps, the code scans all cells whose Manhattan distance from \((L,C)\) is no larger than \(P\). It does this in two parts:

1. **Upper half (rows above the start)** – For each row \(i\) from `max(L-P,1)` up to \(L-1\), the horizontal range that satisfies the distance constraint is \([C-(i-low),\, C+(i-low)]\). The code iterates over this range and updates `val` with the maximum encountered value.

2. **Lower half (rows at or below the start)** – For each row \(i\) from \(L\) up to `min(L+P,N)`, the horizontal range is \([C-(high-i),\, C+(high-i)]\). Again, the code scans this range and updates `val`.

After both loops, `val` holds the maximum diamond value reachable within \(P\) moves, and the program outputs this value. The algorithm essentially enumerates all cells inside the diamond-shaped region centered at the starting position, achieving a time complexity proportional to the area of that region."
1314235046,1.79,java,GREEDY_NEIGHBOR_WALK,GREEDY_NEIGHBOR_WALK,YES,0.90625,GEOMETRIC_SCAN,0.057861328,0.99609375,UNKNOWN,0.003173828,"The program reads the grid dimensions, the maximum number of moves P, and the starting coordinates (L, C). It stores the diamond values in a 1‑based array `matrix`. If no moves are allowed it simply outputs the value at the starting cell.

Otherwise the program performs a greedy walk. It keeps a counter of how many steps have been taken (`count`) and the current diamond value (`currentPos`). While `count` is less than P it repeatedly looks at the four orthogonal neighbours of the current position in the fixed order: north, west, east, south. If a neighbour’s value is strictly greater than the current value, the program moves to that neighbour, updates the coordinates (`L` or `C`), sets `currentPos` to that neighbour’s value, and increments `count`. If none of the neighbours is better, the loop simply continues without moving. The outer double loop over all grid cells is effectively a no‑op; it only serves to allow the inner logic to run until `count` reaches P or the loops finish. After the walk ends, the program prints the value of the diamond at the final position.

Thus the implemented strategy is a simple, bound‑unchecked greedy traversal that always steps to the highest adjacent diamond until the move limit is reached."
1314235048,50,java,GEOMETRIC_SCAN,GEOMETRIC_SCAN,YES,1,SORTED_MANHATTAN,0.000314713,0.98046875,SORTED_MANHATTAN,0.015869141,"The program reads the grid dimensions \(N\) and \(M\), the maximum number of moves \(P\), and the starting position \((L,C)\). It then reads the value of every cell in the \(N \times M\) grid. While reading, it keeps track of the largest value among those cells whose Manhattan distance from the starting position is at most \(P\). The Manhattan distance is computed as \(|i-L|+|j-C|\) for each cell \((i,j)\). After all values have been processed, the program outputs this maximum value. The code does not actually simulate any path; it simply selects the best cell reachable within the allowed number of steps based on the distance metric."
1314235068,5.36,java,GREEDY_NEIGHBOR_WALK,GREEDY_NEIGHBOR_WALK,YES,0.9921875,GEOMETRIC_SCAN,0.005889893,1,UNKNOWN,0.00062561,"The program reads the grid dimensions \(N\) and \(M\), the maximum number of moves \(P\), and the starting coordinates \((L,C)\). It stores the grid values in a 1‑based array `matrix`. After reading the whole grid it scans all cells once to determine the overall maximum value `max1`.

Starting from the initial position, the program keeps a current best value `max` (initially the value at the start) and a tentative new position `L1,C1` (initially the start). In a loop that runs at most \(P\) times, it first checks whether the current best equals the global maximum; if so it stops. Otherwise it examines the four orthogonal neighbours of the current cell (north, south, west, east) without any bounds checking. For each neighbour it updates `max`, `L1`, and `C1` if that neighbour’s value is strictly larger than the current `max`. After considering all neighbours, if the best value has reached the global maximum the loop breaks; otherwise the current position is updated to the new position and the remaining move count is decremented.

When the loop terminates, the program outputs the value stored at the final coordinates `L1,C1`. Thus the algorithm greedily moves from the starting cell to a higher‑valued neighbour at each step, up to \(P\) steps or until the global maximum is reached."
1314235088,35.71,java,GEOMETRIC_SCAN,GEOMETRIC_SCAN,YES,1,BFS_RADIUS,0.000203133,0.99609375,SORTED_MANHATTAN,0.002471924,"The program reads the grid dimensions \(N\) and \(M\), then the grid values into a one‑based array `matrix`. After that it reads the maximum number of moves \(P\) and the starting position \((L,C)\). 

If \(P=0\) the answer is simply the value in the starting cell. 
Otherwise the routine `getAnswer` is called. This routine treats the allowed number of moves as a Manhattan radius. It iterates over all cells whose row index \(i\) lies between \(x-P\) and \(x+P\) and whose column index \(j\) lies between \(y-P\) and \(y+P\). For each such cell it checks that the indices do not exceed the grid bounds (but it does not check the lower bounds) and that the Manhattan distance \(|x-i|+|y-j|\) is at most \(P\). If both conditions hold, the cell’s value is compared to the current maximum and the maximum is updated if the cell’s value is larger or equal. 

After scanning the relevant sub‑grid, `getAnswer` returns the largest value found, which the main method prints. Thus the program outputs the maximum diamond value reachable from the starting position within at most \(P\) moves, assuming movement is restricted to the four cardinal directions."
1314235103,12.5,cpp,BFS_RADIUS,BFS_RADIUS,YES,0.98828125,GEOMETRIC_SCAN,0.005889893,1,DFS_RADIUS,0.000457764,"The program reads the grid dimensions \(N\) and \(M\), the maximum number of moves \(P\), and the starting position \((L,C)\) (1‑based). It then reads the \(N\times M\) matrix of diamond values. Two dynamic arrays are allocated: one to store the grid values and another boolean array to mark whether a cell has already been visited during the search.

A breadth‑first search is performed using three parallel integer arrays that act as a queue: `leeQueueX`, `leeQueueY`, and `pas`. The queue holds the coordinates of cells to be processed and the number of steps taken to reach them. The search starts from the initial cell, marking it visited and setting the current maximum value to the value of that cell. While the queue is not empty, the algorithm dequeues the front element, and if the number of steps taken to reach it is less than \(P\), it examines its four orthogonal neighbours (north, south, east, west). For each neighbour that lies inside the grid and has not yet been visited, the neighbour is marked visited, enqueued with an incremented step count, and its value is compared to the current maximum, updating the maximum if larger.

After all reachable cells within at most \(P\) moves have been processed, the program outputs the maximum diamond value found. The algorithm is a straightforward BFS that guarantees each cell is visited at most once, ensuring linear time in the size of the grid."
1314235110,1.79,java,GEOMETRIC_SCAN,GEOMETRIC_SCAN,YES,0.828125,UNKNOWN,0.126953125,0.90625,GREEDY_NEIGHBOR_WALK,0.044921875,"The program reads the grid dimensions, the maximum number of moves P, and the starting position (L, C). It stores the diamond values in a 1‑based array `F`. 
In `getResult` it initializes the answer with the value at the starting cell. It then enters a loop that runs at most P times, but inside the loop the coordinates `i` and `j` are never updated. Each iteration simply compares the current answer with the four orthogonal neighbours of the starting cell (`F[i][j‑1]`, `F[i][j+1]`, `F[i‑1][j]`, `F[i+1][j]`) and keeps the maximum. After the loop it returns this maximum value. Thus the program effectively reports the largest diamond value among the starting cell and its immediate north, south, east, and west neighbours, ignoring the actual movement constraint."
1314235112,1.79,cpp,GEOMETRIC_SCAN,GEOMETRIC_SCAN,YES,1,SORTED_MANHATTAN,0.000335693,0.98828125,UNKNOWN,0.005889893,"The program reads the size of a rectangular grid (N rows, M columns), the maximum number of moves P, and the starting position (L, C). It then reads the integer value of each cell into a 2‑D array indexed from 1 to N and 1 to M. 

If P is zero the program simply prints the value of the starting cell and terminates. 
Otherwise it attempts to find the largest diamond value that can be reached in at most P steps. It does this with a very limited search: 

* It initializes a variable `response` to 0. 
* It iterates over all cells whose row index `i` satisfies `L‑P+1 ≤ i < L+P‑1` and whose column index `j` satisfies `C‑P+1 ≤ j < C+P‑1`. For each such cell that lies inside the grid, it updates `response` to the maximum of its current value and the cell’s value. 
* After the double loop it explicitly checks the four cells that are exactly P steps away in the cardinal directions (north, south, west, east), provided those cells are inside the grid, and again updates `response` if any of them contain a larger value. 

Finally the program outputs the value stored in `response`. The algorithm therefore considers only a square of side length 2P centered on the start (excluding the outermost ring) plus the four cells on the boundary at distance P, and reports the maximum value among those cells. It does not perform any path‑finding or consider intermediate positions that could be reached in fewer than P steps."
1314235145,50,cpp,GEOMETRIC_SCAN,GEOMETRIC_SCAN,YES,1,BFS_RADIUS,0.000295639,1,SORTED_MANHATTAN,0.000553131,"The program begins by reading five integers: the number of rows \(N\), the number of columns \(M\), the maximum number of moves \(P\), and the starting position of the piece given by row \(L\) and column \(C\). It then declares a two‑dimensional array `grid[1000][1000]` and a variable `max` initialized to the constant `MIN` (‑1000). 

While reading the grid values, the code uses 1‑based indices: the outer loop runs `i` from 1 to `n` and the inner loop runs `j` from 1 to `m`. For each cell `(i,j)` it stores the input value in `grid[i][j]`. Immediately after reading a value, it checks whether the Manhattan distance from the starting cell to `(i,j)`—computed as `abs(i - l) + abs(j - c)`—is less than or equal to `p`. If this geometric condition holds and the cell’s value is greater than the current `max`, the program updates `max` to that value. 

After all cells have been processed, the program outputs the value stored in `max`. Thus the algorithm simply scans the entire grid once, keeping track of the largest diamond value that lies within a Manhattan distance of at most `P` from the starting position. No other data structures or recursive calls are used."
1314235147,50,cpp,BFS_RADIUS,BFS_RADIUS,YES,0.9921875,GEOMETRIC_SCAN,0.004058838,1,DFS_RADIUS,0.000709534,"The program reads the grid dimensions \(N\) and \(M\), the maximum number of moves \(P\), and the starting position \((L,C)\) (1‑based). It then reads the \(N\times M\) matrix of diamond values. Two dynamic arrays are allocated: one for the grid itself and one for a boolean visited flag for each cell. 

A breadth‑first search is performed using three parallel integer arrays that act as a queue: `leeQueueX`, `leeQueueY`, and `pas`. The queue stores the coordinates of a cell and the number of steps taken to reach it. The search starts from the initial cell, marking it visited and recording its value as the current maximum. While the queue index `start` is less than or equal to `end`, the algorithm dequeues the front cell, checks whether its step count is less than \(P\), and if so, explores its four orthogonal neighbours (north, south, east, west). For each neighbour that lies inside the grid and has not yet been visited, it is enqueued with an incremented step count, marked visited, and its diamond value is compared to the running maximum. 

After the BFS terminates (either all reachable cells within \(P\) steps have been processed or the queue is empty), the program prints the maximum diamond value found. The algorithm therefore outputs the highest value that can be reached from the starting position in at most \(P\) moves."
1314235162,1.79,java,GREEDY_NEIGHBOR_WALK,GREEDY_NEIGHBOR_WALK,YES,0.98046875,GEOMETRIC_SCAN,0.013977051,1,UNKNOWN,0.001502991,"The program reads the dimensions of a grid (N rows, M columns), the maximum number of moves P, and the starting position (L, C). It then stores the integer values of each cell in a 1‑based 2‑dimensional array `table`. The variable `max` is initialized to the value of the starting cell.

For each of the P iterations the program examines the four orthogonal neighbours of the current position: north (`l‑1,c`), west (`l,c‑1`), east (`l,c+1`), and south (`l+1,c`). It assigns these neighbour values to the variables `nord`, `vest`, `est`, and `sud`. It then checks each neighbour in turn: if a neighbour’s value is strictly greater than all the other three neighbours and also greater than the current `max`, the program updates `max` to that neighbour’s value and moves the current position to that neighbour by adjusting `l` or `c`. If no neighbour satisfies the condition, the position remains unchanged for that step.

After performing up to P such greedy moves, the program outputs the final value stored in `max`, which is the highest diamond value that could be reached under this strategy. The implementation uses simple loops and conditional statements; it does not perform any bounds checking beyond the array indices, and it always assumes the neighbours exist."
1314235171,16.07,java,DP_RADIUS,DP_RADIUS,YES,0.8046875,DFS_RADIUS,0.084960938,0.66015625,DFS_RADIUS,0.147460938,"The program reads the grid dimensions \(N\) and \(M\), the maximum number of moves \(P\), and the starting position \((L,C)\). The grid values are stored in a 1‑indexed array `matrice`. A second 1‑indexed array `dp` is used for memoisation and is initially filled with `Integer.MIN_VALUE` to indicate that a cell’s value has not yet been computed.

The core routine is the recursive method `helperDiamond(i,j,ramase)`. It returns the maximum diamond value that can be reached from cell \((i,j)\) when at most `ramase` moves remain. If no moves are left (`ramase==0`) the method simply returns the value of the current cell. Otherwise the method explores each of the four orthogonal neighbours that stay inside the grid. For each neighbour it first checks whether its result has already been computed (`dp` not `MIN_VALUE`). If not, it recursively calls itself with one fewer remaining move and stores the result in `dp`. The maximum of the neighbour results and the current cell’s value is then stored in `dp[i][j]` and returned.

The `solve()` method reads the input, initializes the arrays, and prints the result of `helperDiamond(L,C,P)`. Thus the program outputs the highest diamond value that can be reached from the starting position within at most \(P\) steps, using a memoised depth‑first search over the grid."
1314235196,5.36,java,GREEDY_NEIGHBOR_WALK,GREEDY_NEIGHBOR_WALK,YES,0.9921875,GEOMETRIC_SCAN,0.005889893,1,UNKNOWN,0.000488281,"The program reads the grid dimensions \(N\) and \(M\), the maximum number of moves \(P\), and the starting coordinates \((L,C)\). It stores the grid values in a 1‑based array `matrix`. After reading the grid it scans all cells once to determine the overall maximum value `max1`.

Starting from the initial position, the program keeps a current best value `max` (initially the value at \((L,C)\)) and a pair of coordinates `L1`, `C1` that will hold the next position. In a loop that runs at most \(P\) times, it first checks whether the current best value already equals the global maximum; if so it stops. Otherwise it examines the four orthogonal neighbours of the current cell (north, south, west, east) and, without any boundary checks, updates `max`, `L1`, and `C1` to the neighbour that has a strictly larger value than the current `max`. After considering all four neighbours it moves the current position to `L1`, `C1`, and decrements the remaining move counter. The loop terminates either when no better neighbour exists, when the global maximum has been reached, or when the move limit is exhausted.

Finally the program outputs the value stored in `matrix[L1][C1]`, which is the value of the cell reached after the simulated moves. The algorithm therefore greedily climbs to a higher‑valued neighbour at each step, stopping when it can no longer improve or when the move budget is used up."
1314235222,7.14,java,GEOMETRIC_SCAN,GEOMETRIC_SCAN,YES,0.98828125,UNKNOWN,0.00970459,0.98046875,GREEDY_NEIGHBOR_WALK,0.005828857,"The program reads the grid dimensions \(N\) and \(M\), the maximum number of moves \(P\), and the starting position \((L,C)\). It then stores the diamond values in a 1‑based array `array`. If no moves are allowed (\(P=0\)), it simply outputs the value at the starting cell.

For \(P>0\) the code computes a variable `counter` as `p + 1 - l`. If this value is negative, the program interprets that the allowed moves are limited to a vertical corridor around the starting row. It then iterates over rows \(i\) from \(L-P\) to \(L+P\) (stopping if the row index exceeds \(N\)). For each such row it considers only the column \(C\) (the inner loop runs once because the bounds are identical). It checks that the column index is within the grid and updates a running maximum `max` with the largest diamond value found in this vertical strip. Finally, it prints this maximum.

Thus the implementation effectively searches only the cells directly above and below the starting position within a Manhattan distance of \(P\), ignoring any horizontal movement, and reports the highest diamond value reachable under that restricted interpretation."
1314235225,16.07,java,DFS_RADIUS,DFS_RADIUS,YES,0.94921875,SORTED_MANHATTAN,0.01965332,0.98828125,DP_RADIUS,0.005187988,"The program reads the grid dimensions \(N\) and \(M\), the maximum number of moves \(P\), and the starting coordinates \((L,C)\). It then stores the diamond values in a 1‑based array `grid` and creates a parallel `visited` boolean array. The main routine calls a recursive routine `getMax` starting from the initial cell with the full depth \(P\).

`getMax` marks the current cell as visited, updates a global `max` if the current diamond value is larger, and then recursively explores each of the four orthogonal neighbours (north, west, south, east) that are still inside the grid and have not yet been visited, decrementing the remaining depth by one. The recursion stops when the depth becomes negative. Because a cell is never un‑marked after returning from recursion, the search behaves like a depth‑first traversal that never revisits a cell, effectively exploring all simple paths of length at most \(P\) from the start. After the recursive search finishes, the program prints the maximum diamond value found.

Thus the implementation performs a bounded DFS over the grid, keeping track of visited cells to avoid cycles, and records the highest value encountered within the allowed number of moves."
1314235226,8.93,java,DFS_RADIUS,DFS_RADIUS,YES,0.79296875,GREEDY_NEIGHBOR_WALK,0.073730469,0.97265625,DP_RADIUS,0.012268066,"The program reads a grid of size \(N \times M\) together with a starting position \((L,C)\) and a maximum number of moves \(P\). It stores the diamond values in a 1‑based array `val` and keeps a 1‑based visitation matrix `viz`. The variable `max` is initialized to the value at the starting cell.

The core of the algorithm is a depth‑first recursive routine `aux(l,c,p)` that explores the grid. At each call it updates `max` if the current cell’s value is larger, marks the cell as visited, and then recursively visits any unvisited neighboring cell (north, south, west, east) provided that the remaining move count `p` is not zero. The recursion decrements `p` by one for each step. The four recursive calls are guarded by bounds checks and by checking that the target cell has not been visited yet. (A small bug causes the east‑move check to test the wrong index, but the intended logic is to move east.)

The `solve()` method initializes the visitation matrix, calls `aux` starting from the initial position with the full move budget, and finally prints the maximum diamond value found during the traversal. Thus the program performs a bounded depth‑first search from the starting cell, exploring all reachable cells within at most `P` steps, and reports the highest diamond value encountered."
1314235247,5.36,java,GREEDY_NEIGHBOR_WALK,GREEDY_NEIGHBOR_WALK,YES,0.95703125,GEOMETRIC_SCAN,0.01550293,0.9921875,UNKNOWN,0.005218506,"The program reads the grid dimensions, the maximum number of moves P, and the starting position (L, C). It stores the diamond values in a 1‑based array `table`. If no moves are allowed it simply prints the value at the starting cell.

Otherwise the program performs a deterministic walk for exactly P steps. At each step it looks at the four orthogonal neighbours of the current cell. It first compares the north and south neighbours, keeping the larger one (`max1`) and its coordinates. It then compares the east and west neighbours, keeping the larger one (`max2`) and its coordinates. If the current cell’s value is larger than both neighbours, that value is added to a max‑priority queue but the walk still continues to the neighbour with the larger value (`max1` if it is greater than `max2`, otherwise `max2`). The chosen neighbour becomes the new current cell, and its value is also added to the queue. This process repeats until P turns have been taken.

After the loop the program extracts the largest value from the priority queue (the queue is ordered in reverse, so `poll()` returns the maximum) and prints it. Thus the output is the maximum diamond value that the greedy walk visits within at most P moves."
1314235252,1.79,java,GEOMETRIC_SCAN,GREEDY_NEIGHBOR_WALK,NO,0.52734375,GREEDY_NEIGHBOR_WALK,0.3203125,1,UNKNOWN,0.000709534,"The program reads the grid dimensions \(N\) and \(M\), the maximum number of moves \(P\), and the starting coordinates \((L,C)\). It stores the grid values in a 1‑based array `matrix`. If no moves are allowed (\(P=0\)), it simply outputs the value at the starting cell.

Otherwise the program first scans the entire matrix to find the global maximum value `maxNum`. It then enters a nested loop that iterates over all rows and columns, but the inner logic actually uses the current position variables `L` and `C` to decide where to move. Starting from the initial cell, it repeatedly compares the value of the current cell (`currentPos`) with the values of its four orthogonal neighbours (north, west, east, south) in that specific order. If a neighbour has a strictly larger value than `currentPos`, the program moves to that neighbour, updates `currentPos`, increments a move counter, and checks whether the new cell contains the global maximum or whether the move limit `P` has been reached. The loop stops as soon as either condition is met, and the value of the last visited cell is printed.

The algorithm therefore performs a greedy walk that always steps to a higher-valued adjacent cell, preferring north, then west, then east, then south, until it has taken at most \(P\) steps or reaches the highest value in the grid. It does not perform any search beyond this local greedy choice and does not handle boundary checks for the neighbours, so it may access out‑of‑bounds indices if the starting position is on an edge."
1314235265,42.86,cpp,GEOMETRIC_SCAN,GEOMETRIC_SCAN,YES,1,BFS_RADIUS,0.000179291,0.99609375,SORTED_MANHATTAN,0.001922607,"The program reads the grid dimensions \(N\) and \(M\), the maximum number of moves \(P\), and the starting position \((L,C)\). It then reads an \(N\times M\) matrix of integer diamond values into a 1‑indexed dynamic array `F`. 

To find the largest diamond value reachable in at most \(P\) steps, the code scans a diamond‑shaped region centered at \((L,C)\). 
First it sets `low = max(L-P,1)` and iterates over rows \(i\) from `low` up to \(L-1\). For each such row it computes the horizontal offset `i-low` (which equals \(L-i-1\)) and visits all columns \(j\) from `max(C-(i-low),1)` to `min(C+(i-low),M)`. 
Then it sets `high = min(L+P,N)` and iterates over rows \(i\) from \(L\) to `high`. For each row it uses the offset `high-i` (which equals \(i-L\)) to visit columns from `max(C-(high-i),1)` to `min(C+(high-i),M)`. 
During both passes the variable `val` is updated to the maximum value seen among all visited cells. 

Finally the program outputs `val`, the maximum diamond value that can be reached within the allowed number of moves, and frees the allocated memory. The algorithm therefore implements a brute‑force search over all cells whose Manhattan distance from the start does not exceed \(P\)."
1314235268,17.86,java,UNKNOWN,DFS_RADIUS,NO,0.34375,GEOMETRIC_SCAN,0.267578125,0.98046875,DP_RADIUS,0.012329102,"The program reads the grid dimensions \(N\) and \(M\), the maximum number of moves \(P\), and the starting position \((L,C)\). It stores the diamond values in a 1‑based array `Matrix`. The variable `max` is initialized with the value at the starting cell. 

The core of the algorithm is a depth‑first search implemented by the recursive method `find(i,j,deep,type)`. At each call the current cell’s value is compared with `max` and `max` is updated if larger. The parameter `deep` counts how many moves have been made; recursion stops when `deep` reaches `P`. The parameter `type` encodes the direction of the previous move using two‑digit codes (e.g., 11 for north, 22 for east, 33 for south, 44 for west). Before exploring a neighbour the code checks that the new move does not immediately reverse the previous one by testing the digits of `type`. If the move is allowed, `find` is called recursively with `deep+1` and an updated `type` that reflects the new direction. 

The four directional blocks in `find` handle north, south, east, and west moves respectively, each guarded by bounds checks against the grid edges and the remaining depth. The recursion explores all paths up to length `P` that never backtrack on the immediately preceding step, updating `max` along the way. After the search finishes, the program prints the largest diamond value that can be reached within the allowed moves."
1314235287,14.29,java,DFS_RADIUS,DFS_RADIUS,YES,0.7109375,GREEDY_NEIGHBOR_WALK,0.123535156,0.9453125,DP_RADIUS,0.028564453,"The program reads the grid dimensions \(N\) and \(M\), the maximum number of moves \(P\), and the starting position \((L,C)\). It then stores the diamond values in a 1‑based array `val`. The variable `max` is initialized to the value at the starting cell.

The core of the solution is a depth‑first recursive routine `aux(l,c,p)` that explores the board. At each call it updates `max` if the current cell’s value is larger, marks the cell as visited in `viz`, and then recursively calls itself for each of the four orthogonal neighbours (north, south, east, west) provided the neighbour is inside the grid and the remaining move count `p` is not zero. The recursion decreases `p` by one on each step, so the search stops after at most `P` moves from the start. The routine does not prevent revisiting cells other than the simple `viz` flag, which is set but never checked before recursing, so the same cell may be explored multiple times through different paths.

After the recursive exploration finishes, the program prints the maximum diamond value found. The algorithm therefore performs an exhaustive search of all paths up to length `P` from the starting position, keeping track of the highest value encountered."
1314235292,3.57,java,GREEDY_NEIGHBOR_WALK,GREEDY_NEIGHBOR_WALK,YES,0.99609375,GEOMETRIC_SCAN,0.001167297,1,UNKNOWN,0.000709534,"The program reads the grid dimensions \(N, M\), the maximum number of moves \(P\), and the starting position \((L, C)\). It stores the diamond values in a 1‑based array `matrix`. The current position is kept in variables `a` and `b`, and the best value seen so far is stored in `diamant`, initially the value at the starting cell.

A loop runs at most \(P\) times. In each iteration the program examines the four orthogonal neighbours of the current cell: north `(a-1,b)`, south `(a+1,b)`, west `(a,b-1)`, and east `(a,b+1)`. If any neighbour contains a value strictly greater than the current `diamant`, the program updates `diamant` to that neighbour’s value and records the direction in `quit`. After checking all four directions, it moves the current position one step in the recorded direction (if any). If no neighbour is better, `quit` remains 0, the position does not change, but the step counter still increments. The loop terminates after \(P\) iterations or earlier if no better neighbour exists.

Finally, the program outputs the value stored in `diamant`, which is the maximum diamond value that can be reached by following this greedy, step‑by‑step strategy. The implementation does not perform any boundary checks, so accessing neighbours outside the grid would cause an exception."
1314235296,1.79,java,GREEDY_NEIGHBOR_WALK,GREEDY_NEIGHBOR_WALK,YES,0.9375,GEOMETRIC_SCAN,0.041259766,1,UNKNOWN,0.001327515,"The program reads the grid dimensions \(N\) and \(M\), the maximum number of moves \(P\), and the starting position \((L,C)\). It stores the diamond values in a 1‑based array `matrix`. If no moves are allowed (\(P=0\)), it simply outputs the value at the starting cell.

For \(P>0\) the code first scans the entire matrix to find the global maximum value `maxNum`. It then attempts to walk from the starting cell, keeping a counter `count` of moves made and a variable `currentPos` holding the value of the cell currently occupied. The walk is performed greedily: at each step it looks at the four orthogonal neighbours in a fixed order—north, west, east, south—and if a neighbour’s value is strictly greater than `currentPos`, it moves to that neighbour, updates `L` or `C`, increments `count`, and checks whether the new cell contains the global maximum. The process stops either when the move limit `P` is reached or when the global maximum is found. The outer double loop over `i` and `j` is merely a construct to allow breaking out of the nested logic; the indices `i` and `j` are not used inside the loop body.

Finally, the program prints the value of the cell where the walk ends, which is the best value it could reach under the greedy strategy within at most `P` steps."
1314235308,1.79,java,GREEDY_NEIGHBOR_WALK,GEOMETRIC_SCAN,NO,0.51171875,UNKNOWN,0.2421875,0.71875,GREEDY_NEIGHBOR_WALK,0.16015625,"The program begins by reading the grid dimensions \(N\) and \(M\), the maximum number of moves \(P\), and the starting position \((L,C)\). It then reads an \(N \times M\) matrix of integer diamond values, storing it in a 1‑based array `numbers`. 

After the input, the code enters two nested loops that iterate over every cell of the grid, but the body of these loops ignores the loop indices and always works with the original starting coordinates \((L,C)\). Inside the inner loop it sets `pos` to the value at the starting cell and then performs a loop that runs exactly \(P\) times. In each iteration it compares the value of the cell directly north of the start (`numbers[L-1][C]`) with `pos`, then compares the value of the cell directly south (`numbers[L+1][C]`) with the current maximum `aux`, then the west cell (`numbers[L][C-1]`) with `aux`, and finally the east cell (`numbers[L][C+1]`) but mistakenly compares it again to `numbers[L+1][C]`. The variable `aux` is updated whenever a larger neighbor value is found. 

After completing the \(P\) iterations (which do not change the comparisons), the outer loops finish and the program prints the value stored in `aux`. Thus the output is simply the largest value among the four orthogonal neighbors of the starting cell, regardless of the number of allowed moves or the rest of the grid."
1314235322,5.36,cpp,GREEDY_NEIGHBOR_WALK,GREEDY_NEIGHBOR_WALK,YES,0.9921875,GEOMETRIC_SCAN,0.005187988,1,UNKNOWN,0.001502991,"The program reads the size of a rectangular grid (N rows, M columns), the maximum number of moves P, and the starting position (L, C). It then reads the N × M matrix of diamond values, storing them in a 2‑dimensional array `v`. If no moves are allowed (P = 0) it simply outputs the value at the starting cell.

Otherwise the code pads the array with a border of very negative numbers (`-INT_MAX`) so that any attempt to step outside the grid will be ignored. It then simulates a walk of exactly P steps. At each step it looks at the four orthogonal neighbours of the current cell, chooses the neighbour with the largest value, updates a running maximum `frum_max` with that neighbour’s value if it is larger than the current maximum, and moves the current position to that neighbour. After performing P such greedy moves it prints the maximum value that was seen among all chosen neighbours.

Thus the program implements a deterministic greedy path: at every step it moves to the adjacent cell with the highest diamond value, keeping track of the highest value encountered along the way, and finally outputs that maximum."
1314235325,30.36,cpp,GEOMETRIC_SCAN,GEOMETRIC_SCAN,YES,1,SORTED_MANHATTAN,0.00062561,0.99609375,SORTED_MANHATTAN,0.002471924,"The program reads the grid dimensions \(N\) and \(M\), the maximum number of moves \(P\), and the starting position \((L,C)\). It then reads the \(N\times M\) matrix of diamond values into a 1‑based array `matrice`. 

If \(P=0\) the answer is simply the value at the starting cell, which the program prints and terminates. 

For \(P>0\) the program attempts to find the largest value that can be reached within at most \(P\) steps. It does this by iterating over a range of rows from \(L-P\) to \(L+P\). For each row it maintains a variable `j` that is increased while the row index is less than or equal to \(L\) and decreased otherwise. This `j` is used to define a horizontal window from column \(C-j\) to \(C+j\). Inside this window the program scans all cells and keeps the maximum value seen in the variable `response`. After all rows have been processed, `response` is printed as the result. 

The algorithm does not perform any boundary checks for rows or columns that fall outside the grid, and it uses a simple nested loop that examines a diamond‑shaped region centered at the starting position. The final output is the maximum value found in that region."
1314235346,1.79,cpp,GEOMETRIC_SCAN,GEOMETRIC_SCAN,YES,0.87890625,UNKNOWN,0.072265625,0.90625,GREEDY_NEIGHBOR_WALK,0.045166016,"The program reads the grid dimensions \(N\) and \(M\), the maximum number of moves \(P\), and the starting position \((L,C)\). It then stores the \(N\times M\) matrix of diamond values in a 2‑D array. 

If \(P>0\) the code enters a loop that runs exactly \(P\) times. In each iteration it sets a local variable `maxDiamond` to \(-1\) and then compares the values of the four cells that are immediately north, west, east, and south of the current starting position \((L,C)\). The largest of these four values is kept in `maxDiamond`. The loop does not change the coordinates \(L\) or \(C\); it simply repeats the same comparison \(P\) times, overwriting `maxDiamond` each time. 

After the loop, if no moves were allowed (\(P=0\) and the flag `ok` remains 0) the program outputs the value of the starting cell. Otherwise it outputs the last computed `maxDiamond`, which is simply the maximum value among the four neighboring cells of the starting position. The program ignores boundary checks, so it may read out of bounds if the starting cell is on the edge of the grid. The final result is therefore either the starting cell’s value (when \(P=0\)) or the maximum of its four immediate neighbors (when \(P>0\))."
1314235369,50,java,GEOMETRIC_SCAN,SORTED_MANHATTAN,NO,0.8125,SORTED_MANHATTAN,0.180664063,0.921875,GEOMETRIC_SCAN,0.040527344,"The program reads the grid dimensions \(N\) and \(M\), the maximum number of moves \(P\), and the starting position \((L,C)\). It then reads the \(N\times M\) matrix of diamond values, storing each cell’s coordinates and value in a list of `Cell` objects while also keeping the values in a 2‑D array for a fallback output.

After the input is collected, the list of cells is sorted in descending order of their diamond values. The program then scans this sorted list from the highest value downwards. For each cell it computes the Manhattan distance from the starting position \(|L - x| + |C - y|\). If this distance is at most \(P\), the cell is reachable within the allowed moves, so the program immediately prints that cell’s value and terminates. If no cell in the list satisfies the distance condition, the program outputs the value of the diamond at the starting position, which is the only reachable cell when no moves are possible.

Thus the algorithm simply selects the highest‑valued diamond that lies within a Manhattan distance of \(P\) from the start, defaulting to the starting cell’s value if none are reachable."
1314235395,41.07,cpp,GEOMETRIC_SCAN,GEOMETRIC_SCAN,YES,1,SORTED_MANHATTAN,0.000335693,1,SORTED_MANHATTAN,0.001029968,"The program reads the size of a rectangular grid (N rows, M columns), the maximum number of moves P, and the starting position (L, C). It then reads the integer value of each cell into a 2‑dimensional array indexed from 1. If P is zero the answer is simply the value in the starting cell.

For P > 0 the code searches for the largest value that can be reached in at most P steps. It does this by iterating over all rows i from L − P to L + P. A variable j is used to keep track of the horizontal reach for the current row: it starts at −1, is incremented while the loop is moving upward (i ≤ L) and decremented after passing the starting row. Thus for each row i the code considers columns k from C − j to C + j, which exactly describes the diamond (Manhattan‑distance ≤ P) centered at (L, C). For every cell inside the grid bounds the program updates a running maximum `response` with the cell’s value if it is larger. After all rows are processed, the maximum found is printed.

The algorithm therefore scans a diamond-shaped region around the starting position, keeping the highest cell value within that region, and outputs it."
1314235410,41.07,java,GEOMETRIC_SCAN,GEOMETRIC_SCAN,YES,1,BFS_RADIUS,0.000216484,0.98828125,GREEDY_NEIGHBOR_WALK,0.004577637,"The program reads the grid dimensions, the maximum number of moves \(P\), and the starting position \((L,C)\). 
The grid values are stored in a 1‑based array `a`. 

The `search()` routine attempts to find the largest diamond value that can be reached in at most \(P\) steps. 
It does this by iterating over two “diagonal” strips of the grid:

1. **Upper strip** – for `i` from 1 to `P+1` it computes a row `line = L - P + i - 1` (which runs from `L-P` up to `L`). 
 For each such row it examines two columns: `C-j` and `C+j` for `j` from 0 to `i-1`. 
 If a cell lies inside the grid bounds, its value is compared with the current maximum and the maximum is updated.

2. **Lower strip** – for `i` from 1 to `P` it computes a row `line = L + P - i + 1` (running from `L+P` down to `L+1`). 
 The same pair of columns `C-j` and `C+j` are inspected for each row, and the maximum is updated in the same way.

After both loops finish, the function returns the largest value found in these two diagonal bands. 
The main method simply prints this value. 

Thus the program only considers cells that lie on the two diagonals extending from the start position up to a Manhattan distance of `P`, and outputs the maximum diamond value among those cells."
1314235413,50,cpp,GEOMETRIC_SCAN,SORTED_MANHATTAN,NO,0.97265625,SORTED_MANHATTAN,0.025878906,0.984375,DP_RADIUS,0.009643555,"The program reads the grid dimensions \(N\) and \(M\), the maximum number of moves \(P\), and the starting position \((L,C)\). It then reads the \(N\times M\) matrix of diamond values into a 1‑based array `matrix`. While reading, it simultaneously fills a flat array of `point` structs, each holding the row, column, and value of a cell. 

After input, the array of points is sorted in descending order of the diamond value using a custom comparator. The program then scans this sorted list from the highest value downward. For each point it computes the Manhattan distance from the starting cell to the point’s coordinates; if this distance is less than or equal to \(P\), the point is reachable within the allowed moves. The first such point encountered (i.e., the highest‑valued reachable diamond) is printed and the program terminates. 

Thus the algorithm simply enumerates all cells, orders them by value, and selects the first cell whose Manhattan distance from the start does not exceed the move limit. The implementation runs in \(O(NM\log(NM))\) time due to the sort and uses \(O(NM)\) additional memory for the point array. (Note that the loop iterates one index past the last element, which would access an out‑of‑bounds entry.)"
1314235415,16.07,java,DP_RADIUS,DP_RADIUS,YES,0.81640625,DFS_RADIUS,0.076171875,0.9140625,GREEDY_NEIGHBOR_WALK,0.045410156,"The program reads the grid dimensions, the maximum number of moves P, and the starting position (L, C). It stores the diamond values in a 1‑based array `matrice` and creates a second array `dp` initialized with `Integer.MIN_VALUE` to act as a memoisation table.

The core routine is the recursive method `helperDiamond(i, j, ramase, precedent)`. 
`ramase` represents how many moves are still allowed from the current cell, and `precedent` encodes the direction from which the call arrived (1 = north, 2 = west, 3 = south, 4 = east) so that the algorithm does not immediately step back in the same direction. 

When `ramase` reaches zero, the function simply returns the value of the current cell. Otherwise it considers each of the four orthogonal neighbours that stay inside the grid and are not the reverse of the previous step. For each such neighbour it either retrieves a previously computed result from `dp` or recursively calls itself with `ramase‑1` and the appropriate new `precedent`. The maximum value obtained from all valid neighbours is compared with the value of the current cell itself, and the larger of the two is stored in `dp[i][j]` and returned.

The initial call is made with the starting coordinates and the full move budget `P`. The value returned by this call is printed as the answer. Thus the program attempts to find the maximum diamond value that can be reached in at most `P` steps by exploring all possible paths up to that depth, while avoiding immediate backtracking, and caching intermediate results in a single‑dimension memoisation table."
1314235419,1.79,cpp,BFS_RADIUS,BFS_RADIUS,YES,0.9296875,GEOMETRIC_SCAN,0.031738281,0.94921875,GREEDY_NEIGHBOR_WALK,0.017333984,"The program reads a grid of size N × M, a starting position (L,C) and a maximum number of moves P. It stores the diamond values in the array `map`. A breadth‑first search is then performed starting from the initial cell. A queue holds positions to visit; a `visited` array marks cells that have already been queued. For each dequeued cell the program adds its own diamond value `b` to a running “beauty” accumulator for that cell and also adds `b` to the beauty of each unvisited neighboring cell (north, south, east, west) before enqueuing those neighbors. The search stops either when the queue is empty or after `P+1` iterations, controlled by the variable `pmax`.

After the traversal, if at least one move was allowed (`P>0`), the program scans the entire `beauty` array and outputs the maximum value found. If no moves are allowed (`P==0`) it simply prints `-1`. The algorithm therefore propagates the starting cell’s value outward, accumulating it in adjacent cells, and finally reports the largest accumulated value reachable within the move limit."
1314235422,7.14,java,GEOMETRIC_SCAN,GEOMETRIC_SCAN,YES,0.9921875,UNKNOWN,0.005889893,0.9453125,UNKNOWN,0.047119141,"The program reads the grid dimensions `N` and `M`, the maximum number of moves `P`, and the starting position `(L, C)`. It then stores the diamond values in a 1‑based array `array`. If no moves are allowed (`P == 0`) it simply outputs the value at the starting cell.

For the general case the code computes a variable `counter` as `P + 1 - L`. If this value is negative it resets it to zero and then iterates over rows `i` from `L‑P` to `L+P`. For each such row it considers only a single column `j = C‑counter` (which is always the same because the inner loop bounds are identical) and, if that column lies within the grid, updates the current maximum with the value at `(i, j)`.

If `counter` is non‑negative the program attempts to scan a rectangular region. It first determines an upper bound `limitI` based on whether `L+P` exceeds `M`, and then loops `i` from `0` up to `limitI‑1`. For each row it chooses a starting column `j` that depends on whether `C` is less than `counter`, and an upper bound `limitJ` that depends on whether `C+P` exceeds `N`. It then iterates `j` from this start up to `limitJ‑1`, updating the maximum with the value at `(i, j)` if it is larger.

Finally the program prints the maximum value found during these scans. The loops and bounds used in the second branch are inconsistent with the intended grid coordinates, so the algorithm does not correctly explore all reachable cells within `P` moves."
1314235427,10.71,java,DFS_RADIUS,DFS_RADIUS,YES,0.90625,SORTED_MANHATTAN,0.031005859,0.984375,DP_RADIUS,0.009643555,"The program reads the grid dimensions \(N\) and \(M\), the maximum number of moves \(P\), and the starting position \((L,C)\). It then stores the diamond values in a 1‑based array `val`. The variable `max` is initialized to the value at the starting cell.

A depth‑first search is performed by the recursive method `aux`. The method receives the current coordinates and the remaining number of moves. At each call it updates `max` if the current cell’s value is larger, marks the cell as visited in the 2‑dimensional array `viz`, and then recursively explores the four orthogonal neighbours (north, south, east, west) provided that the neighbour is inside the grid, has not been visited yet, and at least one move remains. The recursion stops when no moves are left or all reachable neighbours have already been visited.

After the DFS finishes, the program prints the largest diamond value found during the traversal. The algorithm therefore explores all distinct cells that can be reached from the start within at most \(P\) steps, keeping track of the maximum value encountered."
1314235446,3.57,java,GEOMETRIC_SCAN,UNKNOWN,NO,0.859375,UNKNOWN,0.090332031,0.59765625,GEOMETRIC_SCAN,0.194335938,"The program reads the grid dimensions, the maximum number of moves \(P\), and the starting position \((L,C)\). It stores the diamond values in a 1‑based 2‑D array `F`. 

The core routine `getResult` begins with the value at the starting cell as the current best (`res`). It then enters a loop that runs at most `P` times, as long as the current coordinates stay inside the grid. In each iteration it looks at the four orthogonal neighbours of the current cell and updates `res` to the largest of those neighbour values. After that, it scans the entire grid to find any cell whose value equals this new `res`; the loop assigns the current coordinates to the last such cell found. The move counter is decremented and the process repeats. 

When the loop finishes (either because no moves remain or the coordinates would leave the grid), the function returns the last recorded maximum value `res`, which is then printed. The algorithm therefore repeatedly climbs to the highest adjacent value and then teleports to an arbitrary cell with that value, ignoring the actual distance that would be required to reach it."
1314235477,17.86,java,GEOMETRIC_SCAN,GEOMETRIC_SCAN,YES,0.9921875,SORTED_MANHATTAN,0.005218506,0.84765625,SORTED_MANHATTAN,0.114746094,"The program reads the size of a rectangular grid (N rows, M columns), a maximum number of moves P, and the starting coordinates (L, C). It then reads the integer value of each cell into a 1‑based array `diamante`. 

After the input, the code builds a list `valori` that is intended to contain the values of cells reachable within at most P steps. It does this with a loop that iterates `p_aux` from P down to 1, while an auxiliary counter `i_aux` increases from 0. For each iteration it considers two “diagonal” positions: 
- `(i_i + i_aux, j_i + i)` and 
- `(i_i + i_aux, j_i - i)` 
where `i` ranges from 0 to `p_aux`. If a position lies inside the grid bounds, its value is added to `valori`. After the loop, the code also adds the cells directly north and south of the start at distance P, if they are inside the grid. 

Once all candidate cells are collected, the list is sorted in descending order using a custom comparator. The program then outputs the first element of the sorted list, which is the maximum value among the collected cells. Thus the output is the largest diamond value that the program believes can be reached in at most P moves from the starting position."
1314235480,1.79,java,GEOMETRIC_SCAN,GEOMETRIC_SCAN,YES,0.8125,UNKNOWN,0.159179688,0.90625,GREEDY_NEIGHBOR_WALK,0.051025391,"The program begins by reading the grid dimensions \(N\) and \(M\), the maximum number of moves \(P\), and the starting position \((L,C)\). It then stores the diamond values in a 1‑based 2‑dimensional array `numbers`. 

After the input, the code enters a nested loop that iterates over every cell of the grid, but the body of the loop never uses the loop indices `i` and `j`. Inside this loop it repeatedly attempts to move the piece from the starting cell \((L,C)\) toward a neighboring cell with a higher value. It keeps a counter `m` of how many moves have been considered and a variable `aux` that is intended to hold the best value found so far. In each iteration of the inner `while` loop it compares the values of the four orthogonal neighbors of the current cell (north, south, west, east) and updates `aux` to the largest of those neighbors. The loop stops when either `P` moves have been examined or the counter `m` exceeds `P`. If no moves are allowed (`P == 0`), `aux` is set to the value of the starting cell. 

Finally, the program prints the value stored in `aux`. In effect, the code attempts to simulate moving the piece up to `P` steps to a cell with a higher diamond value, but it does so only by looking at the immediate neighbors of the original starting position and does not actually update the current position after each move. The outer loops over all cells are redundant and have no effect on the result. The output is simply the maximum value found among the starting cell and its four neighbors, limited by the move count `P`."
1314235519,5.36,cpp,GEOMETRIC_SCAN,GEOMETRIC_SCAN,YES,0.99609375,GREEDY_NEIGHBOR_WALK,0.001319885,0.99609375,SORTED_MANHATTAN,0.001701355,"The program reads the grid dimensions \(N\) and \(M\), the maximum number of moves \(P\), and the starting position \((L,C)\). It then reads an \(N\times M\) matrix of integer diamond values into a 1‑based array `matrix`. 

It initializes a variable `maxim` to \(-1000\) and proceeds to examine a square region centered at the starting cell. The outer loops iterate over rows \(i\) from \(L-P+1\) to \(L+P-1\) and columns \(j\) from \(C-P+1\) to \(C+P-1\), updating `maxim` whenever a larger value is found. After this sweep, the code explicitly checks the four cells that lie exactly \(P\) steps north, south, west, and east of the start: \((L-P,C)\), \((L+P,C)\), \((L,C-P)\), and \((L,C+P)\), again updating `maxim` if any of these contain a larger value. 

Finally, the program prints the value stored in `maxim`. The code does not perform any bounds checking, so it may access out‑of‑range indices if the computed coordinates fall outside the grid. The algorithm therefore simply scans a diamond‑shaped area (actually a square with a missing border) around the starting position and reports the maximum diamond value found within that region."
1314235531,1.79,cpp,BFS_RADIUS,BFS_RADIUS,YES,0.890625,GEOMETRIC_SCAN,0.0390625,0.98046875,GREEDY_NEIGHBOR_WALK,0.005157471,"The program reads the grid dimensions \(N,M\), the maximum number of moves \(P\), and the starting coordinates \((L,C)\). It then stores the diamond values in a 2‑D array `map`. The solver performs a breadth‑first traversal starting from the initial cell. A queue holds positions to visit; a `visited` array marks cells that have already been enqueued. For each dequeued cell the program adds the cell’s diamond value to a running “beauty” accumulator for that cell, updates a global maximum `res` with the current beauty, and then enqueues all four orthogonal neighbours that are inside the grid and have not yet been visited. Each neighbour’s beauty is increased by the current cell’s diamond value before it is enqueued. The loop continues until the queue is empty or the counter `pmax` (initially `P+1`) reaches zero, effectively limiting the number of processed cells to at most \(P+1\).

After the traversal, if at least one move was allowed (`P>0`) the program prints the maximum beauty value found; otherwise it prints `-1`. The algorithm therefore explores a limited breadth‑first frontier from the start, accumulating values along the way, but it does not correctly model the constraint of exactly \(P\) steps or the optimal path to a maximum‑value diamond."
1314235540,50,java,DFS_RADIUS,DFS_RADIUS,YES,0.326171875,GREEDY_NEIGHBOR_WALK,0.224609375,0.984375,DP_RADIUS,0.005157471,"The program reads the grid dimensions \(N\) and \(M\), the maximum number of moves \(P\), and the starting position \((L,C)\). It then reads the \(N\times M\) matrix of diamond values into a 2‑dimensional array `Matrix`. The value at the starting cell is stored in `max`.

The core of the algorithm is a depth‑first search implemented by the recursive method `find(i,j,deep,type)`. 
* `i,j` are the current coordinates. 
* `deep` counts how many moves have been made so far. 
* `type` is an integer code that encodes the direction of the last move (11 for south, 22 for east, 33 for north, 44 for west, and combinations such as 12, 21, 23, 32, 34, 43, 14, 41, 33, 44, 34, 43, 33, 44, 34, 43, 33, 44, 34, 43, 33, 44, 34, 43, 33, 44, 34, 43, 33, 44, 34, 43, 33, 44, 34, 43, 33, 44, 34, 43, 33, 44, 34, 43, 33, 44, 34, 43, 33, 44, 34, 43, 33, 44, 34, 43, 33, 44, 34, 43, 33, 44, 34, 43, 33, 44, 34, 43, 33, 44, 34, 43, 33, 44, 34, 43, 33, 44, 34, 43, 33, 44, 34, 43, 33, 44, 34, 43, 33, 44, 34, 43, 33, 44, 34, 43, 33, 44, 34, 43, 33, 44, 34, 43, 33, 44, 34, 43, 33, 44, 34, 43, 33, 44, 34, 43, 33, 44, 34, 43, 33, 44, 34, 43, 33, 44, 34, 43, 33, 44, 34, 43, 33, 44, 34, 43, 33, 44, 34, 43, 33, 44, 34"
1314235577,16.07,java,GEOMETRIC_SCAN,GEOMETRIC_SCAN,YES,1,UNKNOWN,0.000488281,0.98828125,UNKNOWN,0.005889893,"The program reads the grid dimensions `N` and `M`, the maximum number of moves `P`, and the starting position `(L, C)`. It then stores the diamond values in a 1‑based array `array`. If no moves are allowed (`P == 0`) it simply prints the value at the starting cell.

For `P > 0` the code computes a variable `counter = P + 1 – L`. 
If this value is negative it is reset to zero and the program scans a vertical strip: for every row `i` from `L‑P` to `L+P` (stopping when `i` exceeds `N`) it looks only at the single column `j = C` (subject to the column bounds) and keeps the maximum value found. 

If `counter` is non‑negative the program instead scans a rectangular region. It sets `limitI` to the smaller of `N` and `L+P`. For each row `i` from `1` to `limitI` it determines a starting column `j` as `1` if `C < counter`, otherwise `C‑counter`. The ending column `limitJ` is the smaller of `M` and `C+P`. It then iterates `j` from this start to `limitJ`, updating the maximum value seen. 

Finally the program prints the maximum diamond value found in the scanned region. The algorithm therefore attempts to consider a subset of cells reachable within `P` moves, but the region it actually scans depends on the computed `counter` and does not correspond to the true set of reachable cells."
1314235579,3.57,java,GREEDY_NEIGHBOR_WALK,GREEDY_NEIGHBOR_WALK,YES,0.99609375,GEOMETRIC_SCAN,0.002182007,1,UNKNOWN,5.15E-05,"The program reads the grid dimensions \(N\) and \(M\), the maximum number of moves \(P\), and the starting position \((L,C)\). It then stores the diamond values in a 1‑based array `F`. 

The core routine `getResult` begins with the value at the starting cell as the current best (`res`). It then performs at most `P` iterations, each time looking at the four orthogonal neighbours of the current cell. It updates `res` to the maximum of these four neighbour values. After determining this maximum, the algorithm moves the current position to the neighbour that actually holds that maximum value (choosing the first matching direction in the order left, right, up, down). The move counter is decremented and the loop repeats while the position remains inside the grid and moves remain. 

Finally, the value stored in `res`—the highest diamond value encountered along this greedy path—is printed. The algorithm therefore follows a simple greedy walk, always stepping to the locally highest adjacent cell until the move limit is reached."
1314235597,5.36,cpp,GREEDY_NEIGHBOR_WALK,GREEDY_NEIGHBOR_WALK,YES,0.9765625,GEOMETRIC_SCAN,0.013977051,1,UNKNOWN,0.000295639,"The program reads the grid dimensions \(N\) and \(M\), the maximum number of moves \(P\), and the starting position \((L,C)\). It then stores the diamond values in a 1‑based array `Matrix`. 

If \(P>0\) the code enters a loop that repeats exactly \(P\) times. In each iteration it looks at the four orthogonal neighbours of the current cell (north, west, east, south) and keeps the value of the neighbour that is strictly larger than the current best (`maxDiamond`). It also records which direction gave that maximum by setting one of the flags `nord`, `vest`, `est`, `sud` to 1. After examining all four neighbours it moves the current position one step in the direction indicated by the flag that was set last. The loop then decrements `P` and continues. 

When the loop finishes, if the original \(P\) was zero the program simply outputs the value of the starting cell; otherwise it outputs the largest value that was found among the neighbours examined during the greedy walk. The algorithm therefore performs a greedy walk, always stepping to the neighbour with the highest diamond value, and reports the maximum value encountered along that path."
1314235601,10.71,java,DFS_RADIUS,DFS_RADIUS,YES,0.92578125,SORTED_MANHATTAN,0.024780273,0.984375,DP_RADIUS,0.010925293,"The program reads the grid dimensions \(N\) and \(M\), the maximum number of moves \(P\), and the starting position \((L,C)\). It then stores the diamond values in a 1‑based array `val` and initializes a parallel `viz` array to keep track of visited cells. The variable `max` is set to the value at the starting cell.

The core of the solution is a depth‑first search implemented in the recursive method `aux`. Starting from the initial coordinates and the remaining move count, the method updates `max` if the current cell contains a larger value. It marks the current cell as visited. For each of the four cardinal directions, it checks that the move stays inside the grid, that at least one move remains, and that the target cell has not yet been visited. If all conditions hold, it recurses into that cell with the remaining move count decreased by one. This exploration continues until no further moves are possible or all reachable cells within the move limit have been visited.

After the recursive search finishes, the program prints the maximum diamond value found. The algorithm therefore performs an exhaustive traversal of all cells reachable within at most \(P\) steps from the starting position, keeping track of the highest value encountered."
1314235605,10.71,cpp,GEOMETRIC_SCAN,GEOMETRIC_SCAN,YES,1,SORTED_MANHATTAN,0.000404358,1,SORTED_MANHATTAN,0.000911713,"The program reads the grid dimensions \(N\) and \(M\), the maximum number of moves \(P\), and the starting position \((L,C)\). It then reads an \(N\times M\) matrix of integer values, storing it in a 1‑based array `A`. 

If no moves are allowed (\(P=0\)), the program simply outputs the value in the starting cell. 
Otherwise it initializes a variable `mvd` with the value at the starting position and then attempts to examine a set of cells that are within a “diamond‑shaped” region centered at \((L,C)\) with radius \(P\). 

The code computes `startL = L-P` and iterates `i` from 0 up to `2*P` (subject to staying inside the grid). For each row offset `i`, it checks whether the current row index `startL+i` lies within the grid. If it does, it determines a column interval: when `i` equals `P` it uses the full horizontal span from `C-P` to `C+P`; otherwise it uses a narrower span from `C-(i%P)` to `C+(i%P)`. These bounds are clamped to the grid limits \([1,M]\). 

Within that column interval, the program scans every cell in the current row and updates `mvd` if a larger value is found. After all rows in the diamond have been processed, it outputs the maximum value found. 

Thus the implementation performs a brute‑force search over a set of cells that it believes to be reachable within at most \(P\) moves, keeping track of the largest diamond value encountered."
1314235622,5.36,cpp,SORTED_MANHATTAN,SORTED_MANHATTAN,YES,0.546875,GEOMETRIC_SCAN,0.375,0.69140625,GEOMETRIC_SCAN,0.224609375,"The program reads the grid dimensions \(N\) and \(M\), the maximum number of moves \(P\), and the starting position \((L,C)\). It then reads an \(N\times M\) matrix of integer diamond values, storing it in a 1‑based vector of vectors.

Next, it builds a list called `moves`. For every integer \(i\) from \(0\) up to \(P\) inclusive, it appends four values to this list: the diamond at \((L+i,\,C)\), at \((L-i,\,C)\), at \((L,\,C-i)\), and at \((L,\,C+i)\). No bounds checking is performed, so indices that fall outside the grid are accessed, which is undefined behaviour in C++ but is what the code literally does.

After collecting these values, the program sorts the `moves` vector in descending order using a custom comparator. Finally, it outputs the first element of the sorted vector, which is the largest value among all the collected positions.

Thus the program attempts to find the maximum diamond value reachable within \(P\) steps by considering only the four cells that lie exactly \(i\) steps north, south, west, or east of the starting cell for each \(i\) from \(0\) to \(P\). It ignores diagonal moves and any cells that would be reached by a path of length less than \(P\) that is not directly along a cardinal direction. The result printed is the maximum value found among those selected cells."
1314235628,1.79,java,GREEDY_NEIGHBOR_WALK,GREEDY_NEIGHBOR_WALK,YES,0.83203125,GEOMETRIC_SCAN,0.099121094,0.99609375,UNKNOWN,0.003585815,"The program begins by reading the grid dimensions \(N\) and \(M\), the maximum number of moves \(P\), and the starting position \((L,C)\). It then reads the \(N \times M\) matrix of diamond values. If no moves are allowed (\(P=0\)), it simply outputs the value at the starting cell.

When moves are permitted, the code converts the 1‑based start coordinates to 0‑based indices \((x,y)\). It then enters a loop that iterates exactly \(P\) times. In each iteration it attempts to look up four values: the cell \(P\) steps north \((x-P,y)\), south \((x+P,y)\), east \((x,y+P)\), and west \((x,y-P)\). It stores these in variables \(N,S,E,V\). The program keeps a running maximum \(max\) of the values seen so far. After each comparison, if the current maximum equals one of the four candidate values, it updates the current position by moving \(P\) steps in that direction (e.g., if \(max==N\) it sets \(x=x-P\)). This process repeats for all \(P\) iterations, potentially moving the piece far outside the grid bounds (the code does not guard against out‑of‑range indices).

Finally, the program prints the maximum value encountered during the loop. The algorithm therefore greedily moves the piece \(P\) steps in the direction of the largest diamond value among the four cardinal directions at each step, and reports the largest diamond value seen along the way."
1314235663,1.79,cpp,BFS_RADIUS,BFS_RADIUS,YES,0.921875,GEOMETRIC_SCAN,0.024536133,0.96875,GREEDY_NEIGHBOR_WALK,0.010803223,"The program reads the grid dimensions \(N,M\), the maximum number of moves \(P\), and the starting coordinates \((L,C)\). It stores the diamond values in a 2‑D array `map`. A second array `beauty` is used to accumulate a running sum of values along a path, and a `visited` array marks cells that have already been processed.

The core routine `solve()` performs a breadth‑first traversal starting from the initial cell. A queue holds positions to visit. For each dequeued cell the program:

1. Marks it visited and decrements a counter `pmax` that starts at \(P+1\). 
2. Adds the cell’s diamond value `b` to `beauty[posi][posj]`. 
3. Updates the current best result `res` with the new `beauty` value. 
4. For each of the four orthogonal neighbours that are inside the grid and not yet visited, it adds `b` to that neighbour’s `beauty` entry, pushes the neighbour onto the queue, and leaves it unvisited until it is later dequeued.

The loop stops either when the queue is empty or when `pmax` reaches zero, effectively limiting the traversal to at most \(P+1\) cells. After the loop, if at least one move was allowed (\(P>0\)), the program prints the maximum accumulated value found; otherwise it prints `-1`.

Thus the implementation attempts a limited‑depth BFS that propagates cumulative sums of diamond values, but it does not correctly enforce a path length constraint or avoid revisiting cells beyond the first encounter."
1314235667,5.36,cpp,GREEDY_NEIGHBOR_WALK,GREEDY_NEIGHBOR_WALK,YES,0.98046875,GEOMETRIC_SCAN,0.012329102,1,UNKNOWN,0.000431061,"The program reads the size of a rectangular grid (N rows, M columns), a maximum number of moves P, and the starting position (L, C). It then reads the integer value of each cell into a 2‑dimensional array `v`. If no moves are allowed (`P == 0`) it simply outputs the value of the starting cell.

For the case where moves are permitted, the code first pads the array with a border of sentinel values (`-INT_MAX`) so that any attempt to access a neighbour outside the grid yields a very small number. It then performs a greedy walk for exactly `P` steps. At each step it examines the four orthogonal neighbours of the current cell, selects the neighbour with the largest stored value, moves the current position to that neighbour, and records the maximum value seen among all visited cells. After completing the `P` iterations it prints this maximum value.

Thus the algorithm is a simple deterministic walk that always steps to the locally highest adjacent cell, keeping track of the highest diamond value encountered during the walk."
1314235686,12.5,java,GEOMETRIC_SCAN,DFS_RADIUS,NO,0.8828125,UNKNOWN,0.038818359,0.98046875,DP_RADIUS,0.012329102,"The program reads the grid dimensions \(N\) and \(M\), the maximum number of moves \(P\), and the starting position \((L,C)\). It stores the diamond values in a 1‑based array `matrix`. After reading the grid, it calls the recursive method `cautare`, passing the matrix, the current coordinates, the list `sol` that will hold reachable diamond values, and the remaining number of moves.

`cautare` is a depth‑first search that, when the remaining moves reach zero, records the value of the current cell into `sol`. Otherwise it recursively explores the four orthogonal neighbours (north, east, south, west) by decrementing the move counter. The routine does not perform any bounds checking, so it may attempt to access indices outside the array, which would cause a runtime error on invalid inputs.

Once all recursive calls finish, the main routine iterates over the collected values in `sol`, keeping the maximum found. It also compares this maximum with the value of the starting cell, ensuring that the starting position is considered even if no moves are made. Finally, it prints the maximum diamond value that can be reached in at most \(P\) moves."
1314235692,50,java,GEOMETRIC_SCAN,GEOMETRIC_SCAN,YES,1,SORTED_MANHATTAN,0.00062561,1,SORTED_MANHATTAN,0.000911713,"The program reads the grid dimensions \(N\) and \(M\), the maximum number of moves \(P\), and the starting position \((L,C)\). It then scans every cell of the \(N \times M\) board, reading the diamond value \(f\) at each coordinate \((i,j)\). For each cell it computes the Manhattan distance \(|i-L|+|j-C|\); if this distance is no larger than \(P\) the cell is reachable within the allowed moves. Among all reachable cells the program keeps the largest value seen so far, storing it in the variable `max` (initialised to \(-100\)). After all cells have been processed, the program outputs this maximum value.

The implementation contains an unused `Diamant` class and an `ArrayList` that never receives elements; the core logic is a single nested loop that performs a linear scan of the grid, applying a simple distance check and a comparison to update the maximum. No recursion, graph traversal, or sophisticated data structures are employed. The result is the highest diamond value reachable within the given number of moves, or \(-100\) if no cell satisfies the distance condition."
1314235693,8.93,java,GEOMETRIC_SCAN,GEOMETRIC_SCAN,YES,1,BFS_RADIUS,0.000295639,1,SORTED_MANHATTAN,0.00062561,"The program reads the grid dimensions \(N\) and \(M\), the maximum number of moves \(P\), and the starting position \((L,C)\) (converted to 0‑based indices). It then reads the \(N\times M\) matrix of diamond values.

If \(P=1\) the code explicitly checks the four orthogonal neighbours of the starting cell (north, south, west, east), guarding against going outside the grid. The values of the neighbours are stored in four temporary variables, and the maximum of these four is printed. (The implementation mistakenly overwrites one neighbour variable, but the intent is to consider all four.)

For any other \(P\) the program constructs a rectangular sub‑grid that contains all cells reachable in at most \(P\) moves. Because a move changes either the row or the column by one, the reachable cells form a diamond, but the code approximates this by taking the axis‑aligned square with side length \(2P+1\) centred at the start, clipped to the grid boundaries. It then iterates over every cell in this rectangle, keeping track of the largest value encountered, and finally outputs that maximum.

Thus the program outputs the highest diamond value that can be reached from the starting position within the allowed number of moves, using a simple boundary‑clipped scan of a square region."
1314235708,1.79,java,GEOMETRIC_SCAN,GEOMETRIC_SCAN,YES,0.97265625,UNKNOWN,0.013916016,0.9921875,GREEDY_NEIGHBOR_WALK,0.005889893,"The program reads the grid dimensions `n` and `m`, the maximum number of moves `p`, and the starting position `(l, c)` (1‑based). It then reads an `n × m` matrix of integer diamond values into a 1‑indexed array `matrix`. 

It stores the value of the starting cell in `ceva`. A variable `max` is initialized to –10 000. The code then runs a loop `p` times, but inside the loop it never changes the current position `(l, c)`. In each iteration it simply compares the four orthogonal neighbors of the starting cell—left, right, up, and down—to `max`, updating `max` whenever a neighbor’s value is larger. Temporary local variables (`c1`, `c2`, `l1`, `l2`) are assigned when a new maximum is found, but they are never used afterwards. 

After the loop, if `p` is zero the program outputs the value of the starting cell (`ceva`); otherwise it outputs the maximum value found among the four adjacent cells. No bounds checking is performed, so the program may access out‑of‑range indices if the starting cell is on the grid edge. The algorithm therefore effectively reports the highest diamond value reachable in at most one move, regardless of the actual value of `p`."
1314235709,44.64,cpp,GEOMETRIC_SCAN,GEOMETRIC_SCAN,YES,1,BFS_RADIUS,0.000148773,1,SORTED_MANHATTAN,0.000431061,"The program reads the grid dimensions \(N\) and \(M\), the maximum number of moves \(P\), and the starting position \((L,C)\). It then reads an \(N\times M\) matrix of integer diamond values into a 1‑indexed dynamic array `F`. 

To find the largest value reachable within at most \(P\) steps, the code scans a diamond‑shaped region centered at \((L,C)\). It first considers rows above or equal to the start row: for each row \(i\) from \(\max(L-P,1)\) up to \(L\), it iterates over columns \(j\) that satisfy \(|j-C|\le i-\max(L-P,1)\) and are within the grid bounds. The maximum value among these cells is stored in `val`. 

Next it processes rows below or equal to the start row: for each row \(i\) from \(L\) up to \(\min(L+P,N)\), it iterates over columns \(j\) with \(|j-C|\le \min(L+P,N)-i\), again respecting the grid limits, updating `val` with any larger diamond value found. 

After both loops, `val` holds the highest diamond value reachable in at most \(P\) moves, which the program outputs. Finally, it frees the allocated memory."
1314235712,10.71,cpp,DFS_RADIUS,DFS_RADIUS,YES,0.42578125,SORTED_MANHATTAN,0.176757813,0.83984375,GREEDY_NEIGHBOR_WALK,0.068847656,"The program reads the grid dimensions \(N\) and \(M\), the maximum number of moves \(P\), and the starting position \((L,C)\). It stores the diamond values in a 1‑based 2‑D vector `a` and creates a parallel 2‑D vector `seen` initialized to zero. 

The core routine `getMax(a, seen, x, y, p)` is a depth‑first search that explores all paths of length at most `p` starting from cell \((x,y)\). It first checks whether the current cell has already been visited in the current recursion path by inspecting `seen[x][y]`; if so it returns a very small sentinel value \(-1000001\). Otherwise it marks the cell as visited. If no moves remain (`p==0`) it simply returns the value of the current cell. Otherwise it recursively calls itself for the four orthogonal neighbours (north, south, west, east) with `p-1`, takes the maximum of those four results and the value of the current cell, and returns that maximum. 

The main function invokes `getMax` with the starting coordinates and the allowed number of moves, then prints the returned maximum value. The algorithm therefore attempts to find the largest diamond value reachable within at most `P` steps, but it uses a global `seen` array that is never reset between different recursive branches, effectively preventing any cell from being revisited in any path. It also does not perform any bounds checking on neighbour coordinates, so out‑of‑range accesses may occur. The result is the maximum value found by this constrained search."
1314235715,5.36,cpp,GREEDY_NEIGHBOR_WALK,GREEDY_NEIGHBOR_WALK,YES,0.9921875,GEOMETRIC_SCAN,0.004058838,1,UNKNOWN,0.000553131,"The program first reads the grid dimensions `n` and `m`, then declares a 2‑D array `a` of size `(n+1) × (m+1)` (using 1‑based indexing). After that it reads the maximum number of moves `p`, the starting row `l` and the starting column `q`. It then fills the array with the diamond values from the input.

The algorithm keeps a variable `max` initialized to the value of the starting cell. In a loop that runs at most `p` times, it examines the four orthogonal neighbours of the current position `(l, q)` (north, west, south, east) that lie inside the grid. For each neighbour it checks whether its value is strictly greater than the current `max`. If so, it updates `max` to that neighbour’s value and records the direction to move (`chx`, `chy`). After inspecting all four neighbours, the program moves the current position by the recorded direction and decrements the remaining move counter `p`. If no neighbour has a higher value, the direction variables are left unchanged, so the position does not change in that iteration.

When the loop finishes (either because `p` moves have been made or no better neighbour exists), the program outputs the value stored in `max`, which is the highest diamond value that could be reached by following this greedy, step‑by‑step strategy."
1314235739,48.21,java,GEOMETRIC_SCAN,GEOMETRIC_SCAN,YES,1,BFS_RADIUS,0.000486374,1,SORTED_MANHATTAN,0.000804901,"The program reads the grid dimensions \(N\) and \(M\), the maximum number of moves \(P\), and the starting position \((L,C)\). It then reads an \(N\times M\) matrix of integer diamond values, storing them in a 1‑based array `grid` with an extra row and column of zeros for easier bounds handling. 

If no moves are allowed (\(P=0\)), the program simply outputs the value of the starting cell. Otherwise it scans every cell of the grid. For each cell \((i,j)\) it checks whether the Manhattan distance \(|L-i|+|C-j|\) is at most \(P\). If so, and if the cell’s value is at least as large as the current best (`max`), the program then verifies that the cell is **not** one of the four diagonal neighbours of the start (i.e., \((L\pm1,\,C\pm1)\)). If the cell passes this test, its value becomes the new maximum. 

After examining all cells, the program prints the largest value found that satisfies the distance constraint and is not a diagonal neighbour of the starting position. If no such cell exists, the printed value remains the initial `max` of 0."
1314235747,1.79,java,GREEDY_NEIGHBOR_WALK,GREEDY_NEIGHBOR_WALK,YES,0.90234375,GEOMETRIC_SCAN,0.051025391,0.98828125,UNKNOWN,0.007568359,"The program begins by reading the grid dimensions \(N\) and \(M\), the maximum number of moves \(P\), and the starting position \((L,C)\) (1‑based). It then reads the \(N \times M\) matrix of diamond values into a 2‑dimensional array. The value at the starting cell is stored as the current best value.

If no moves are allowed (\(P=0\)), the program immediately outputs the starting cell’s value. Otherwise it enters a loop that will iterate at most \(P\) times. In each iteration it attempts to look at the four cells that are one step north, east, south, or west of the current position by accessing indices \((L-2,C-1)\), \((L-1,C)\), \((L,C-1)\), and \((L-1,C-2)\). It selects the maximum of these four values and then updates the current position to that cell by adjusting \(L\) and \(C\) according to which neighbor held the maximum. The best value seen so far is updated if the new cell’s value is larger. The loop continues until the move counter exceeds \(P\) or the indices would fall outside the array bounds.

After the loop terminates, the program prints the highest diamond value that was reached during the simulated moves. The implementation assumes that the four neighbor indices are always valid and does not handle boundary checks beyond a simple comparison of \(L-1\) and \(C-1\) against \(N\) and \(M\)."
1314235752,35.71,cpp,GEOMETRIC_SCAN,GEOMETRIC_SCAN,YES,1,BFS_RADIUS,0.000295639,1,SORTED_MANHATTAN,0.001502991,"The program reads the grid dimensions \(N\) and \(M\), the maximum number of moves \(P\), and the starting position \((L,C)\). It then stores the diamond values in a 1‑based array `matrix`. 

If no moves are allowed (\(P=0\)), the value at the starting cell is printed immediately. 
Otherwise the program initializes `max` with the value at the starting position and scans a square region whose side length is \(2P+1\) centered on \((L,C)\). For each cell \((i,j)\) in this region it first checks that the indices do not exceed the grid bounds (the code only tests the upper bounds, implicitly assuming the lower bounds are satisfied). It then computes the Manhattan distance from \((L,C)\) to \((i,j)\) using the helper `distance` function. If this distance is at most \(P\) and the cell’s value is greater than or equal to the current `max`, the value of `max` is updated. 

After exhausting the region, the program outputs the largest diamond value that can be reached within at most \(P\) moves. The algorithm is a simple brute‑force search over all cells whose Manhattan distance from the start does not exceed \(P\)."
1314235761,50,cpp,GEOMETRIC_SCAN,GEOMETRIC_SCAN,YES,1,BFS_RADIUS,0.00014019,1,SORTED_MANHATTAN,0.000295639,"The program reads the grid dimensions \(N\) and \(M\), the maximum number of moves \(P\), and the starting position \((L,C)\). It then reads the \(N\times M\) matrix of diamond values into a 1‑indexed dynamic array `F`. 

To find the largest value reachable in at most \(P\) steps, the code scans every cell whose Manhattan distance from \((L,C)\) is no greater than \(P\). It does this with two nested loops that cover the upper and lower halves of the diamond-shaped region separately. 

For rows \(i\) from \(\max(L-P,1)\) up to \(L\), it iterates columns \(j\) from \(\max(C-(i-L+P),1)\) to \(\min(C+(i-L+P),M)\). For rows \(i\) from \(L\) up to \(\min(L+P,N)\), it iterates columns \(j\) from \(\max(C-(L+P-i),1)\) to \(\min(C+(L+P-i),M)\). In each iteration it updates a variable `val` with the maximum of its current value and `F[i][j]`. 

After the loops finish, `val` holds the maximum diamond value that can be reached within the allowed number of moves, and the program outputs this value. Finally, it frees the allocated memory before terminating."
1314235790,50,cpp,GEOMETRIC_SCAN,GEOMETRIC_SCAN,YES,1,BFS_RADIUS,0.00014019,1,SORTED_MANHATTAN,0.000553131,"The program reads the grid dimensions \(N\) and \(M\), the maximum number of moves \(P\), and the starting position \((L,C)\). It then reads an \(N\times M\) matrix of integer diamond values into a 1‑indexed dynamic array `F`. 

A variable `val` is initialized to a very small sentinel (`-100000000`). The code then scans all cells that lie within a Manhattan distance of at most \(P\) from the starting cell. This is done in two parts: 

1. **Upper half (rows above the start)** – for each row \(i\) from \(\max(L-P,1)\) up to \(L-1\), the column range is chosen so that \(|i-L|+|j-C|\le P\). The bounds for \(j\) are computed as 
 \[
 j_{\text{min}}=\max\bigl(1,\; C-(i-L+P)\bigr),\qquad
 j_{\text{max}}=\min\bigl(M,\; C+(i-L+P)\bigr).
 \] 
 Every cell in this band updates `val` with the maximum of its current value and `F[i][j]`.

2. **Lower half (rows at or below the start)** – for each row \(i\) from \(L\) up to \(\min(L+P,N)\), the column range is similarly constrained by 
 \[
 j_{\text{min}}=\max\bigl(1,\; C-(L+P-i)\bigr),\qquad
 j_{\text{max}}=\min\bigl(M,\; C+(L+P-i)\bigr).
 \] 
 Again, `val` is updated with the maximum diamond value found.

After both loops, `val` holds the largest diamond value reachable within at most \(P\) moves, and this value is printed. Finally, the dynamically allocated rows and the array of row pointers are freed before the program terminates."
1314235801,16.07,java,GEOMETRIC_SCAN,GEOMETRIC_SCAN,YES,1,BFS_RADIUS,0.000356674,0.96875,UNKNOWN,0.017700195,"The program reads the grid dimensions \(N\) and \(M\), the maximum number of moves \(P\), and the starting position \((L,C)\). It then stores the diamond values in a 1‑based array `array`. If no moves are allowed (\(P=0\)) it simply prints the value at the starting cell.

For \(P>0\) the code attempts to examine all cells that can be reached within at most \(P\) steps. It introduces a variable `counter` initialized to `p + 1 - l`. Two different traversal patterns are used depending on whether `counter` is negative or not.

*When `counter < 0`* the code iterates `i` from `l - p` up to `l + p`. For each row it sets a single column index `j` equal to `c - counter` (the loop over `j` is effectively a single iteration). It checks bounds and updates the maximum value found. After processing a row, `counter` is increased if the current row is above the start row, otherwise it is decreased. This produces a very narrow “stripe” that moves left and right as the row index moves away from the start.

*When `counter >= 0`* the code iterates `i` from `1` up to either `l + p` or `n`, whichever is smaller. For each row it determines a starting column `j` as either `1` or `c - counter` depending on whether `c` is smaller than `counter`. It also determines an ending column `limitJ` as either `m` or `c + counter`. It then scans all columns from `j` to `limitJ`, updating the maximum value. After each row, `counter` is again adjusted up or down depending on whether the current row is above or below the start row.

Finally, the program prints the maximum value found during these scans. The loops are intended to cover a diamond‑shaped region of Manhattan distance at most \(P\) from the start, but the implementation uses a single‑column sweep in one branch and a potentially incorrect column range in the other, so the actual set of cells examined may not match the intended diamond."
1314235829,41.07,java,GEOMETRIC_SCAN,BFS_RADIUS,NO,0.69921875,DP_RADIUS,0.094726563,0.984375,GREEDY_NEIGHBOR_WALK,0.00402832,"The program reads the grid dimensions \(N,M\), the maximum number of moves \(P\), and the starting position \((L,C)\). It stores the diamond values in a 1‑based array `mat`. Two auxiliary \( (N+1)\times(M+1)\) arrays, `prev` and `curr`, are used to keep track of which cells can be reached after a given number of steps. Initially only the starting cell is marked in `prev` with its diamond value.

For each remaining move (the outer loop runs \(P\) times, counting down), the program scans every cell. If a cell is marked in `prev` (i.e., reachable in the previous step), it attempts to move to each of its four orthogonal neighbours. For every valid neighbour inside the grid, the neighbour’s entry in `curr` is set to the diamond value stored in `mat`. After processing all cells, `curr` now contains the diamond values of all cells that can be reached in exactly the current number of steps. The program then copies `curr` back into `prev`, clears `curr`, and records the maximum diamond value seen in `prev` as `max_aux`. This maximum is compared with a running `result` that keeps the best value found over all step counts.

If no moves are allowed (\(P=0\)), the program simply outputs the diamond value at the starting cell. Otherwise, after all iterations, it prints the highest diamond value that could be reached in at most \(P\) moves. The algorithm essentially performs a breadth‑first expansion of reachable cells, but instead of storing distances it only keeps the diamond value of each reachable cell, overwriting previous values when a cell is reached again."
1314235864,1.79,java,GEOMETRIC_SCAN,GEOMETRIC_SCAN,YES,0.9765625,UNKNOWN,0.020263672,0.9453125,GREEDY_NEIGHBOR_WALK,0.041503906,"The program begins by reading five integers: the grid dimensions \(N\) and \(M\), the maximum number of moves \(P\), and the starting position \((L, C)\). It then allocates a two‑dimensional array of size \(10000 \times 10000\) and fills the sub‑matrix from indices \(1\) to \(N\) and \(1\) to \(M\) with the diamond values supplied in the input. 

The core routine `solveProblem` examines the value of \(P\). If no moves are allowed (\(P = 0\)), it simply outputs the value of the diamond at the starting cell. If at least one move is permitted (\(P > 0\)), the routine looks at the four orthogonally adjacent cells (north, east, south, west) relative to the starting position and selects the maximum value among them. This maximum is then printed. The code does not perform any bounds checking on the neighbor indices, so it assumes that the starting cell is not on the grid boundary when \(P > 0\). No further exploration or path calculation is performed."
1314235888,1.79,cpp,BFS_RADIUS,BFS_RADIUS,YES,0.96875,GEOMETRIC_SCAN,0.010742188,0.94140625,UNKNOWN,0.036376953,"The program reads the grid dimensions \(N,M\), the maximum number of moves \(P\) and the starting coordinates \((L,C)\). The diamond values are stored in a 2‑D array `map`. Two additional 2‑D arrays are declared: `beauty`, a floating‑point array that is initially zero, and `visited`, an integer flag array.

The core routine `solve()` performs a breadth‑first traversal using a queue of cell coordinates. It starts by pushing the initial position into the queue and sets a counter `pmax` to \(P+1\). While the queue is not empty and `pmax` is still positive, the algorithm:

1. Marks the current cell as visited.
2. Decrements `pmax`.
3. Retrieves the current cell from the queue and updates `beauty[posi][posj]` by adding the maximum of the cell’s diamond value and zero. 
4. Keeps track of the largest value seen in `beauty` in the variable `res`.

For each of the four orthogonal neighbours (north, south, east, west) it checks whether the neighbour lies inside the grid and has not yet been visited (`isSafe`). If so, it adds to that neighbour’s `beauty` the current cell’s `beauty` (clamped to non‑negative) and enqueues the neighbour.

After the loop, if any moves were allowed (`P>0`) the program prints the maximum `beauty` value found; otherwise it prints the diamond value at the starting cell.

Thus the code attempts a limited‑depth BFS that propagates a cumulative “beauty” value outward from the start, but it does not correctly enforce the move limit or properly accumulate diamond values, and it uses floating‑point arithmetic where integers would suffice."
1314235938,1.79,java,GEOMETRIC_SCAN,UNKNOWN,NO,0.62109375,UNKNOWN,0.29296875,0.7421875,GEOMETRIC_SCAN,0.166015625,"The program begins by reading the grid dimensions \(N\) and \(M\), the maximum number of moves \(P\), and the starting position \((L,C)\). It stores the diamond values in a 1‑based 2‑dimensional array `numbers`. 

After the input, the code enters a nested loop that iterates over every cell of the grid, but the inner logic never uses the loop indices `i` and `j`; instead it repeatedly works with the fixed starting coordinates `L` and `C`. For each iteration it sets `pos` to the value at the starting cell and then enters a `while` loop that runs at most `P` times. Inside this loop it compares the four orthogonal neighbours of the current position (up, down, left, right) and keeps the largest value found in the variable `aux`. It then scans the entire grid to find any cell whose value equals `aux` and assigns that value to `pos`. The counter `m` is incremented and the loop repeats until `P` moves have been simulated or no further moves are possible. 

When the outer loops finish, the program prints the value stored in `aux`. In effect, the code attempts to simulate moving from the starting cell to the highest‑valued neighbour repeatedly, but it does so incorrectly: it never updates the current coordinates, it scans the whole grid to locate the chosen value, and it repeats this process for every cell in the grid. The final output is simply the value of the last neighbour considered (or the starting value if no moves were made)."
1314235964,10.71,java,UNKNOWN,UNKNOWN,YES,0.353515625,GEOMETRIC_SCAN,0.213867188,0.482421875,DFS_RADIUS,0.2578125,"The program reads the grid dimensions \(N\) and \(M\), the maximum number of moves \(P\), and the starting position \((L,C)\). It stores the diamond values in a 1‑based array `matrix`. The value at the starting cell is taken as an initial candidate for the answer.

The core of the program is the recursive method `cautare`. It receives the current coordinates (`start`, `end`), a list `sol` to collect candidate values, and the remaining number of moves `mutari`. If no moves are left, it simply returns the value of the current cell. Otherwise, it recursively explores two pairs of directions: first it compares the results of moving one step down (`start+1`) versus right (`end+1`), adding the larger of the two results to `sol`; then it does the same for moving up (`start-1`) versus left (`end-1`). The method finally returns the constant `1` (the return value is largely ignored except for the base case).

After the recursive search finishes, the main routine iterates over all values stored in `sol` and keeps the maximum, comparing it with the initial cell value. That maximum is printed as the result.

Thus the program attempts a brute‑force exploration of all paths of length up to \(P\) from the starting cell, collecting the values of the cells reached, and outputs the largest value found. It does not perform any bounds checking, so out‑of‑range accesses may occur, and the returned value of the recursive calls is largely ignored except for the base case."
1314235969,14.29,java,DFS_RADIUS,DFS_RADIUS,YES,0.875,SORTED_MANHATTAN,0.043701172,0.97265625,DP_RADIUS,0.017822266,"The program begins by reading five integers from standard input: the number of rows N, the number of columns M, the maximum number of moves P, and the starting position of the piece given by row L and column C. It then allocates a 1‑based array `matrix[N+1][M+1]` and fills it with the diamond values read from the next N lines of input. A `Player` object is created to hold the current coordinates.

The core of the solution is a depth‑first search implemented by the recursive method `Back`. Starting from the initial `Player` position and with zero moves made, the method first records the value of the diamond at the current cell if it is larger than the global maximum `max`. If the number of moves performed equals the allowed limit P, the recursion stops. Otherwise, the method recursively explores each of the four orthogonal neighbours (north, south, east, west) that stay within the grid bounds, incrementing the move counter each time. Each recursive call creates a new `Player` instance with the updated coordinates. Because no memoisation or pruning is used, the search visits every possible path of length up to P, potentially revisiting the same cell many times.

After the exhaustive search completes, the program prints the largest diamond value found during the traversal. The algorithm therefore explores all reachable cells within P steps from the starting position and outputs the maximum value among them."
1314236008,12.5,java,GEOMETRIC_SCAN,DFS_RADIUS,NO,0.9375,UNKNOWN,0.01940918,0.8828125,DP_RADIUS,0.063964844,"The program reads the grid dimensions \(N\) and \(M\), the maximum number of moves \(P\), and the starting position \((L,C)\). It stores the diamond values in a 1‑based array `matrix`. The value at the starting cell is kept in `diamant`.

A recursive routine `cautare` is then invoked with the starting coordinates, the remaining move count `mutari`, and an `ArrayList<Integer>` `sol`. The routine works as follows: if no moves remain, it records the value of the current cell in `sol`. Otherwise it makes four recursive calls, each decrementing the move counter and moving one step north, east, south, or west (by adding or subtracting 1 from the row or column index). No bounds checks are performed, so the recursion may attempt to access cells outside the grid.

After the recursion finishes, the program iterates over all collected values in `sol`, updating `diamant` to the maximum of its current value and each recorded value. Finally, it prints this maximum value, which is intended to be the highest diamond value reachable within at most \(P\) moves."
1314236045,14.29,java,BFS_RADIUS,BFS_RADIUS,YES,0.9140625,GEOMETRIC_SCAN,0.03125,0.99609375,DFS_RADIUS,0.001243591,"The program reads the grid dimensions \(N\) and \(M\), the maximum number of moves \(P\), and the starting coordinates \((L,C)\). The grid values are stored in a 1‑based array `matrix`. 

A helper class `Position` holds a cell’s coordinates. The method `vecini` returns the four orthogonal neighbours of a given position that stay inside the grid. 

The core routine `area` performs a breadth‑first search starting from the initial position. It keeps a list `queue` of positions to visit and a 2‑dimensional `visited` array to avoid revisiting cells. The variable `max` records the highest diamond value seen so far, initially the value at the start cell. While the queue is not empty and the counter `k` (initially `P`) is positive, the algorithm removes the first element of the queue, explores all unvisited neighbours, updates `max` if a neighbour’s value is larger, marks the neighbour as visited, and enqueues it. After processing one node, `k` is decremented. When the loop ends, `max` is returned. 

Finally, `main` calls `area` with the starting position and prints the returned maximum value. The program therefore outputs the largest diamond value that can be reached within at most `P` moves, according to the BFS traversal implemented."
1314236105,14.29,java,DFS_RADIUS,DFS_RADIUS,YES,0.69921875,SORTED_MANHATTAN,0.083496094,0.9921875,DP_RADIUS,0.004577637,"The program reads the grid dimensions \(N\) and \(M\), the maximum number of moves \(P\), and the starting position \((L,C)\). It then reads an \(N\times M\) matrix of integer diamond values, storing it in a 1‑indexed array `matrix`. A `Player` object holds the current row and column.

The core of the solution is a depth‑first search implemented by the recursive method `Back`. Starting from the initial player position with zero moves, the method first records the value of the current cell as a candidate for the maximum. If the number of moves made equals \(P\), the recursion stops. Otherwise, the method recursively explores each of the four orthogonal neighbours (north, south, east, west) that stay within the grid bounds, incrementing the move count each time. No memoisation or pruning is performed, so the same cell may be revisited many times along different paths.

After all recursive calls finish, the variable `max` holds the largest diamond value that could be reached in at most \(P\) steps. The program outputs this value. The algorithm therefore performs an exhaustive search of all possible move sequences up to length \(P\), updating the maximum value encountered along the way."
1314236118,1.79,java,GEOMETRIC_SCAN,UNKNOWN,NO,0.921875,UNKNOWN,0.059082031,0.48046875,GREEDY_NEIGHBOR_WALK,0.2265625,"The program reads the grid dimensions \(N\) and \(M\), the maximum number of moves \(P\), and the starting position \((L,C)\). It then reads an \(N\times M\) matrix of integer values, storing it in a 1‑based array `matrix`. 

The core routine is the recursive method `minCost`. It keeps a global counter `count` that is incremented on every call. If the counter reaches `P+1` or if the allowed number of moves `P` is zero, the routine simply returns the value of the cell at the current coordinates. If the coordinates fall outside the lower bounds of the array (`L<0` or `C<1`) it returns a very negative sentinel value. Otherwise, the method returns the maximum of five values: the value in the current cell and the values in the four orthogonally adjacent cells (north, south, east, west). No further recursion is performed beyond the initial call, so the counter never actually reaches `P+1` unless `P` is zero. 

Finally, `main` prints the result of a single call to `minCost` with the starting coordinates and the given `P`. In effect, the program outputs the maximum value among the starting cell and its immediate neighbors, ignoring the intended move limit and the rest of the grid."
1314236143,50,java,GEOMETRIC_SCAN,GEOMETRIC_SCAN,YES,0.99609375,SORTED_MANHATTAN,0.001701355,0.99609375,SORTED_MANHATTAN,0.001502991,"The program reads the grid dimensions \(N\) and \(M\), the maximum number of moves \(P\), and the starting position \((L,C)\). It then reads the value of each diamond in the \(N \times M\) grid. While reading, it stores each diamond’s value in a 2‑D array `dia` and simultaneously computes the Manhattan distance from the starting cell to that cell, storing this distance in a parallel array `cost`. The distance is calculated as 
\[
\text{cost}[k][l] = |k-L| + |l-C|.
\]

After input is finished, the program determines the highest diamond value that can be reached in at most \(P\) moves. It initializes the maximum with the value at the starting cell. If \(P\) is zero it returns this value immediately. Otherwise it scans every cell of the grid; for each cell it checks whether its stored distance is no greater than \(P\) and whether its diamond value exceeds the current maximum. If both conditions hold, the maximum is updated. Finally, the program prints this maximum value.

The algorithm uses two fixed‑size arrays (up to 1001 × 1001) to hold the diamond values and their precomputed Manhattan distances, and performs a single nested loop over all cells to find the best reachable diamond. The overall time complexity is \(O(N \times M)\) and the memory usage is \(O(N \times M)\)."
1314236152,1.79,java,GEOMETRIC_SCAN,GEOMETRIC_SCAN,YES,0.796875,UNKNOWN,0.095214844,0.921875,GREEDY_NEIGHBOR_WALK,0.045898438,"The program reads the grid dimensions \(N\) and \(M\), the maximum number of moves \(P\), and the starting position \((L,C)\). It then stores the diamond values in a 1‑based array `F`. 

In `getResult` it initializes the answer `res` with the value at the starting cell. It then enters a loop that runs at most `P` times, but inside the loop the current coordinates `i` and `j` are never changed. Each iteration simply compares `res` with the four orthogonal neighbours of the starting cell (`(i-1,j)`, `(i+1,j)`, `(i,j-1)`, `(i,j+1)`) and keeps the maximum. The loop terminates when the move counter reaches zero or the coordinates would go out of bounds (which never happens because `i` and `j` stay fixed). 

Thus the algorithm returns the maximum diamond value among the starting cell and its immediate north, south, east, and west neighbours, regardless of the value of \(P\). The result is printed to standard output."
1314236172,1.79,cpp,GREEDY_NEIGHBOR_WALK,GREEDY_NEIGHBOR_WALK,YES,0.99609375,GEOMETRIC_SCAN,0.002792358,1,UNKNOWN,0.000203133,"The program reads the grid dimensions \(N\) and \(M\), the maximum number of moves \(P\), and the starting position \((L,C)\). It then stores the \(N\times M\) matrix of diamond values in a 2‑D array `F`. 

The core routine is the recursive function `generare(mutare, diamant, l, c)`. 
At each call it checks whether the number of performed moves `mutare` equals the allowed limit `P`. If so, it simply outputs the current diamond value `diamant`. Otherwise it examines the four orthogonal neighbours of the current cell: north (`F[l-1][c]`), south (`F[l+1][c]`), west (`F[l][c-1]`), and east (`F[l][c+1]`). It selects the neighbour with the largest value by a series of comparisons, updates the current coordinates `l` and `c` to that neighbour, and recurses with `mutare+1` and the new maximum value. 

Thus the algorithm follows a greedy path: at each step it moves to the adjacent cell that currently holds the highest diamond value, repeating this for exactly `P` steps (or fewer if `P` is zero). After the final step it prints the value of the diamond reached. The program does not perform any bounds checking on the grid edges, so it assumes the input guarantees that all required neighbours exist."
1314236223,1.79,java,GEOMETRIC_SCAN,GEOMETRIC_SCAN,YES,0.9453125,UNKNOWN,0.041503906,0.88671875,GREEDY_NEIGHBOR_WALK,0.082519531,"The program reads the grid dimensions, the maximum number of moves P, and the starting position (L, C). It stores the diamond values in a 1‑indexed 2‑D array. The core routine `minCost` is called with the matrix, the start coordinates, and P. Inside this routine a static counter `count` is compared to P. If P is zero, the result `maxim` is simply the value at the starting cell. If P is positive and the coordinates are still within the 1‑based bounds, the counter is incremented and `maxim` is set to the maximum of the value at the current cell and the values of its four orthogonal neighbours (up, down, left, right). No further recursion or iteration is performed; the routine returns immediately after this single comparison. Finally, the program prints the value stored in `maxim`. Thus the output is the largest diamond value among the starting cell and its immediate neighbours, provided the starting position is valid and P is at least one."
1314236225,1.79,java,GREEDY_NEIGHBOR_WALK,GEOMETRIC_SCAN,NO,0.984375,GEOMETRIC_SCAN,0.006652832,0.85546875,UNKNOWN,0.079589844,"The program reads the grid dimensions \(N\) and \(M\), the maximum number of moves \(P\), and the starting coordinates \((L,C)\). It stores the diamond values in a 1‑based array `mat`. The variable `result` is initialized to the value at the starting cell.

If \(P=0\) the program simply prints this value. Otherwise it enters a loop that is intended to simulate up to \(P\) moves. In each iteration it calls `max_sum_neighbours`, passing the current coordinates (which are always the original \(L\) and \(C\)). That helper examines the four orthogonal neighbours of the given cell, chooses the largest neighbour value, and sets the global `max_elem` to that value. It also attempts to adjust the local `i` and `j` variables to point to the chosen neighbour, but these adjustments are local to the helper and do not affect the caller’s coordinates.

Back in the loop, if `max_elem` is larger than the current `result`, the program updates `result` and assigns the (unchanged) original coordinates to `l` and `c`. The loop then increments a move counter and repeats. Because the coordinates never change, the helper always inspects the same four neighbours, and the loop has no effect beyond the first iteration.

Finally the program prints `result`, which is the maximum of the starting cell’s value and the values of its four orthogonal neighbours (or the starting value if all neighbours are smaller). The code does not actually perform any path‑finding or use the allowed number of moves."
1314236278,3.57,cpp,GREEDY_NEIGHBOR_WALK,GREEDY_NEIGHBOR_WALK,YES,0.99609375,GEOMETRIC_SCAN,0.002792358,1,UNKNOWN,0.001029968,"The program reads the size of a rectangular grid (N rows, M columns), the maximum number of moves P, and the starting position (L, C). It then stores the integer value of each cell in a 2‑D array `F`. The main routine calls a recursive function `generare` with the initial number of moves (0), the value of the starting cell, and the starting coordinates.

`generare` works as follows. If the number of moves made equals P, it simply outputs the current diamond value and stops. Otherwise it looks at the four orthogonal neighbours of the current cell (north, south, west, east) and records their values. It then selects the neighbour with the largest value: it first compares north and south, then compares the larger of those with west, and finally with east, updating the current coordinates to that neighbour. If the current diamond value is already larger than the best neighbour, the function prints the current value and returns; otherwise it recurses with the move count incremented, the new maximum value, and the updated coordinates.

Thus the algorithm greedily walks from the starting cell, always stepping to the adjacent cell with the highest value, until it has taken P steps or until it reaches a cell whose value exceeds all of its neighbours. The value printed is the value of the last cell visited under these rules. The code does not handle boundary checks, uses 1‑based indexing, and may access out‑of‑bounds cells if the starting position is on the edge."
1314236299,5.36,cpp,GREEDY_NEIGHBOR_WALK,GREEDY_NEIGHBOR_WALK,YES,0.9765625,GEOMETRIC_SCAN,0.013977051,0.99609375,UNKNOWN,0.002182007,"The program reads the size of a rectangular grid, the maximum number of moves \(P\), and the starting coordinates \((L,C)\). It then stores the integer value of each cell in a 2‑D array `v`. If no moves are allowed (\(P=0\)), it simply outputs the value of the starting cell.

For the general case the code pads the array with a border of very negative numbers (`-INT_MAX`) so that any attempt to move outside the grid will never be chosen. It then simulates a greedy walk: starting from \((L,C)\), it repeatedly looks at the four orthogonal neighbours (north, west, south, east) and selects the one with the largest value. The variable `frum_max` keeps the highest neighbour value seen so far. If the current cell’s value is larger than the best neighbour, the walk stops early. The loop runs at most \(P\) times, updating the current position to the chosen neighbour each iteration. After the loop, the program prints the maximum neighbour value that was encountered during the walk (stored in `frum_max`)."
1314236304,41.07,cpp,GEOMETRIC_SCAN,GEOMETRIC_SCAN,YES,0.99609375,UNKNOWN,0.00062561,1,SORTED_MANHATTAN,0.000553131,"The program reads the grid dimensions \(n\) and \(m\), the maximum number of moves \(P\) (named `mutari`), and the starting position \((L,C)\). It then stores the \(n\times m\) diamond values in a 1‑based array `mat`. 

To find the highest value reachable within at most \(P\) steps, the code iterates over all rows \(i\) from \(L-P\) to \(L+P\). For each such row it maintains a variable `aux` that represents the horizontal distance allowed at that row, increasing when moving downwards and decreasing when moving upwards. Inside the row loop it scans columns \(j\) from \(C-aux\) to \(C+aux\), skipping any indices that fall outside the grid bounds. For every valid cell it updates a running maximum `max` if the cell’s value is larger. 

Finally, the program outputs this maximum value. The algorithm essentially checks every cell whose Manhattan distance from the start is at most \(P\), but the implementation contains several off‑by‑one and boundary‑checking mistakes that may cause incorrect results for edge cases."
1314236321,1.79,java,GEOMETRIC_SCAN,GEOMETRIC_SCAN,YES,0.91796875,UNKNOWN,0.06640625,0.9921875,GREEDY_NEIGHBOR_WALK,0.002792358,"The program reads the grid dimensions, the maximum number of moves `p`, and the starting position `(l,c)`. It stores the diamond values in a 2‑D array `mat`. If no moves are allowed (`p == 0`) it simply outputs the value at the starting cell.

When `p` is positive the code attempts to examine the four cells that are exactly `p` steps away from the start in the cardinal directions. It converts the 1‑based start coordinates to 0‑based indices `x` and `y`, then in a loop that runs `p` times it repeatedly reads the values at positions `(x‑p, y)`, `(x+p, y)`, `(x, y+p)`, and `(x, y‑p)`. It keeps a running maximum of these four values, but it never updates `x` or `y`, so the same four positions are considered on every iteration. After the loop it prints the maximum value found among those four cells.

Thus the program effectively outputs the largest diamond value that lies exactly `p` cells north, south, east, or west of the starting position (ignoring bounds checks and the fact that it repeats the same check `p` times)."
1314236326,41.07,cpp,GEOMETRIC_SCAN,GEOMETRIC_SCAN,YES,1,SORTED_MANHATTAN,0.000429153,1,SORTED_MANHATTAN,0.000230789,"The program reads the grid dimensions `n` and `m`, the maximum number of moves `mutari`, and the starting position `(l, c)` (1‑based indices). It then reads the `n × m` matrix of diamond values into a 1‑based vector `mat`. 

The core of the algorithm is a single nested loop that attempts to examine all cells that are reachable from the start in at most `mutari` steps. A variable `aux` is used to keep track of the horizontal reach for each row: it starts at 0 and is increased when the loop index `i` is below the starting row `l`, and decreased when `i` is above `l`. For each row `i` in the range `[l‑mutari, l+mutari]` (subject to the grid’s upper bound), the inner loop iterates over columns `j` from `c‑aux` to `c+aux`. Out‑of‑bounds columns are skipped or break the loop when they exceed the grid width. For every in‑bounds cell `(i, j)` the program compares its value with a running maximum `max` and updates `max` if a larger value is found. 

After processing all relevant rows, the program prints the maximum value found. The implementation uses simple integer loops and a single scalar `max`; it does not perform any path‑finding or dynamic programming, merely scans a diamond‑shaped region around the starting cell."
1314236341,37.5,cpp,GEOMETRIC_SCAN,GEOMETRIC_SCAN,YES,0.99609375,SORTED_MANHATTAN,0.001167297,1,SORTED_MANHATTAN,0.000203133,"The program reads the grid dimensions `n` and `m`, the maximum number of moves `mutari`, and the starting position `(l, c)` (1‑based). It then stores the `n × m` diamond values in a 1‑indexed 2‑D vector `mat`. 

To find the best reachable diamond, the code attempts to examine all cells that lie within a Manhattan distance of at most `mutari` from the start. It does this with a single outer loop over rows `i` from `l‑mutari` to `l+mutari` (clamped to the grid’s upper bound). An auxiliary variable `aux` is used to keep track of how far left and right from column `c` the current row should be inspected. For each row, the inner loop iterates columns `j` from `c‑aux` to `c+aux` (again clamped to the grid’s right bound) and updates the running maximum `max` with any larger value found. After processing a row, `aux` is incremented if the row index is below the start row, otherwise it is decremented, so that the horizontal range expands and then contracts as the loop moves away from the start row.

The program prints the largest value found in this diamond‑shaped region. However, the implementation contains several boundary checks that are incorrect (e.g., it tests `i < 0` instead of `i < 1`, and it does not guard against negative column indices), so the actual set of cells examined may be incomplete or include out‑of‑bounds accesses. Nonetheless, the intended logic is to scan a diamond of radius `mutari` around the starting cell and output the maximum diamond value within that area."
1314236354,50,cpp,GEOMETRIC_SCAN,GEOMETRIC_SCAN,YES,1,SORTED_MANHATTAN,0.000379562,1,SORTED_MANHATTAN,0.000709534,"The program reads the grid dimensions \(N\) and \(M\), the maximum number of moves \(P\), and the starting position \((L,C)\). It then reads an \(N\times M\) matrix of integer diamond values, storing it in a 1‑based array `matrix`. 

A `Point` structure holds a row and column. The function `distancer` computes the Manhattan distance between two points, but it mistakenly uses `abs(p1.linie - p2.linie) + abs(p2.coloana - p1.coloana)` (the second absolute is applied to the difference in columns, which is correct, though the variable name `coloana` is misspelled in the function). 

The program creates a vector `values` and first pushes the value at the starting cell. It then iterates over every cell \((i,j)\) in the grid, constructs a `Point` for that cell, and if the Manhattan distance from the start is at most \(P\), it appends the cell’s value to `values`. 

After collecting all reachable values, it scans the vector to find the maximum value, initializing `maxim` to a large negative sentinel. Finally, it outputs this maximum value. The algorithm therefore simply enumerates all cells within a diamond‑shaped Manhattan radius around the start and reports the highest diamond value among them."
1314236366,50,cpp,GEOMETRIC_SCAN,GEOMETRIC_SCAN,YES,0.99609375,SORTED_MANHATTAN,0.001029968,1,SORTED_MANHATTAN,0.00062561,"The program reads the grid dimensions \(N\) and \(M\), the maximum number of moves \(P\), and the starting position \((L,C)\). It then reads the \(N\times M\) matrix of diamond values into a 1‑based array `mat`. 

A variable `max` is initialized to the smallest 32‑bit integer. The code uses an integer `aux` to keep track of how far the current row is from the starting row. It iterates `i` from `L-P` up to `L+P` (but stops when `i` exceeds `n`). For each row it adjusts `aux` so that the horizontal range `j` runs from `C-aux` to `C+aux`. Inside the inner loop it clamps any negative column index to 0 (though the matrix is 1‑based, so this is a bug) and updates `max` if the current cell’s value is larger. After processing a row, `aux` is incremented or decremented depending on whether the current row is above or below the start row. 

Finally, the program prints the largest value found in the cells that lie within the diamond‑shaped region of Manhattan distance at most `P` from the starting position, ignoring out‑of‑bounds cells in a somewhat ad‑hoc manner. The output is the maximum diamond value reachable in at most `P` moves according to this traversal."
1314236392,30.36,java,GEOMETRIC_SCAN,GEOMETRIC_SCAN,YES,1,SORTED_MANHATTAN,0.000431061,1,SORTED_MANHATTAN,0.000911713,"The program reads the grid dimensions \(N\) and \(M\), the maximum number of moves \(P\), and the starting position \((L,C)\). It then reads the \(N\times M\) matrix of diamond values into a 1‑based array `table`. The variable `max` is initialized to the value at the starting cell.

To find the best reachable diamond, the code iterates over a square of side \(2P+1\) centered at \((L,C)\): the outer loops run `i` from `L-P` to `L+P` and `j` from `C-P` to `C+P`. For each candidate cell \((i,j)\) it checks which of the four quadrants relative to the start it lies in and, in each case, whether the Manhattan distance \(|i-L|+|j-C|\) is at most \(P\). If the cell satisfies the distance constraint, its value is compared with `max` and `max` is updated if the cell’s value is larger. No bounds checks are performed for the grid limits, so out‑of‑range indices would cause an exception in a real run.

After scanning all cells in the square that are within the allowed Manhattan distance, the program prints the maximum diamond value found."
1314236430,41.07,java,GEOMETRIC_SCAN,GEOMETRIC_SCAN,YES,1,BFS_RADIUS,0.000148773,1,SORTED_MANHATTAN,0.000911713,"The program reads the grid dimensions \(N\) and \(M\), the maximum number of moves \(P\), and the starting position \((L,C)\). It stores the diamond values in a 1‑based array `table`. The variable `max` is initialized to the value at the starting cell.

It then iterates over all cells whose row index \(i\) lies between \(L-P\) and \(L+P\) and whose column index \(j\) lies between \(C-P\) and \(C+P\). For each candidate cell it first checks that the indices are inside the grid. The code splits the candidates into four quadrants relative to the start: upper‑left, lower‑left, upper‑right, and lower‑right. In each quadrant it computes the Manhattan distance from \((L,C)\) to \((i,j)\) using the appropriate sign of the differences, and if that distance is at most \(P\) it compares the cell’s value with `max`, updating `max` if a larger value is found.

After scanning all cells within the diamond‑shaped region of radius \(P\), the program outputs the maximum diamond value reachable in at most \(P\) moves."
1314236432,1.79,java,GEOMETRIC_SCAN,GEOMETRIC_SCAN,YES,0.93359375,UNKNOWN,0.059570313,0.99609375,UNKNOWN,0.001922607,"The program reads the grid dimensions, the maximum number of moves P, and the starting position (L, C). It then stores the N × M matrix of diamond values. If no moves are allowed (P = 0) it simply outputs the value at the starting cell.

For P > 0 the code treats the starting coordinates as fixed (x = L‑1, y = C‑1). It iterates P times, but during each iteration it does not change the position. Instead it looks up the values of the cells that are exactly P steps away from the start in the four cardinal directions: north (x‑P, y), south (x+P, y), east (x, y+P), and west (x, y‑P). For iterations where i > 1 it also examines four diagonal cells that are offset by P‑1 from the start: (x‑P+1, y+P‑1), (x‑P+1, y‑P+1), (x+P‑1, y+P‑1), and (x+P‑1, y‑P+1). The maximum value among all these inspected cells is tracked in the variable `max`. After the loop, the program prints this maximum.

Thus the implementation effectively reports the largest diamond value that lies exactly P steps away from the starting position in any of the eight directions considered, ignoring any intermediate positions or actual movement paths."
1314236458,50,java,BFS_RADIUS,BFS_RADIUS,YES,0.96484375,GEOMETRIC_SCAN,0.015625,1,GEOMETRIC_SCAN,0.000379562,"The program reads the grid dimensions \(N\) and \(M\), the maximum number of moves \(P\), and the starting position \((L,C)\). It then reads the \(N\times M\) matrix of diamond values into a 1‑based array `matrix`. A second array `steps` records how many moves have been taken to reach each cell, initialized to zero.

The algorithm performs a breadth‑first search starting from the initial cell. A queue holds `Pair` objects representing coordinates. The starting cell is enqueued, its `steps` value is set to 1 (the code increments \(P\) by one so that a cell reached in exactly \(P\) moves is still processed), and the current maximum diamond value `maxDiamond` is initialized to the value at the start.

While the queue is not empty, the algorithm dequeues a cell, checks whether its `steps` value equals the allowed number of moves; if so, it skips further expansion from that cell. Otherwise, it explores the four orthogonal neighbours (north, west, south, east). For each neighbour that lies within the grid bounds and has not yet been visited (`steps[x][y]==0`), it records the neighbour’s step count as one more than the current cell’s, updates `maxDiamond` if the neighbour’s diamond value is larger, and enqueues the neighbour.

After the BFS terminates (either the queue is empty or all reachable cells within \(P\) moves have been processed), the program prints `maxDiamond`, which is the highest diamond value reachable in at most \(P\) moves from the starting position."
1314236521,1.79,java,GEOMETRIC_SCAN,UNKNOWN,NO,0.494140625,UNKNOWN,0.494140625,0.484375,GREEDY_NEIGHBOR_WALK,0.427734375,"The program begins by reading the grid dimensions \(N\) and \(M\), the maximum number of moves \(P\), and the starting position \((L,C)\). It stores the diamond values in a 1‑based 2‑dimensional array `numbers`. 

After the input, the code enters a loop that is intended to simulate up to \(P\) moves. The outer `while` loop runs while `P > 0` and a counter `m` is not larger than `P`. Inside this loop, two nested `for` loops iterate over every cell of the grid, but the body of the loops does not depend on the loop indices `i` and `j`. For each iteration it repeatedly sets `pos` to the value at the starting cell `numbers[L][C]`. It then examines the four orthogonal neighbours of the starting cell (north, south, west, east) and keeps the largest neighbour value in the variable `aux`. The neighbour checks use the original coordinates `L` and `C` and do not update the current position. 

After determining `aux`, the code scans the entire grid again with two nested loops (again using the loop variables `i` and `j` incorrectly) to find any cell whose value equals `aux`; when it finds one it assigns that value to `pos`. The counter `m` is incremented inside this inner block. If `P` has reached zero, `aux` is set to `pos`. 

When the loops finish, the program prints the value stored in `aux`. In effect, the program attempts to move from the starting cell to the neighbour with the highest value, then repeat this process up to `P` times, but it never actually updates the current position and repeatedly scans the whole grid for the maximum neighbour value. The final output is simply the value of the last maximum neighbour found during the simulated moves."
1314236523,50,java,GEOMETRIC_SCAN,SORTED_MANHATTAN,NO,0.8203125,SORTED_MANHATTAN,0.110839844,0.6171875,GEOMETRIC_SCAN,0.176757813,"The program reads the grid dimensions, the maximum number of moves \(P\), and the starting coordinates \((L,C)\). It stores the diamond values in a 1‑based array and simultaneously builds a list of `Position` objects, each holding the cell’s coordinates, its value, and the Manhattan distance from the start cell. 

After constructing the list, it sorts the positions in descending order of value (the `compareTo` method subtracts the current value from the other’s value). The algorithm then attempts to find the highest‑valued diamond that can be reached within at most \(P\) moves. It first checks whether the most valuable cell (now at index 0 after sorting) is within reach by comparing its Manhattan distance to \(P\); if so, it prints that value. If not, it iterates through the sorted list, advancing an index `i` until it finds a position whose distance exceeds \(P\), updating `finalValue` to that position’s value each time. Finally, it prints `finalValue`. 

Thus the code essentially selects the highest‑valued diamond whose Manhattan distance from the start is greater than \(P\), or the highest‑valued diamond that is reachable if any are within distance \(P\). The logic is based on a simple linear scan over a sorted list rather than any path‑finding or dynamic programming."
1314236524,41.07,java,GEOMETRIC_SCAN,GEOMETRIC_SCAN,YES,1,BFS_RADIUS,0.000123024,1,SORTED_MANHATTAN,0.000295639,"The program reads the grid dimensions \(N\) and \(M\), the maximum number of moves \(P\), and the starting position \((L,C)\). It then stores the diamond values in a 1‑based array `table`. The variable `max` is initialized with the value at the starting cell.

To find the best reachable diamond, the code iterates over a square window centered at \((L,C)\) with side length \(2P+1\). For each candidate cell \((i,j)\) inside this window it first checks that the indices lie within the grid bounds. It then evaluates whether the Manhattan distance \(|i-L|+|j-C|\) is no larger than \(P\). This distance check is performed by a series of nested `if` statements that separately handle the four quadrants relative to the start, but the condition ultimately reduces to the same inequality. If the cell is reachable, the program compares its diamond value with the current `max` and updates `max` if a larger value is found.

After scanning all cells that could be reached in at most \(P\) moves, the program outputs the maximum diamond value discovered. The algorithm is a straightforward brute‑force search over the reachable area, using only simple loops and conditional checks."
1314236529,3.57,cpp,GEOMETRIC_SCAN,GEOMETRIC_SCAN,YES,0.9921875,UNKNOWN,0.004058838,0.97265625,UNKNOWN,0.009521484,"The program reads the size of a grid (N rows, M columns), a maximum number of moves P, and the starting position (L, C). It then reads an N × M matrix of integer diamond values into a 1‑indexed array `a`. 

If no moves are allowed (`P==0`) the answer is simply the value at the starting cell. 
For exactly one move (`P==1`) the code compares the four orthogonal neighbours of the start cell (north, south, east, west) and also the start cell itself, selecting the largest of these four values. 

When more than one move is permitted (`P>1`) the program attempts to examine cells that lie a distance up to P from the start along the same row or column. It iterates `aux` from 0 to P‑1 and, for each `aux`, iterates `copie` from `aux+1` to P. Inside the inner loop it compares the values at positions `(L, C+aux)` and `(L, C+copie)` to keep the larger in `dr`, similarly for the left side in `st`, for the upward direction in `sus`, and for the downward direction in `jos` (though the code mistakenly overwrites `sus` twice). After the loops finish, it chooses the maximum among the four directional maxima (`st`, `dr`, `sus`, `jos`) and assigns that to `valdiam`. 

Finally the program outputs `valdiam`. The implementation therefore attempts a very limited, incorrect search of cells within a Manhattan distance P, using only straight‑line comparisons rather than a proper breadth‑first or dynamic‑programming approach."
1314236550,5.36,java,GEOMETRIC_SCAN,GEOMETRIC_SCAN,YES,0.9921875,UNKNOWN,0.003585815,0.99609375,SORTED_MANHATTAN,0.001922607,"The program reads the grid dimensions, the maximum number of moves P, and the starting position (L, C). It then stores the N × M matrix of diamond values. If no moves are allowed (P = 0) it simply outputs the value at the starting cell.

For P > 0 the code treats the starting coordinates as a fixed point (x, y). It then iterates three nested loops, each running from 0 to P − 1. In every iteration it examines the four cells obtained by adding or subtracting the current loop indices from the starting row and column: (x ± j, y ± k). The maximum value among all these examined cells is kept in the variable `max`. After the loops finish, `max` is printed. The program does not check whether the indices stay inside the grid, nor does it enforce any path‑length or movement constraints; it simply looks at all cells within a square of side length 2P centered on the start and reports the largest diamond value found."
1314236555,3.57,java,GREEDY_NEIGHBOR_WALK,GREEDY_NEIGHBOR_WALK,YES,0.98828125,GEOMETRIC_SCAN,0.005889893,1,UNKNOWN,0.000115871,"The program reads the size of a rectangular grid (N rows, M columns), the maximum number of moves P, and the starting position (L, C) of a piece. The grid values are stored in a two‑dimensional integer array. The starting coordinates are converted from 1‑based to 0‑based indices.

A helper routine `getMax` is defined to decide the next cell to move to. It takes the current coordinates (l, c) and compares the value in the current cell with the values of the four orthogonal neighbours: south (l+1,c), east (l,c+1), west (l,c‑1), and north (l‑1,c). It keeps a pair (x, y) initially set to the current cell and updates it whenever a neighbour has a strictly larger value. The routine returns the coordinates of the chosen neighbour. (The code does not guard against out‑of‑bounds indices, so it may access invalid array positions when the piece is on a border.)

In the main loop the program repeats this selection P times: it calls `getMax` with the current position, then updates the current coordinates to the returned neighbour. After performing up to P moves, it outputs the value of the diamond located at the final position.

Thus the implemented strategy is a greedy walk that, at each step, moves to the adjacent cell with the highest value, ignoring any constraints on staying within the grid or on the possibility of revisiting cells. The final printed number is the value of the diamond reached after at most P such greedy moves."
1314236561,1.79,cpp,BFS_RADIUS,BFS_RADIUS,YES,0.80078125,DFS_RADIUS,0.065429688,0.921875,GREEDY_NEIGHBOR_WALK,0.024536133,"The program reads the grid dimensions \(N\) and \(M\), the maximum number of moves \(P\), and the starting position \((L,C)\). It stores the diamond values in a 1‑based array `labirint`. 

In `get_result()` it performs a breadth‑first‑style traversal using a queue of positions. The starting cell is pushed onto the queue and its value is taken as the initial maximum. A counter `i` is used both as the depth counter and as the loop index for the four cardinal directions. While the queue is not empty and the depth counter is less than `P`, the algorithm dequeues a cell, examines its four neighbours, and if a neighbour lies inside the grid and its diamond value is strictly greater than the current maximum, it updates the maximum and enqueues that neighbour. After processing the four directions it increments the depth counter. 

The traversal stops after at most `P` iterations of the outer loop, and the program outputs the largest diamond value that was encountered during this limited search. The implementation does not keep a visited set, so a cell may be enqueued multiple times, and the column bounds check mistakenly uses `n` instead of `m`. The result is the maximum value found among cells reachable within at most `P` steps that have a value higher than any previously seen cell."
1314236604,1.79,java,GEOMETRIC_SCAN,GEOMETRIC_SCAN,YES,0.7265625,UNKNOWN,0.267578125,0.54296875,UNKNOWN,0.255859375,"The program begins by reading the grid dimensions \(N\) and \(M\), the maximum number of moves \(P\), and the starting position \((L,C)\). It stores the diamond values in a 1‑based array `numbers`. 

The core of the algorithm is a nested loop that runs while `P > 0` and a counter `m` is not larger than `P`. Inside the innermost loop the code repeatedly sets `pos` to the value at the current start cell `numbers[L][C]`. It then compares the four orthogonal neighbours of that cell (north, south, west, east) and keeps the largest neighbour value in the variable `aux`. After determining this maximum neighbour, the program scans the entire grid to find any cell whose value equals `aux` and assigns that value to `pos`. The counter `m` is incremented, and the outer loops iterate again, but the starting coordinates `L` and `C` are never updated, so the search always centers on the original cell.

After the move loop, the program performs a final pass that again sets `pos` to the value at the original start cell, but this has no effect on the output. If no moves were allowed (`P == 0`) it copies `pos` into `aux`. Finally, it prints the value stored in `aux`, which is intended to be the maximum diamond value reachable within at most `P` steps, but due to the lack of position updates and incorrect neighbour handling, the result is effectively the maximum value among the neighbours of the starting cell (or the starting cell itself if no moves are allowed)."
1314236661,5.36,cpp,GREEDY_NEIGHBOR_WALK,GREEDY_NEIGHBOR_WALK,YES,0.97265625,GEOMETRIC_SCAN,0.020141602,1,UNKNOWN,0.001029968,"The program reads the grid dimensions \(N,M\), the maximum number of moves \(P\), and the starting position \((L,C)\). It stores the diamond values in a 1‑based array `v` and creates a second array `v1` that is intended to mark visited cells but is never updated. The borders of `v` are padded with `LONG_MIN` so that moves that would leave the grid are automatically ignored.

If \(P=0\) the program simply outputs the value at the starting cell. Otherwise it initializes `frum_max` with the starting cell’s value and then iterates exactly \(P\) times. In each iteration it looks at the four orthogonal neighbours of the current position, selects the neighbour with the largest value that has not been marked visited (the check `v1[...] != 1` is always true because `v1` is never changed), and moves the current position to that neighbour. If the chosen neighbour’s value exceeds the current `frum_max`, the maximum is updated. After performing \(P\) such greedy steps, the program prints the highest diamond value encountered during the walk.

Thus the implementation follows a simple greedy path: at every step it moves to the adjacent cell with the largest value, repeating this for at most \(P\) steps, and reports the maximum value seen along that path."
1314236662,5.36,java,GEOMETRIC_SCAN,GEOMETRIC_SCAN,YES,0.98828125,UNKNOWN,0.007537842,0.99609375,UNKNOWN,0.000911713,"The program begins by reading the grid dimensions \(N\) and \(M\), the maximum number of moves \(P\), and the starting position \((L,C)\). It then reads the \(N \times M\) matrix of diamond values into a two‑dimensional array `mat`. 

If \(P\) is zero, the program simply outputs the value of the diamond at the starting cell. 
Otherwise the program sets the current coordinates `x = L-1` and `y = C-1` (converting to 0‑based indices) and initializes a variable `max` to zero. It then executes three nested loops, each iterating `p` times with indices `i`, `j`, and `k`. Inside the innermost loop the code evaluates eight expressions that access cells of the matrix at offsets `±j` in the row direction and `±k` in the column direction relative to the starting position. For each of these eight positions it updates `max` with the larger of its current value and the value found in the matrix. No bounds checking is performed, so if any of the computed indices fall outside the matrix the program will throw an exception. After the loops finish, the program prints the value stored in `max`.

In short, the code attempts to scan a square region centered at the starting cell with side length roughly \(2P\), taking the maximum diamond value found among the cells it visits, but it does so with incorrect bounds handling and an initial `max` of zero that ignores negative values."
1314236744,7.14,cpp,GREEDY_NEIGHBOR_WALK,GREEDY_NEIGHBOR_WALK,YES,0.96875,GEOMETRIC_SCAN,0.020141602,1,UNKNOWN,0.000553131,"The program reads the grid dimensions \(N,M\), the maximum number of moves \(P\), and the starting position \((L,C)\). It stores the diamond values in a 2‑D array `v` and uses a second array `v1` to mark cells that have already been visited. If no moves are allowed (`P==0`) it simply prints the value at the starting cell.

Otherwise the program pads the grid with a border of `LONG_MIN` values so that any attempt to move outside the grid will be ignored. It then marks the starting cell as visited and begins a loop that runs at most `P` times. In each iteration it looks at the four orthogonal neighbours of the current position, selects the neighbour that has the highest diamond value **and has not been visited yet**, moves the piece to that cell, updates the running maximum of seen values, and marks the new cell as visited. The loop stops either after `P` moves or when no unvisited neighbour remains. Finally it prints the maximum diamond value that was reached during this greedy walk.

Thus the code implements a simple greedy traversal: at each step it steps to the highest‑valued adjacent unvisited cell, keeping track of the best value seen, and outputs that best value after at most `P` steps."
1314236752,3.57,cpp,GEOMETRIC_SCAN,GEOMETRIC_SCAN,YES,0.97265625,UNKNOWN,0.025878906,0.8125,UNKNOWN,0.097167969,"The program reads the size of a grid (N rows, M columns), a maximum number of moves P, and the starting position (L, C). It then reads an N × M matrix of integer diamond values. The array is indexed from 1, so the first row and column are accessed as a[1][1].

The algorithm distinguishes three cases based on the value of P:

1. **P = 0** – the piece does not move, so the answer is simply the value in the starting cell `a[L][C]`.

2. **P = 1** – the piece can move to one of its four orthogonal neighbours. The code compares the values of the two vertical neighbours (`a[L‑1][C]` and `a[L+1][C]`) with the two horizontal neighbours (`a[L][C‑1]` and `a[L][C+1]`). It then selects the maximum among the current cell and the larger of the two directional pairs, storing that maximum in `valdiam`.

3. **P > 1** – the code attempts to consider moves up to P steps away in each direction. It iterates `aux` from 0 to P‑1 and, for each `aux`, iterates `copie` from `aux+1` to P. Inside the inner loop it compares the values of cells that are `aux` and `copie` steps to the right, left, up, and down from the start, assigning the larger of each pair to temporary variables `dr` (right), `st` (left), `sus` (up), and `jos` (down). However, `jos` is never updated, and the bounds checks performed later (`dr <= m`, `st >= 1`, `sus >= 1`, `jos <= n`) are incorrect because the variables hold diamond values, not coordinates. After the loops, if the (mis‑checked) conditions hold, the program chooses the maximum between the best horizontal value (`max(st, dr)`) and the best vertical value (`max(sus, jos)`), storing it in `valdiam`.

Finally, the program outputs `valdiam`. The implementation uses simple arrays and nested loops but contains logical errors in the handling of multiple‑step moves, so its behaviour for `P > 1` does not correctly reflect the intended search for the maximum reachable diamond."
1314236758,50,java,GEOMETRIC_SCAN,GEOMETRIC_SCAN,YES,1,BFS_RADIUS,0.000429153,1,SORTED_MANHATTAN,0.001167297,"The program reads the grid dimensions \(N\) and \(M\), the maximum number of moves \(P\), and the starting position \((L,C)\). It then reads an \(N \times M\) matrix of integer diamond values, storing it in a 1‑indexed array `mat`. 

The variable `result` is initialized to the value of the diamond at the starting cell. The helper method `find_limits` computes the smallest axis‑aligned rectangle that contains all cells whose Manhattan distance from \((L,C)\) is at most \(P\); the rectangle’s bounds are stored in the static variables `limit_north`, `limit_south`, `limit_west`, and `limit_east`. 

The main loop iterates over every cell \((i,j)\) inside this rectangle. For each cell it first checks whether its value is larger than the current `result`. If so, it calls `dist` to compute the Manhattan distance from \((L,C)\) to \((i,j)\); if that distance is ≤ \(P\), the cell’s value becomes the new `result`. After scanning all relevant cells, the program outputs the maximum diamond value that can be reached within at most \(P\) moves."
1314236780,1.79,java,GREEDY_NEIGHBOR_WALK,GREEDY_NEIGHBOR_WALK,YES,0.84765625,GEOMETRIC_SCAN,0.089355469,0.99609375,UNKNOWN,0.001922607,"The program reads the grid dimensions \(N\) and \(M\), the maximum number of moves \(P\), and the starting position \((L,C)\) (1‑based). It then reads the \(N\times M\) matrix of diamond values into a 2‑dimensional array. The value at the starting cell is stored as the current best value `fmax`.

If no moves are allowed (\(P=0\)), the program immediately outputs the starting cell’s value. Otherwise it enters a loop that runs at most \(P\) times, but also stops early if the current coordinates would fall outside the grid according to a set of bounds checks (`L-2 <= N && C-2 <= M && L >= 2 && C >= 2`). Inside the loop the program examines four specific neighboring cells relative to the current position:

- `f1` = value at \((L-2, C-1)\) (one row up, same column),
- `f2` = value at \((L-1, C)\) (same row, one column right),
- `f3` = value at \((L, C-1)\) (one row down, same column),
- `f4` = value at \((L-1, C-2)\) (same row, one column left).

It selects the maximum of these four values (`fmax`). Depending on which neighbor supplied that maximum, the program updates the current coordinates in a somewhat inconsistent way: if the maximum came from `f1` or `f2`, it decrements `L` by one; if from `f3`, it decrements `C` by one; if from `f4`, it decrements both `L` by one and `C` by two. After moving, it updates the overall best value `max` if the new `fmax` is larger. The loop counter `moves` is incremented and the process repeats.

When the loop terminates, the program prints the largest diamond value encountered during this greedy walk. The algorithm therefore performs a simple, step‑by‑step greedy traversal of the grid, always moving to"
1314236864,42.86,java,BFS_RADIUS,BFS_RADIUS,YES,0.98828125,GEOMETRIC_SCAN,0.004577637,0.99609375,DFS_RADIUS,0.000801086,"The program reads the grid dimensions \(N\) and \(M\), the maximum number of moves \(P\), and the starting position \((L,C)\). It stores the diamond values in a 1‑based array `mat` and creates a parallel array `dist` to hold the shortest distance from the start to each cell, initially set to –1. A simple breadth‑first search is performed using a `LinkedList` as a queue of positions. Each time a cell is dequeued, its distance is known and the diamond value at that cell is compared with the current maximum value recorded for that exact distance in the array `maxim`. If the value is larger, `maxim[dist]` is updated.

When exploring a cell, the four orthogonal neighbours are examined. If a neighbour has not yet been visited (`dist == -1`) and its distance would not exceed \(P\), its distance is set to the current cell’s distance plus one and the neighbour is enqueued. This guarantees that every reachable cell within at most \(P\) steps is visited exactly once, and the distance stored is the minimal number of moves needed to reach it.

After the BFS finishes, the program scans the `maxim` array from distance 0 up to \(P\) and keeps the largest value found. This value is printed as the result. The algorithm therefore outputs the maximum diamond value that can be reached from the starting cell in at most \(P\) moves."
1314236884,7.14,cpp,GREEDY_NEIGHBOR_WALK,GREEDY_NEIGHBOR_WALK,YES,0.96484375,GEOMETRIC_SCAN,0.025756836,1,UNKNOWN,0.000804901,"The program reads the grid dimensions \(N,M\), the maximum number of moves \(P\), and the starting position \((L,C)\). It stores the diamond values in a 2‑D array `v` and a parallel boolean array `v1` that marks whether a cell has already been visited. If no moves are allowed (`P==0`) it simply prints the value at the starting cell.

For the general case the code first pads the grid with a border of `LONG_MIN` values so that any attempt to move outside the grid will never be chosen. It then scans the whole grid to find the overall maximum value; if the starting cell already contains this maximum, the program outputs it immediately.

Otherwise the program performs a greedy walk for at most `P` steps. Starting from the initial cell, it repeatedly looks at the four orthogonal neighbours that have not yet been visited. Among those, it selects the neighbour with the largest diamond value, moves the piece there, marks that cell as visited, and updates the best value seen so far. This process repeats until either `P` moves have been made or no unvisited neighbours remain. Finally, the program prints the maximum diamond value that was reached during this walk."
1314236903,50,java,GEOMETRIC_SCAN,GEOMETRIC_SCAN,YES,1,SORTED_MANHATTAN,0.000488281,0.99609375,SORTED_MANHATTAN,0.001502991,"The program reads the grid dimensions \(N\) and \(M\), the maximum number of moves \(P\), and the starting position \((L,C)\). It then reads an \(N \times M\) matrix of integer diamond values, storing it in a 1‑indexed array `mat`. The initial answer is set to the value at the starting cell.

If no moves are allowed (\(P=0\)), the program immediately outputs this starting value. Otherwise it computes the bounds of a square region that could be reached in at most \(P\) steps: the northernmost row is `max(1, L-P)`, the southernmost is `min(N, L+P)`, the westernmost column is `max(1, C-P)`, and the easternmost is `min(M, C+P)`. It then scans every cell within this rectangle. For each cell \((i,j)\) it checks whether the Manhattan distance \(|L-i|+|C-j|\) is no greater than \(P\); if so and if the cell’s value exceeds the current best, it updates the best value. After examining all candidates, the program prints the maximum diamond value reachable within the allowed number of moves."
1314236921,5.36,java,GREEDY_NEIGHBOR_WALK,GREEDY_NEIGHBOR_WALK,YES,0.8359375,GEOMETRIC_SCAN,0.12890625,0.84375,UNKNOWN,0.129882813,"The program begins by reading the grid dimensions \(N\) and \(M\), the maximum number of moves \(P\), and the starting position \((L,C)\) (1‑based). It then reads the \(N\times M\) matrix of diamond values into a 2‑dimensional array. The variable `fmax` is initialized to the value at the starting cell, and a variable `max` is set to the smallest possible integer.

If no moves are allowed (\(P=0\)), the program simply outputs the starting cell’s value. Otherwise it enters a loop that will iterate at most \(P\) times, but also stops early if the current coordinates fall outside a narrow range defined by the conditions `L-2 <= N && C-2 <= M && L >= 2 && C >= 2`. Inside the loop the program examines four specific neighboring cells relative to the current position:

- `f1`: the cell directly above (`L-2, C-1`);
- `f2`: the cell to the right (`L-1, C`);
- `f3`: the cell directly below (`L, C-1`);
- `f4`: the cell to the left (`L-1, C-2`).

It selects the maximum value among these four neighbors (`fmax`). Depending on which neighbor supplied that maximum, the program updates the current coordinates in a somewhat ad‑hoc way: if the maximum came from `f1` or `f2`, it moves the row index up by one (`L = L-1`); if from `f3`, it moves the column index left by one (`C = C-1`); if from `f4`, it moves both up by one and left by two (`L = L-1; C = C-2`). After the move, if the new `fmax` exceeds the previously recorded `max`, it updates `max`. The loop counter `moves` is incremented and the process repeats.

When the loop terminates—either after \(P\) iterations or because"
1314236923,3.57,java,GEOMETRIC_SCAN,GEOMETRIC_SCAN,YES,0.97265625,UNKNOWN,0.020141602,0.96875,SORTED_MANHATTAN,0.008422852,"The program reads the grid dimensions \(N\) and \(M\), the maximum number of moves \(P\), and the starting position \((L,C)\). It stores the grid values in a one‑based 2‑D array `numbers`. 

After reading the grid, the code enters a nested loop that iterates over every cell \((i,j)\) of the grid, but the body of the loop does not use \(i\) or \(j\) at all. Inside this loop it repeatedly sets `pos` to the value at the starting cell `numbers[L][C]`. Then, for each step count `m` from 1 to `P`, it compares the values of the four cells that lie exactly `m` steps north, south, west, and east of the start. For each direction it updates a temporary variable `aux` if the encountered value is larger than the current `aux`. The comparisons are performed with direct array accesses such as `numbers[L-m][C]`, `numbers[L+m][C]`, `numbers[L][C-m]`, and `numbers[L][C+m]`. (The last comparison mistakenly uses `numbers[L+m][C]` instead of the intended east cell.) No bounds checking is performed, so out‑of‑range accesses may occur. 

If `P` is zero, the code simply assigns `aux` the value of the starting cell. After the loops finish, the program prints the value stored in `aux`. In effect, the program attempts to report the maximum diamond value that lies on one of the four straight lines extending from the starting position up to `P` steps away, but due to the nested loops and indexing mistakes it does not correctly consider all reachable cells."
1314236951,42.86,java,BFS_RADIUS,BFS_RADIUS,YES,0.94921875,DFS_RADIUS,0.022338867,1,DFS_RADIUS,0.00075531,"The program reads the grid dimensions \(N\) and \(M\), the maximum number of moves \(P\), and the starting coordinates \((L,C)\). The grid values are stored in a 1‑based array `matrix`. 

The core routine `area` performs a breadth‑first search starting from the initial position. It keeps a list of lists `queue`, where each inner list contains all positions that are exactly the same distance from the start. A 2‑dimensional `visited` array marks cells that have already been reached. For each level of the BFS (up to `k` levels, where `k` is the remaining number of moves), the algorithm expands every position in the current level to its four orthogonal neighbours that stay inside the grid and have not been visited yet. As each new cell is discovered, its value is compared to a running maximum `max`, which is updated if a larger diamond value is found. After processing a level, the newly discovered cells form the next level in the queue, and the remaining move count `k` is decremented. 

When the BFS finishes—either after exploring all reachable cells within `P` steps or when no more cells can be added—the function returns the maximum diamond value encountered. The `main` method calls this routine with the starting position and prints the resulting maximum value."
1314236971,3.57,java,GEOMETRIC_SCAN,GEOMETRIC_SCAN,YES,0.88671875,UNKNOWN,0.105957031,0.73828125,UNKNOWN,0.1640625,"The program reads the grid dimensions, the maximum number of moves P, and the starting position (L, C). It stores the diamond values in a 1‑based array `numbers`. 

After reading the grid it enters a double loop over every cell `(i, j)` of the grid, but the body of this loop does not use `i` or `j` at all. Inside the loop it repeatedly sets `pos` to the value at the starting cell. Then, for each step count `m` from 1 to P, it looks only at the four cells that are exactly `m` steps north, south, west, or east of the start (ignoring boundary checks). It keeps the largest of these four values in `aux`. 

Immediately after that, the code scans the entire grid again, looking for any cell whose value equals `aux`; when it finds one it assigns that value to `pos`. This scan is performed for every `m`. If `P` is zero, `aux` is set to the starting cell’s value. 

Finally the program prints the value stored in `aux`. In effect, the code attempts to find the maximum diamond value that can be reached by moving exactly `m` steps in a straight line from the start for some `m ≤ P`, but it does so with many unnecessary loops and without respecting grid boundaries."
1314236973,5.36,java,GEOMETRIC_SCAN,GEOMETRIC_SCAN,YES,0.9921875,UNKNOWN,0.004058838,0.98828125,UNKNOWN,0.00402832,"The program reads the grid dimensions, the maximum number of moves `P`, and the starting position `(L,C)`. It stores the diamond values in a 2‑D array `mat`. If no moves are allowed (`P==0`) it simply outputs the value at the starting cell.

For `P>0` the code sets the current coordinates to the starting cell and then enters a loop that iterates `P` times. Inside this loop it does **not** update the coordinates; instead it examines a set of cells relative to the original position. 
- If `P>1` it runs two nested loops with indices `j` and `k` ranging from `1` to `P-1`. For each pair it compares the value of the cell at offsets `(-j,0)`, `(0,+k)`, `(+j,0)`, `(0,-k)`, `(-j,-k)`, `(-j,+k)`, `(+j,-k)`, and `(+j,+k)` with the current maximum, updating the maximum when a larger value is found. 
- If `P==1` it simply checks the four orthogonal neighbours of the starting cell.

After the loops finish, the program prints the largest value found among those examined cells. The implementation therefore attempts to find the maximum diamond value within a square of side `2P-1` centered at the starting position, but it never actually moves the piece and does not perform bounds checking, so it may access invalid array indices."
1314236997,3.57,cpp,GEOMETRIC_SCAN,GEOMETRIC_SCAN,YES,0.99609375,UNKNOWN,0.003585815,0.921875,UNKNOWN,0.040527344,"The program reads the size of a grid (N rows, M columns), a maximum number of moves P, and the starting position (L, C). It then reads an N × M matrix of integer diamond values. The array is stored in a 1‑based index `a[100][100]`.

The algorithm distinguishes three cases based on the value of P:

* **P = 0** – the piece does not move, so the answer is simply the value in the starting cell `a[L][C]`.

* **P = 1** – the piece can move to one of its four orthogonal neighbours. The code first compares the larger of the vertical neighbours (`a[L‑1][C]`, `a[L+1][C]`) with the larger of the horizontal neighbours (`a[L][C‑1]`, `a[L][C+1]`). It then chooses the maximum among the current cell and that larger neighbour, storing it in `valdiam`.

* **P > 1** – the code attempts to consider moves up to P steps away. It first checks that the starting cell is not on the bottom or right edge (`l < n && c < m`). It then runs two nested loops: the outer loop variable `aux` runs from 0 to P‑1, and the inner loop variable `copie` runs from `aux+1` to P. Inside the inner loop, the program compares values to the right (`a[l][c+aux]` vs `a[l][c+copie]`) and to the left (`a[l][c‑aux]` vs `a[l][c‑copie]`), storing the larger of each pair in `dr` and `st`. It also compares values above (`a[l‑aux][c]` vs `a[l‑copie][c]`) and below (`a[l+aux][c]` vs `a[l+copie][c]`), storing the larger in `sus` (the variable `jos` is never updated). After the loops, the program selects the maximum between the best horizontal value (`max(st, dr)`) and the best vertical value (`max(sus, jos)`), assigning this to `valdiam`.

Finally, the program outputs `valdiam`. The implementation uses simple arrays and nested loops but contains logical errors (e.g., it never updates `jos`, it overwrites `sus` twice, and it only considers positions that stay within the grid’s bottom‑right corner). Nonetheless, this is the exact behaviour of the submitted code."
1314237030,5.36,java,GEOMETRIC_SCAN,GEOMETRIC_SCAN,YES,0.90625,UNKNOWN,0.084472656,0.95703125,UNKNOWN,0.032714844,"The program reads the grid dimensions, the maximum number of moves P, and the starting position (L, C). It stores the diamond values in a 1‑based array `numbers`. After reading the input it enters a double loop over every cell `(i, j)` of the grid, but the body of this loop never uses `i` or `j` except to initialise the variables `pos` and `aux` with the value at the starting cell `numbers[L][C]`.

For each iteration of the outer loops it then runs a loop over `m` from 1 to P. In this loop it compares the values of the four cells that are exactly `m` steps north, south, west, and east of the starting position, updating `aux` whenever a larger value is found. The comparisons are performed without any bounds checking, so if the starting position is near an edge the program may access out‑of‑bounds array indices.

After updating `aux` for a given `m`, the code executes two nested loops that iterate over all indices `l` and `n` (again using the loop variables `i` and `j` incorrectly). Inside these loops it looks for any cell whose value equals the current `aux` and, if found, assigns that value to `pos`. This step has no effect on the final result because `pos` is never used after the loops.

When `P` is zero the code simply sets `aux` to the starting cell’s value. Finally, after all iterations, the program prints the value stored in `aux`, which is intended to be the maximum diamond value reachable within at most `P` moves, but due to the incorrect bounds checks and loop logic it may produce incorrect results or even crash on edge cases."
1314237031,1.79,cpp,GEOMETRIC_SCAN,GEOMETRIC_SCAN,YES,0.765625,GREEDY_NEIGHBOR_WALK,0.193359375,0.984375,GREEDY_NEIGHBOR_WALK,0.014038086,"The program reads the grid dimensions \(N, M\), the maximum number of moves \(P\), and the starting position \((L, C)\). It then reads an \(N \times M\) matrix of integer diamond values into a 1‑indexed array `mat`. 

If \(P\) is zero, the program simply outputs the value of the diamond at the starting cell `mat[L][C]`. 
Otherwise (for any \(P>0\)) the program ignores the actual number of allowed moves and instead looks only at the four orthogonally adjacent cells: north (`mat[L-1][C]`), south (`mat[L+1][C]`), east (`mat[L][C+1]`), and west (`mat[L][C-1]`). It stores these four values in an array `v[1..4]`, then scans the array to find the maximum value among them, initializing the maximum to zero and updating it whenever a larger neighbor value is found. Finally, it prints this maximum neighbor value. 

The code does not perform any bounds checking on the neighbor indices, so it may access out‑of‑range memory if the starting position is on the grid boundary. The algorithm therefore returns the largest value among the four immediate neighbors (or the starting cell when no moves are allowed), regardless of the actual number of moves \(P\)."
1314237040,3.57,cpp,GEOMETRIC_SCAN,GEOMETRIC_SCAN,YES,0.9921875,UNKNOWN,0.005889893,0.90625,UNKNOWN,0.074707031,"The program reads the grid dimensions `n` and `m`, the maximum number of moves `p`, and the starting position `(l,c)` (1‑based indices). It then reads an `n × m` matrix `a` of diamond values. The array is stored in a 1‑based static 100×100 array.

The algorithm distinguishes three cases based on `p`:

1. **`p == 0`** – the piece cannot move, so the answer is simply the value at the starting cell `a[l][c]`.

2. **`p == 1`** – the piece may move to one of its four orthogonal neighbours. The code first compares the maximum of the vertical neighbours (`a[l-1][c]` and `a[l+1][c]`) with the maximum of the horizontal neighbours (`a[l][c-1]` and `a[l][c+1]`). It then chooses the larger of that pair and the current cell’s value, storing the result in `valdiam`. This is intended to give the best value reachable in one step.

3. **`p > 1`** – the code attempts to consider moves up to `p` steps away. It iterates `aux` from `0` to `p-1` and, for each `aux`, iterates `copie` from `aux+1` to `p`. Inside the inner loop it checks that the target positions stay within the grid (`l <= n-copie && c <= m-copie`). For each direction (right, left, up, down) it compares the diamond values at two different offsets (`aux` and `copie`) from the starting cell and keeps the larger one in temporary variables `dr`, `st`, `sus`, and `jos` (although `jos` is never updated). After the nested loops finish, the program selects the maximum among `st` and `dr` versus `sus` and `jos` and assigns that to `valdiam`.

Finally, the program outputs `valdiam`. The implementation uses simple nested loops and a few conditional comparisons; it does not perform any breadth‑first search or dynamic programming, and the logic for `p > 1` is incomplete and incorrect for the intended problem."
1314237060,3.57,cpp,GREEDY_NEIGHBOR_WALK,GREEDY_NEIGHBOR_WALK,YES,0.99609375,GEOMETRIC_SCAN,0.002182007,1,UNKNOWN,0.000553131,"The program reads the grid dimensions \(N, M\), the maximum number of moves \(P\), and the starting position \((L, C)\). It then reads an \(N \times M\) matrix of integer diamond values. If no moves are allowed (\(P = 0\)) it immediately outputs \(-1\).

Otherwise the program enters a loop that runs exactly \(P\) times. In each iteration it examines the four orthogonal neighbours of the current cell: north \((L-1, C)\), south \((L+1, C)\), west \((L, C-1)\), and east \((L, C+1)\). It selects the neighbour with the larger value among the north‑south pair and records that value and its coordinates, then does the same for the west‑east pair. It then compares the two selected values and moves the piece to the neighbour with the larger value, updating the current position \((L, C)\) and storing the chosen value in a variable `maxi`. The loop decrements the remaining move count and repeats.

After all allowed moves have been performed, the program outputs the value stored in `maxi`, which is the value of the diamond at the final position reached by this greedy, step‑by‑step selection. The implementation assumes that all neighbour accesses are within bounds and does not handle edge cases where a neighbour does not exist."
1314237105,1.79,java,GREEDY_NEIGHBOR_WALK,GREEDY_NEIGHBOR_WALK,YES,0.9375,GEOMETRIC_SCAN,0.036376953,0.94140625,UNKNOWN,0.053222656,"The program begins by reading the grid dimensions \(N\) and \(M\), the maximum number of moves \(P\), and the starting position \((L,C)\). It then reads the \(N \times M\) matrix of diamond values into a two‑dimensional array. The variable `fmax` is set to the value at the starting cell, and a variable `max` is initialized to the smallest possible integer.

If no moves are allowed (\(P=0\)), the program simply outputs the value of the starting cell. Otherwise it enters a loop that will iterate at most \(P\) times. In each iteration the program looks at four specific neighboring cells relative to the current position:

* `f1` – cell two rows above and one column left (`[L-2][C-1]`);
* `f2` – cell one row above (`[L-1][C]`);
* `f3` – cell one column left (`[L][C-1]`);
* `f4` – cell one row above and two columns left (`[L-1][C-2]`).

It selects the maximum of these four values (`fmax`) and then moves the current position to the cell that contained that maximum, updating `L` and `C` according to which of the four cases was chosen. After the move, if the new `fmax` is larger than the current `max`, it updates `max`. The loop continues until the move counter reaches \(P\) or the position checks in the loop condition fail.

Finally, the program prints the value stored in `max`, which is intended to be the highest diamond value reachable within the allowed number of moves."
1314237112,5.36,java,GEOMETRIC_SCAN,GEOMETRIC_SCAN,YES,0.99609375,GREEDY_NEIGHBOR_WALK,0.001693726,0.9921875,GREEDY_NEIGHBOR_WALK,0.004058838,"The program reads the grid dimensions \(N\) and \(M\), the maximum number of moves \(P\), and the starting position \((L,C)\). It then reads an \(N\times M\) matrix of integer diamond values, storing it in a 1‑based array `a`. 

After reading the input, the program initializes a variable `max` to \(-100\). It then iterates over a square of side \(2P+1\) centered at the starting cell: the outer loops run `i` from `L-P` to `L+P` and `j` from `C-P` to `C+P`. For each pair \((i,j)\) it checks two conditions: the cell’s value `a[i][j]` must be greater than the current `max`, and the cell must lie either in the same row as the start (`i == L`) or in the same column as the start (`j == C`). If both conditions hold, `max` is updated to that cell’s value. 

Finally, the program prints the value stored in `max`. Thus the output is the largest diamond value found among all cells that share the starting row or column and lie within a Chebyshev distance \(P\) from the start (though the code does not guard against out‑of‑bounds indices)."
1314237177,50,cpp,GEOMETRIC_SCAN,SORTED_MANHATTAN,NO,0.5625,SORTED_MANHATTAN,0.38671875,0.9453125,DP_RADIUS,0.028564453,"The program reads the grid dimensions \(N\) and \(M\), the maximum number of moves \(P\), and the starting coordinates \((L,C)\). It then reads every cell value into a single vector, storing each entry as a pair consisting of the cell’s coordinates and its diamond value. After all values are collected, the vector is sorted in descending order of the diamond values.

Starting from the cell with the largest value, the program computes the Manhattan distance from the starting position to that cell. It advances through the sorted list until it finds the first cell whose distance is less than or equal to \(P\). The value of that cell is taken as the answer and printed. Thus the program outputs the maximum diamond value that can be reached within at most \(P\) moves, assuming movement is unrestricted except for staying inside the grid."
1314237181,5.36,cpp,GREEDY_NEIGHBOR_WALK,GREEDY_NEIGHBOR_WALK,YES,0.99609375,GEOMETRIC_SCAN,0.003585815,1,UNKNOWN,0.000488281,"The program reads the grid dimensions \(N\) and \(M\), the maximum number of moves \(P\), and the starting position \((L,C)\). It then reads the \(N\times M\) matrix of diamond values into a 2‑D array `a`. 

If \(P=0\) the program immediately outputs `-1`. 
Otherwise it enters a loop that runs exactly \(P\) times. In each iteration it looks at the four orthogonal neighbours of the current cell (north, south, east, west). It compares the values of the north‑south pair and records the larger one together with its coordinates; it does the same for the east‑west pair. It then chooses the larger of these two candidate neighbours. If the current cell’s value is larger than this candidate, the algorithm keeps the current position and records the current value as the running maximum. If the candidate neighbour is larger, the algorithm moves the current position to that neighbour and updates the running maximum to that neighbour’s value. The move counter `p` is decremented.

After all allowed moves have been performed, the program prints the value stored in `maxi`, which is the largest diamond value that the greedy walk has reached (or the starting cell’s value if no move was made). The algorithm is a simple greedy walk that always steps to the adjacent cell with the highest value, without any backtracking or exploration beyond the immediate neighbours."
1314237213,30.36,java,GEOMETRIC_SCAN,GEOMETRIC_SCAN,YES,1,BFS_RADIUS,0.000230789,1,SORTED_MANHATTAN,0.000295639,"The program reads the grid dimensions \(N\) and \(M\), the maximum number of moves \(P\), and the starting position \((L,C)\). It then reads an \(N\times M\) matrix of integer diamond values into a 1‑based array `a`. 

To find the best diamond reachable in at most \(P\) steps, the code iterates over a square window centered at \((L,C)\) with side length \(2P+1\). For each cell \((i,j)\) in this window it checks whether the Manhattan distance \(|i-L|+|j-C|\) is no larger than \(P\); if so, it compares the diamond value at that cell with a running maximum and updates the maximum when a larger value is found. The variable `max` is initially set to \(-100\) (a value lower than any possible diamond value). 

Finally, the program prints the maximum value found. The algorithm therefore scans all cells whose coordinates lie within the diamond-shaped region of radius \(P\) around the starting position and outputs the largest diamond value among them."
1314237250,5.36,cpp,GREEDY_NEIGHBOR_WALK,GREEDY_NEIGHBOR_WALK,YES,0.99609375,GEOMETRIC_SCAN,0.002471924,1,UNKNOWN,0.00014019,"The program reads the grid dimensions `n` and `m`, the maximum number of moves `p`, and the starting position `(l,c)` (1‑based indices). It then reads the `n × m` matrix of diamond values into a 1‑based array `a`. While reading it also records the overall maximum value in the grid in the variable `maxim`, which is only used later to stop the search early.

If `p` is zero the program immediately outputs `-1`. Otherwise it enters a loop that will iterate at most `p` times. In each iteration it examines the four orthogonal neighbours of the current cell: north `(l‑1,c)`, south `(l+1,c)`, west `(l,c‑1)`, and east `(l,c+1)`. It selects the neighbour with the larger value among north and south, storing that value and its coordinates in `m1, lin1, col1`. It does the same for west and east, storing the result in `m2, lin2, col2`. It then compares `m1` and `m2` to pick the overall best neighbour (`m3, lin3, col3`). If the current cell’s value is greater than this best neighbour, the algorithm keeps the current position and records the current value as `maxi`. Otherwise it moves to the chosen neighbour, updates `l` and `c`, and sets `maxi` to that neighbour’s value. After each move it decrements `p`. If at any point `maxi` equals the global maximum found earlier, the loop breaks early.

When the loop finishes (either because no moves remain or the global maximum has been reached), the program outputs the value stored in `maxi`. Thus the code implements a greedy walk that always steps to the adjacent cell with the highest diamond value, up to `p` steps, and reports the highest value encountered along that path."
1314237251,41.07,cpp,GEOMETRIC_SCAN,GEOMETRIC_SCAN,YES,1,SORTED_MANHATTAN,0.000431061,1,SORTED_MANHATTAN,0.000295639,"The program first reads the grid dimensions `N` and `M`, the maximum number of moves `P`, and the starting position `(L, C)`. It then reads the diamond values into a two‑dimensional array `matrice`. The input loop is written to read rows from index 1 up to `N + P + 1`, so it actually reads more rows than the grid contains, but the values are stored in the same array.

If `P` is zero the program simply outputs the value at the starting cell `matrice[L][C]`. 
Otherwise it searches for the largest diamond value that can be reached within at most `P` steps. It does this by iterating over all rows `i` from `L‑P` to `L+P`. For each such row it computes a variable `j` that represents the horizontal distance allowed at that row: `j` starts at `-1` and is incremented while `i` is less than or equal to `L`, then decremented once `i` passes `L`. Thus `j` equals `|i‑L|`. For each row it then scans columns `k` from `C‑j` to `C+j`. Whenever a cell `(i, k)` lies inside the grid bounds (`1 ≤ i ≤ N`, `1 ≤ k ≤ M`) the program compares its value with a running maximum `response` and updates `response` if the cell’s value is larger. The initial value of `response` is `0`, so negative diamond values are never considered unless a positive value is found.

Finally the program prints the maximum value found. The algorithm therefore examines all cells that lie within a diamond‑shaped region centered at the starting position with Manhattan radius `P`, but it does so with a simple nested loop and a linear scan of each row’s allowed columns."
1314237280,3.57,cpp,GREEDY_NEIGHBOR_WALK,GEOMETRIC_SCAN,NO,0.96875,GEOMETRIC_SCAN,0.013793945,0.890625,GREEDY_NEIGHBOR_WALK,0.09375,"The program reads the grid dimensions \(N\) and \(M\), the maximum number of moves \(P\), and the starting position \((L,C)\). It then reads the \(N \times M\) matrix of diamond values. After reading, it calls `Rezolvare` with the starting coordinates.

Inside `Rezolvare`, the code first checks whether \(P\) is zero or negative. If so, it simply outputs the value of the diamond at the starting cell and terminates. If \(P>0\), the function initializes a local variable `max` to zero and then examines the four orthogonal neighbours of the current cell. For each neighbour that lies inside the grid, it compares the neighbour’s diamond value with `max`. If the neighbour’s value is larger, `max` is updated to that value and the current coordinates `i` and `j` are moved to that neighbour. After checking all four directions, the function prints the value stored in `max`.

Thus the program effectively looks only one step away from the starting position (ignoring the actual value of \(P\) beyond the zero‑check) and reports the largest diamond value among the immediate neighbours, or the starting cell’s value if no moves are allowed. The grid is stored in a static 2‑D array, and boundary checks are performed by the helper `verificare`. No recursion, search, or multi‑step traversal is performed."
1314237283,5.36,java,GREEDY_NEIGHBOR_WALK,GREEDY_NEIGHBOR_WALK,YES,0.984375,GEOMETRIC_SCAN,0.010925293,1,UNKNOWN,0.001327515,"The program begins by reading the grid dimensions \(N\) and \(M\), the maximum number of moves \(P\), and the starting position \((L,C)\) (1‑based). It then reads the \(N \times M\) matrix of diamond values into a 2‑D array. The variable `fmax` is initialized to the value at the starting cell, while `max` is set to the smallest possible integer.

If no moves are allowed (\(P=0\)), the program simply outputs the starting cell’s value. Otherwise it enters a loop that will iterate at most \(P\) times. In each iteration it first checks that the current position is not on the outermost row or column (the conditions `L-2 <= N && C-2 <= M && L >=2 && C>=2` are intended to keep the indices within bounds). It then examines the four orthogonal neighbours of the current cell: north, east, south, and west. The values of these neighbours are stored in `f1`, `f2`, `f3`, and `f4`. The maximum of these four values is computed and stored in `fmax`.

The program then moves the current position to the neighbour that holds this maximum value: if `fmax` equals `f1` it moves north, if it equals `f2` it moves east, if it equals `f3` it moves south, and if it equals `f4` it moves west. After the move, if the new `fmax` is greater than the current `max`, `max` is updated. The move counter is incremented and the loop repeats.

When the loop terminates—either after \(P\) moves or when the position would go out of bounds—the program prints the value stored in `max`, which is the highest diamond value encountered along the greedy path taken."
1314237335,5.36,cpp,GREEDY_NEIGHBOR_WALK,GREEDY_NEIGHBOR_WALK,YES,0.9765625,GEOMETRIC_SCAN,0.00958252,0.984375,UNKNOWN,0.012390137,"The program reads the grid dimensions \(N\) and \(M\), the maximum number of moves \(P\), and the starting position \((L,C)\). It then reads an \(N\times M\) matrix of integer values, storing it in a 1‑based array `mat`. 

If \(P=0\) the program simply prints the value of the starting cell. 
Otherwise it performs a loop that iterates exactly \(P\) times. In each iteration it looks at the four orthogonal neighbours of the current position (north, south, east, west) by indexing `mat[l-1][c]`, `mat[l+1][c]`, `mat[l][c+1]`, and `mat[l][c-1]` without any boundary checks. It stores these four values in an array `v[1..4]`, then scans them to find the maximum value `max`. 

After determining the maximum, the code attempts to find the index of that maximum by looping again over the four positions and assigning `index = i` whenever `max == v[i]`. Because of a stray semicolon after the `if` statement, the assignment is executed unconditionally, so `index` ends up being the last index (4) regardless of the comparison. 

The program then updates the current position according to the value of `index`. The first two cases correctly move north or south, but the third case uses the assignment operator (`=`) instead of a comparison, so it always evaluates to true and moves east. The final `else` moves west. Thus after each iteration the position is moved east, except when the first two conditions happen to be true. 

After completing the \(P\) iterations, the program outputs the last computed `max` value, which is the maximum of the four neighbours examined in the final iteration, not the maximum reachable value over all steps. The code therefore implements a greedy, single‑step look‑ahead that always moves east (due to the bug) and reports the value of the last neighbour examined."
1314237371,1.79,java,GEOMETRIC_SCAN,GEOMETRIC_SCAN,YES,0.62109375,UNKNOWN,0.376953125,0.921875,GREEDY_NEIGHBOR_WALK,0.058837891,"The program begins by reading five integers \(N, M, P, L, C\) and then the \(N \times M\) grid of diamond values. The starting coordinates \(L\) and \(C\) are stored but never used. The grid is placed into a two‑dimensional array that is padded with an extra border of zeros to avoid bounds checks.

The core routine `getResult()` iterates over every cell of the grid. For each cell it performs the following logic:

1. **If \(P = 0\)** – whenever the current cell contains a negative value, the variable `result` is set to that value. No other action is taken for that cell.

2. **If \(P \neq 0\)** – the code compares the value in the current cell with each of its four orthogonal neighbours (up, right, down, left). 
 * If the current value is smaller than the value above it, `max1` is set to that neighbour’s value and `P` is decremented. 
 * Otherwise, if the current value is smaller than the value to the right, `max2` is set to that neighbour’s value and `P` is decremented. 
 * Otherwise, if the current value is smaller than the value below it, `max3` is set to that neighbour’s value and `P` is decremented. 
 * Otherwise, if the current value is smaller than the value to the left, `max4` is set to that neighbour’s value and `P` is decremented. 

 After these comparisons, `result` is updated to the maximum of the four `max` variables, divided by 3 (integer division).

The loop continues over all cells, repeatedly updating `result` and decrementing `P` whenever a neighbour is larger than the current cell. After the traversal finishes, the final value of `result` is printed.

In short, the program scans the entire grid, and for each cell it greedily “moves” to a higher neighbour (if one exists) while consuming one unit of the move counter `P`. It keeps track of the largest neighbour value encountered during this process, divides that value by 3, and outputs it. If no moves"
1314237380,1.79,cpp,GREEDY_NEIGHBOR_WALK,GREEDY_NEIGHBOR_WALK,YES,0.98828125,GEOMETRIC_SCAN,0.007568359,1,UNKNOWN,0.001167297,"The program reads the grid dimensions \(N\) and \(M\), the maximum number of moves \(P\), and the starting position \((L,C)\). It then stores the grid values in a two‑dimensional array `joc` whose indices are mistakenly swapped (the array is declared as `joc[m+1][n+1]` but values are read into `joc[i][j]` with \(i\) ranging over rows and \(j\) over columns). 

The current best gem value is initialized to the value at the starting coordinates, again using the swapped indices (`max_gem = joc[l][c]`). A loop runs for at most \(P\) iterations. In each iteration the program examines the four orthogonal neighbours of the current position, but it accesses them with the same swapped indexing: north is `joc[c][l-1]`, east `joc[c][l+1]`, west `joc[c-1][l]`, and south `joc[c+1][l]`. If a neighbour’s value is strictly greater than the current `max_gem`, the program moves the piece to that neighbour (updating `l` or `c` accordingly) and updates `max_gem` to the new cell’s value. If none of the neighbours is better, the piece stays in place but the loop still consumes a turn. 

After performing up to \(P\) such greedy moves, the program outputs the highest gem value that was reached during the process. The algorithm is a simple greedy walk that always steps to a strictly higher neighbour if one exists, ignoring any possibility of moving to a lower value or exploring alternative paths."
1314237400,3.57,cpp,GREEDY_NEIGHBOR_WALK,GREEDY_NEIGHBOR_WALK,YES,0.97265625,GEOMETRIC_SCAN,0.012268066,0.8359375,GEOMETRIC_SCAN,0.100097656,"The program reads the grid dimensions \(N\) and \(M\), the maximum number of moves \(P\), and the starting position \((L,C)\). It then reads an \(N\times M\) matrix of integer diamond values, using 1‑based indices. 

The core routine `Rezolvare` is called with the starting coordinates. It first checks whether any moves are allowed; if \(P\le 0\) it simply outputs the value of the starting cell. Otherwise it scans the four orthogonal neighbours of the current cell (north, east, south, west). For each neighbour that lies inside the grid it compares its diamond value with a local variable `max`. Whenever a neighbour has a strictly larger value than the current `max`, the program updates `max` to that value. If only one move is permitted (\(P==1\)), the program immediately prints this `max` and terminates. If more moves are allowed, the program moves the current position to that neighbour (by assigning `i` and `j` to the neighbour’s coordinates) but does **not** continue searching further; after the loop it prints the last recorded `max`. 

Thus the algorithm effectively selects the single neighbour with the highest diamond value reachable in one step (or the starting cell if no moves are allowed) and outputs that value, ignoring any further moves even when \(P>1\)."
1314237409,14.29,java,GEOMETRIC_SCAN,GEOMETRIC_SCAN,YES,0.9921875,UNKNOWN,0.003158569,0.90234375,SORTED_MANHATTAN,0.05078125,"The program reads the grid dimensions \(N\) and \(M\), the maximum number of moves \(P\), and the starting position \((L,C)\). It then reads an \(N\times M\) matrix of integer values, storing it in a 1‑based array `numbers`. 

After the input, the code enters a double loop over all cells \((i,j)\) of the grid, but the body of this loop never uses \(i\) or \(j\); it repeatedly performs the same computation for the fixed start cell \((L,C)\). For each iteration it sets `pos` to the value at the start cell and copies it to `aux`. Then, for every step count `m` from 1 to `P`, it considers a set of cells that are exactly `m` steps away in the four cardinal directions and, if there are remaining steps (`diff = P-m > 0`), also considers cells that are `m` steps in one direction and `diff` steps in the perpendicular direction (effectively all cells whose Manhattan distance to the start is exactly `P`). For each of these candidate cells the code compares its value with `aux` and keeps the maximum. 

If `P` is zero, `aux` is simply set to the value at the start cell. After the loops finish, the program prints the value stored in `aux`. Thus the program attempts to output the maximum diamond value that can be reached within at most `P` moves from the starting position, but it does so by examining a fixed set of cells rather than performing a proper breadth‑first search, and it ignores bounds checks, potentially accessing invalid array indices."
1314237427,3.57,cpp,GREEDY_NEIGHBOR_WALK,GREEDY_NEIGHBOR_WALK,YES,0.98046875,GEOMETRIC_SCAN,0.008483887,0.74609375,UNKNOWN,0.129882813,"The program reads the grid dimensions \(N\) and \(M\), the maximum number of moves \(P\), and the starting position \((L,C)\). It then reads an \(N\times M\) matrix of integer diamond values, using 1‑based indexing for convenience. 

The core routine `Rezolvare` is called with the starting coordinates. It first checks whether any moves are allowed; if \(P\le 0\) it simply outputs the value of the starting cell. Otherwise it scans the four orthogonal neighbours of the current cell (north, east, south, west). For each neighbour that lies inside the grid it compares its diamond value to a local variable `max` (initialised to 0). If a neighbour’s value is larger than `max`, `max` is updated. If only one move is allowed (\(P==1\)), the program immediately prints this maximum neighbour value and terminates. If more moves are allowed, the program moves the current position to that neighbour (by assigning `i` and `j` to the neighbour’s coordinates) and continues the loop, but the loop runs only once because there is no recursion or outer iteration over steps. After examining all four directions it prints the largest neighbour value found. 

Thus the implementation effectively returns the value of the highest‑valued adjacent cell when at least one move is permitted, or the starting cell’s value when no moves are allowed. It does not explore paths of length greater than one, nor does it consider the full budget \(P\) beyond the first step."
1314237477,1.79,cpp,GREEDY_NEIGHBOR_WALK,GREEDY_NEIGHBOR_WALK,YES,0.98828125,GEOMETRIC_SCAN,0.008544922,0.99609375,UNKNOWN,0.001701355,"The program reads the grid dimensions \(N\) and \(M\), the maximum number of moves \(P\), and the starting position \((L,C)\). It then stores the diamond values in a 2‑D array `joc` (indexed from 1). After reading the grid it initializes `max_gem` with the value at the starting cell and sets a counter `turn` to zero.

The main loop runs while `turn < P`. In each iteration the code examines the four orthogonal neighbours of the current position in a fixed order: north, south, west, then east. If a neighbour contains a value strictly larger than the current `max_gem`, the program moves the piece to that neighbour, updates `max_gem` to the new cell’s value, and continues. If none of the neighbours is larger, the piece stays in place for that turn. The counter `turn` is incremented each iteration. No bounds checks are performed, so the program may read outside the array if the piece is at an edge.

After at most \(P\) iterations the loop ends and the program outputs the value stored in `max_gem`, which is the highest diamond value that the piece could reach by following this greedy, step‑by‑step rule. The array `dp` is declared but never used."
1314237507,50,cpp,GEOMETRIC_SCAN,GEOMETRIC_SCAN,YES,1,SORTED_MANHATTAN,0.000203133,0.9765625,SORTED_MANHATTAN,0.020263672,"The program reads the grid dimensions \(N\) and \(M\), the maximum number of moves \(P\), and the starting position \((L,C)\). It stores the diamond values in a 1‑based array `mat`. After reading the grid, it iterates over every cell \((i,j)\) of the grid, computes the Manhattan distance from \((i,j)\) to the starting cell, and if that distance is at most \(P\) it records the cell’s value in a vector `v`. Once all cells have been examined, the program scans the vector to find the largest value (initialising the maximum to 0) and outputs that value. Thus the program simply collects all diamonds reachable within \(P\) steps and reports the maximum value among them, with the caveat that negative values are ignored because the maximum is initialised to zero."
1314237547,1.79,java,GREEDY_NEIGHBOR_WALK,GREEDY_NEIGHBOR_WALK,YES,0.96875,GEOMETRIC_SCAN,0.020141602,1,UNKNOWN,0.000804901,"The program reads the size of a rectangular grid (N rows, M columns), the maximum number of moves P, and the starting position (L, C) of a piece. The grid values are stored in a two‑dimensional integer array `mat`. The starting coordinates are converted from 1‑based to 0‑based indices.

The core of the algorithm is the `getMax` function. For a given current position `(l, c)` it looks at the four orthogonal neighbours: south `(l+1, c)`, east `(l, c+1)`, west `(l, c-1)`, and north `(l-1, c)`. It keeps a pair `(x, y)` initially set to the current position and updates it whenever a neighbour has a strictly larger value than the current best. After checking all four directions, if no neighbour was larger, it defaults to moving diagonally to `(l+1, c+1)`. The function returns the chosen coordinates.

In the main loop the program repeats this neighbour‑selection process exactly P times, updating the current position each time with the coordinates returned by `getMax`. After performing all moves, it outputs the value of the grid cell at the final position.

Thus the program simply follows a greedy “always step to the locally highest neighbour” strategy for a fixed number of steps, ignoring boundary checks and the possibility of staying in place, and finally prints the value of the diamond reached."
1314237562,1.79,java,GREEDY_NEIGHBOR_WALK,GREEDY_NEIGHBOR_WALK,YES,0.9609375,GEOMETRIC_SCAN,0.029052734,0.99609375,UNKNOWN,0.004058838,"The program reads the grid dimensions, the maximum number of moves, and the starting cell (converted to 0‑based indices). It stores the diamond values in a 2‑D array. For each of the allowed moves it repeatedly calls `getMax`, which looks at the four orthogonal neighbours of the current cell and selects the one with the largest value. The function compares the current cell with the cell below, to the right, to the left, and above, updating the candidate coordinates whenever a larger value is found. If none of the neighbours is larger, it defaults to moving one step down. The chosen coordinates are returned and used as the new position for the next iteration. After performing at most `P` such moves, the program outputs the value of the diamond in the final cell. The implementation does not guard against boundary conditions, so it may access cells outside the grid when the current position is on an edge."
1314237582,1.79,java,GEOMETRIC_SCAN,GEOMETRIC_SCAN,YES,0.984375,UNKNOWN,0.010925293,0.92578125,SORTED_MANHATTAN,0.019165039,"The program reads the grid dimensions \(N\) and \(M\), the maximum number of moves \(P\), and the starting position \((L,C)\). It then reads an \(N\times M\) matrix of integer values, storing it in a 1‑based array `numbers`. 

After the input, the code enters a double loop over all cells \((i,j)\) of the grid, but the body of the loop never uses \(i\) or \(j\); it repeatedly works only with the fixed start coordinates \((L,C)\). For each iteration it sets `pos` to the value at the starting cell and copies it to `aux`. It then iterates `m` from 1 to `P`. In each step it examines a set of cells that are exactly `m` steps away from the start in the four cardinal directions (north, south, east, west) and also four cells that are offset by a remaining distance `diff = P - m` in the diagonal directions. For every such cell it compares its value with the current maximum stored in `aux` and updates `aux` if a larger value is found. No bounds checking is performed, so the program may attempt to access indices outside the array when the start is near the border or when `P` is large. 

After completing the loops, the program prints the value stored in `aux`, which is intended to be the maximum diamond value reachable within at most `P` moves from the starting position. However, because the outer loops iterate over all cells unnecessarily and the index calculations are incorrect, the actual result may be undefined or incorrect for many inputs."
1314237598,50,java,SORTED_MANHATTAN,SORTED_MANHATTAN,YES,0.97265625,GEOMETRIC_SCAN,0.017822266,0.7421875,GEOMETRIC_SCAN,0.1875,"The program first reads the grid dimensions \(N\) and \(M\), the maximum number of moves \(P\), and the starting position \((L,C)\). It then reads the \(N\times M\) matrix of diamond values, storing each cell as a `Diamond` object that records its 1‑based row `i`, column `j`, and value `valoare`. All diamonds are kept in a single list.

After input, the list is sorted in descending order of value. The program then scans this sorted list from the highest value downward. For each diamond it computes the Manhattan distance from the starting cell: 
\[
\text{distance} = |i-L| + |j-C|.
\]
If this distance is less than or equal to the allowed number of moves \(P\), the diamond’s value is printed and the search stops. Because the list is sorted by value, the first diamond that satisfies the distance condition is the maximum‑value diamond reachable within \(P\) moves, so its value is the correct answer. If no diamond meets the distance constraint, nothing is printed (though the problem guarantees at least one reachable diamond). The algorithm runs in \(O(NM \log(NM))\) time due to the sorting step and uses \(O(NM)\) additional memory to store the list of diamonds."
1314237633,1.79,java,GEOMETRIC_SCAN,GEOMETRIC_SCAN,YES,0.95703125,UNKNOWN,0.037109375,0.93359375,GREEDY_NEIGHBOR_WALK,0.052734375,"The program reads the grid dimensions \(N\) and \(M\), the maximum number of moves \(P\), and the starting position \((L,C)\). It then reads an \(N \times M\) matrix of integer diamond values into a large 2‑D array `arr`, using 1‑based indices. 

In `solveProblem`, the code distinguishes only two cases. If no moves are allowed (\(P=0\)), it simply outputs the value of the diamond at the starting cell `arr[L][C]`. If at least one move is permitted (\(P>0\)), the program looks only at the four orthogonally adjacent cells (north, east, south, west) of the starting position and prints the maximum value among those four neighbors. No checks are performed to ensure the neighbors are inside the grid, and no further exploration or path‑finding is carried out. Thus the program effectively returns either the starting cell’s value or the best immediate neighbor’s value, regardless of the actual allowed number of moves."
1314237664,3.57,cpp,GREEDY_NEIGHBOR_WALK,GEOMETRIC_SCAN,NO,0.9921875,GEOMETRIC_SCAN,0.003158569,0.62890625,GREEDY_NEIGHBOR_WALK,0.337890625,"The program reads the grid dimensions \(N\) and \(M\), the maximum number of moves \(P\), and the starting position \((L,C)\). It then reads an \(N\times M\) matrix of integer diamond values, using 1‑based indices. 

The core routine `Rezolvare` first checks whether any moves are allowed. If \(P\le 0\) it simply prints the value of the starting cell and terminates. Otherwise it examines the four orthogonal neighbours of the current cell \((i,j)\). For each neighbour that lies inside the grid it keeps track of the largest diamond value seen so far (`max`). If a neighbour has a value larger than the current `max`, that value becomes the new `max`. 

If only one move is permitted (\(P==1\)), the function immediately prints this `max` and returns. If more moves are allowed, the function updates the current coordinates to the position of the neighbour that supplied the new `max` and continues the loop (although the loop is executed only once because no further iteration is triggered). After the loop finishes, it prints the final `max` value. 

Thus the program effectively reports the maximum diamond value that can be reached in at most one step from the starting position; if \(P>1\) it still only considers a single step and ignores the remaining moves. The `visited` array and the `P` counter are never used beyond the initial check."
1314237686,3.57,java,GEOMETRIC_SCAN,GREEDY_NEIGHBOR_WALK,NO,0.828125,UNKNOWN,0.163085938,0.984375,UNKNOWN,0.015869141,"The program begins by reading the grid dimensions, the maximum number of moves allowed, and the starting position of the piece. It stores the diamond values in a two‑dimensional integer array. After the input, it initializes a few variables: `max` (set to –999), `diam` (set to –9999), a flag `ok` to indicate whether a move has been made, and a flag `flag` to indicate that no moves are possible.

The core of the program is a nested loop that iterates over the sub‑matrix starting at the cell just above the starting position (`occ_x‑1`, `occ_y‑1`) and extending to the bottom‑right corner of the grid. For each cell `(i, j)` in this range, the code checks whether any moves are left and whether a move has already been performed. If no moves are left and no move has been made, it sets `flag` to 1. Otherwise, it compares the value of the current cell with the values of its four orthogonal neighbours (`i‑1, j`, `i+1, j`, `i, j‑1`, `i, j+1`). For the first neighbour that has a value greater than the current `max` and when moves remain, it decrements the remaining moves, records that neighbour’s value in `diam`, and marks that a move has been made by setting `ok` to 1. If none of the neighbours are better, it updates `max` to the current cell’s value.

After the loops finish, the program prints the value stored in `diam` if at least one move was made; otherwise, if `flag` was set (meaning no moves were possible from the start), it prints the value of the starting cell. The algorithm therefore attempts a greedy walk from the starting position, always stepping to a higher‑valued neighbour until the move limit is reached, but it only considers a single pass over a limited portion of the grid and does not explore all possible paths."
1314237710,50,cpp,GEOMETRIC_SCAN,SORTED_MANHATTAN,NO,0.93359375,SORTED_MANHATTAN,0.046630859,0.890625,GREEDY_NEIGHBOR_WALK,0.056884766,"The program reads the grid dimensions \(N\) and \(M\), the maximum number of moves \(P\), and the starting position \((L,C)\). It then reads the \(N\times M\) matrix of diamond values into a 2‑D array. 

All cells are copied into a one‑dimensional array `arr` of structures that store the cell’s coordinates and its diamond value. While filling this array a counter `i2` is incremented for each cell. After the copy, the program attempts to find the maximum value among a subset of the array (the loop bound `((n-l)*(m-c))` is incorrect and the result is never used). 

The array `arr` is then sorted in descending order of the diamond value using a custom comparator. Finally, the program scans the sorted array from the beginning and checks each cell’s Manhattan distance to the starting position. The first cell whose distance is at most \(P\) is considered reachable, its value is printed, and the search stops. 

Thus the program outputs the value of the highest‑valued diamond that lies within \(P\) steps (Manhattan distance) from the starting cell, ignoring any cells outside that distance. The earlier maximum‑search loop is redundant and has no effect on the result."
1314237741,41.07,cpp,GEOMETRIC_SCAN,GEOMETRIC_SCAN,YES,0.99609375,SORTED_MANHATTAN,0.000804901,1,SORTED_MANHATTAN,0.000379562,"The program first reads the grid dimensions `N` and `M`, the maximum number of moves `P`, and the starting position `(L, C)`. It stores the diamond values in a 2‑D array `matrice` indexed from 1. While reading the input it also checks the trivial case `P = 0`: if the starting cell is read, the program immediately prints its value and terminates.

If `P` is non‑zero, the program scans a diamond‑shaped region centred at `(L, C)` whose radius is `P`. It iterates over all rows `i` from `L‑P` to `L+P`. For each such row it computes a horizontal offset `j` that grows while the row index is below or equal to `L` and shrinks afterwards, so that the columns considered for that row are `k` from `C‑j` to `C+j`. For every cell `(i, k)` that lies inside the grid bounds, the program keeps the maximum value seen so far in the variable `response`. After all rows have been processed, it outputs this maximum.

Thus the code simply finds the largest diamond value reachable within at most `P` moves by examining all cells whose Manhattan distance from the start does not exceed `P`. The result is printed as the final answer."
1314237745,1.79,java,GEOMETRIC_SCAN,GEOMETRIC_SCAN,YES,0.98828125,UNKNOWN,0.008544922,0.91796875,UNKNOWN,0.075195313,"The program reads the grid dimensions \(N\) and \(M\), the maximum number of moves \(P\), and the starting position \((L,C)\). It then reads an \(N\times M\) matrix of integer values into a 2‑dimensional array that is indexed from 1 (the code allocates a 10 000 × 10 000 array but only uses the first \(N\) rows and \(M\) columns). 

The `solveProblem` routine handles three cases based on the value of \(P\):

1. **\(P = 0\)** – the piece does not move, so the program simply outputs the value at the starting cell `arr[L][C]`.
2. **\(P = 1\)** – the piece can move exactly one step. The code assumes the only possible move is north and outputs the value of the cell directly above the start, `arr[L-1][C]`. 
3. **\(P > 1\)** – the piece can move more than one step. The code ignores the exact number of steps and instead computes the maximum value among the four orthogonally adjacent cells: east `arr[L][C+1]`, south `arr[L+1][C]`, west `arr[L][C-1]`, and north `arr[L-1][C]`. It then prints this maximum.

No bounds checking is performed, so if the starting position is on the edge of the grid the program may access out‑of‑range array indices. The algorithm therefore does not actually explore all reachable cells within \(P\) moves; it merely returns a value based on a very limited, hard‑coded interpretation of the movement rules."
1314237765,12.5,java,GEOMETRIC_SCAN,DFS_RADIUS,NO,0.57421875,DFS_RADIUS,0.1640625,0.94140625,DP_RADIUS,0.022094727,"The program reads the grid dimensions \(N\) and \(M\), the maximum number of moves \(P\), and the starting position \((L,C)\). It then reads an \(N\times M\) matrix of integer diamond values into a 1‑indexed array `adj`. 

The core of the solution is a depth‑first recursive routine `recursive(adj, x, y, p)` that explores all possible walks of exactly \(p\) steps starting from cell \((x,y)\). When the remaining step count reaches zero, the value stored in `adj[x][y]` is compared with a global variable `max`, and `max` is updated if the current cell’s value is larger. For each recursive call with \(p>0\), the routine blindly calls itself four times, moving one cell north, south, east, or west (by adjusting the coordinates). No bounds checking is performed, so the recursion may attempt to access cells outside the grid, which will cause an array‑index‑out‑of‑bounds exception for positions outside the valid range. 

After the recursive search completes, the program prints the value of `max`, which is intended to be the largest diamond value reachable in at most \(P\) moves from the starting position. The algorithm therefore attempts a brute‑force exploration of all \(4^P\) possible paths, without any pruning, memoisation, or boundary validation."
1314237818,5.36,java,UNKNOWN,GEOMETRIC_SCAN,NO,0.5,GEOMETRIC_SCAN,0.388671875,0.890625,GREEDY_NEIGHBOR_WALK,0.073242188,"The program begins by reading the grid dimensions, the maximum number of moves allowed, and the starting position of the piece. It stores the diamond values in a two‑dimensional integer array. After the input, it initializes a few variables: `max` to hold the best value found, `ok` to indicate whether a move has been made, and `flag` to signal that no moves are possible.

The core of the program is a nested loop that iterates over a sub‑region of the grid starting from the starting cell’s coordinates (converted to zero‑based indices) and extending to the bottom‑right corner of the board. Inside the inner loop, the code checks whether any moves are left and whether a move has already been performed. If no moves are left and no move has been made, it sets `flag` to 1. Otherwise, it compares the current `max` value with the values of the four neighboring cells (north, south, west, east) using hard‑coded index adjustments that are incorrect for the first and last rows/columns. If a neighbor contains a larger value and moves remain, it decrements the move counter, updates `max` to that neighbor’s value, and marks that a move has occurred. If none of the neighbors are better, it does nothing.

After the loops finish, the program outputs the value of the starting cell if `flag` was set (meaning no valid move was made); otherwise it prints the largest value found during the traversal. The algorithm does not actually perform a correct breadth‑first search or path planning; it merely scans a rectangular region and greedily updates a single best value based on adjacent cells, with many out‑of‑bounds and logic errors."
1314237848,8.93,java,DFS_RADIUS,DFS_RADIUS,YES,0.83984375,SORTED_MANHATTAN,0.053710938,0.98046875,DP_RADIUS,0.012329102,"The program reads the grid dimensions \(N\) and \(M\), the maximum number of moves \(P\), and the starting position \((L,C)\). It then stores the diamond values in a 1‑based array `adj`. A global variable `max` keeps the highest value seen so far. 

The core of the solution is a depth‑first search implemented by the method `recursive`. Starting from the initial cell, the routine recursively explores each of the four orthogonal neighbours (north, south, east, west) as long as the remaining move count `p` is positive. The helper `isSafe` checks that a coordinate lies within the bounds \(1 \le x \le n\) and \(1 \le y \le n\) (note that it mistakenly uses `n` for both dimensions). When `p` reaches zero, the value of the current cell is compared with `max` and `max` is updated if larger. 

After the recursive search finishes, the program prints the value stored in `max`, which is intended to be the maximum diamond value reachable within at most `P` moves from the starting position. The algorithm explores all possible paths up to depth `P` without any pruning or memoisation, leading to exponential time in the worst case."
1314238008,8.93,cpp,GEOMETRIC_SCAN,GEOMETRIC_SCAN,YES,1,BFS_RADIUS,0.000190735,1,SORTED_MANHATTAN,0.000488281,"The program begins by reading five integers: the number of rows `n`, the number of columns `m`, the maximum number of moves `p`, and the starting position coordinates `l` and `c`. It then initializes a variable `max` to –10 000 (a value lower than any possible diamond value) and a temporary variable `dist`.

It proceeds to read the grid row by row. For each cell `(i, j)` (with `i` ranging from 0 to `n‑1` and `j` from 0 to `m‑1`), it reads the diamond value `el`. It computes the Manhattan distance from the current cell to the starting position as `abs(i‑l) + abs(j‑c)`. If this distance is less than or equal to the allowed number of moves `p` and the diamond value `el` is greater than the current `max`, it updates `max` to `el`.

After all cells have been processed, the program outputs the value stored in `max`, which represents the largest diamond value that can be reached within at most `p` moves from the starting position. The algorithm is a simple linear scan of the grid with a constant‑time check for each cell."
1314238011,50,cpp,GEOMETRIC_SCAN,GEOMETRIC_SCAN,YES,1,BFS_RADIUS,0.00010252,1,SORTED_MANHATTAN,0.001029968,"The program reads the grid dimensions \(N\) and \(M\), the maximum number of moves \(P\), and the starting position \((L,C)\). It then reads the value of each cell in the grid. For every cell \((i,j)\) it computes the Manhattan distance to the starting position, \( |i-L|+|j-C| \). If this distance is no larger than \(P\) and the cell’s value is greater than the current best, the best value is updated. After scanning all cells, the program outputs the largest value found among those cells that are reachable within at most \(P\) moves. The algorithm uses a simple double loop over the grid and a single integer variable to keep track of the maximum value."
1314265677,14.29,c,DFS_RADIUS,DFS_RADIUS,YES,0.7734375,GEOMETRIC_SCAN,0.071777344,0.98046875,DP_RADIUS,0.007507324,"The program reads the grid dimensions \(N\) and \(M\), the maximum number of moves \(P\), and the starting position \((L,C)\) (1‑based). It then reads an \(N\times M\) matrix of long integers that represent the diamond values. The matrix is stored in a static 2‑D array of size 1001×1001, and the starting coordinates are converted to 0‑based indices.

The core of the solution is a recursive depth‑first search function `searchDiamonds`. It receives the current coordinates \((x,y)\), the remaining number of moves `P`, a pointer to the current maximum diamond value, and the grid bounds. At each call the function updates the maximum with the value at the current cell. If any moves remain (`P > 0`), the function recursively explores the four orthogonal neighbours (north, south, west, east) that stay inside the grid, decrementing the remaining move count by one for each recursive call. There is no memoisation or visited‑state tracking, so the same cell may be revisited many times along different paths, leading to an exponential number of recursive calls.

After the recursive search finishes, the main routine prints the maximum diamond value found. The algorithm therefore enumerates all possible paths of length up to \(P\) from the starting cell and keeps the highest value encountered."
1314265771,12.5,c,DFS_RADIUS,DFS_RADIUS,YES,0.8671875,BFS_RADIUS,0.038085938,0.95703125,DP_RADIUS,0.022460938,"The program reads the grid dimensions \(N\) and \(M\), the maximum number of moves \(P\), and the starting position \((L,C)\) (1‑based). It then reads an \(N\times M\) matrix of long integers that represent the diamond values. Two large static arrays are allocated: a 1001×1001 array for the diamond values and a 1001×1001 boolean matrix that is initially all false and will be used to mark cells that have already been visited during the search.

The core of the program is a recursive depth‑first search function `searchDiamonds`. It receives the current coordinates \((x,y)\), the remaining number of moves `P`, a pointer to the maximum diamond value found so far, and the grid bounds. On each call the function marks the current cell as visited, updates the global maximum if the current cell’s value is larger, and then, if any moves remain (`P>0`), recursively explores each of the four orthogonal neighbours (north, south, east, west) that are inside the grid and have not yet been visited. The remaining move count is decremented by one for each recursive call. Because a cell is marked visited before any further recursion, the search never revisits a cell, effectively exploring each reachable cell at most once.

The main routine starts the search from the initial position (converted to 0‑based indices) with the full move budget `P`. After the recursive search completes, the program prints the maximum diamond value that was encountered during the traversal. Finally, it frees the dynamically allocated visited matrix before terminating."
1323070546,8.93,cpp,GEOMETRIC_SCAN,GEOMETRIC_SCAN,YES,0.9921875,SORTED_MANHATTAN,0.004058838,0.99609375,SORTED_MANHATTAN,0.001922607,"The program reads the grid dimensions \(N\) and \(M\), the maximum number of moves \(P\), and the starting position \((L,C)\). It then reads the \(N \times M\) matrix of diamond values into a 1‑based indexed vector `grid`, adding a dummy outer row and column so that indices 1…N and 1…M refer directly to the input cells.

To determine the best diamond reachable in at most \(P\) moves, the code iterates over every cell \((i,j)\) of the grid. For each cell it computes the Euclidean distance to the start using 
\[
\text{dist}(i,j)=\sqrt{(i-L)^2+(j-C)^2}.
\]
If this distance is less than or equal to \(P\) and the cell’s value exceeds the current maximum, the maximum is updated. After scanning all cells, the program outputs the largest value found.

Thus the solution simply checks every cell whose Euclidean distance from the start is within the allowed move limit and reports the maximum diamond value among those cells."
1323070598,14.29,cpp,GEOMETRIC_SCAN,GEOMETRIC_SCAN,YES,0.99609375,SORTED_MANHATTAN,0.002792358,0.9921875,SORTED_MANHATTAN,0.004058838,"The program reads the grid dimensions \(N\) and \(M\), the maximum number of moves \(P\), and the starting position \((L,C)\). It then reads the \(N \times M\) matrix of diamond values into a 1‑based indexed vector `grid`, padding each row and the whole matrix with a dummy value of \(-10^5\) to simplify bounds checking.

To determine the best diamond reachable within at most \(P\) moves, the code iterates over every cell \((i,j)\) of the grid. For each cell it computes the Euclidean distance from the start:
\[
d(i,j)=\sqrt{(i-L)^2+(j-C)^2}.
\]
If this distance is less than or equal to the allowed number of moves \(P\) (the comparison is performed with a `float`), and the diamond value at that cell is larger than the current maximum, the maximum is updated. The initial maximum is set to the value at the starting cell.

After scanning all cells, the program outputs the maximum value found. The algorithm therefore treats the allowed number of moves as a circular radius in the grid and selects the highest diamond value inside that radius."
1323077370,12.5,cpp,UNKNOWN,DFS_RADIUS,NO,0.4921875,DFS_RADIUS,0.205078125,0.97265625,DP_RADIUS,0.012268066,"The program reads the grid dimensions \(N\) and \(M\), the maximum number of moves \(P\), and the starting coordinates \((L,C)\). It then reads the \(N\times M\) matrix of diamond values. The grid is stored in a 1‑based vector of vectors with an extra outer row and column of sentinel values to avoid index errors when accessing neighbours.

The core of the solution is a depth‑first search implemented by the recursive function `back`. It receives the remaining number of moves, the current position \((x,y)\), a reference to the best value found so far (`sol`), and a list of the four cardinal direction vectors. At each call, if no moves remain, the function checks whether the current position lies inside the grid bounds and, if so, updates `sol` with the value of the diamond at that cell if it is larger. If moves remain, the function iterates over the four directions, updates the position by adding the direction vector, decrements the remaining moves, and recurses. After the recursive call returns, it restores the move count and the position to backtrack and try the next direction.

The search explores every possible sequence of exactly \(P\) moves from the starting cell, keeping track of the maximum diamond value encountered at the end of any such sequence. Finally, the program outputs this maximum value. The algorithm is a brute‑force exhaustive traversal of all paths of length \(P\)."
1323319303,50,cpp,GEOMETRIC_SCAN,GEOMETRIC_SCAN,YES,1,SORTED_MANHATTAN,0.000335693,1,SORTED_MANHATTAN,0.000911713,"The program reads the grid dimensions \(n\) and \(m\), the maximum number of moves \(p\), and the starting position \((x,y)\) (1‑based indices). It then reads the \(n \times m\) matrix of diamond values. While scanning the matrix it keeps two pieces of information: the value of the diamond at the starting cell (stored in `sol`) and the largest value among all cells whose Manhattan distance from \((x,y)\) is at most \(p\). The Manhattan distance is computed by the helper function `nrMoves`, which returns \(|i-x|+|j-y|\). For each cell \((i,j)\) the program checks whether this distance is within the allowed number of moves; if so, it updates a running maximum (`maximum`) whenever the current cell’s value exceeds it. After the scan, if no moves are allowed (\(p==0\)), the program forces the result to be the value at the starting cell. Finally, it prints the computed maximum value. The algorithm is a single pass over the grid with constant‑time checks per cell."
1323361065,50,java,GEOMETRIC_SCAN,GEOMETRIC_SCAN,YES,1,BFS_RADIUS,0.000123024,0.99609375,SORTED_MANHATTAN,0.002182007,"The program begins by reading the first line of input as a raw string and splitting it on whitespace to obtain the five integers `n`, `m`, `p`, `l`, and `c`. These represent the number of rows, columns, the maximum number of moves allowed, and the starting row and column of the piece (1‑based indices). It then allocates a two‑dimensional integer array `a` of size `(n+1) × (m+1)` and fills it with the grid values, also using 1‑based indexing.

After the grid is stored, the program iterates over every cell `(i, j)` in the grid. For each cell it computes the Manhattan distance from the starting position: `|l‑i| + |c‑j|`. If this distance is less than or equal to the allowed number of moves `p`, the cell is considered reachable. The program keeps a variable `max` (initialised to –100 000) and updates it whenever it finds a reachable cell whose value exceeds the current `max`. Once all cells have been examined, the value of `max`—the largest diamond value reachable within at most `p` moves—is printed to standard output."
1323366910,50,java,GEOMETRIC_SCAN,GEOMETRIC_SCAN,YES,1,BFS_RADIUS,0.000115871,1,SORTED_MANHATTAN,0.000553131,"The program begins by reading the grid dimensions \(N\) and \(M\), the maximum number of moves \(P\), and the starting position \((L,C)\). It then iterates over every cell of the \(N \times M\) grid, reading each diamond value as a long integer. For each cell \((i,j)\) it computes the Manhattan distance from the start, \(|L-i| + |C-j|\). If this distance is no greater than \(P\), the cell is reachable within the allowed moves, and the program compares its value to a running maximum. The maximum is stored in a long variable initialized to the smallest possible integer value.

After all cells have been examined, the program outputs the largest diamond value found among the reachable cells. If no cell satisfies the distance condition, the maximum remains at its initial value, which will be printed. The algorithm is a simple brute‑force scan of the entire grid, using only basic arithmetic and a single nested loop."
1323367653,50,java,GEOMETRIC_SCAN,GEOMETRIC_SCAN,YES,1,SORTED_MANHATTAN,0.000203133,0.99609375,SORTED_MANHATTAN,0.003585815,"The program reads the grid dimensions \(N\) and \(M\), the maximum number of moves \(P\), and the starting position \((L,C)\). It then reads the \(N \times M\) matrix of diamond values into a 1‑based array `mat`. After the input is stored, the program scans every cell of the matrix. For each cell \((i,j)\) it computes the Manhattan distance to the starting position, \(|i-L|+|j-C|\). If this distance is at most \(P\) and the cell’s value is larger than the current maximum, the maximum is updated. Finally, the program outputs the largest value found among all cells reachable within \(P\) moves. The algorithm is a simple brute‑force search over all grid positions, using a single nested loop and a distance check."
1323376756,1.79,cpp,BFS_RADIUS,BFS_RADIUS,YES,0.8515625,GEOMETRIC_SCAN,0.054443359,0.86328125,UNKNOWN,0.048828125,"The program reads the size of a rectangular grid ( N rows, M columns), the maximum number of moves P, and the starting position ( L, C ). It then reads an N × M matrix of integer values that represent the diamonds on each cell. The grid is stored in a 1‑based array `map`, and a parallel 2‑dimensional boolean array `visited` keeps track of cells that have already been considered.

A simple breadth‑first‑style search is performed using a `queue` of positions. The start cell is pushed onto the queue twice (once before the loop and once again just before the loop starts) and marked visited. The variable `best` is initialized to the value of the starting cell. Four direction vectors represent the four orthogonal moves (East, South, West, North).

The main loop continues while the queue is not empty and the remaining move counter `moves` is positive. In each iteration the front position is popped, and all four neighboring cells are examined. For each neighbor that lies inside the grid and has not yet been visited, the program marks it visited, updates `best` if the neighbor’s diamond value is larger, and pushes the neighbor onto the queue. After processing the current cell, the move counter is decremented. Thus the loop processes at most `P` cells from the queue, regardless of their distance from the start.

When the loop terminates, the program outputs the maximum diamond value found among all cells that were visited during the limited traversal. This value is printed as the final result."
1323376847,14.29,cpp,BFS_RADIUS,BFS_RADIUS,YES,0.90625,GEOMETRIC_SCAN,0.039794922,0.984375,GREEDY_NEIGHBOR_WALK,0.004547119,"The program reads the size of a rectangular grid (N rows, M columns), the maximum number of moves P, and the starting position (L, C). It then reads an N × M matrix of integer values, storing it in a 1‑based array `map`. A second 1‑based boolean array `visited` keeps track of cells that have already been enqueued.

A breadth‑first search is performed starting from the initial cell. The queue holds positions to explore. For each dequeued cell, the program examines its four orthogonal neighbours (north, east, south, west). If a neighbour lies inside the grid and has not yet been visited, it is marked visited, its value is compared to the current best value and the best is updated if larger, and the neighbour is enqueued. After processing all neighbours of a cell, the variable `moves` is decremented. The loop continues while the queue is not empty and `moves` remains positive. Thus the search stops after at most `P` iterations of the outer loop, which roughly limits the breadth‑first expansion to `P` layers, though the implementation does not explicitly track depth.

Finally, the program outputs the maximum diamond value found among all cells that were reached within the allowed number of iterations. The output is a single integer."
1323377102,50,cpp,BFS_RADIUS,BFS_RADIUS,YES,0.984375,GEOMETRIC_SCAN,0.005859375,1,DFS_RADIUS,0.000553131,"The program reads the size of a rectangular grid (N rows, M columns), the maximum number of moves P, and the starting position (L, C). It then reads an N × M matrix of integer values, storing it in a 1‑based array `map`. A second 1‑based boolean array `visited` tracks which cells have already been enqueued.

A breadth‑first search is performed from the starting cell. A queue holds positions to explore, and a parallel queue stores the depth (number of moves taken to reach that position). The search proceeds level by level: for each dequeued cell, if its depth is already equal to P the algorithm stops expanding that branch. Otherwise it considers the four orthogonal neighbours (north, east, south, west). For each neighbour that lies inside the grid and has not yet been visited, the neighbour is marked visited, its value is compared to the current best value and the best is updated if larger, then the neighbour and its depth + 1 are enqueued.

After the BFS terminates (either all reachable cells within P steps have been processed or the queue is empty), the program outputs the maximum diamond value found. The algorithm therefore reports the highest value that can be reached from the start in at most P moves, without revisiting any cell."
1323389180,3.57,cpp,GEOMETRIC_SCAN,GREEDY_NEIGHBOR_WALK,NO,0.859375,GREEDY_NEIGHBOR_WALK,0.062255859,0.99609375,UNKNOWN,0.002182007,"The program reads the grid dimensions `n` and `m`, the maximum number of moves `p`, and the starting position `(l,c)` (1‑based). It then reads an `n × m` matrix of diamond values into a fixed 10×10 array `a`. The current best value is initialized to the value at the starting cell.

For each of the `p` allowed moves the code attempts to examine the four neighbouring cells in a fixed order: north, south, east, and west. It does this by incrementing or decrementing the row or column indices, checking whether the new index is still within the grid bounds, and if so comparing the diamond value at that position with the current maximum. Whenever a larger value is found, the maximum is updated and a flag `exit` is set to indicate which direction produced the improvement (1 for north, 2 for south, 3 for east, 4 for west).

After the four directional checks, the code moves the current position one step in the direction that last produced a new maximum, as indicated by the `exit` flag. If no improvement was found in any direction, the last `else` clause moves the piece west by default. This process repeats for up to `p` iterations, potentially moving the piece out of bounds because the bounds checks are only performed when comparing values, not when updating the position.

Finally, the program outputs the largest diamond value that was encountered during these moves. The algorithm is essentially a greedy walk that always steps into the most valuable adjacent cell found in the current iteration, but it does not explore all possible paths and may step outside the grid."
1323400210,7.14,java,GEOMETRIC_SCAN,GEOMETRIC_SCAN,YES,0.98828125,UNKNOWN,0.005187988,0.99609375,SORTED_MANHATTAN,0.001319885,"The program reads the grid dimensions \(N\) and \(M\), the maximum number of moves \(P\), and the starting position \((L,C)\). It then stores the \(N\times M\) matrix of diamond values in a 1‑indexed array. 

The core routine `getResult` begins by setting the current best value `dia` to the value at the starting cell. It then enters a nested loop over all rows and columns, but the inner logic does not depend on the loop indices. Instead, it uses a single counter `a` that starts at 1 and a while‑loop that runs while there are remaining moves (`p > 0`) and the cells at Manhattan distance `a` from the start are still inside the grid. In each iteration the program looks at the four cells exactly `a` steps north, west, east, and south of the start, updates `dia` if any of these cells contain a larger value, decrements the remaining move count `p`, and increments `a`. 

When the while‑loop terminates—either because no moves remain or because the next ring of cells would lie outside the grid—the function returns the best value found. The result is printed to standard output. The algorithm therefore examines only the concentric “rings” of cells centered at the starting position, up to as many rings as allowed by the remaining move count, and ignores any path constraints or intermediate positions."
1323401347,14.29,cpp,GEOMETRIC_SCAN,DFS_RADIUS,NO,0.265625,DFS_RADIUS,0.233398438,0.98828125,DP_RADIUS,0.003570557,"The program reads the grid dimensions \(N\) and \(M\), the maximum number of moves \(P\), and the starting position \((L,C)\) (1‑based). It then reads the \(N\times M\) matrix of diamond values. The starting cell is converted to 0‑based indices and pushed onto a vector `sol` that represents the current path. The variable `max` is initialized with the value of the starting cell.

A recursive function `back` explores all possible walks of length at most \(P\). At each call, if the current path length equals \(P+1\) (the starting cell plus \(P\) moves), the recursion stops. Otherwise the function iterates over the four cardinal moves \((0,1),(1,0),(0,-1),(-1,0)\). For each move it computes the new coordinates, checks that they stay inside the grid, then pushes the new position onto `sol`, updates `max` if the diamond value at that cell is larger, and recurses. After returning from the recursive call the new position is popped from `sol`, restoring the previous state.

After the exhaustive search finishes, the program outputs the maximum diamond value found along any walk of up to \(P\) steps. The algorithm is a plain depth‑first search that explores all possible paths up to the given depth, keeping track of the best value encountered."
1323401607,19.64,cpp,GEOMETRIC_SCAN,DFS_RADIUS,NO,0.40234375,DFS_RADIUS,0.16796875,0.94140625,UNKNOWN,0.01953125,"The program reads the grid dimensions \(N\) and \(M\), the maximum number of moves \(P\), and the starting position \((L,C)\) (1‑based). It then reads the \(N\times M\) matrix of diamond values. The starting cell is converted to 0‑based indices and pushed onto a vector `sol` that represents the current path. A second vector `dont_visit` marks cells that have already been visited in the current path.

The core of the algorithm is a recursive depth‑first search `back`. At each call, if the path length equals \(P+1\) (i.e., \(P\) moves have been made), the recursion stops. Otherwise the function iterates over the four cardinal moves (right, down, left, up). For each move it computes the new coordinates and checks that the cell lies inside the grid and has not been visited (`dont_visit[new_line][new_col]==0`). If the move is legal, the new cell is added to `sol`. The program then compares the diamond value at that cell with the current maximum `max`. If the new value is larger, `max` is updated; otherwise the cell is marked as visited in `dont_visit` to prevent further exploration from that cell. The function then recurses, and after returning it backtracks by removing the last cell from `sol`.

After the recursive search finishes, the program outputs the maximum diamond value found during the exploration. The algorithm explores all simple paths of length up to \(P\) starting from the initial position, keeping track of the highest value encountered along any such path."
1323404029,3.57,java,GREEDY_NEIGHBOR_WALK,GREEDY_NEIGHBOR_WALK,YES,0.98828125,GEOMETRIC_SCAN,0.006652832,1,UNKNOWN,0.00062561,"The program reads the grid dimensions, the maximum number of moves P, and the starting position (L, C). It stores the diamond values in a 2‑D array `arr`. The current position is kept in variables `i` and `j`, initially set to the zero‑based coordinates of the start. The variable `best` is initialized to the value of the starting cell.

While at least one move remains, the program examines the four orthogonal neighbours of the current cell. For each direction it assigns the neighbour’s value if the neighbour exists; otherwise it assigns a very negative sentinel (`-INF`). These four values are collected into a `Vector<Integer>`, sorted, and the largest value (the element at index 3 after sorting) is chosen as the next target. The program then moves the current position to the neighbour that holds this largest value, decrementing the remaining move count. The variable `best` is updated to this neighbour’s value. If several neighbours share the same maximum value, the `if` chain checks north, south, west, then east, so the first matching direction in that order is taken.

After exhausting the allowed moves (or if no moves are allowed), the program outputs the value stored in `best`, which is the value of the diamond in the final cell reached by this greedy, step‑by‑step selection of the locally highest neighbour."
1323404045,5.36,java,GREEDY_NEIGHBOR_WALK,GREEDY_NEIGHBOR_WALK,YES,0.9921875,GEOMETRIC_SCAN,0.003158569,1,UNKNOWN,0.001701355,"The program reads the size of a rectangular grid (N rows, M columns), the maximum number of moves P, and the starting position (L, C). It then reads the integer value of each cell into a 2‑dimensional array `arr`. The starting cell’s value is stored in `best` and also in `rez`, which will hold the maximum value encountered during the walk.

The main loop runs while at least one move remains. For the current position `(i, j)` it examines the four orthogonal neighbours: north, south, east, and west. If a neighbour lies outside the grid, its value is set to a large negative constant `-INF`. The four neighbour values are collected into a `Vector<Integer>`, sorted, and the largest value (`coord.get(3)`) is chosen as `best`. The program then moves the current position to the cell that holds this largest neighbour (updating `i` or `j` accordingly) and decrements the remaining move count. If this new cell’s value exceeds the current `rez`, `rez` is updated.

After exhausting the allowed moves, the program outputs `rez`, the highest diamond value that could be reached by following this greedy, one‑step‑at‑a‑time strategy. The algorithm is purely iterative, uses a small vector for neighbour comparison, and does not explore alternative paths."
1323404065,5.36,java,GREEDY_NEIGHBOR_WALK,GREEDY_NEIGHBOR_WALK,YES,0.9921875,GEOMETRIC_SCAN,0.005889893,0.99609375,UNKNOWN,0.001701355,"The program reads the grid dimensions \(N\) and \(M\), the maximum number of moves \(P\), and the starting position \((L,C)\). It then reads the \(N\times M\) matrix of diamond values, keeping track of the overall maximum value in the grid. The current position is stored as zero‑based indices \((i,j)\) and the best value seen so far, `rez`, is initialized to the value at the starting cell.

If the starting cell already contains the global maximum, the program prints that value and terminates. Otherwise it enters a loop that runs at most \(P\) times. In each iteration it examines the four orthogonal neighbours of the current cell, treating any neighbour that would fall outside the grid as \(-\text{INF}\). The four neighbour values are collected into a `Vector<Integer>`, sorted, and the largest value (the element at index 3 after sorting) is chosen as `best`. The program then moves the current position to the cell that holds this `best` value, decrements the remaining move count, and updates `rez` if `best` is larger than the current best. If `best` equals the global maximum value, the loop breaks early because no better value can be found.

After the loop finishes (either because \(P\) moves were used or the global maximum was reached), the program outputs `rez`, the maximum diamond value that can be reached within the allowed number of moves. The algorithm is a simple greedy walk that always steps to the neighbour with the highest value, using only basic arrays, a vector for temporary storage, and a single sorted list of four elements per step."
1323404068,41.07,cpp,SORTED_MANHATTAN,SORTED_MANHATTAN,YES,0.98828125,GEOMETRIC_SCAN,0.006652832,0.9921875,DP_RADIUS,0.005218506,"The program reads the grid dimensions \(N\) and \(M\), the maximum number of moves \(P\), and the starting position \((L,C)\). It then reads the value of every cell while simultaneously computing the Manhattan distance from the start to that cell. Each cell is stored as a pair \((\text{dist},\text{value})\) in a vector.

After all cells are read, the vector is sorted by the distance component. The program then scans the sorted list from the beginning, keeping a running maximum of the cell values whose distance is at most \(P\). As soon as it encounters a cell whose distance exceeds \(P\), the scan stops. Finally, the maximum value found is printed.

Thus the algorithm simply collects all cells reachable within \(P\) steps, sorts them by distance, and selects the largest diamond value among those reachable cells."
1323404104,41.07,cpp,SORTED_MANHATTAN,SORTED_MANHATTAN,YES,0.9921875,GEOMETRIC_SCAN,0.005187988,0.98828125,DP_RADIUS,0.00668335,"The program reads the grid dimensions \(N\) and \(M\), the maximum number of moves \(P\), and the starting position \((L,C)\). It then reads the value of every cell in the grid. For each cell it computes the Manhattan distance from the starting position, i.e. \(|L-i|+|C-j|\), and stores a pair consisting of this distance and the cell’s value in a vector.

After all cells have been processed, the vector is sorted by the distance component. The program then scans the sorted list from the beginning, keeping a running maximum of the cell values whose distance is at most \(P\). As soon as it encounters a pair whose distance exceeds \(P\), the scan stops. Finally, the maximum value found is printed.

Thus the algorithm simply collects all cells, orders them by how many steps are needed to reach them, and then selects the largest value among those reachable within the allowed number of moves."
1323404127,50,cpp,SORTED_MANHATTAN,SORTED_MANHATTAN,YES,0.98828125,GEOMETRIC_SCAN,0.006652832,0.99609375,DP_RADIUS,0.003585815,"The program reads the grid dimensions \(N\) and \(M\), the maximum number of moves \(P\), and the starting position \((L,C)\). It then reads the value of every cell in the grid. For each cell \((i,j)\) it computes the Manhattan distance from the starting cell, \(d = |L-i|+|C-j|\), and stores a pair \((d,\,\text{value})\) in a vector.

After all cells have been processed, the vector is sorted by the distance component. The program then scans the sorted list from the beginning, keeping a running maximum of the cell values whose distance is at most \(P\). The scan stops when it encounters a pair whose distance exceeds \(P\) or when the end of the vector is reached. Finally, it outputs the maximum value found.

Thus the algorithm simply collects all cells, orders them by how far they are from the start, and then selects the largest value among those reachable within the allowed number of moves."
1323404596,50,cpp,GEOMETRIC_SCAN,GEOMETRIC_SCAN,YES,1,BFS_RADIUS,0.00014019,0.99609375,SORTED_MANHATTAN,0.001327515,"The program reads the grid dimensions \(N\) and \(M\), the maximum number of moves \(P\), and the starting position \((L,C)\). It then reads the \(N \times M\) matrix of diamond values into a 1‑indexed array `d`. While reading each cell, it computes the Manhattan distance from the starting cell to the current cell: `abs(l - i) + abs(c - j)`. If this distance is at most \(P\), the value of that cell is considered reachable, and the program keeps track of the largest such value in the variable `maxim`. After all cells have been processed, the program outputs `maxim`, which is the maximum diamond value that can be reached within at most \(P\) moves. The algorithm is a single pass over the grid with constant‑time checks per cell."
1323404825,5.36,java,BFS_RADIUS,BFS_RADIUS,YES,0.98046875,GEOMETRIC_SCAN,0.007476807,0.87109375,UNKNOWN,0.055664063,"The program reads the grid dimensions \(N\) and \(M\), the maximum number of moves \(P\), and the starting position \((L,C)\). It then stores the diamond values in a 1‑based array `grid`. 

The core routine `bfs` performs a breadth‑first traversal starting from the initial cell. It keeps a 2‑dimensional `vizitat` array to mark visited cells and a queue of `Pair` objects holding coordinates. The variable `mx` records the highest diamond value seen so far, initially the value at the start cell. 

The loop `while (!Q.isEmpty() && nr < p)` increments a counter `nr` each iteration, then removes one cell from the queue and examines its four orthogonal neighbours (north, south, east, west). For each neighbour that has not yet been visited, it marks it visited, enqueues it, and updates `mx` if the neighbour’s diamond value is larger. The loop stops either when the queue becomes empty or when `nr` reaches the allowed number of moves `p`. 

Finally, the main method prints the maximum diamond value found during this limited BFS. The algorithm therefore explores at most `p` levels of the grid, but because it processes only one node per level, it does not fully explore all cells reachable within `p` moves."
1323404864,7.14,java,BFS_RADIUS,BFS_RADIUS,YES,0.98046875,GEOMETRIC_SCAN,0.00958252,0.98828125,GREEDY_NEIGHBOR_WALK,0.004577637,"The program reads the grid dimensions \(N\) and \(M\), the maximum number of moves \(P\), and the starting position \((L,C)\). It stores the diamond values in a 1‑based array `grid`. 

The core routine `bfs` performs a breadth‑first traversal starting from the initial cell. It keeps a 2‑dimensional `vizitat` array to mark visited cells and a queue of `Pair` objects holding coordinates. The variable `mx` is initialized to the value at the starting cell and is updated whenever a newly visited cell contains a larger value. 

The loop runs while the queue is not empty and a counter `nr` is less than `4*P-3`. In each iteration `nr` is incremented and a single cell is dequeued. The four orthogonal neighbours (north, south, east, west) are computed; if a neighbour lies within the grid bounds and has not yet been visited, it is marked visited, enqueued, and its value is compared to `mx`. The loop does not process all nodes at the current depth before moving to the next depth, so the traversal does not strictly respect the move limit \(P\). After the loop terminates, the function returns the maximum diamond value found during the traversal. 

Finally, `main` prints the result returned by `bfs`. The program therefore outputs the largest diamond value that can be reached from the starting cell under the (incorrectly implemented) move constraint."
1323404910,30.36,java,BFS_RADIUS,BFS_RADIUS,YES,0.7890625,GEOMETRIC_SCAN,0.094238281,0.94921875,UNKNOWN,0.025268555,"The program reads the grid dimensions \(N\) and \(M\), the maximum number of moves \(P\), and the starting position \((L,C)\). It then stores the diamond values in a 1‑based array `grid`. 

The core routine `bfs` performs a breadth‑first traversal beginning at the start cell. It keeps a 2‑dimensional `vizitat` array to mark visited cells and a queue of `Pair` objects holding coordinates. The current maximum diamond value `mx` is initialized to the value at the starting cell. 

During the loop the algorithm dequeues a cell and computes the coordinates of its four orthogonal neighbours (north, south, east, west). Before enqueuing a neighbour it checks whether the absolute difference between the neighbour’s coordinates and the original start coordinates exceeds \(P\); if so, the entire loop is broken, halting the search. If the neighbour has not yet been visited, it is marked visited, added to the queue, and its diamond value is compared to `mx`, updating `mx` if larger. 

When the queue becomes empty or the break condition is triggered, the function returns the maximum diamond value found. The `main` method simply calls this routine and prints the result. The implementation therefore explores cells that are within a Chebyshev‑style distance constraint from the start, but it does not correctly enforce the exact number of allowed moves or the Manhattan distance, and it stops the search prematurely when any neighbour lies outside the allowed range."
1323404960,37.5,java,BFS_RADIUS,BFS_RADIUS,YES,0.42578125,GEOMETRIC_SCAN,0.376953125,0.9765625,GEOMETRIC_SCAN,0.008422852,"The program reads the grid dimensions \(N\) and \(M\), the maximum number of moves \(P\), and the starting position \((L,C)\). It then reads an \(N\times M\) matrix of integer diamond values, storing it in a 1‑based array `grid`. 

The core routine `bfs` performs a breadth‑first traversal beginning at the start cell. It keeps a 2‑dimensional `vizitat` array to mark visited cells and a queue of `Pair` objects holding coordinates. The maximum diamond value seen so far (`mx`) is initialized to the value at the starting cell. 

For each dequeued cell, the code computes the four neighboring coordinates (north, south, east, west). Before enqueuing a neighbor it checks a condition that compares the neighbor’s coordinates to the original start coordinates: if the absolute difference in either row or column exceeds \(P\), or if the neighbor lies outside the grid bounds, the loop is broken entirely. If the neighbor passes this test and has not yet been visited, it is marked visited, added to the queue, and its diamond value is compared to `mx`, updating `mx` if larger. 

When the queue becomes empty or the break condition is triggered, the function returns the maximum diamond value found during the traversal. The `main` method simply prints this value. The algorithm therefore explores cells reachable within a Manhattan distance of at most \(P\) from the starting position, but due to the early break it may terminate before exploring all such cells."
1323404984,33.93,java,BFS_RADIUS,BFS_RADIUS,YES,0.546875,GEOMETRIC_SCAN,0.2578125,0.93359375,GEOMETRIC_SCAN,0.046386719,"The program reads the grid dimensions \(N\) and \(M\), the maximum number of moves \(P\), and the starting position \((L,C)\). It then reads an \(N\times M\) matrix of integer diamond values, storing it in a 1‑based array `grid`. 

The core routine `bfs` performs a breadth‑first traversal beginning at the start cell. It keeps a 2‑dimensional `vizitat` array to mark visited cells and a queue of `Pair` objects holding coordinates. The maximum diamond value seen so far (`mx`) is initialized to the value at the starting cell. For each dequeued cell, the code computes the four neighboring coordinates (north, south, east, west). Before enqueuing a neighbor it checks a condition that compares the absolute difference between the neighbor’s row or column and the original start coordinates to the allowed move count \(P\); if any of these differences exceeds \(P\) or a boundary check fails, the loop breaks entirely. If the neighbor is inside the grid bounds and not yet visited, it is marked visited, added to the queue, and its diamond value is compared to `mx`, updating `mx` if larger. 

When the queue becomes empty or the break condition is triggered, `bfs` returns the largest diamond value encountered during the traversal. The `main` method simply prints this value. The algorithm therefore explores cells reachable within a Manhattan distance that satisfies the broken condition, tracking the maximum value found."
1323405139,37.5,java,BFS_RADIUS,BFS_RADIUS,YES,0.6171875,GEOMETRIC_SCAN,0.200195313,0.9765625,GREEDY_NEIGHBOR_WALK,0.007446289,"The program reads the grid dimensions \(N\) and \(M\), the maximum number of moves \(P\), and the starting position \((L,C)\). It then reads the \(N\times M\) matrix of diamond values, storing it in a 1‑based array `grid`. While reading it also records the overall maximum value in the matrix (`mx_matrix`).

The core routine is `bfs`, which performs a breadth‑first traversal beginning at the start cell. A 2‑dimensional `vizitat` array marks visited cells, and a `Queue<Pair>` holds frontier cells. The variable `mx` keeps the highest diamond value seen so far, initially the value at the start cell. For each dequeued cell the code computes its four orthogonal neighbours. Before exploring neighbours it checks two conditions that are intended to enforce the move limit and early exit: if the absolute difference between a neighbour’s coordinates and the original start coordinates exceeds `P`, the loop breaks; if the current maximum equals the global maximum, the loop also breaks. If a neighbour is inside the grid and not yet visited, it is marked visited, enqueued, and `mx` is updated if that neighbour’s value is larger.

After the queue is exhausted (or the break conditions trigger), `bfs` returns the maximum value found. The `main` method simply prints this value. Thus the program attempts to find the largest diamond value reachable within at most `P` steps from the starting cell, but the distance check uses the original start coordinates rather than the current cell, causing the search to terminate prematurely in many cases."
1323405516,14.29,cpp,GEOMETRIC_SCAN,DFS_RADIUS,NO,0.890625,GREEDY_NEIGHBOR_WALK,0.034667969,0.4296875,DP_RADIUS,0.203125,"The program reads the grid dimensions \(N\) and \(M\), the maximum number of moves \(P\), and the starting position \((L,C)\). The diamond values are stored in a 1‑based array `diamante`. A global variable `max` keeps the highest value seen so far.

The core of the algorithm is the recursive function `sol(k,t,nr_pasi)`. It is called initially with the starting cell and the full move budget. At each call the value of the current cell `diamante[k][t]` is compared with `max` and `max` is updated if necessary. If no moves remain (`nr_pasi==0`) the recursion stops.

Otherwise the function attempts to move in each of the four cardinal directions. For each direction it iterates over all possible step counts from 1 up to the remaining budget, bounded by the grid limits. For each step it calls itself recursively with the new coordinates and a reduced budget equal to the previous budget minus the number of steps taken in that direction. The loops are:

* **Down**: `i` from `k+1` to `min(k+nr_pasi, n)`; call `sol(i,t,nr_pasi-(i-k))`.
* **Right**: `i` from `t+1` to `min(t+nr_pasi, m)`; call `sol(k,i,nr_pasi-(i-t))`.
* **Up**: `i` from `k-1` down to `max(k-nr_pasi,1)`; call `sol(i,t,nr_pasi-(k-i))`.
* **Left**: `i` from `t-1` down to `max(t-nr_pasi,1)`; call `sol(k,i,nr_pasi-(k-1))` (note the subtraction uses `k-1` instead of `t-i`, which is a bug but reflects the actual code).

After all recursive calls finish, the program outputs the value stored in `max`, which is intended to be the maximum diamond value reachable within at most \(P\) moves. The algorithm explores all possible paths up to the move limit, updating the maximum value encountered along the way."
1323405525,3.57,cpp,BFS_RADIUS,BFS_RADIUS,YES,0.94921875,GEOMETRIC_SCAN,0.022338867,0.96875,GREEDY_NEIGHBOR_WALK,0.009521484,"The program reads the grid dimensions \(N\) and \(M\), the maximum number of moves \(P\), and the starting position \((L,C)\). It then stores the diamond values in a 1‑based array `matrix`. A global boolean array `viz` marks cells that have already been visited.

The core routine `lee` performs a breadth‑first traversal beginning at the start cell. It pushes the starting position onto a queue and marks it visited. It keeps a variable `Max` initialized to zero. While the remaining move counter `p` is positive and the queue is not empty, it removes the front cell, then explores its four orthogonal neighbours. For each neighbour that has not yet been visited, it is enqueued, marked visited, and its diamond value is compared to `Max`; if larger, `Max` is updated. After processing all neighbours of the current cell, the move counter `p` is decremented. Thus the loop runs at most `P` times, regardless of how many cells are processed in each iteration.

Finally, `lee` returns the largest diamond value found among all cells that were enqueued during those `P` iterations (the starting cell’s value is never considered). The `main` function outputs this value. The algorithm therefore explores up to `P` nodes in a breadth‑first manner, tracking the maximum value seen, but it does not correctly limit the search to cells reachable within `P` steps, nor does it include the starting cell’s value."
1323405532,8.93,cpp,GEOMETRIC_SCAN,DFS_RADIUS,NO,0.87890625,GREEDY_NEIGHBOR_WALK,0.049560547,0.9296875,GREEDY_NEIGHBOR_WALK,0.036132813,"The program reads the grid dimensions \(N\) and \(M\), the maximum number of moves \(P\), and the starting position \((L,C)\). The diamond values are stored in a 1‑indexed 2‑D array `diamante`. A global variable `max` keeps the highest value seen so far.

The core routine is the recursive function `sol(k,t,nr_pasi)`. It first updates `max` with the value at the current cell \((k,t)\). If no moves remain (`nr_pasi==0`) the recursion stops. Otherwise the function explores moves in the four cardinal directions. For each direction it iterates over all possible step lengths from 1 up to the remaining number of moves, bounded by the grid limits. For each chosen step length it calls itself recursively with the new coordinates and the remaining moves reduced by the number of steps just taken. Thus the routine explores every path that can be taken in at most \(P\) moves, where a single move may advance any number of cells in one direction (not just one cell). The recursion may revisit cells and does not prune already‑visited positions.

After the recursive search finishes, the program outputs the maximum diamond value found. The algorithm therefore performs a depth‑first search over all reachable positions within the move budget, updating the global maximum along the way."
1323405550,3.57,cpp,BFS_RADIUS,BFS_RADIUS,YES,0.96875,DFS_RADIUS,0.012207031,0.94921875,GREEDY_NEIGHBOR_WALK,0.025390625,"The program reads the size of a rectangular grid ( N rows, M columns), the maximum number of moves P, and the starting position ( L, C ). The grid values are stored in a 1‑based array `matrix`. A helper routine `bordare()` pads the array with a border of `-1` values around the real grid so that any attempt to move outside the grid will hit a `-1` cell.

The core routine `lee` performs a breadth‑first search starting from the given cell. It uses a queue of `Pozitie` objects to hold frontier cells and a 2‑D boolean array `viz` to mark visited cells. The search proceeds while `p > 0` and the queue is not empty. In each iteration it dequeues one cell, then examines its four orthogonal neighbours. If a neighbour has not been visited and its value is not `-1`, it is enqueued, marked visited, and its value is compared to a running maximum `Max`. After processing the neighbours of the current cell, the counter `p` is decremented. Thus the search stops after at most `p` iterations of the outer loop, which does not correspond to a true depth‑limited BFS but rather to a limited number of processed nodes.

Finally, the program outputs the maximum diamond value found during the search (initial cell value is not considered). The algorithm therefore explores up to `p` cells reachable from the start, ignoring any cells with value `-1`, and reports the highest value among those visited."
1323405634,12.5,cpp,BFS_RADIUS,BFS_RADIUS,YES,0.96875,GEOMETRIC_SCAN,0.01385498,0.98828125,GEOMETRIC_SCAN,0.0027771,"The program reads the grid dimensions \(N\) and \(M\), the maximum number of moves \(P\), and the starting position \((L,C)\). It then reads an \(N\times M\) matrix of integer values. To simplify boundary checks, the code surrounds the matrix with a border of cells whose value is set to \(-1\); these cells are treated as obstacles.

The core routine `lee` performs a breadth‑first traversal beginning at the start cell. It keeps a queue of positions and a 2‑D boolean array `viz` to mark visited cells. The variable `Max` is initialized to the value of the starting cell. While the counter `p` is positive and the queue is not empty, the algorithm removes the front position, examines its four orthogonal neighbours, and if a neighbour has not been visited and its matrix value is not \(-1\), it is enqueued, marked visited, and its value is compared to `Max`. After processing one position, `p` is decremented. Thus the traversal stops after at most `P` positions have been expanded, not after `P` steps from the start.

Finally, the program outputs the maximum value found during this limited BFS. The algorithm therefore reports the highest diamond value reachable within a breadth‑first search that explores at most `P` cells from the starting location, treating cells with value \(-1\) as impassable."
1323405696,41.07,cpp,BFS_RADIUS,BFS_RADIUS,YES,0.98046875,DFS_RADIUS,0.010925293,1,DFS_RADIUS,0.000553131,"The program reads the size of a rectangular grid ( N rows, M columns), the maximum number of moves P, and the starting position ( L, C ). Each cell of the grid contains an integer value that represents the value of a diamond. The grid is stored in a 1‑based array `matrix`. A helper routine `bordare()` places a sentinel value `-1` around the outer border of the array so that any attempt to move outside the real grid will hit a cell with value `-1`.

The core of the solution is the function `lee(l, c, p)`. It performs a breadth‑first search (BFS) starting from the initial cell. A queue holds positions (`Pozitie` objects) and two auxiliary arrays keep track of whether a cell has been visited (`viz`) and the distance from the start (`dist`). The search explores the four orthogonal neighbours of each cell. A neighbour is enqueued only if it has not been visited before and its diamond value is not `-1` (i.e., it is inside the grid). When a new cell is visited, the algorithm updates a running maximum `Max` with the diamond value of that cell. If the distance of the newly visited cell equals the allowed number of moves `p`, the function immediately returns the current `Max`. If the queue empties before any cell at distance `p` is reached, the function returns the maximum value found among all reachable cells.

Finally, `main()` reads the input, calls `bordare()` to set the borders, invokes `lee(l, c, p)`, and prints the returned maximum diamond value. The program therefore outputs the highest diamond value that can be reached from the starting position in at most `P` moves, using a simple BFS that stops as soon as the first cell at exactly `P` steps is discovered."
1323405756,8.93,cpp,BFS_RADIUS,BFS_RADIUS,YES,0.9140625,DFS_RADIUS,0.03125,0.99609375,GEOMETRIC_SCAN,0.001693726,"The program reads the size of a rectangular grid ( N rows, M columns), a maximum number of moves P, and the starting position ( L, C ). It then reads the integer value of a diamond in each cell of the grid. The grid is stored in a 1‑based array `matrix[1001][1001]`. A helper routine `bordare()` places a sentinel value -1 on all cells that lie just outside the real grid (row 0, row N+1, column 0, column M+1). This sentinel is used to mark positions that are outside the playable area.

The core routine `lee()` performs a breadth‑first search starting from the initial cell. It uses a queue of `Pozitie` objects that hold an (x,y) coordinate. Two auxiliary arrays, `viz` and `dist`, keep track of whether a cell has already been visited and the distance (number of steps) from the start to that cell. The search explores the four orthogonal neighbours (north, south, east, west) of each dequeued cell, provided the neighbour has not been visited and its diamond value is not the sentinel -1. For every newly discovered cell the distance is set to one more than the current cell’s distance, and the global maximum diamond value `Max` is updated if the neighbour’s value is larger. The routine contains a conditional that would stop the search when a cell at exactly distance P is dequeued, but the condition `i == 4` can never be true (the loop index `i` runs from 0 to 3), so the search actually continues until all reachable cells have been processed.

After the BFS finishes, `lee()` returns the maximum diamond value found among all cells that can be reached from the starting position (regardless of the move limit P). The `main()` function simply calls `lee()` with the input parameters and prints the returned value. Thus the program outputs the highest diamond value that can be reached from the starting cell, ignoring the move limit because the early‑termination condition is never triggered."
1323405769,41.07,cpp,BFS_RADIUS,BFS_RADIUS,YES,0.97265625,GEOMETRIC_SCAN,0.010803223,1,DFS_RADIUS,0.000379562,"The program reads the grid dimensions \(N\) and \(M\), the maximum number of moves \(P\), and the starting position \((L,C)\). It then reads an \(N\times M\) matrix of integer values. The matrix is stored in a 1‑based array and a border of “-1” cells is added around it by the `bordare` function so that any attempt to move outside the original grid is detected as a cell with value \(-1\).

The core routine `lee` performs a breadth‑first search starting from the initial cell. A queue holds positions to explore, and two auxiliary arrays keep track of whether a cell has been visited (`viz`) and the distance from the start (`dist`). The search proceeds in the four cardinal directions. Whenever a new cell is reached, its distance is set to one more than the current cell’s distance, the cell is marked visited, and the maximum value seen so far (`Max`) is updated if the cell’s value is larger. The search continues until the queue is empty; it also contains a premature return if a cell at exactly distance \(P\) is processed during the last direction check, but otherwise it explores all cells reachable within \(P\) steps.

Finally, the program outputs the maximum diamond value found among all cells that can be reached in at most \(P\) moves from the starting position. If \(P=0\), the value of the starting cell is returned immediately. The algorithm is essentially a bounded‑depth BFS that records the highest value encountered."
1323406003,44.64,cpp,BFS_RADIUS,BFS_RADIUS,YES,0.984375,GEOMETRIC_SCAN,0.007507324,1,DFS_RADIUS,0.000518799,"The program reads the size of a rectangular grid ( N rows, M columns), the maximum number of moves P, and the starting position ( L, C ). The grid values are stored in a 1‑based array `matrix`. A helper routine `bordare()` places a sentinel value -1 around the perimeter of the array so that any attempt to move outside the grid will hit a cell with value -1 and be ignored.

The core routine `lee()` performs a breadth‑first search beginning at the start cell. It keeps a queue of positions, a `dist` array that records the distance (number of steps) from the start, and a `viz` array that marks visited cells. The search explores the four orthogonal neighbours of each cell. A neighbour is enqueued only if it has not been visited before and its value is not -1 (i.e., it is inside the grid). When a neighbour is reached, its distance is set to the current cell’s distance plus one. If this distance equals P, a counter `allfinal` is incremented. Whenever a cell is reached with distance ≤ P, its value is compared to a running maximum `Max`; if it is larger, `Max` is updated.

The search stops early if `allfinal` reaches 4, which means that four cells have been found at exactly distance P (though this condition is not guaranteed to be correct for all grids). If the queue empties without that early exit, the function returns the maximum value found among all cells reachable within P steps. Finally, `main()` prints this maximum value. The algorithm is essentially a bounded‑depth BFS that tracks the highest diamond value reachable within the allowed number of moves."
1323406060,50,cpp,BFS_RADIUS,BFS_RADIUS,YES,0.98828125,DFS_RADIUS,0.005859375,1,DFS_RADIUS,0.000553131,"The program reads the size of a rectangular grid ( N rows, M columns ), the maximum number of moves P, and the starting position ( L, C ). The grid values are stored in a 1‑based array `matrix`. A helper routine `bordare()` places a sentinel value -1 on all four borders of the array, effectively turning the grid into a padded matrix so that any attempt to step outside the original bounds will hit a cell whose value is -1.

The core routine `lee()` performs a breadth‑first search beginning at the start cell. It keeps a queue of positions, a `dist` array that records the distance (number of steps) from the start, and a `viz` array that marks visited cells. For each dequeued cell it examines its four orthogonal neighbours. A neighbour is enqueued only if it has not been visited before and its matrix value is not -1 (the sentinel). When a neighbour is reached, its distance is set to the current cell’s distance plus one. If this distance is at most P and the neighbour’s value is larger than the current maximum, the maximum is updated. The search continues until the queue is empty; it does not terminate early when the distance exceeds P, but it simply ignores those cells for the purpose of updating the maximum.

Finally, `main()` reads the input, pads the matrix, calls `lee()` with the starting coordinates and the move limit, and prints the maximum diamond value that can be reached within at most P moves. The algorithm runs in linear time with respect to the number of cells, using arrays of size up to 2001 × 2001 to store the grid, distances, and visitation flags."
1323415763,50,cpp,GEOMETRIC_SCAN,GEOMETRIC_SCAN,YES,1,BFS_RADIUS,0.00062561,1,SORTED_MANHATTAN,0.000295639,"The program reads the grid dimensions \(N\) and \(M\), the maximum number of moves \(P\), and the starting position \((L,C)\). It then reads the \(N\times M\) matrix of diamond values into a 1‑indexed array `diamante`. 

In `print_output` the variable `maxim` is first set to the value of the starting cell. The function `sol()` then scans a rectangular region that contains all cells whose Manhattan distance from \((L,C)\) is at most \(P\). 
It computes the lower bounds `x = max(0, L-P)` and `y = max(0, C-P)` and iterates `i` from `x` to `min(L+P, N)` and `j` from `y` to `min(C+P, M)`. For each cell it calculates `z = |i-L|` and `t = |j-C|`; if `P - (z+t) >= 0` the cell is within reach. If the diamond value at that cell exceeds the current `maxim`, it updates `maxim`. 

After the scan, `maxim` holds the largest diamond value reachable in at most \(P\) moves, and the program outputs this value. The algorithm is a straightforward brute‑force search over the diamond‑shaped area around the starting position."
1323416016,1.79,c,GREEDY_NEIGHBOR_WALK,GREEDY_NEIGHBOR_WALK,YES,0.89453125,GEOMETRIC_SCAN,0.057128906,0.77734375,GEOMETRIC_SCAN,0.197265625,"The program begins by reading the grid dimensions `n` and `m`, the maximum number of moves `mutari`, and the starting position `(n1, m1)` (1‑based). It then reads the `n × m` matrix of diamond values into a two‑dimensional array `v`. The value at the starting cell is stored in `start`, and the indices are converted to 0‑based by decrementing `n1` and `m1`. The variables `n` and `m` are then overwritten with these 0‑based coordinates, so `n` and `m` now represent the current position of the piece.

The core of the program is a loop that runs `mutari` times. In each iteration it examines the four orthogonal neighbors of the current position: north `(n-1, m)`, west `(n, m-1)`, south `(n+1, m)`, and east `(n, m+1)`. For each neighbor it checks whether the diamond value there is strictly greater than the current `start` value. If so, it updates `start` to that neighbor’s value and records the neighbor’s coordinates in temporary variables `a` and `b`. However, the program never actually moves the piece: the variables `n` and `m` that represent the current position are never updated to `a` and `b`. Consequently, every iteration continues to look at the same four cells around the original starting point, and the loop does not perform any real traversal of the grid. After the loop finishes, the program simply prints the last value stored in `start`, which is the maximum value found among the neighbors that was updated during the iterations (or the original starting value if none of the neighbors were larger).

In short, the code attempts a greedy “move to the highest neighbor” strategy but fails to update the current position, so it effectively scans the same four adjacent cells repeatedly and outputs the highest value encountered among them after the allotted number of iterations."
1323416404,42.86,cpp,GEOMETRIC_SCAN,GEOMETRIC_SCAN,YES,1,SORTED_MANHATTAN,0.000553131,0.9921875,SORTED_MANHATTAN,0.002792358,"The program reads the grid dimensions \(N\) and \(M\), the maximum number of moves \(P\), and the starting position \((L,C)\). It then reads an \(N\times M\) matrix of integer diamond values, storing it in a 1‑based array `m`. 

If no moves are allowed (\(P=0\)), the program simply prints the value of the starting cell. Otherwise it initializes a variable `max` with the value at the starting position. It then iterates over every cell \((i,j)\) of the grid. For each cell it first checks that the cell is not on the same row **and** not on the same column as the start (the condition `i != L && j != C`), which unintentionally excludes all cells that share either the same row or the same column with the start. For the remaining cells it computes the Manhattan distance \(d = |L-i| + |C-j|\). If this distance is at most \(P\) and the cell’s value exceeds the current `max`, it updates `max`. After scanning all cells, the program outputs the final `max` value. 

Thus the implementation attempts to find the highest diamond value reachable within \(P\) steps, but it mistakenly ignores any cell that lies in the same row or column as the starting position."
1323416560,50,cpp,GEOMETRIC_SCAN,GEOMETRIC_SCAN,YES,1,SORTED_MANHATTAN,0.000246048,0.98828125,SORTED_MANHATTAN,0.00970459,"The program reads the grid dimensions \(N\) and \(M\), the maximum number of moves \(P\), and the starting position \((L,C)\). It then reads an \(N \times M\) matrix of integer diamond values, storing them in a 1‑based array `m`. 

If no moves are allowed (\(P=0\)), the program simply outputs the value at the starting cell. Otherwise it initializes a variable `max` with the starting cell’s value and scans every cell of the grid. For each cell \((i,j)\) it computes the Manhattan distance \(d = |L-i| + |C-j|\). If this distance is at most \(P\) and the cell’s value exceeds the current `max`, the variable is updated. After examining all cells, the program prints the largest value found within the reachable area.

Thus the algorithm is a brute‑force search over all grid positions, selecting the maximum value among those whose Manhattan distance from the start does not exceed the allowed number of moves."
1323416777,50,cpp,GEOMETRIC_SCAN,GEOMETRIC_SCAN,YES,1,SORTED_MANHATTAN,0.00062561,0.99609375,SORTED_MANHATTAN,0.001922607,"The program reads the grid dimensions \(N\) and \(M\), the maximum number of moves \(P\), and the starting position \((L,C)\) (stored as \(n1,m1\)). It then reads the \(N\times M\) matrix of diamond values into a 1‑indexed 2‑D vector `adj`. 

To find the best reachable diamond, the code iterates over every cell \((i,j)\) of the grid. For each cell it computes the Manhattan distance to the starting cell: 
\[
\text{dist} = |n1-i| + |m1-j|.
\] 
If this distance is at most \(P\) and the diamond value at \((i,j)\) is larger than the current maximum, the maximum is updated. The initial maximum is set to the value at the starting cell. 

After scanning all cells, the program outputs the maximum diamond value that can be reached within at most \(P\) moves. The algorithm is a simple exhaustive search over the grid, using only basic loops and arithmetic."
1323418080,14.29,java,DFS_RADIUS,DFS_RADIUS,YES,0.59375,SORTED_MANHATTAN,0.116699219,0.97265625,DP_RADIUS,0.012268066,"The program reads the grid dimensions, the maximum number of moves, and the starting position, then stores the diamond values in a 1‑based 2‑D array. The core routine `findMax` is a plain recursive depth‑first search that explores all paths of exactly the remaining number of moves. At each call it first checks whether no moves are left; if so it returns the value of the current cell. Otherwise it initializes the best value to the current cell’s value and recursively calls itself for each of the four orthogonal neighbours that lie inside the grid, decrementing the move counter. The returned maximum from any neighbour is compared with the current best and the largest is propagated upward. The search is performed from the starting coordinates with the full move count, and the final maximum value is printed. The algorithm uses recursion, a validity check for grid bounds, and simple integer comparisons to accumulate the best reachable diamond value."
1323418578,8.93,java,UNKNOWN,DFS_RADIUS,NO,0.388671875,DFS_RADIUS,0.267578125,0.96875,DP_RADIUS,0.010742188,"The program reads the grid dimensions, the maximum number of moves, and the starting position, then stores the diamond values in a 1‑based 2‑D array. A boolean matrix of the same size is used to mark cells that have already been visited during a recursive search. 

The core routine `findMax` is a depth‑first search that explores up to the allowed number of moves. It returns the value of the current cell when no moves remain. For each of the four cardinal directions it first checks that the target cell lies inside the grid and that it has not been visited yet. If those conditions hold, it marks the cell as visited and recursively calls itself with one fewer move left, updating the maximum value found so far. The four recursive calls are made in the order: north, south, east (but mistakenly checks the west cell), and west (but mistakenly checks the east cell). The function finally returns the highest diamond value reachable within the move limit.

The main routine invokes this search starting from the initial coordinates and prints the maximum value returned. The algorithm therefore attempts a brute‑force exploration of all paths up to length P, using a visited flag to avoid revisiting cells within a single path, but due to the incorrect direction checks it may miss some valid moves."
1323420938,7.14,cpp,BFS_RADIUS,BFS_RADIUS,YES,0.96484375,GEOMETRIC_SCAN,0.012145996,0.9921875,DFS_RADIUS,0.002166748,"The program reads the grid dimensions \(N\) and \(M\), the maximum number of moves \(P\), and the starting position \((L,C)\). It then reads an \(N\times M\) matrix of diamond values into a 2‑D vector called `graph`. The matrix is stored with 1‑based indices, but the vector is mistakenly sized \((N+1)\times(N+1)\), so the last column is unused.

To find the highest diamond reachable in at most \(P\) steps, the code performs a breadth‑first search starting from \((L,C)\). A 2‑D boolean array `visited` marks cells that have already been queued. The four cardinal directions are stored in a vector of pairs. The starting cell is marked visited, pushed onto a queue, and its value is taken as the current maximum.

The main loop runs while the queue is not empty and the remaining move counter `p` is non‑zero. In each iteration it removes the front cell, decrements `p`, and explores its four neighbours. For each neighbour it checks bounds with `correctBounds`, which incorrectly uses `n` for both row and column limits, so moves that would go outside the actual number of columns may still be considered valid. If a neighbour is inside the grid and not yet visited, it is marked visited, enqueued, and its diamond value is compared to the current maximum.

After the loop terminates—either because the queue is empty or because `p` has reached zero—the program outputs the maximum diamond value found. The algorithm therefore explores all cells reachable within at most `P` steps (subject to the faulty bounds check) and reports the highest value among them."
1323421018,7.14,cpp,BFS_RADIUS,BFS_RADIUS,YES,0.93359375,GEOMETRIC_SCAN,0.021972656,0.99609375,DFS_RADIUS,0.000907898,"The program reads the grid dimensions \(N\) and \(M\), the maximum number of moves \(P\), and the starting position \((L,C)\). It then stores the diamond values in a 2‑D vector called `graph`, indexed from 1 to \(N\) for both rows and columns (the second dimension is mistakenly sized \(N+1\) instead of \(M+1\)). 

To explore reachable cells the code performs a breadth‑first traversal. A `visited` matrix marks cells that have already been queued, and a `queue` holds the frontier. The four cardinal directions are stored in a vector of pairs. The starting cell is marked visited, pushed onto the queue, and its value is used to initialise `maxDiamond`. 

The main loop runs while the queue is non‑empty and the remaining move counter `p` is positive. In each iteration the front cell is popped, `p` is decremented, and all four neighbours are examined. For each neighbour the helper `correctBounds` checks that the new coordinates stay within the grid (using `n` for both row and column limits, which is a bug when \(M \neq N\)). If a neighbour is inside the grid and not yet visited, it is marked visited, enqueued, and its diamond value is compared to `maxDiamond`. After the loop finishes, `p` is incremented back (though this has no effect on the result) and the maximum diamond value found is printed. 

Thus the program attempts a limited‑depth BFS from the start cell, keeping track of the highest diamond value reachable within at most \(P\) steps, but it contains several indexing and boundary errors that may cause incorrect behaviour for non‑square grids."
1323421310,5.36,java,GREEDY_NEIGHBOR_WALK,GREEDY_NEIGHBOR_WALK,YES,0.99609375,GEOMETRIC_SCAN,0.003173828,1,UNKNOWN,0.000108719,"The program reads the grid dimensions, the maximum number of moves \(P\), and the starting position \((L,C)\). It stores the diamond values in a 1‑based 2‑D array. Then it performs exactly \(P\) iterations. In each iteration it examines the four orthogonal neighbours of the current cell (north, south, west, east) that lie inside the grid, collects their values, and selects the neighbour with the largest value. The current position is updated to that neighbour, and the global maximum `result` is updated if the chosen neighbour’s value is larger than any seen before. After all iterations the program prints the largest diamond value that was stepped on; if no moves were made the output remains \(-1\). The algorithm is a greedy walk that always steps to the locally highest adjacent diamond."
1323421354,8.93,java,UNKNOWN,DFS_RADIUS,NO,0.419921875,DFS_RADIUS,0.225585938,0.7890625,DP_RADIUS,0.064453125,"The program reads the grid dimensions \(N, M\), the maximum number of moves \(P\), and the starting position \((L, C)\). It stores the diamond values in a 1‑based array `grid` and creates a boolean matrix `visited` of the same size. The main solving routine calls `findMax`, a recursive depth‑first search that explores up to `movesLeft` steps from the current cell.

`findMax` works as follows: if no moves remain, it returns the value of the current cell. Otherwise it initializes `max` with the current cell’s value and then attempts to move in each of the four cardinal directions. For each direction it first checks that the target cell is inside the grid and that it has not been visited yet. If the check passes, it marks the target as visited, recursively calls itself with one fewer move, and updates `max` if the returned value is larger. After exploring all four directions, it returns the best value found.

The recursion uses the `visited` array to avoid revisiting cells during a single path, but it does not reset the visited marks when backtracking, so once a cell is visited it is permanently excluded from all subsequent paths. The result of the initial call to `findMax` is printed as the maximum diamond value reachable within at most \(P\) moves."
1323422331,50,java,GEOMETRIC_SCAN,GEOMETRIC_SCAN,YES,1,SORTED_MANHATTAN,0.000335693,0.984375,SORTED_MANHATTAN,0.014038086,"The program reads the grid dimensions \(N\) and \(M\), the maximum number of moves \(P\), and the starting position \((L,C)\). It then iterates over every cell of the \(N \times M\) board, reading the diamond value stored in that cell. For each cell \((i,j)\) it computes the Manhattan distance \(|L-i|+|C-j|\). If this distance is no larger than \(P\) and the cell’s value is greater than the current maximum, the maximum is updated. After all cells have been examined, the program outputs the largest diamond value that lies within the reachable Manhattan radius. The algorithm uses a single nested loop over the grid and a simple integer comparison to keep track of the best value."
1323422341,10.71,java,DFS_RADIUS,DFS_RADIUS,YES,0.5546875,GREEDY_NEIGHBOR_WALK,0.204101563,0.96484375,DP_RADIUS,0.01373291,"The program reads the grid dimensions \(N\) and \(M\), the maximum number of moves \(P\), and the starting position \((L,C)\). It stores the diamond values in a 1‑based array `grid` and keeps a parallel boolean array `visited` to mark cells that have already been entered during the current search path. The starting cell is marked visited before any recursion begins.

The core routine `findMax` is a depth‑first search that takes the current coordinates and the number of moves remaining. If no moves are left, it simply returns the value of the current cell. Otherwise it considers each of the four orthogonal neighbours (north, south, west, east). For a neighbour that lies inside the grid and has not yet been visited on the current path, the routine marks it visited, recurses with one fewer move, and records the maximum value returned by any of these recursive calls. After exploring all admissible neighbours, it returns the highest value found, which represents the best diamond that can be reached in exactly the remaining number of moves from the current position.

The search is performed once from the starting cell with the full move budget \(P\). The resulting maximum value is printed. The algorithm therefore explores all simple paths of length exactly \(P\) starting from \((L,C)\), never revisiting a cell on the same path, and reports the largest diamond value encountered along any such path."
1323423070,48.21,cpp,BFS_RADIUS,BFS_RADIUS,YES,0.9921875,DFS_RADIUS,0.003356934,1,DFS_RADIUS,0.000314713,"The program reads the grid dimensions \(N\) and \(M\), the maximum number of moves \(P\), and the starting position \((L,C)\). It then reads an \(N\times M\) matrix of integer diamond values, storing them in a 1‑indexed 2‑D vector `graph`. 

To find the highest‑valued diamond reachable within at most \(P\) steps, the code performs a breadth‑first search (BFS) starting from \((L,C)\). It keeps a `visited` matrix (mistakenly sized \( (N+1)\times(N+1)\) instead of \( (N+1)\times(M+1)\)) and a `distance` matrix initialized to `INT_MAX`. A queue holds frontier cells. For each dequeued cell, the program examines its four orthogonal neighbours (north, east, south, west) using a `directions` vector. The helper `correctBounds` checks that a neighbour lies inside the grid. If a neighbour has not yet been visited, its distance is set to the current cell’s distance plus one, it is marked visited, and if this distance does not exceed \(P\) it is enqueued. While enqueuing, the program updates `maxDiamond` with the maximum of the current `maxDiamond` and the diamond value at that neighbour. The starting cell’s value is also considered.

After the BFS terminates, the program outputs the value stored in `maxDiamond`, which is the maximum diamond value reachable in at most \(P\) moves from the starting position."
1323423196,50,cpp,BFS_RADIUS,BFS_RADIUS,YES,0.9921875,DFS_RADIUS,0.002624512,1,DFS_RADIUS,0.000314713,"The program reads the grid dimensions \(N\) and \(M\), the maximum number of moves \(P\), and the starting position \((L,C)\). It then stores the diamond values in a 1‑based 2‑D vector `graph`. 

To find the highest diamond reachable in at most \(P\) steps, the code performs a breadth‑first search (BFS) starting from \((L,C)\). It keeps a `visited` matrix to avoid revisiting cells and a `distance` matrix initialized to `INT_MAX` to record the number of moves needed to reach each cell. The four cardinal directions are stored in a vector of pairs. 

During the BFS, for each dequeued cell the program checks its four neighbors; if a neighbor lies inside the grid and has not yet been visited, it is marked visited, its distance is set to the current cell’s distance plus one, and if that distance does not exceed \(P\) the neighbor is enqueued. While enqueuing, the program updates `maxDiamond` with the maximum diamond value seen so far among all cells whose distance is ≤ \(P\). The starting cell’s value is used to initialise `maxDiamond`. 

After the queue is exhausted, the algorithm returns `maxDiamond`, which is printed as the result. The implementation uses only iterative loops and standard containers, with no recursion or advanced data structures beyond the BFS queue."
1323423471,50,cpp,BFS_RADIUS,BFS_RADIUS,YES,0.97265625,DFS_RADIUS,0.010803223,0.99609375,DFS_RADIUS,0.00075531,"The program reads the grid dimensions \(N\) and \(M\), the maximum number of moves \(P\), and the starting coordinates \((L,C)\). It then reads an \(N\times M\) matrix of integer diamond values, storing them in a 1‑indexed vector `alfa`. 

The algorithm keeps a queue of states, each state being a tuple \((x,y,rem)\) where \((x,y)\) is a cell position and `rem` is the number of moves still available after reaching that cell. Initially the queue contains the starting cell with `rem = P`. A 2‑D array `visited` marks cells that have already been enqueued. The variable `result` is initialized to the value of the starting cell and will hold the maximum diamond value seen so far.

The main loop processes states in FIFO order. For each state, it decrements `rem` (representing the move that will be used to reach the next cell). It then examines the four orthogonal neighbours (north, east, south, west). For each neighbour that lies inside the grid, has not yet been visited, and for which the remaining move count after the decrement is non‑negative, the neighbour is marked visited, `result` is updated if the neighbour’s diamond value is larger, and the neighbour together with its new remaining‑move count is pushed onto the queue. This continues until the queue is empty.

Finally, the program outputs the value stored in `result` followed by a space. The algorithm is essentially a breadth‑first search limited by the move budget, tracking the highest diamond value reachable within at most \(P\) steps."
1323423511,14.29,java,DFS_RADIUS,DFS_RADIUS,YES,0.9375,GREEDY_NEIGHBOR_WALK,0.021972656,0.9921875,DP_RADIUS,0.004058838,"The program reads the grid dimensions \(N\) and \(M\), the maximum number of moves \(P\), and the starting position \((L,C)\). It then stores the diamond values in a 2‑D array `d`, padding the array with a border of `-1` values so that any attempt to move outside the grid is immediately rejected. 

The core of the solution is a depth‑first search implemented in `dfs`. Starting from the initial cell, the routine records the value of the current cell as a candidate for the maximum. It marks the cell as visited and, if the current depth equals \(P\), stops exploring that branch. Otherwise it recursively visits each of the four orthogonal neighbours that are inside the grid and have not yet been visited on the current path. A boolean matrix `visited` of size \((n+1)\times(m+1)\) is passed along the recursion to prevent revisiting cells within the same path, thereby avoiding cycles. 

After the DFS completes, the variable `max` holds the largest diamond value that can be reached in at most \(P\) moves, and this value is printed. The algorithm explores all simple paths of length up to \(P\) from the starting cell, keeping track of the best value encountered."
1323424047,50,cpp,BFS_RADIUS,BFS_RADIUS,YES,0.9921875,GEOMETRIC_SCAN,0.003570557,1,DFS_RADIUS,0.000518799,"The program reads the grid dimensions \(n\) and \(m\), the maximum number of moves \(p\), and the starting position \((l,c)\). It then reads an \(n\times m\) matrix of integer diamond values into a 1‑based array `a`. A second 2‑dimensional array `d` is initialized to a large value (`INF`) to store the shortest distance from the start to each cell.

The core routine is a breadth‑first search (`bfs`) that starts from the given source cell. It uses a queue of coordinate pairs. The distance of the source is set to 0 and the current best value `sol` is initialized to the diamond value at the source. While the queue is not empty, the algorithm dequeues a cell \((x,y)\), updates `sol` with the maximum of itself and `a[x][y]`, and then examines its four orthogonal neighbours. For each neighbour \((i,j)\) that lies inside the grid, if the new distance `d[x][y]+1` is smaller than the previously recorded distance `d[i][j]`, the distance is updated. If this new distance does not exceed the allowed number of moves \(p\), the neighbour is enqueued for further exploration. Thus the BFS visits every cell that can be reached in at most \(p\) steps, keeping track of the largest diamond value encountered.

After the BFS finishes, the function returns the maximum diamond value found within the reachable area. The `main` function simply prints this value. The algorithm therefore performs a single level‑order traversal bounded by the move limit, yielding the maximum diamond value reachable in at most \(p\) moves."
1323425617,50,java,GEOMETRIC_SCAN,GEOMETRIC_SCAN,YES,1,SORTED_MANHATTAN,0.000261307,1,SORTED_MANHATTAN,0.001327515,"The program begins by reading the grid dimensions `n` and `m`, the maximum number of moves `moves`, and the starting position `(lStart, cStart)` of the piece. It then reads the `n × m` matrix of diamond values into a 1‑based array `map`. 

After the input is stored, the program scans every cell of the grid. For each cell `(i, j)` it computes the Manhattan distance to the starting position, `|i‑lStart| + |j‑cStart|`. If this distance is less than or equal to the allowed number of moves, the value of that cell is considered reachable, and the program keeps track of the largest value seen among all reachable cells. 

Finally, the maximum reachable diamond value is printed to standard output. The code also writes a debug line to standard error showing the read dimensions, but this does not affect the result. The algorithm is a simple exhaustive check of all cells, using a double loop and a distance comparison to determine reachability."
1323426687,46.43,cpp,BFS_RADIUS,BFS_RADIUS,YES,0.984375,DFS_RADIUS,0.005859375,1,DFS_RADIUS,0.000278473,"The program reads the grid dimensions \(N\) and \(M\), the maximum number of moves \(P\), and the starting position \((L,C)\). It then stores the diamond values in a 2‑D array `mat` indexed from 1 and initializes a parallel array `nr_steps` to –1 to mark unvisited cells. 

A breadth‑first search is performed from the starting cell. A queue holds pairs of coordinates. The starting cell is pushed with step count 0, and the current maximum diamond value `maxi` is initialized to the value at the start. While the queue is not empty, the front cell is popped, its value is compared to `maxi`, and if the number of steps taken to reach this cell is already \(P\) or more, the cell’s neighbours are not explored further. Otherwise, the four orthogonal neighbours are considered. For each neighbour the code checks that the new row index is between 1 and \(N\) and that the new column index is between 1 and \(N\) (a bug: it should be \(M\)). If the neighbour has not been visited (`nr_steps == -1`), its step count is set to the current cell’s count plus one, and the neighbour is enqueued. 

After the BFS finishes, the program outputs the maximum diamond value found among all cells reachable within at most \(P\) moves. The algorithm essentially performs a level‑by‑level exploration of the grid, keeping track of the distance from the start and updating the best value seen."
1323428875,50,cpp,BFS_RADIUS,BFS_RADIUS,YES,0.9921875,GEOMETRIC_SCAN,0.004058838,1,GEOMETRIC_SCAN,0.000553131,"The program reads the grid dimensions \(N\) and \(M\), the maximum number of moves \(P\), and the starting position \((L,C)\). It then reads an \(N \times M\) matrix of integer diamond values. All indices are treated as 1‑based.

A breadth‑first search is performed from the starting cell. A queue stores cells to visit, and a 2‑D array `nr_steps` records the distance (number of moves) from the start to each cell, initialized to –1. The starting cell is enqueued with distance 0. While the queue is not empty, the algorithm dequeues a cell, updates the current maximum diamond value seen, and if the distance to that cell is already \(P\) it stops exploring further from it. Otherwise it considers the four orthogonal neighbours (north, east, south, west), checks that they lie inside the grid, and if they have not been visited yet, records their distance as one more than the current cell’s distance and enqueues them.

After the BFS finishes, the variable holding the maximum value encountered during the traversal is printed. Thus the program outputs the largest diamond value that can be reached from the starting position in at most \(P\) moves."
1323445852,50,cpp,SORTED_MANHATTAN,SORTED_MANHATTAN,YES,0.98828125,GEOMETRIC_SCAN,0.006652832,0.99609375,DP_RADIUS,0.003585815,"The program reads the grid dimensions \(N\) and \(M\), the maximum number of moves \(P\), and the starting position \((L,C)\). It then reads the value of every cell in the grid. For each cell \((i,j)\) it computes the Manhattan distance from the starting cell, \(d = |L-i|+|C-j|\), and stores a pair \((d,\,\text{value})\) in a vector.

After all cells have been processed, the vector is sorted by the distance component. The program then scans the sorted list from the beginning, keeping a running maximum of the cell values whose distance is at most \(P\). The scan stops when it encounters a pair whose distance exceeds \(P\) or when the end of the vector is reached. Finally, it outputs the maximum value found.

Thus the algorithm simply collects all cells, orders them by how far they are from the start, and then selects the largest value among those reachable within the allowed number of moves."
1323447222,30.36,cpp,GEOMETRIC_SCAN,BFS_RADIUS,NO,0.349609375,BFS_RADIUS,0.271484375,0.84765625,GREEDY_NEIGHBOR_WALK,0.061523438,"The program reads the grid dimensions `n` and `m`, the maximum number of moves `no_move`, and the starting coordinates `initial`. It then reads the `n × m` matrix of diamond values into a 2‑D array `matrix`. 

A second 2‑D array `diamond` is used to keep, for each cell, the value of the diamond that the algorithm has “reached” there. The starting cell is initialized with its own value, and this value is pushed into a max‑heap priority queue `timp`. Two `std::set` containers, `future_pos` and `old_pos`, hold the coordinates that are to be processed in the next and current move, respectively. Initially the starting position is inserted into `future_pos`.

The main loop runs until `current_move` equals `no_move + 1`. If `old_pos` is non‑empty, the algorithm iterates over every position in `old_pos`. For each such position it examines its four orthogonal neighbours (north, south, east, west). If a neighbour’s value in `matrix` is strictly greater than the value stored in `diamond` for the current cell, the neighbour’s value is copied into `diamond` and pushed onto the priority queue. The neighbour’s coordinates are also inserted into `future_pos`. After all neighbours of a cell are processed, the cell is removed from `old_pos`. 

When `old_pos` becomes empty, the algorithm swaps `old_pos` and `future_pos` and increments `current_move`, thereby moving to the next step. This process repeats until the prescribed number of moves has been simulated. 

Finally, the program outputs the largest value that has ever been pushed onto the priority queue, which corresponds to the maximum diamond value that the algorithm has reached within the allowed number of moves. The implementation does not keep a visited set, so cells may be revisited and values may be re‑inserted into the queue, but the maximum value seen is still correctly reported."
1323447383,35.71,cpp,GEOMETRIC_SCAN,BFS_RADIUS,NO,0.3125,BFS_RADIUS,0.244140625,0.953125,GREEDY_NEIGHBOR_WALK,0.015441895,"The program reads the grid size `N × M`, the maximum number of moves `P`, and the starting position `(L, C)`. 
It stores the diamond values in a 2‑D array `matrix`. 
A second array `diamond` is used to remember the best value that has been “reached” at each cell; it is initially set only for the starting cell. 
A max‑heap `timp` keeps all values that have been assigned to `diamond`; the heap’s top will eventually hold the largest value that can be reached.

The search is performed in a breadth‑first‑style loop that runs for `P` steps. 
Two `set<pair<int,int>>` containers, `old_pos` and `future_pos`, hold the frontier of cells to be processed at the current and next step, respectively. 
Initially `old_pos` contains only the starting cell. 
During each iteration the program processes every cell in `old_pos`: for each of its four orthogonal neighbours that lie inside the grid, it checks whether the neighbour’s diamond value is larger than the value stored in `diamond` for the current cell. 
If so, it updates `diamond` for that neighbour to the neighbour’s matrix value and pushes that value onto the heap. 
Regardless of the comparison, the neighbour’s coordinates are inserted into `future_pos`. 
After all cells in `old_pos` have been handled, `old_pos` is cleared, `future_pos` becomes the new"
1323447453,37.5,cpp,BFS_RADIUS,BFS_RADIUS,YES,0.2578125,UNKNOWN,0.201171875,0.6015625,GREEDY_NEIGHBOR_WALK,0.133789063,"The program reads the grid size \(N\times M\), the maximum number of moves \(P\), and the starting position \((L,C)\). It then reads the value of every cell into a 2‑D array `matrix`. 
A second 2‑D array `diamond` is used to remember, for each cell, the highest diamond value that has been “reached” so far. The starting cell is initialized with its own value and this value is pushed into a max‑heap `timp`. Two `set<pair<int,int>>` containers, `old_pos` and `future_pos`, keep the frontier of cells that are to be processed at the current and next move, respectively. Initially `old_pos` contains only the starting cell.

The main loop runs until `current_move` exceeds `P`. In each iteration, if `old_pos` is non‑empty the program iterates over all positions in it. For each such position it examines its four orthogonal neighbours. If a neighbour lies inside the grid and its matrix value is strictly larger than the value already stored in `diamond` for that neighbour,"
1323447461,1.79,cpp,BFS_RADIUS,BFS_RADIUS,YES,0.95703125,GEOMETRIC_SCAN,0.012084961,0.9921875,GREEDY_NEIGHBOR_WALK,0.002166748,"The program reads the grid dimensions \(n\) and \(m\), the maximum number of moves allowed, and the starting position \((L,C)\). It then reads the \(n \times m\) matrix of diamond values. The starting coordinates are converted to 0‑based indices and the move counter is increased by one to account for the initial cell.

A breadth‑first search is performed using a queue of coordinate pairs. A 2‑D array `viz` marks cells that have already been enqueued. The algorithm repeatedly dequeues a cell, records its value if it is larger than the current maximum, and then enqueues each of its four orthogonal neighbours that are inside the grid and have not yet been visited. The loop continues until the queue is empty or the move counter reaches zero; the counter is decremented on each dequeue, effectively limiting the total number of processed cells to the original move limit plus one.

Finally, the program outputs the largest diamond value encountered during this limited BFS traversal. The implementation does not explicitly track the distance from the start; it simply processes up to a fixed number of cells in breadth‑first order, using the `viz` array to avoid revisiting cells."
1323447535,41.07,cpp,BFS_RADIUS,BFS_RADIUS,YES,0.51953125,GREEDY_NEIGHBOR_WALK,0.168945313,0.98828125,DFS_RADIUS,0.003143311,"The program reads the grid size \(N\times M\), the maximum number of moves \(P\), and the starting position \((L,C)\). It then stores the diamond values in a 1‑based array `matrix`. 

A second array `diamond` is used to keep, for each cell, the highest diamond value that has been “reached” from the start during the expansion. The starting cell is initialized with its own value. A priority queue `timp` collects all values that have ever been written into `diamond`; its top element will be the answer.

The search is performed in a breadth‑first‑style loop that runs for exactly \(P+1\) iterations. Two sets, `old_pos` and `future_pos`, hold the frontier cells for the current and next step. Initially `old_pos` contains only the starting cell. In each iteration, every cell in `old_pos` is processed: for each of its four orthogonal neighbours that lie inside the grid, the code checks whether the neighbour’s matrix value is larger than the current cell’s stored `diamond` value. If so, that neighbour’s `diamond` entry is updated to the matrix value and the value is pushed onto `timp`. Regardless of the comparison, the neighbour’s coordinates are inserted into `future_pos`. After all cells in `old_pos` are handled, the sets are swapped (`old_pos` becomes the new frontier) and the move counter is incremented.

After the loop finishes, the program outputs the largest value that was ever inserted into `timp`, which corresponds to the maximum diamond value that could be reached within at most \(P\) moves. The algorithm does not explicitly track distances beyond the step counter; it simply expands the frontier one layer per move and records the best value seen at each cell."
1323447645,50,java,GEOMETRIC_SCAN,GEOMETRIC_SCAN,YES,1,SORTED_MANHATTAN,0.000553131,1,SORTED_MANHATTAN,0.001029968,"The program reads the grid dimensions \(N\) and \(M\), the maximum number of moves \(P\), and the starting position \((L,C)\) (converted to 0‑based indices). It then reads the \(N \times M\) matrix of diamond values. 

It initializes the answer with the value at the starting cell. Afterwards it iterates over every cell in the grid, computing the Manhattan distance \(|i-L|+|j-C|\) from the start. If this distance exceeds \(P\) the cell is ignored; otherwise, if the cell’s value is larger than the current best, the best value is updated. 

After scanning all cells, the program outputs the maximum diamond value that can be reached in at most \(P\) moves. The algorithm is a simple brute‑force scan using a double loop and a distance check."
1323447806,41.07,cpp,BFS_RADIUS,BFS_RADIUS,YES,0.60546875,GREEDY_NEIGHBOR_WALK,0.172851563,0.82421875,DP_RADIUS,0.052734375,"The program reads the grid size \(N\times M\), the maximum number of moves \(P\), and the starting position \((L,C)\). It then reads the value of each cell into a 1‑based array `matrix`. 

A second array `diamond` is used to keep, for every cell, the highest diamond value that the piece could have collected when arriving at that cell. The starting cell is initialized with its own value. A priority queue `timp` stores all values that have been reached; its top will eventually hold the maximum value seen.

The search is performed in a breadth‑first‑style loop that runs exactly \(P\) iterations. Two sets, `old_pos` and `future_pos`, hold the frontier of cells to be processed at the current and next step, respectively. Initially `old_pos` contains only the starting cell. For each cell in `old_pos` the program examines its four orthogonal neighbours. If a neighbour lies inside the grid and its matrix value is strictly larger than the current cell’s `diamond` value, the neighbour’s `diamond` entry is updated to that larger value and the value is pushed onto `timp`. Regardless of the comparison, the neighbour’s coordinates are inserted into `future_pos`. After all cells in `old_pos` are processed, the sets are swapped and the move counter is incremented.

After exactly \(P\) moves the loop terminates and the program outputs the largest value that was ever pushed into `timp`, i.e., the maximum diamond value that could be reached within the allowed number of moves according to the program’s update rule."
1323448135,41.07,cpp,BFS_RADIUS,BFS_RADIUS,YES,0.58984375,GREEDY_NEIGHBOR_WALK,0.131835938,0.99609375,DFS_RADIUS,0.000911713,"The program reads the grid size `n × m`, the maximum number of moves `no_move`, and the starting cell `(L, C)`. It then reads the diamond values into a 1‑based array `matrix`. A second array `diamond` is used to remember, for each cell, the highest diamond value that can be reached when arriving at that cell; it is initially set only for the starting cell.

The algorithm performs a breadth‑first search over the grid, layer by layer, up to `no_move` steps. Two `std::set` containers, `old_pos` and `future_pos`, hold the frontier cells of the current and next layers, respectively. Initially `old_pos` contains only the starting position. In each iteration the program processes every cell in `old_pos`: for each of its four orthogonal neighbours that lie inside the grid, it checks whether the neighbour’s diamond value is larger than the value stored in `diamond` for the current cell. If so, it updates `diamond` for that neighbour and possibly updates the global maximum `best_diamond`. Regardless of the comparison, the neighbour is inserted into `future_pos` so that it will be examined in the next layer. After all cells in `old_pos` are processed, `old_pos` is cleared, `future_pos` is swapped into `old_pos`, and the move counter is incremented. This loop continues until the move counter reaches `no_move`.

Finally, the program outputs `best_diamond`, which is the maximum diamond value that can be reached within the allowed number of moves. The implementation caps `no_move` to `max(n, m)` if it is larger, and uses a priority queue that is never actually employed. The sets ensure that each cell is considered at most once per layer, but the code does not clear `future_pos` after swapping, so duplicates may accumulate. Nonetheless, the intended behaviour is a limited‑depth BFS that tracks the best reachable diamond value."
1323448212,41.07,cpp,BFS_RADIUS,BFS_RADIUS,YES,0.5,GREEDY_NEIGHBOR_WALK,0.163085938,0.2578125,UNKNOWN,0.227539063,"The program reads the grid size \(N\times M\), the maximum number of moves \(P\), and the starting position \((L,C)\). It then reads the value of every cell into a 1‑based array `matrix`. 

A second array `diamond` is used to store, for each cell, the value of the diamond that the piece would have if it reached that cell following the rules of the program. The starting cell is initialized with its own diamond value. A max‑heap `timp` is also created and the starting value is pushed into it. 

The algorithm keeps two sets of positions: `old_pos`, the frontier of cells that were reached in the previous move, and `future_pos`, the frontier for the next move. Initially `old_pos` contains only the starting cell. The program then iterates up to `P` moves. In each iteration it processes every position in `old_pos`. For each such position it examines its four orthogonal neighbours. If a neighbour is inside the grid and its diamond value in `matrix` is strictly larger than the value stored in `diamond` for the current cell, the neighbour’s `diamond` entry is updated to that larger value and the value is pushed onto the heap. Regardless of the comparison, the neighbour’s coordinates are inserted into `future_pos`. After all positions in `old_pos` are processed, the sets are swapped (`old_pos` becomes the new frontier) and the move counter is incremented. 

When the loop finishes (after at most `P` iterations), the program outputs the largest value that was ever pushed onto the heap, which is the maximum diamond value that could be reached within the allowed number of moves according to the program’s update rule."
1323448310,8.93,java,UNKNOWN,UNKNOWN,YES,0.90234375,GEOMETRIC_SCAN,0.095214844,0.765625,GEOMETRIC_SCAN,0.194335938,"The program begins by reading the grid dimensions \(N\) and \(M\), the maximum number of moves \(P\), and the starting coordinates \(L\) and \(C\). It then reads the \(N \times M\) matrix of diamond values into a 1‑based array `grid`. While filling the array it keeps track of the overall maximum value found in the entire grid, storing it in the variable `max`.

After input is complete, the `solve` method checks whether the allowed number of moves \(P\) exceeds the total number of cells in the grid (`n*m`). If it does, the method returns the previously computed global maximum; otherwise it returns `0`. Finally, the main routine prints the result returned by `solve`.

In short, the program ignores the starting position and the movement constraints, and simply outputs the largest diamond value in the grid if the number of allowed moves is greater than the total number of cells, otherwise it outputs zero."
1323448728,23.21,java,DFS_RADIUS,DFS_RADIUS,YES,0.91015625,GREEDY_NEIGHBOR_WALK,0.045410156,0.98046875,DP_RADIUS,0.012329102,"The program reads the grid dimensions \(N\) and \(M\), the maximum number of moves \(P\), and the starting position \((L,C)\). It then stores the diamond values in a 1‑based array `d`, padding the borders with a sentinel value `-1` so that any attempt to move outside the grid is immediately rejected. 

If the allowed number of moves exceeds the total number of cells, the program simply scans the whole array to find the global maximum value and returns it. Otherwise it performs a depth‑first search starting from the initial cell. The DFS keeps a `visited` matrix to avoid revisiting cells within the same path, updates a global `max` whenever it reaches a cell with a higher value, and stops recursing once the depth equals \(P\). The search explores the four orthogonal neighbours (north, east, south, west) that are inside the grid and not yet visited. 

After the DFS completes, the program prints the highest diamond value that can be reached within at most \(P\) moves."
1323448964,39.29,java,BFS_RADIUS,BFS_RADIUS,YES,0.98828125,DFS_RADIUS,0.004577637,0.99609375,GEOMETRIC_SCAN,0.001922607,"The program reads the grid dimensions \(N\) and \(M\), the maximum number of moves \(P\), and the starting position \((L,C)\). It then reads an \(N\times M\) matrix of integer diamond values, storing them in a 1‑based array `d`. The borders of this array are padded with a sentinel value \(-1\) so that any attempt to move outside the grid simply references a cell with value \(-1\).

The core of the solution is a breadth‑first search that explores all cells reachable from the start within at most \(P\) steps. A 2‑dimensional array `depth` records the minimum number of moves needed to reach each cell, initially set to a very large value. A boolean array `used` prevents reprocessing a cell after its shortest distance has been determined. The BFS queue holds coordinates; when a cell is dequeued, its diamond value is compared to a running maximum `max`. If the current depth equals \(P\), the cell’s neighbors are not enqueued, ensuring the search stops after the allowed number of moves. Otherwise, each of the four orthogonal neighbors is considered; if a shorter path to that neighbor is found, its depth is updated and the neighbor is added to the queue.

Before running the BFS, the program checks whether \(P\) exceeds the total number of cells \(N\cdot M\). In that case, every cell is reachable, so the program simply scans the entire grid to find the overall maximum diamond value. Otherwise, it runs the BFS described above and returns the maximum value encountered during the search. The resulting maximum is printed as the final answer."
1323449070,50,java,BFS_RADIUS,BFS_RADIUS,YES,0.9921875,DFS_RADIUS,0.003570557,1,DFS_RADIUS,0.000404358,"The program reads the grid dimensions \(N\) and \(M\), the maximum number of moves \(P\), and the starting position \((L,C)\). It then stores the diamond values in a 2‑D array `d` indexed from 1. The borders of this array are padded with a sentinel value \(-1\) to simplify bounds checking, although the sentinel is never directly used in the search.

To find the highest diamond reachable within at most \(P\) steps, the code performs a breadth‑first search (BFS) starting from the initial cell. It keeps a `depth` array that records the minimum number of moves needed to reach each cell, initializing all depths to `Integer.MAX_VALUE`. A `used` boolean array marks cells that have already been processed to avoid revisiting them. The BFS queue stores integer pairs \([x,y]\) representing cell coordinates.

During the BFS loop, the current cell’s value is compared to a running maximum `max`; if it is larger, `max` is updated. If the current depth equals \(P\), the algorithm stops expanding from that cell. Otherwise, it explores the four orthogonal neighbours (north, east, south, west), updating their depth if a shorter path is found and adding them to the queue.

If the allowed number of moves \(P\) exceeds the total number of cells \(N \times M\), the program bypasses the BFS and simply scans the entire grid to return the global maximum diamond value, since every cell is reachable.

Finally, the computed maximum value is printed. The overall approach is a standard BFS limited by a depth bound, with a simple early‑exit optimisation for trivially large \(P\)."
1323449662,14.29,cpp,DFS_RADIUS,DFS_RADIUS,YES,0.9609375,SORTED_MANHATTAN,0.019897461,0.984375,DP_RADIUS,0.009643555,"The program reads the size of a rectangular grid (N rows, M columns), the maximum number of moves P, and the starting position (L, C). It then reads an N × M matrix of integer diamond values. The grid is stored in a 2‑dimensional array `diamante` indexed from 1 to N and 1 to M.

The core of the algorithm is a depth‑first search implemented by the recursive function `dfs`. Starting from the initial cell, the function updates a global variable `max_diamant` with the largest value seen so far. If no moves remain (`steps_left == 0`) the recursion stops. Otherwise, the function recursively explores each of the four orthogonal neighbours (north, south, west, east) that stay inside the grid, decrementing the remaining step count by one for each move. Because the function does not keep a visited set, the same cell may be revisited many times along different paths, leading to an exponential number of recursive calls.

After the DFS completes, the program outputs the maximum diamond value that could be reached in at most P moves. The algorithm therefore performs an exhaustive search of all reachable positions within the step limit, tracking the highest value encountered."
1323449703,12.5,cpp,DFS_RADIUS,DFS_RADIUS,YES,0.98046875,SORTED_MANHATTAN,0.010864258,0.97265625,DP_RADIUS,0.01385498,"The program reads the grid dimensions \(N\) and \(M\), the maximum number of moves \(P\), and the starting position \((L,C)\). It then stores the diamond values in a 1‑based array `diamante`. A global variable `max_diamant` is initialized with the value at the starting cell.

A depth‑first search `dfs` is performed from the starting cell. The function records the current cell’s value as a candidate for the maximum, marks the cell as visited, and stops recursing when no moves remain. From each cell it attempts to move north, south, east, and west, but only if the target cell is inside the grid and has not yet been visited. Each recursive call decrements the remaining steps counter. Because a cell is never revisited, the search explores each reachable cell at most once, limited by the step count.

After the DFS finishes, the program outputs the largest diamond value found during the traversal. The algorithm therefore reports the maximum diamond value that can be reached from the starting position in at most \(P\) moves, using a simple recursive exploration with a visited‑cell guard."
1323450102,14.29,java,BFS_RADIUS,BFS_RADIUS,YES,0.8984375,GEOMETRIC_SCAN,0.027099609,0.9296875,UNKNOWN,0.028076172,"The program reads the grid dimensions, the maximum number of moves P, and the starting position (L, C). It stores the diamond values in a 1‑based array `grid` and keeps a global `max` of all values while reading. If the allowed moves are at least the total number of cells, the answer is simply this global maximum.

Otherwise the program performs a breadth‑first traversal starting from the initial cell. A queue holds `Pair` objects representing coordinates. A `visited` matrix prevents revisiting cells. For each dequeued cell the code checks its four orthogonal neighbours; if a neighbour lies inside the grid (the code only tests the lower bound, so upper bounds are not checked) and has not been visited, it updates the current best result if that neighbour’s value is larger, marks it visited, and enqueues it. After processing a cell the program decrements the remaining move counter `p`. The loop continues while the queue is non‑empty and `p` is not zero. Thus the traversal stops after at most `p` cells have been processed, not after `p` steps from the start. Finally the maximum value found during this limited exploration is printed."
1323450110,23.21,cpp,DFS_RADIUS,DFS_RADIUS,YES,0.96484375,SORTED_MANHATTAN,0.010742188,0.86328125,GREEDY_NEIGHBOR_WALK,0.090820313,"The program reads the grid dimensions \(N\) and \(M\), the maximum number of moves \(P\), and the starting coordinates \((L,C)\). It then stores the diamond values in a 1‑based array `matrix`. A boolean array `viz` keeps track of whether a cell has already been visited during the search.

The search is performed with an explicit stack that holds pairs of the form \((\text{remaining moves}, \text{current position})\). Initially the stack contains the starting cell with \(P\) moves left. While the stack is not empty, the algorithm pops a state, updates the global maximum if the current cell’s value is larger, and generates the four orthogonal neighbours that stay inside the grid. For each neighbour that has not yet been visited and for which at least one move remains, the neighbour is marked visited and pushed onto the stack with one fewer remaining move.

Because a cell is marked visited the first time it is reached, the algorithm never revisits a cell even if a different path could reach it with more remaining moves. Thus the search explores a single depth‑first traversal limited by the move counter, and the maximum diamond value encountered during this traversal is printed."
1323450132,30.36,cpp,DFS_RADIUS,DFS_RADIUS,YES,0.96484375,SORTED_MANHATTAN,0.010681152,0.9765625,DP_RADIUS,0.008422852,"The program reads the grid dimensions \(N\) and \(M\), the maximum number of moves \(P\), and the starting position \((L,C)\). It then stores the diamond values in a 1‑based array `matrix`. A 2‑dimensional boolean array `viz` keeps track of whether a cell has already been pushed onto the stack; initially only the starting cell is marked visited.

A depth‑first search is performed using an explicit stack of pairs `(remaining_moves, position)`. The stack is seeded with the starting cell and the full move budget `p`. While the stack is not empty, the top element is popped, the current cell’s value is compared to a running maximum `max`, and the maximum is updated if necessary. The function `gen_move` generates the four orthogonal neighbours that stay inside the grid. For each neighbour that has not yet been visited and for which at least one move remains, the neighbour is marked visited and pushed onto the stack with the remaining move count decremented by one.

When the stack empties, the program outputs the largest diamond value that was encountered during this traversal. The algorithm therefore explores each reachable cell at most once, using a DFS‑style search limited by the remaining move count, and reports the maximum value found among those cells."
1323450205,30.36,cpp,DFS_RADIUS,DFS_RADIUS,YES,0.96875,SORTED_MANHATTAN,0.009521484,0.8515625,GREEDY_NEIGHBOR_WALK,0.1015625,"The program reads the grid dimensions \(N\) and \(M\), the maximum number of moves \(P\), and the starting position \((L,C)\). It then stores the diamond values in a 1‑based array `matrix`. A boolean array `viz` keeps track of whether a cell has already been visited during the search.

The search is performed with an explicit stack that holds pairs of the form \((\text{remaining moves}, \text{current position})\). Initially the stack contains the starting cell with \(P\) moves left. While the stack is not empty, the algorithm pops a state, updates the global maximum if the current cell’s value is larger, and generates the four orthogonal neighbours that stay inside the grid. For each neighbour that has not yet been visited and for which at least one move remains, the neighbour is marked visited and pushed onto the stack with one fewer remaining move.

Because a cell is marked visited the first time it is reached, the algorithm never revisits a cell, even if a different path could reach it with more remaining moves. Thus the search explores a single depth‑first traversal limited by the move count, and the maximum diamond value encountered along that traversal is printed."
1323450288,41.07,cpp,BFS_RADIUS,BFS_RADIUS,YES,0.5078125,GEOMETRIC_SCAN,0.165039063,0.921875,GREEDY_NEIGHBOR_WALK,0.027832031,"The program reads the grid size \(N\times M\), the maximum number of moves \(P\), and the starting coordinates \((L,C)\). It stores the diamond values in a 1‑based array `matrix`. 
A second array `diamond` keeps, for each cell, the best value that has been “reached” from the start so far; it is initialized with the value of the starting cell. A max‑heap `best_diamond` is used to remember all values that have ever been reached, so that the answer can be obtained simply by taking the top element at the end.

The search is performed in a breadth‑first style using two unordered sets, `old_pos` and `future_pos`. `old_pos` contains the frontier of cells that were reached in the previous move; `future_pos` will hold the frontier for the next move. Initially `old_pos` contains only the starting cell. For each move up to \(P\) (or a"
1323450354,41.07,cpp,BFS_RADIUS,BFS_RADIUS,YES,0.58203125,DFS_RADIUS,0.114746094,0.984375,GREEDY_NEIGHBOR_WALK,0.006652832,"The program reads the grid size \(N\times M\), the maximum number of moves \(P\), and the starting position \((L,C)\). It stores the diamond values in a 1‑based array `matrix`. A second array `diamond` is used to keep, for each cell, the highest value that has been “reached” from the start under the program’s rules; it is initialized with the value at the starting cell.

The search is performed breadth‑first by maintaining two unordered sets of positions: `old_pos` holds the frontier of cells that were reached in the previous step, and `future_pos` collects the neighbours that will be processed in the next step. For each cell in `old_pos` the program examines its four orthogonal neighbours. If a neighbour lies inside the grid and its diamond value is strictly greater than the value stored in `diamond` for the current cell, the neighbour’s entry in `diamond` is updated to that higher value and the global maximum `best` is updated if necessary. Regardless of whether the value was updated, the neighbour is inserted into `future_pos` so that it will be considered in the next iteration. After all cells in `old_pos` are processed, the sets are swapped, the move counter is incremented, and the loop continues until the desired number of moves has been exhausted.

Finally, the program outputs the maximum diamond value that could be reached in at most \(P\) moves under the rule that a move is only allowed to a strictly higher‑valued neighbour. If no such move is possible, the value at the starting cell is printed."
1323450425,41.07,cpp,BFS_RADIUS,BFS_RADIUS,YES,0.72265625,DFS_RADIUS,0.086425781,0.9921875,DFS_RADIUS,0.0027771,"The program reads the grid size \(N\times M\), the maximum number of moves \(P\), and the starting cell \((L,C)\). It stores the diamond values in a 1‑based array `matrix`. A second array `diamond` is used to keep, for each cell, the best value that has been “reached” from the start so far; it is initialized with the value of the starting cell.

The search is performed layer by layer using two `unordered_set<pair<int,int>>` containers, `old_pos` and `future_pos`. `old_pos` holds the cells that are exactly `k` moves away from the start, while `future_pos` will collect the cells that are `k+1` moves away. Initially `old_pos` contains only the starting cell. For each cell in `old_pos` the program examines its four orthogonal neighbours. If a neighbour lies inside the grid, it is inserted into `future_pos`. Additionally, if the neighbour’s diamond value is strictly larger than the value stored in `diamond` for the current cell, the neighbour’s entry in `diamond` is updated to that larger value and the value is pushed onto a max‑heap `best_diamond`. After all cells in `old_pos` are processed, the sets are swapped (`old_pos` becomes the new frontier) and the move counter is incremented. This loop continues until the move counter reaches the allowed number of moves \(P\).

When the loop terminates, the program outputs the largest value that was ever pushed onto the heap, which is the maximum diamond value that could be reached in at most \(P\) moves under the program’s (incorrect) rule that a move can only be made to a strictly higher‑valued cell. The algorithm therefore performs a breadth‑first expansion up to depth \(P\), but only propagates values along strictly increasing paths, and reports the maximum value encountered during that expansion."
1323450542,50,java,GEOMETRIC_SCAN,GEOMETRIC_SCAN,YES,1,BFS_RADIUS,0.000115871,1,SORTED_MANHATTAN,0.001167297,"The program reads the grid dimensions \(N\) and \(M\), the maximum number of moves \(P\), and the starting position \((L,C)\). It then reads an \(N \times M\) matrix of integer diamond values, storing them in a 1‑based array `grid`. 

To find the best diamond reachable within at most \(P\) steps, the solver iterates over every cell \((i,j)\) of the grid. For each cell it computes the Manhattan distance to the start: 
\[
\text{dist} = |L-i| + |C-j|.
\]
If this distance is no larger than \(P\), the cell is considered reachable. The algorithm keeps a running maximum `result`, initially set to the value at the starting cell, and updates it whenever a reachable cell contains a larger diamond value. 

After scanning all cells, the program prints the maximum value found. The solution uses a simple double loop over the grid and a constant‑time distance check, resulting in \(O(NM)\) time and \(O(1)\) additional space beyond the input grid."
1323450618,50,cpp,GEOMETRIC_SCAN,GEOMETRIC_SCAN,YES,1,BFS_RADIUS,0.0001688,1,SORTED_MANHATTAN,0.001327515,"The program reads the grid dimensions \(N\) and \(M\), the maximum number of moves \(P\), and the starting position \((L,C)\). It then iterates over every cell of the \(N \times M\) grid, reading the diamond value \(v\) for each cell. For each cell it computes the Manhattan distance \(|L-i| + |C-j|\) to the starting position. If this distance is at most \(P\), the cell is reachable within the allowed moves, and the program compares its value with the current maximum. The maximum value among all reachable cells is stored in `max_v`. After all cells have been processed, the program outputs this maximum value. The algorithm uses a simple double loop over the grid and a constant‑time check for each cell, with no additional data structures beyond a few integer variables."
1323451749,3.57,cpp,UNKNOWN,GREEDY_NEIGHBOR_WALK,NO,0.396484375,GREEDY_NEIGHBOR_WALK,0.30859375,0.98046875,UNKNOWN,0.013977051,"The program reads the grid dimensions \(N\) and \(M\), the maximum number of moves \(P\), and the starting position \((L,C)\). It stores the diamond values in a 2‑D array `a`. A queue of coordinate pairs is used to keep track of the current position; the start cell is inserted (converted to 0‑based indices).

For each of the \(P\) allowed moves the program removes the front element of the queue, treats it as the current cell, and looks at its four orthogonal neighbours. It keeps the largest value among the current cell and any neighbour that has a strictly larger value. Whenever a neighbour with a larger value is found, that neighbour’s coordinates are pushed onto the queue. After examining the four directions the variable `suma` is set to the largest value found in this step, and the current cell is removed from the queue. Thus the queue always contains at most one element – the cell that will be considered in the next iteration.

After performing up to \(P\) iterations, the program outputs the value stored in `suma`. If no larger neighbour was ever found (so `suma` remains 0), it outputs the value of the starting cell instead. The algorithm therefore attempts to move the piece step by step, each time moving to a neighbour with a higher diamond value if such a neighbour exists, and finally reports the highest value reached within the allowed number of moves."
1323451802,50,cpp,GEOMETRIC_SCAN,GEOMETRIC_SCAN,YES,1,SORTED_MANHATTAN,0.000278473,0.99609375,SORTED_MANHATTAN,0.003585815,"The program reads the grid dimensions \(N\) and \(M\), the maximum number of moves \(P\), and the starting position \((L,C)\). It then reads the \(N\) rows of the grid, storing the values in a 1‑indexed 2‑D vector `tabla` (row 0 is a dummy row of zeros). 

After the input, the variable `max` is initialized to the value of the diamond at the starting cell `tabla[L][C]`. The program then iterates over every cell \((i,j)\) of the grid. For each cell it computes the Manhattan distance \(|i-L|+|j-C|\). If this distance is at most \(P\), the cell is reachable within the allowed number of moves, and the program compares its value with the current `max`, updating `max` if a larger value is found. 

Finally, the program outputs the value stored in `max`, which is the largest diamond value that can be reached from the starting position in at most \(P\) moves."
1323451826,5.36,cpp,UNKNOWN,BFS_RADIUS,NO,0.453125,GREEDY_NEIGHBOR_WALK,0.189453125,0.796875,GREEDY_NEIGHBOR_WALK,0.095214844,"The program reads the grid dimensions \(N\) and \(M\), the maximum number of moves \(P\), and the starting coordinates \((L,C)\). It then reads the \(N\times M\) matrix of diamond values into a 2‑D array `a`. 

A queue of cell coordinates is used to simulate a breadth‑first traversal that is limited to exactly \(P\) iterations. The starting cell \((L-1,C-1)\) is pushed onto the queue and the variable `max_value` is initialized to the value of that cell. For each of the \(P\) iterations the program removes the front cell from the queue, examines its four orthogonal neighbours, and if a neighbour contains a value strictly larger than the current `max_value` it updates `max_value` and pushes that neighbour onto the queue. After checking all neighbours the program records the current `max_value` in `suma` and removes the processed cell from the queue. 

When the loop finishes, if no moves were made (`suma` remains 0) the program outputs the value of the starting cell; otherwise it outputs the largest value that was encountered during the limited traversal. The algorithm therefore reports the maximum diamond value reachable within at most \(P\) steps, but only considers a neighbour if it improves the current maximum, and it does not guard against out‑of‑bounds accesses."
1323451903,10.71,java,BFS_RADIUS,BFS_RADIUS,YES,0.6640625,GEOMETRIC_SCAN,0.147460938,0.99609375,DFS_RADIUS,0.001403809,"The program reads the grid dimensions \(N, M\), the maximum number of moves \(P\), and the starting position \((L, C)\). It stores the diamond values in a 1‑based array `matrix`. A second 2‑dimensional array `colors` is used only as a visited flag, initially set to 1 for every cell and then set to –1 when a cell is processed. The starting cell is marked visited and its value is taken as the initial maximum.

A breadth‑first search is performed using a `LinkedList` queue of `Point` objects. The variable `cnt` is initialized to the (possibly capped) number of allowed moves. While the queue is not empty and `cnt` is positive, the algorithm dequeues a cell, examines its four orthogonal neighbours (north, west, east, south). For each neighbour that lies within the grid bounds (the code mistakenly checks `col <= n` instead of `col <= m`), it updates the current maximum if the neighbour’s diamond value is larger, enqueues the neighbour if it has not been visited yet, and marks it visited. After processing all neighbours of the current cell, `cnt` is decremented. Thus the search explores all cells reachable within at most `P` steps, but due to the incorrect bound check some neighbours may be ignored or incorrectly considered.

When the queue becomes empty or the move counter reaches zero, the algorithm returns the maximum diamond value found during the traversal. This value is printed as the final result."
1323452118,14.29,java,BFS_RADIUS,BFS_RADIUS,YES,0.78125,GEOMETRIC_SCAN,0.072753906,0.9609375,GREEDY_NEIGHBOR_WALK,0.012084961,"The program reads the grid dimensions \(N, M\), the maximum number of moves \(P\), and the starting position \((L, C)\). It stores the diamond values in a 1‑based array `matrix`. A 2‑dimensional array `colors` is used to mark visited cells; all cells are initially set to 1, and the starting cell is marked with –1. The variable `max` is initialized to the value of the starting cell.

A breadth‑first search is performed using a `Queue<Point>`. The queue is seeded with the starting point. A counter `cnt` is set to the (possibly capped) number of allowed moves. While the queue is not empty and `cnt` is positive, the algorithm removes the front point `u` and examines its four orthogonal neighbours (north, west, east, south). For each neighbour that lies inside the grid, the program updates `max` if the neighbour’s diamond value is larger. If the neighbour has not been visited (`colors[row][col] == 1`), it is added to the queue. In any case the neighbour is marked as visited (`colors[row][col] = -1`). After processing all neighbours of the current point, `cnt` is decremented by one.

When the loop terminates, the program outputs the largest diamond value encountered during the traversal. Thus the algorithm explores cells reachable within at most `P` steps (though the decrement logic effectively limits the number of processed nodes rather than layers) and reports the maximum value found."
1323452268,8.93,java,BFS_RADIUS,BFS_RADIUS,YES,0.88671875,GEOMETRIC_SCAN,0.050048828,1,DFS_RADIUS,0.000518799,"The program reads the grid dimensions \(N, M\), the maximum number of moves \(P\), and the starting position \((L, C)\). It stores the diamond values in a 1‑based array `matrix`. A breadth‑first search is then performed from the starting cell. A queue holds points to visit, and an auxiliary array `pasi` records how many steps have been taken to reach each cell. A `colors` array marks cells that have already been processed (initially all 1, the start cell is set to –1). 

During the BFS, for each dequeued cell the program checks whether the number of steps already taken to reach it (`pasi[u.x][u.y]`) is at least \(P\); if so, it stops exploring from that cell. Otherwise it examines the four orthogonal neighbours. For every neighbour that lies inside the grid, the program updates the current maximum diamond value if the neighbour’s value is larger. If the neighbour has not yet been visited (`colors[row][col] == 1`), it increments `pasi[row][col]`, enqueues the neighbour, and marks it as visited by setting `colors[row][col]` to –1. 

The search continues until the queue is empty. The variable `max` holds the largest diamond value encountered during the traversal, and this value is printed as the result. The algorithm effectively explores all cells reachable within at most \(P\) steps from the start, keeping track of the maximum value found."
1323452275,5.36,cpp,BFS_RADIUS,BFS_RADIUS,YES,0.98046875,GEOMETRIC_SCAN,0.007476807,0.77734375,GREEDY_NEIGHBOR_WALK,0.072265625,"The program reads the grid dimensions \(N\) and \(M\), the maximum number of moves \(P\) (named `k` in the code), and the starting coordinates \(L\) and \(C\). It then reads the \(N \times M\) matrix of diamond values into a 2‑D array `a`. The starting cell is converted to 0‑based indices and pushed onto a queue.

A breadth‑first‑style traversal is attempted: a queue holds cells to be processed, and a `visited` array marks cells that have already been enqueued. The algorithm keeps a variable `max_value` initialized to the value of the starting cell. For exactly `k` iterations it removes the front cell from the queue, marks it visited (again), and examines its four orthogonal neighbours. Any neighbour that lies inside the grid and has not yet been visited is enqueued, marked visited, and its value is compared to `max_value`, updating it if larger.

After the loop, the program outputs the largest diamond value that was encountered during those `k` dequeue operations. The data structures used are a simple array for the grid, a fixed‑size boolean array for visited cells, and a standard FIFO queue of coordinate pairs. The algorithm stops after processing at most `k` cells from the queue, regardless of how many cells are reachable within `k` moves."
1323452315,8.93,java,BFS_RADIUS,BFS_RADIUS,YES,0.90625,GEOMETRIC_SCAN,0.045166016,1,DFS_RADIUS,0.000457764,"The program reads the grid dimensions \(N, M\), the maximum number of moves \(P\), and the starting position \((L, C)\). It stores the diamond values in a 1‑based array `matrix`. A breadth‑first search is then performed starting from the initial cell. A queue holds points to visit, and an auxiliary array `pasi` records how many steps have been taken to reach each cell. The search stops expanding a cell once its step count reaches the allowed limit \(P\).

During the BFS, for each dequeued cell the program examines its four orthogonal neighbours. If a neighbour lies inside the grid, the program updates the current maximum diamond value if the neighbour’s value is larger. It then increments that neighbour’s step counter and, if the neighbour has not been visited before (`colors[row][col] == 1`), it is added to the queue. After processing a neighbour, its colour flag is set to –1 to mark it as visited. The search continues until the queue is empty, after which the maximum value found is printed.

The algorithm essentially explores all cells reachable within at most \(P\) moves from the start, keeping track of the highest diamond value encountered. It uses a simple BFS with a visited flag and a step counter to enforce the move limit."
1323452434,50,java,BFS_RADIUS,BFS_RADIUS,YES,0.94921875,GEOMETRIC_SCAN,0.025268555,1,DFS_RADIUS,0.000314713,"The program reads the grid dimensions \(N\) and \(M\), the maximum number of moves \(P\), and the starting position \((L,C)\). It then stores the diamond values in a 1‑based array `matrix`. 

To find the largest diamond reachable in at most \(P\) steps, the code performs a breadth‑first search starting from the initial cell. A queue holds `Point` objects representing cells to visit. An auxiliary 2‑D array `pasi` records the distance (number of moves) from the start to each cell, while a `colors` array marks whether a cell has been visited (`1` for unvisited, `-1` for visited). The search explores the four orthogonal neighbours of each dequeued cell, provided the neighbour lies inside the grid. When a neighbour is first discovered, its distance is set to the current cell’s distance plus one, it is enqueued, and marked visited. If the distance of a cell reaches \(P\), the algorithm stops expanding from that cell. 

During the traversal, the program keeps a running maximum `max` of the diamond values seen, initially set to the value at the starting cell. Whenever a new cell is examined, its value is compared to `max` and `max` is updated if larger. After the BFS completes (queue empty or all reachable cells within \(P\) steps processed), the program outputs this maximum value. The algorithm uses simple arrays and a queue, operating in \(O(NM)\) time in the worst case and \(O(NM)\) additional memory."
1323452987,50,cpp,GEOMETRIC_SCAN,GEOMETRIC_SCAN,YES,1,BFS_RADIUS,0.000335693,1,SORTED_MANHATTAN,0.000246048,"The program reads the grid dimensions \(N\) and \(M\), the maximum number of moves \(P\), and the starting position \((L,C)\). It then allocates a two‑dimensional array of size \((N+1)\times(M+1)\) (using 1‑based indices) and fills it with the diamond values supplied in the input. While reading each value it immediately checks whether the cell lies within a Manhattan distance of at most \(P\) from the starting square, i.e. whether \(|L-i|+|C-j|\le P\). If the cell is reachable, the program compares its value with a running maximum and updates the maximum if the current cell’s value is larger. After all cells have been processed, the program outputs this maximum value. If no cell satisfies the distance condition, the maximum remains at the initial value `INT32_MIN`, which is then printed. The algorithm therefore simply scans the entire grid once, applying a geometric distance test and keeping track of the largest reachable diamond value."
1323453087,50,java,GEOMETRIC_SCAN,GEOMETRIC_SCAN,YES,0.99609375,SORTED_MANHATTAN,0.001319885,0.99609375,SORTED_MANHATTAN,0.004608154,"The program reads the grid dimensions \(N\) and \(M\), the maximum number of moves \(P\), and the starting position \((L,C)\). It then reads an \(N\times M\) matrix of integer values into a 1‑based array `matrix`. After input, the `getResult` method initializes the answer with the value at the starting cell. It then iterates over all cells using 0‑based indices `i` and `j` (from 0 to \(N-1\) and 0 to \(M-1\)). For each cell it computes the Manhattan distance to the start as `Math.abs(i-l) + Math.abs(j-c)`. If this distance exceeds \(P\) the cell is skipped; otherwise, if the cell’s value is larger than the current best, the best is updated. Finally the best value found is printed.

The algorithm therefore scans the entire grid, checking each cell’s reachability by a simple distance test and keeping the maximum value among reachable cells. It uses a nested loop over all grid positions and a constant‑time distance calculation for each. The output is the maximum diamond value that can be reached within at most \(P\) moves."
1323453409,50,cpp,GEOMETRIC_SCAN,GEOMETRIC_SCAN,YES,1,BFS_RADIUS,0.000246048,0.99609375,SORTED_MANHATTAN,0.002471924,"The program reads the grid dimensions \(N\) and \(M\), the maximum number of moves \(P\), and the starting position \((L,C)\). It then reads the value of each diamond cell while iterating over the grid with two nested loops. For every cell \((i,j)\) it calculates the Manhattan distance \(|L-i|+|C-j|\) from the starting position. If this distance is no greater than \(P\) and the diamond’s value exceeds the current maximum, the maximum is updated. After all cells have been examined, the program outputs the largest diamond value that can be reached within at most \(P\) moves. The algorithm uses a simple linear scan of the grid and keeps a single integer variable to track the best value found."
1323453655,50,java,BFS_RADIUS,BFS_RADIUS,YES,0.9921875,GEOMETRIC_SCAN,0.004058838,1,DFS_RADIUS,0.000553131,"The program reads the grid dimensions \(N\) and \(M\), the maximum number of moves \(P\), and the starting position \((L,C)\). It stores the diamond values in a 1‑based array `mat` and initializes a distance array `d` with `Integer.MAX_VALUE`. 

A breadth‑first search is performed from the starting cell. A queue holds `Pair` objects representing coordinates. The distance to the source is set to 0 and the current maximum diamond value is initialized to the value at the source. For each dequeued cell, the program updates the maximum if the cell’s value is larger. It then explores the four orthogonal neighbours (north, west, south, east) using the `offset` array. If a neighbour lies inside the grid and can be reached in fewer steps than previously recorded, its distance is updated. The neighbour is enqueued only if its distance does not exceed the allowed number of moves \(P\). 

After the BFS finishes, the variable `max` holds the largest diamond value that can be reached within at most \(P\) steps. This value is written to standard output. The adjacency list array `adj` is declared but never used. The algorithm is essentially a bounded‑distance BFS that tracks the maximum cell value encountered."
1323454400,50,java,GEOMETRIC_SCAN,GEOMETRIC_SCAN,YES,1,BFS_RADIUS,0.00014019,1,SORTED_MANHATTAN,0.001502991,"The program reads the grid dimensions \(N\) and \(M\), the maximum number of moves \(P\), and the starting position \((L,C)\). It then reads an \(N \times M\) matrix of integer diamond values, storing it in a 1‑based array `mat`. 

The variable `result` is initialized to the value of the diamond at the starting cell. The program iterates over every cell \((i,j)\) of the grid, computing the Manhattan distance from the start as `Math.abs(i-l) + Math.abs(j-c)`. If this distance exceeds the allowed number of moves \(P\), the cell is skipped. Otherwise, if the diamond value at that cell is larger than the current `result`, `result` is updated. 

After examining all cells, the program outputs the maximum diamond value that can be reached within at most \(P\) moves. The algorithm is a simple exhaustive scan using the Manhattan distance condition."
1323454413,50,java,GEOMETRIC_SCAN,GEOMETRIC_SCAN,YES,1,SORTED_MANHATTAN,0.001029968,0.99609375,SORTED_MANHATTAN,0.002792358,"The program reads the grid dimensions \(N\) and \(M\), the maximum number of moves \(P\), and the starting position \((L,C)\). It then reads the \(N \times M\) matrix of diamond values into a 1‑based array `f`. 

The variable `rezultat` is initialized with the value of the diamond at the starting cell. The program then iterates over every cell \((i,j)\) of the grid. For each cell it computes the Manhattan distance from the start, `mutare = |i-L| + |j-C|`. If this distance exceeds the allowed number of moves \(P\), the cell is skipped. Otherwise, if the diamond value `f[i][j]` is larger than the current `rezultat`, it replaces `rezultat`. 

After scanning all cells, the program prints the maximum diamond value that can be reached within at most \(P\) moves. The algorithm is a straightforward exhaustive search over all grid positions, using only simple arithmetic and comparisons."
1323454699,50,java,GEOMETRIC_SCAN,GEOMETRIC_SCAN,YES,1,BFS_RADIUS,0.00014019,0.99609375,SORTED_MANHATTAN,0.001922607,"The program reads the grid dimensions \(N\) and \(M\), the maximum number of moves \(P\), and the starting position \((L,C)\). It then reads the \(N \times M\) matrix of diamond values into a 1‑indexed array `mat`. 

The variable `d` is initialized to the value of the diamond at the starting cell. The program iterates over every cell \((i,j)\) of the grid, computing the Manhattan distance from the start: `aux = |L-i| + |C-j|`. If this distance is at most \(P\) and the diamond value at \((i,j)\) is larger than the current `d`, it updates `d` to that larger value. 

After scanning all cells, `d` holds the maximum diamond value reachable within at most \(P\) moves, and the program outputs this value. The algorithm is a straightforward brute‑force search over all grid positions, using a simple distance check and a maximum comparison."
1323455233,1.79,java,BFS_RADIUS,BFS_RADIUS,YES,0.953125,GEOMETRIC_SCAN,0.015380859,0.9921875,GREEDY_NEIGHBOR_WALK,0.003158569,"The program reads the grid dimensions \(N\) and \(M\), the maximum number of moves \(P\), and the starting position \((L,C)\). It then reads an \(N\times M\) matrix of integer values. A `BFS` object represents a cell by its row and column. The main routine performs a breadth‑first traversal starting from the initial cell, using a queue of `BFS` nodes. For each dequeued cell it generates its four orthogonal neighbours (north, east, south, west) and checks that the neighbour lies inside the grid (the code mistakenly uses `column <= N` instead of `M`) and that the cell value is not equal to 1. If the neighbour has not been visited yet, it records a distance value equal to the current cell’s distance plus the neighbour’s matrix value, marks it visited, and enqueues it. The loop continues until the queue is empty or the counter `P` reaches zero, decrementing `P` on each outer iteration.

After the traversal, the program scans the entire `dist` array to find the maximum value stored (initially zero). It then outputs this maximum as the result. Thus the program attempts to compute the largest cumulative sum of cell values reachable within at most `P` steps, but due to the incorrect bounds check, the 1‑value filter, and the use of the matrix value as a step cost, the behaviour does not match the intended problem specification."
1323455316,3.57,java,BFS_RADIUS,BFS_RADIUS,YES,0.91015625,GEOMETRIC_SCAN,0.02746582,0.890625,UNKNOWN,0.044433594,"The program reads the grid dimensions, the maximum number of moves P, and the starting position (L, C). It stores the diamond values in a 2‑D array `mat`. A simple `BFS` class represents a cell by its row and column. 

A queue is used to perform a breadth‑first traversal beginning at the start cell. For each dequeued cell the program generates its four orthogonal neighbours. A neighbour is added to the queue only if it lies inside the grid and its diamond value is not equal to 1. When a neighbour is first discovered, its entry in the `dist` array is set to the diamond value of that neighbour; otherwise the array is left unchanged. The `visited` array is merely marked but never used to prevent re‑adding a cell. 

The loop that processes the queue continues until the queue is empty or the counter `P` reaches zero. The counter is decremented once for every cell removed from the queue, so the traversal stops after at most P cells have been processed, regardless of the actual distance from the start. 

After the traversal, the program scans the entire `dist` array to find the maximum value stored there (initially the start cell’s value). This maximum is written to standard output. Thus the program returns the largest diamond value among at most P cells that are reachable by a simple breadth‑first walk that ignores the actual step count and treats cells with value 1 as impassable."
1323455420,10.71,java,BFS_RADIUS,BFS_RADIUS,YES,0.90625,GEOMETRIC_SCAN,0.031005859,0.9921875,DFS_RADIUS,0.002166748,"The program reads the grid dimensions \(N\) and \(M\), the maximum number of moves \(P\), and the starting position \((L,C)\). It then reads an \(N\times M\) matrix of integer values. A simple `BFS` class represents a cell by its row and column. 

The main routine initializes a 2‑D array `visited` to mark cells that have already been enqueued and a 2‑D array `dist` that is intended to hold the value of each cell (it is never used as a distance). A queue is seeded with the starting cell. In each iteration the program dequeues a cell, generates its four orthogonal neighbours, and for each neighbour that lies inside the grid and whose value is not equal to 1, it checks whether the neighbour has been visited. If not, it records the neighbour’s value in `dist`, marks it visited, and enqueues it. After processing a cell the counter `P` is decremented; the loop stops when the queue becomes empty or when `P` reaches –1. 

Once the breadth‑first traversal finishes, the program scans the entire `dist` array to find the maximum value stored there, which is then printed. The algorithm therefore explores the grid up to at most `P` layers from the start (though the check for `mat[nb]==1` and the incorrect bound `nb[i].column <= N` mean many cells may be ignored or incorrectly considered). The final output is the largest cell value that was reached during this limited BFS."
1323456288,5.36,java,GREEDY_NEIGHBOR_WALK,GREEDY_NEIGHBOR_WALK,YES,0.89453125,UNKNOWN,0.064941406,0.9609375,UNKNOWN,0.032958984,"The program reads the grid dimensions, the maximum number of moves `P`, and the starting position `(L,C)` using a `Scanner`. It stores the diamond values in a 1‑indexed 2‑D array `board`. The variable `max` is initialized to the value of the starting cell.

The core of the algorithm is a recursive routine `backtrack(step, l, c)`. It stops when the number of performed steps equals `P`. Inside, it runs a loop that iterates `p` times, but in each iteration it examines the four orthogonal neighbours of the current cell in a fixed order: north, south, west, east. For each direction it checks whether the neighbour lies within the grid (using the wrong bounds – north and west use `>=1`, south uses `<= m`, east uses `<= n`) and whether its value is strictly greater than the current `max`. If both conditions hold, it updates `max` to that neighbour’s value and recursively calls `backtrack` with the step count incremented and the new position. If none of the neighbours satisfy the condition, the routine returns immediately.

Thus the program greedily follows a path of strictly increasing diamond values, moving at most `P` steps, and keeps track of the highest value encountered. After the recursion finishes, it prints the value stored in `max`."
1323456318,1.79,java,GREEDY_NEIGHBOR_WALK,GREEDY_NEIGHBOR_WALK,YES,0.9765625,UNKNOWN,0.010864258,0.98828125,UNKNOWN,0.010986328,"The program reads the grid dimensions, the maximum number of moves \(P\), and the starting position \((L,C)\). It stores the diamond values in a 1‑based 2‑D array `board`. The variable `max` is initialized to the value of the starting cell.

The core of the solution is a recursive routine `backtrack(step, l, c)` that simulates a single move at a time. At each call, if the number of performed steps equals `P`, the recursion stops. Otherwise the routine examines the four orthogonal neighbours of the current cell in a fixed order: north, south, west, east. For each neighbour it first checks that the neighbour lies inside the grid (using the wrong bounds – it compares the row index to `m` and the column index to `n`, which is incorrect). If the neighbour exists and its diamond value is strictly greater than the current `max`, the routine updates `max` to that neighbour’s value and recurses with `step+1` and the neighbour’s coordinates. If none of the neighbours satisfies the “greater than current max” condition, the routine simply returns.

Thus the algorithm greedily follows a path that always moves to a strictly higher‑valued neighbour, stopping either after `P` moves or when no higher neighbour is available. After the recursion finishes, the program prints the highest diamond value encountered along that path."
1323456381,50,java,BFS_RADIUS,BFS_RADIUS,YES,0.9921875,GEOMETRIC_SCAN,0.003158569,1,DFS_RADIUS,0.00062561,"The program reads the grid dimensions \(N\) and \(M\), the maximum number of moves \(P\), and the starting position \((L,C)\). It then reads an \(N\times M\) matrix of integer diamond values, storing it in a 1‑based array `mat`. 

A breadth‑first search is performed from the starting cell. Each node of the search is represented by a simple `BFS` object holding its row and column. For every dequeued node the four orthogonal neighbours are generated. A neighbour is considered only if it lies inside the grid and its diamond value is not equal to 1 (the code treats cells with value 1 as blocked). If the neighbour has not yet been visited, its distance is set to the current node’s distance plus one; the neighbour is enqueued only if this distance does not exceed the allowed number of moves \(P\). A `visited` matrix records which cells were reached within the move limit.

After the BFS finishes, the program scans all cells that were marked visited and keeps the maximum diamond value found, starting from the value at the initial position. The maximum is printed as the result. If \(P=0\) the scan is skipped, so the output is simply the value of the starting cell. The algorithm therefore outputs the highest diamond value reachable from the start in at most \(P\) steps, treating cells with value 1 as impassable."
1323456385,5.36,java,GREEDY_NEIGHBOR_WALK,DFS_RADIUS,NO,0.470703125,UNKNOWN,0.251953125,0.5078125,GREEDY_NEIGHBOR_WALK,0.239257813,"The program reads the grid dimensions, the maximum number of moves \(P\), and the starting position \((L,C)\). It stores the diamond values in a 1‑indexed 2‑D array `board`. The variable `max` is initialized to the value of the starting cell.

A recursive routine `backtrack(step, l, c)` is then invoked with `step = 0` and the starting coordinates. The routine stops recursing when the number of performed steps equals `P`. For each of the four cardinal directions it checks whether the adjacent cell lies inside the grid (using the wrong bounds checks that compare row indices to `m` and column indices to `n`) and whether the value in that cell is strictly greater than the current `max`. If both conditions hold, `max` is updated to that cell’s value and the routine recurses one step deeper from that new position. No other moves are considered, and the routine never revisits a cell unless it offers a higher value.

After all recursive calls finish, the program prints the final value of `max`, which is intended to be the highest diamond value reachable within at most `P` moves."
1323456575,50,java,BFS_RADIUS,BFS_RADIUS,YES,0.9921875,GEOMETRIC_SCAN,0.003158569,0.99609375,DFS_RADIUS,0.001594543,"The program reads the grid dimensions \(N\) and \(M\), the maximum number of moves \(P\), and the starting position \((L,C)\). It then reads an \(N\times M\) matrix of integer values, storing it in a 1‑based array `mat`. A breadth‑first search is performed from the starting cell. For each dequeued cell the four orthogonal neighbours are generated; a neighbour is considered only if it lies inside the grid and its value in `mat` is not equal to 1 (cells with value 1 are treated as impassable). If a neighbour has not yet been visited, its distance is set to the current cell’s distance plus one, and it is enqueued only if this distance does not exceed the allowed number of moves \(P\). The arrays `visited` and `dist` keep track of which cells have been reached and at what distance.

After the BFS terminates, the program scans all cells that were marked visited and keeps the maximum value found in `mat`. The starting cell’s value is used as the initial maximum; if \(P=0\) the scan is skipped and the starting value is printed. Finally, the maximum reachable diamond value is written to standard output. The algorithm therefore explores all cells within at most \(P\) steps from the start, ignoring cells with value 1, and reports the highest diamond value among those reachable cells."
1323508018,8.93,cpp,BFS_RADIUS,BFS_RADIUS,YES,0.9765625,GEOMETRIC_SCAN,0.013916016,1,DFS_RADIUS,0.000230789,"The program reads the grid dimensions \(N\) and \(M\), the maximum number of moves \(P\), and the starting position \((L,C)\). It then reads an \(N\times M\) matrix of integer diamond values into the array `a`. A second array `d` is initialized to a large value (`INF`) to store the shortest distance from the start to each cell.

The core of the algorithm is a breadth‑first search (BFS) starting from the initial cell. A queue holds cells to explore; the distance to the start is set to zero for the source. While the queue is not empty, the algorithm dequeues a cell, updates the current best diamond value `sol` with the value stored in `a` at that cell, and then examines its four orthogonal neighbours (north, south, east, west). For each neighbour that lies inside the grid bounds, if the distance through the current cell is smaller than the previously recorded distance, the neighbour’s distance is updated and, provided this new distance does not exceed \(P\), the neighbour is enqueued for further exploration.

After the BFS finishes, the variable `sol` holds the maximum diamond value that can be reached within at most \(P\) moves, and this value is printed. The algorithm therefore performs a limited‑depth BFS to find all reachable cells within the move limit and keeps track of the highest diamond value encountered."
1331754089,50,cpp,BFS_RADIUS,BFS_RADIUS,YES,0.98828125,GEOMETRIC_SCAN,0.005889893,1,DFS_RADIUS,0.000518799,"The program reads the grid dimensions \(N\) and \(M\), the maximum number of moves \(P\), and the starting position \((L,C)\) (1‑based). It then reads the \(N\times M\) matrix of diamond values. A breadth‑first search is performed from the starting cell, using a queue of coordinate pairs. Two 2‑D arrays are maintained: `dist` stores the distance (number of moves) from the start to each cell, and `visited` marks whether a cell has already been enqueued. The search explores the four orthogonal neighbours (north, east, south, west) of each dequeued cell, but only if the neighbour lies inside the grid and has not been visited yet. When a neighbour is added to the queue, its distance is set to the current cell’s distance plus one, and the global maximum `res` is updated with the value of that neighbour if it is larger than the current maximum. The BFS stops expanding a cell once its distance reaches \(P\), ensuring that only cells reachable in at most \(P\) moves are considered. After the queue is exhausted, the program outputs the maximum diamond value found among all reachable cells, including the starting cell."
1332140866,50,java,GEOMETRIC_SCAN,GEOMETRIC_SCAN,YES,1,SORTED_MANHATTAN,0.000457764,0.99609375,SORTED_MANHATTAN,0.001701355,"The program reads the grid dimensions \(N\) and \(M\), the maximum number of moves \(P\), and the starting position \((L,C)\). It stores the diamond values in a 1‑based array `diamonds`. The variable `result` is initialized to the value at the starting cell.

To find the best reachable diamond, the code enumerates every cell whose Manhattan distance from \((L,C)\) is at most \(P\). It does this in two stages:

1. **Moving down first** – For each vertical offset `i` from 0 to `P`, it sets the row `l = L + i` (stopping if it goes past the bottom). For that row it scans all horizontal offsets `j` such that `i + j ≤ P`. It checks the cell to the right (`c = C + j`) and to the left (`c = C – j`), updating `result` if a larger value is found. 
2. **Moving up first** – For each vertical offset `i` from 1 to `P`, it sets the row `l = L – i` (stopping if it goes above the top). It again scans all horizontal offsets `j` with `i + j ≤ P`, checking the right and left cells in the same way.

After these loops, `result` holds the maximum diamond value among all cells reachable in at most `P` moves, and the program prints this value. The algorithm is a brute‑force enumeration of all cells within the diamond‑shaped region defined by the Manhattan distance constraint."
1332268022,50,cpp,GEOMETRIC_SCAN,GEOMETRIC_SCAN,YES,1,BFS_RADIUS,0.000488281,0.99609375,SORTED_MANHATTAN,0.001693726,"The program reads the grid size \(N\) and \(M\), the maximum number of moves \(P\), and the starting position \((L,C)\). It then reads an \(N\times M\) matrix of integer diamond values, storing it in a 1‑based array `a`. The variable `maxi` is initialized to the value at the starting cell.

Before searching, the code caps the number of considered steps to `min(P, max(N,M))`. For each step count `i` from 1 up to this capped value it calls `get_vals(i,a)`. Inside `get_vals`, a loop iterates over all non‑negative integers `d1` from 0 to `k` (the current step count), setting `d2 = k - d1`. For each pair `(d1,d2)` the routine constructs four candidate coordinates:

1. \((L + d1,\; C + d2)\)
2. \((L + d1,\; |C - d2|)\)
3. \((|L - d1|,\; C + d2)\)
4. \((|L - d1|,\; |C - d2|)\)

Each candidate is checked to lie within the grid bounds (`1 ≤ x ≤ N`, `1 ≤ y ≤ M`). If it is inside, the diamond value at that cell is compared with `maxi`, and `maxi` is updated if the value is larger.

After all step counts have been processed, the program outputs the maximum diamond value found in any of the examined cells. The algorithm therefore scans, for each allowed number of moves, a set of cells that are at Manhattan distance exactly equal to that number from the start, but the use of `fabs` means that negative offsets are reflected to positive coordinates, so the search is effectively limited to the first quadrant relative to the origin. The final result is the largest value among all such reachable cells."
1332321086,46.43,java,GEOMETRIC_SCAN,GEOMETRIC_SCAN,YES,1,SORTED_MANHATTAN,0.000488281,1,SORTED_MANHATTAN,0.000148773,"The program reads the grid dimensions \(N\) and \(M\), the maximum number of moves \(P\), and the starting position \((L,C)\). It then reads an \(N\times M\) matrix of integer diamond values into a 1‑indexed array `mat`. 

To find the highest value reachable within at most \(P\) steps, the code scans a diamond‑shaped region centered at \((L,C)\). It first determines the vertical bounds `begingI = max(1, L-P)` and `endI = min(N, L+P)`. For rows from `begingI` up to the starting row `L`, it computes a horizontal range that expands linearly with the distance from `begingI`: `beginJ = max(1, C-(i-begingI))` and `endJ = min(M, C+(i-begingI))`. It iterates over all columns in this range, updating `bestValue` with the maximum encountered cell value. 

A second loop handles rows below the start: for each row `i` from `L+1` to `endI`, it calculates the remaining steps `distance = P-(i-L)` and sets the horizontal bounds `beginJ = max(1, C-distance)` and `endJ = min(M, C+distance)`. Again it scans all columns in this range, updating `bestValue` as needed. 

After both loops finish, `bestValue` holds the maximum diamond value that can be reached in at most \(P\) moves, and the program prints this value. The algorithm relies on simple nested loops and boundary calculations to cover the reachable cells, without any recursion or advanced data structures."
1332321125,46.43,java,GEOMETRIC_SCAN,GEOMETRIC_SCAN,YES,1,SORTED_MANHATTAN,0.000431061,1,SORTED_MANHATTAN,0.000488281,"The program reads the grid dimensions \(N\) and \(M\), the maximum number of moves \(P\) (stored in a long variable `LP`), and the starting position \((L,C)\). It then reads the \(N\times M\) matrix of diamond values into a 1‑based array `mat`. 
If the supplied \(P\) is larger than the total number of cells, it is capped to \(M\!\times\!N\); otherwise it is converted to an `int`. 

The algorithm then scans all cells that can be reached within at most \(P\) steps from the start. It does this by iterating over rows from `begingI = max(1, L-P)` up to `endI = min(N, L+P)`. For each row it computes a horizontal window of columns that are still reachable given the remaining steps. In the first half of the loop (rows from `begingI` to `L`) the horizontal bounds are calculated relative to `begingI`; in the second half (rows from `L+1` to `endI`) the bounds are calculated relative to the distance from the start row, using `distance = P - (i-L)`. 

During these nested loops the program keeps track of the maximum diamond value encountered in the variable `bestValue`. After all reachable cells have been examined, it prints this maximum value. The code therefore implements a brute‑force search over a diamond‑shaped region centered at the starting cell, bounded by the grid limits and the move limit \(P\)."
1332321160,50,java,GEOMETRIC_SCAN,GEOMETRIC_SCAN,YES,0.99609375,SORTED_MANHATTAN,0.001693726,1,SORTED_MANHATTAN,0.000911713,"The program reads the grid dimensions \(N\) and \(M\), a maximum number of moves \(P\) (given as a long but later truncated to an int), and the starting position \((L,C)\). It then reads an \(N \times M\) matrix of long values into a 1‑based array `mat`. 

After reading, the code caps the allowed number of moves to the total number of cells if the supplied \(P\) is larger than \(N \times M\). It then scans every cell of the matrix using two nested loops: the outer loop iterates over rows \(i = 1 \dots N\) and the inner loop iterates over columns \(j = 0 \dots M\). For each cell it checks whether the Manhattan distance from the start \(|L-i| + |C-j|\) is at most the allowed moves \(P\). If the cell satisfies this condition and its value is greater than the current best value, the best value is updated. 

Finally, the program prints the maximum value found among all cells reachable within the move limit. The algorithm is a brute‑force search over all grid positions, using a simple distance check to filter reachable cells."
1332386790,5.36,cpp,GREEDY_NEIGHBOR_WALK,GREEDY_NEIGHBOR_WALK,YES,0.99609375,GEOMETRIC_SCAN,0.002792358,1,UNKNOWN,0.000553131,"The program reads the grid dimensions \(N\) and \(M\), the maximum number of moves \(P\), and the starting position \((L,C)\). It then builds a 2‑D array `m` of size \((N+1)\times(M+1)\) and fills the cells \((1..N,1..M)\) with the diamond values, leaving a zero‑border around the array to avoid bounds checks.

If no moves are allowed (\(P=0\)), the program simply prints the value at the starting cell. Otherwise it enters a loop that runs exactly \(P\) times. In each iteration it looks at the four orthogonal neighbours of the current position (north, south, east, west) that lie inside the grid. Among those neighbours it selects the one with the largest diamond value, updates the current position to that neighbour, and records the chosen value in a vector `maximums`. The selection is done by comparing the neighbour values against a local variable `max` that is initially set to \(-9999\).

After performing all \(P\) moves, the program scans the `maximums` vector to find the largest value that was ever stepped on and outputs this maximum. Thus the program greedily walks from the start, always moving to the adjacent cell with the highest value, and finally reports the highest value encountered along that greedy path."
1332417615,50,cpp,GEOMETRIC_SCAN,GEOMETRIC_SCAN,YES,1,SORTED_MANHATTAN,0.000431061,0.99609375,SORTED_MANHATTAN,0.004608154,"The program reads the grid dimensions \(N\) and \(M\), the maximum number of moves \(P\), and the starting position \((L,C)\). It then reads the \(N \times M\) matrix of diamond values into a 1‑based array `a`. 

If \(P\) is zero, the piece cannot move, so the program simply outputs the value at the starting cell `a[L][C]`. 

Otherwise the program scans every cell of the grid. For each cell \((i,j)\) it computes the Manhattan distance to the start, `abs(L-i)+abs(C-j)`. If this distance is at most \(P\), the cell is reachable within the allowed moves. The program keeps a running maximum of the values of all reachable cells, initializing the maximum to the smallest 32‑bit integer. After examining all cells, it prints this maximum value. 

Thus the algorithm is a brute‑force search over the entire grid, selecting the highest diamond value whose Manhattan distance from the start does not exceed the permitted number of moves."
1332417755,50,cpp,GEOMETRIC_SCAN,GEOMETRIC_SCAN,YES,1,BFS_RADIUS,0.00014019,0.99609375,SORTED_MANHATTAN,0.003585815,"The program reads the grid dimensions \(N\) and \(M\), the maximum number of moves \(P\), and the starting position \((L,C)\). It then iterates over every cell of the grid, reading each diamond value \(x\). For each cell it computes the Manhattan distance \(|L-i|+|C-j|\) to the starting position. If this distance is at most \(P\) and the cell’s value is larger than the current maximum, the maximum is updated. After all cells have been examined, the program outputs the largest diamond value that lies within the reachable Manhattan radius. The only data structure used is a single integer variable holding the current maximum; the algorithm is a straightforward double loop over the grid."
1332549435,50,java,GEOMETRIC_SCAN,GEOMETRIC_SCAN,YES,1,BFS_RADIUS,0.00014019,1,SORTED_MANHATTAN,0.001029968,"The program reads the grid dimensions \(N\) and \(M\), the maximum number of moves \(P\), and the starting position \((L,C)\). It then reads an \(N \times M\) matrix of long integers, storing the values in a 1‑indexed array `matrix`. 

After the input, the program iterates over every cell \((i,j)\) of the grid. For each cell it computes the Manhattan distance to the starting position, \(|i-L|+|j-C|\). If this distance is no greater than \(P\), the cell is reachable within the allowed number of moves. The program keeps track of the largest value among all reachable cells in the variable `maxValue`. 

Finally, it prints `maxValue`, which is the maximum diamond value that can be reached in at most \(P\) moves. The algorithm is a simple exhaustive scan of the grid with a constant‑time check per cell."
1332550913,50,cpp,GEOMETRIC_SCAN,GEOMETRIC_SCAN,YES,1,BFS_RADIUS,0.000335693,1,SORTED_MANHATTAN,0.001029968,"The program reads the grid dimensions \(N\) and \(M\), the maximum number of moves \(P\), and the starting position \((L,C)\). It converts the starting coordinates to 0‑based indices. It then allocates a two‑dimensional vector to store the diamond values. While reading each cell of the grid, the program immediately checks whether the Manhattan distance from the starting cell to the current cell is at most \(P\). If this condition holds and the cell’s value is larger than the current maximum, the maximum is updated. After all cells have been processed, the program outputs the largest value found among all cells reachable within \(P\) moves. No further traversal or search is performed; the solution relies solely on the distance test applied during input."
1332558574,50,cpp,GEOMETRIC_SCAN,GEOMETRIC_SCAN,YES,1,BFS_RADIUS,0.000230789,1,SORTED_MANHATTAN,0.001167297,"The program reads the grid dimensions \(N\) and \(M\), the maximum number of moves \(P\), and the starting position \((L,C)\). It then reads the \(N \times M\) matrix of diamond values into a 1‑based indexed vector of vectors called `beauty`. For each cell \((i,j)\) it computes the Manhattan distance to the starting cell as \(|i-L|+|j-C|\). If this distance is no larger than \(P\) the cell is reachable within the allowed moves. Among all reachable cells the program keeps the one with the largest diamond value, updating the stored coordinates whenever a larger value is found. After scanning the entire grid it outputs the value of the best reachable diamond. The algorithm is a simple exhaustive search over all cells, using a single nested loop and a distance check."
1332601901,50,cpp,GEOMETRIC_SCAN,GEOMETRIC_SCAN,YES,0.99609375,SORTED_MANHATTAN,0.003585815,0.98046875,SORTED_MANHATTAN,0.015869141,"The program begins by reading five integers: the number of rows \(n\), the number of columns \(m\), the maximum number of moves \(p\), and the starting position of the piece given by row \(l\) and column \(c\). It then reads the grid of diamond values, one integer per cell.

If the allowed number of moves \(p\) is zero, the program simply scans the grid until it reaches the starting cell \((l,c)\). When that cell is read, its value is stored in the variable `maxim` and the remaining input is ignored. The value of `maxim` is then printed.

If \(p>0\), the program iterates over every cell of the grid. For each cell \((i,j)\) it computes the Manhattan distance to the starting position, \(|i-l|+|j-c|\). If this distance is less than or equal to \(p\) and the cell’s value \(x\) is larger than the current `maxim`, the program updates `maxim` to \(x\). After all cells have been examined, the program outputs the largest value found within the reachable area.

The algorithm uses a single integer variable `maxim` to keep track of the best diamond value seen so far, and two nested loops to traverse the grid. No additional data structures or recursion are employed. The program’s output is the maximum diamond value that can be reached in at most \(p\) moves, or the value at the starting cell when no moves are allowed."
1332609417,7.14,cpp,DFS_RADIUS,DFS_RADIUS,YES,0.890625,SORTED_MANHATTAN,0.034667969,0.90234375,DP_RADIUS,0.02722168,"The program reads the grid dimensions \(N\) and \(M\), the maximum number of moves \(P\), and the starting position \((L,C)\). It then stores the diamond values in a 1‑indexed 2‑D vector `values` and creates a 1‑indexed 2‑D boolean vector `visited` initialized to `false`. 

The core routine is a recursive depth‑first search `find_max_val`. It receives the current coordinates, the remaining move count `P`, a reference to the current maximum value `Max`, and copies of the `values` and `visited` grids. At each call the function first checks whether the remaining moves are negative, the cell has already been visited in this particular recursion path, or the coordinates are outside the grid; if any of these conditions hold, the call returns immediately. Otherwise it marks the current cell as visited, updates `Max` with the value of that cell, and then recursively explores the four orthogonal neighbours, decrementing the remaining move count by one each time. 

Because the `visited` vector is passed by value, each recursive branch receives its own copy of the visited state, so a cell may be revisited in a different branch of the search. The recursion explores all possible paths of length up to `P` starting from \((L,C)\), keeping track of the highest diamond value encountered. After the initial call finishes, the program prints the maximum value found. The algorithm therefore performs an exhaustive search of all reachable cells within `P` steps, updating the maximum as it goes."
1332615765,7.14,java,GEOMETRIC_SCAN,GEOMETRIC_SCAN,YES,0.9921875,UNKNOWN,0.002182007,0.99609375,SORTED_MANHATTAN,0.001029968,"The program reads the grid dimensions \(N\) and \(M\), the maximum number of moves \(P\), and the starting position \((L,C)\) (1‑based). It then reads the \(N \times M\) matrix of diamond values into a 2‑dimensional array. 

The algorithm keeps a single variable `diamond` initialized with the value at the starting cell. It then explores the four cardinal directions one step at a time, up to \(P\) steps, updating `diamond` whenever a larger value is found. For each direction it uses a loop that decrements a counter (`right`, `left`, `up`, `down`) from \(P\) down to 1, checking that the new coordinates stay within the grid bounds. The bounds checks are performed with the wrong dimension for horizontal moves (using `N` instead of `M`), but the intent is to stay inside the grid. After all four loops, the maximum value reachable within at most \(P\) moves is printed.

Thus the program simply scans the cells that lie on the same row or column as the start, within a Manhattan distance of \(P\), and outputs the largest diamond value among them."
1332615936,42.86,java,GEOMETRIC_SCAN,GEOMETRIC_SCAN,YES,1,SORTED_MANHATTAN,0.001167297,0.9453125,SORTED_MANHATTAN,0.047119141,"The program reads the grid dimensions \(N\) and \(M\), the maximum number of moves \(P\), and the starting position \((L,C)\) (1‑based). It then reads the \(N \times M\) matrix of diamond values. The value at the starting cell is stored as the current best.

Next, the code iterates over all cells using two nested loops where the inner loop mistakenly runs from \(0\) to \(N-1\) instead of \(0\) to \(M-1\). For each cell \((i,j)\) it computes the Manhattan distance from the starting position: \(|(L-1)-i| + |(C-1)-j|\). If this distance is at most \(P\), the cell is considered reachable within the allowed moves, and the program updates the best value if the diamond at that cell is larger.

Finally, the program outputs the maximum diamond value found among all cells that satisfy the distance constraint."
1332616033,50,java,GEOMETRIC_SCAN,GEOMETRIC_SCAN,YES,1,BFS_RADIUS,0.000148773,1,SORTED_MANHATTAN,0.000553131,"The program reads the grid dimensions \(N\) and \(M\), the maximum number of moves \(P\), and the starting position \((L,C)\). It then reads the \(N \times M\) matrix of diamond values into a 1‑based array `grid`. 

The algorithm keeps a single variable `diamond` initialized with the value at the starting cell. It iterates over every cell \((i,j)\) of the grid and computes the Manhattan distance \(|L-i|+|C-j|\). If this distance is at most \(P\), the cell is reachable within the allowed moves, and the program updates `diamond` to the larger of its current value and `grid[i][j]`. 

After scanning all cells, `diamond` holds the maximum diamond value that can be reached in at most \(P\) steps, and the program outputs this value. The solution uses a straightforward double loop and a simple distance check, without any recursion or advanced data structures."
1332619959,50,java,GEOMETRIC_SCAN,GEOMETRIC_SCAN,YES,1,BFS_RADIUS,0.00015831,0.99609375,SORTED_MANHATTAN,0.001922607,"The program reads the grid dimensions \(N\) and \(M\), the maximum number of moves \(P\), and the starting position \((L,C)\). It then reads the \(N \times M\) matrix of diamond values into a 1‑based array. 

After the input, the code iterates over every cell \((i,j)\) of the grid. For each cell it computes the Manhattan distance \(|L-i|+|C-j|\) from the starting position. If this distance is at most \(P\), the cell is reachable within the allowed number of moves, and the program compares its value with a running maximum. The maximum value among all reachable cells is stored in the variable `max`. 

Finally, the program outputs this maximum value. The algorithm is a simple exhaustive scan of the grid, using a single nested loop and a distance check to filter reachable cells."
1332621134,50,cpp,GEOMETRIC_SCAN,GEOMETRIC_SCAN,YES,1,SORTED_MANHATTAN,0.000261307,0.99609375,SORTED_MANHATTAN,0.002182007,"The program begins by reading the grid dimensions \(n\) and \(m\), the maximum number of moves \(p\), and the starting position \((L,C)\). The starting coordinates are converted from 1‑based to 0‑based indices. It then initializes a variable `maxi` to \(-1\) to keep track of the highest diamond value that can be reached.

The program proceeds to read the entire \(n \times m\) grid row by row. For each cell \((i,j)\) it calculates the Manhattan distance from the starting cell: \(|L-i| + |C-j|\). If this distance is less than or equal to the allowed number of moves \(p\), the cell is considered reachable. The value in that cell is compared with the current `maxi`, and if it is larger, `maxi` is updated.

After all cells have been processed, the program outputs the value stored in `maxi`, which represents the maximum diamond value that Matei can reach within at most \(p\) moves. If no cell satisfies the distance condition, `maxi` remains \(-1\) and that value is printed."
1332626136,12.5,java,DFS_RADIUS,DFS_RADIUS,YES,0.625,SORTED_MANHATTAN,0.108886719,0.95703125,GREEDY_NEIGHBOR_WALK,0.019897461,"The program reads the grid dimensions \(N\) and \(M\), the maximum number of moves \(P\), and the starting position \((L,C)\) (1‑based). It then reads an \(N\times M\) matrix of integer diamond values. The starting cell is converted to 0‑based indices and stored in an `ArrayList<Pair>` called `sol`, which represents the current path of positions.

A recursive method `backt` is used to explore all possible walks of exactly `P` steps. The method receives the current step count, the target step count, the current path list, the best value found so far, arrays describing the four cardinal moves, the grid size, and the matrix. At each call, if the desired number of steps has been reached, the value of the diamond in the last cell of the path is compared with the current maximum and the larger one is returned. Otherwise, the method iterates over the four directions, computes the next row and column, and checks only that the new indices are less than `N` and `M` (it does not check for non‑negative indices). If the move stays inside the grid, the new position is appended to `sol`, the method recurses with an incremented step count, and after returning the new maximum is compared with the current maximum. The new position is then removed from `sol` (backtracking). The recursion explores all possible sequences of up to `P` moves, keeping track of the highest diamond value encountered.

Finally, the main method calls `backt` starting from step 0, passing the initial maximum as the value of the starting cell, and prints the maximum value found after exploring all paths. The algorithm is a brute‑force depth‑first search that enumerates every walk of length `P` from the starting position, updating the best diamond value along the way."
1332661224,37.5,java,GEOMETRIC_SCAN,GEOMETRIC_SCAN,YES,1,SORTED_MANHATTAN,0.000488281,1,SORTED_MANHATTAN,0.000709534,"The program reads the grid dimensions \(N\) and \(M\), the maximum number of moves \(P\), and the starting position \((L,C)\) (1‑based). It then reads an \(N\times M\) matrix of integer diamond values. After converting the start coordinates to 0‑based indices, it determines a rectangular window around the start that could contain any cell reachable in at most \(P\) steps: the window’s top‑left corner is \((\max(0,L-P),\max(0,C-P))\) and its bottom‑right corner is \((L+P,\,C+P)\), clamped to the grid bounds. (The code mistakenly assigns the clamped value to the wrong variable when the end exceeds the grid, but this does not affect the loop bounds because the loop uses the original end values.)

The program then iterates over every cell \((i,j)\) inside this window. For each cell it checks whether the Manhattan distance \(|i-L|+|j-C|\) is no greater than \(P\); if so, it compares the cell’s value with the current maximum and updates the maximum if the cell’s value is larger. The initial maximum is set to the value at the starting cell. After scanning all eligible cells, the program prints the maximum diamond value found.

Thus the implementation performs a bounded brute‑force search over all cells within a Manhattan distance \(P\) from the start, keeping track of the largest value encountered."
1332673192,8.93,java,GEOMETRIC_SCAN,GEOMETRIC_SCAN,YES,1,SORTED_MANHATTAN,0.000295639,1,SORTED_MANHATTAN,0.000108719,"The program reads the grid dimensions \(N\) and \(M\), the maximum number of moves \(P\), and the starting position \((L,C)\). It then reads the \(N\times M\) matrix of diamond values into a 1‑based array `v`. A second array `dp` is allocated but never used.

If \(P=0\) the program simply outputs the value at the starting cell. 
Otherwise it initializes a variable `max` with the value at \((L,C)\). It then computes a rectangular region that is intended to contain all cells reachable in at most \(P\) steps. The vertical limits are set to `lim_max_sus = max(1, L-P)` and `lim_max_jos = min(N, L+P)`. For the horizontal limits the code mistakenly uses `N` instead of `M` when checking the right bound: if `C+P > N` it sets `lim_max_dreapta = M`, otherwise `lim_max_dreapta = C+P-1`. The left bound is `lim_max_stanga = max(1, C-P+1)`.

The program then iterates over all cells \((i,j)\) inside this rectangle and updates `max` whenever it finds a larger diamond value. Finally it prints the maximum value found.

Thus the implementation simply scans a (potentially incorrect) rectangular area around the start and reports the largest diamond value within that area."
1332673197,14.29,java,GEOMETRIC_SCAN,GEOMETRIC_SCAN,YES,1,BFS_RADIUS,0.000108719,1,SORTED_MANHATTAN,0.000131607,"The program reads the grid dimensions \(N\) and \(M\), the maximum number of moves \(P\), and the starting position \((L,C)\). It then reads the \(N\times M\) matrix of diamond values into a 1‑based array `v`. 

If \(P=0\) the answer is simply the value at the starting cell, which the program prints immediately. 
Otherwise the program attempts to determine a rectangular region of cells that could be reached within at most \(P\) moves. It computes four limits: 
- `lim_max_sus` (top row) is set to 1 if \(L-P<0\), otherwise to \(L-P+1\). 
- `lim_max_jos` (bottom row) is set to \(N\) if \(L+P>N\), otherwise to \(L+P-1\). 
- `lim_max_dreapta` (right column) is set to \(M\) if \(C+P>N\) (note the typo that uses \(N\) instead of \(M\)), otherwise to \(C+P-1\). 
- `lim_max_stanga` (left column) is set to 1 if \(C-P<0\), otherwise to \(C-P+1\). 

The program then iterates over every cell \((i,j)\) inside this rectangle and keeps track of the maximum diamond value found. Finally it prints that maximum. 

Thus the implementation simply scans a (potentially incorrectly bounded) rectangular area around the start cell and outputs the largest value within that area."
1332673206,8.93,java,GEOMETRIC_SCAN,GEOMETRIC_SCAN,YES,0.99609375,SORTED_MANHATTAN,0.000907898,1,BFS_RADIUS,0.000335693,"The program reads the grid dimensions `n` and `m`, the maximum number of moves `p`, and the starting position `(l, c)` (1‑based). It then reads the `n × m` matrix of diamond values into a 1‑based array `v`. 

If `p` is zero the answer is simply the value at the starting cell, which is printed immediately. 
Otherwise the code determines a rectangular region that contains all cells reachable in at most `p` moves: the row limits are `max(1, l‑p)` to `min(n, l+p)` and the column limits are `max(1, c‑p)` to `min(m, c+p)` (note that the code mistakenly uses `n` instead of `m` when checking the right bound, but this does not affect the description of the implemented logic). 

It then iterates over every cell `(i, j)` in this rectangle. For each cell it compares its value `v[i][j]` with the current maximum. The value is considered only if the absolute difference in rows from the start is **not equal** to the absolute difference in columns (`Math.abs(i‑l) != Math.abs(j‑c)`), i.e., the cell is not on either of the two diagonals passing through the start. If the value is larger than the current maximum, the maximum is updated. 

After scanning the rectangle, the program outputs the largest value found that satisfies the diagonal‑exclusion condition. This is the final result printed to standard output."
1332673226,3.57,java,GEOMETRIC_SCAN,GEOMETRIC_SCAN,YES,0.9921875,UNKNOWN,0.004058838,0.99609375,UNKNOWN,0.001922607,"The program reads the grid dimensions \(N,M\), the maximum number of moves \(P\), and the starting position \((L,C)\). It stores the diamond values in a 1‑based array `v`. If no moves are allowed it simply outputs the value at the starting cell.

For \(P>0\) the code first sets `max` to the starting cell’s value. It then computes four limits that define a rectangular region around the start: 
- `lim_max_sus` (top) = \(\max(1, L-P+1)\) 
- `lim_max_jos` (bottom) = \(\min(N, L+P-1)\) 
- `lim_max_stanga` (left) = \(\max(1, C-P+1)\) 
- `lim_max_dreapta` (right) = \(\min(M, C+P-1)\) 
(There is a bug where the right limit uses `n` instead of `m`.)

The program then iterates over every cell \((i,j)\) inside this rectangle. For each cell it updates `max` if the cell’s value is larger than the current `max` **and** the Manhattan distance from the start is not equal to the absolute difference of the row and column indices (`Math.abs(i-L) != Math.abs(j-C)`). After scanning the rectangle, it checks four additional cells that lie immediately outside the rectangle on the same row or column as the start: the cells to the left, right, above, and below the rectangle’s borders. If any of these cells contain a value larger than `max`, `max` is updated accordingly.

Finally, the program prints the value stored in `max`, which is intended to be the largest diamond value reachable within at most \(P\) moves, though the implemented logic only considers a specific rectangular neighbourhood and a few adjacent cells."
1332673234,5.36,java,GEOMETRIC_SCAN,GEOMETRIC_SCAN,YES,0.9921875,UNKNOWN,0.003585815,1,SORTED_MANHATTAN,0.00062561,"The program reads the grid dimensions `n` and `m`, the maximum number of moves `p`, and the starting position `(l, c)` (1‑based). It then reads the `n × m` matrix of diamond values into a 1‑based array `v`. A second array `dp` is allocated but never used.

If `p` is zero the program simply outputs the value of the starting cell. 
Otherwise it initializes a variable `max` with the value at the starting position. 
It then computes four limits that are intended to bound the region reachable in at most `p` steps:

* `lim_max_sus` – the smallest row index that could be reached by moving up `p` steps, clamped to 1.
* `lim_max_jos` – the largest row index that could be reached by moving down `p` steps, clamped to `n`.
* `lim_max_stanga` – the smallest column index that could be reached by moving left `p` steps, clamped to 1.
* `lim_max_dreapta` – the largest column index that could be reached by moving right `p` steps, clamped to `m`.

The program then iterates over every cell inside the rectangle defined by these limits (inclusive) and updates `max` if a larger value is found. After the loop it also checks the four cells immediately outside the rectangle—one step left, right, up, and down from the starting row or column—updating `max` if any of them contain a larger value. Finally it prints the largest value found.

Thus the code attempts to find the maximum diamond value within a Manhattan‑distance‑bounded rectangle around the start, with an additional check of the four adjacent cells outside that rectangle. The algorithm is a simple nested loop over a bounded sub‑matrix, plus a few extra boundary checks."
1332673244,10.71,java,GEOMETRIC_SCAN,GEOMETRIC_SCAN,YES,0.99609375,UNKNOWN,0.000518799,0.9921875,UNKNOWN,0.002166748,"The program reads the grid dimensions `n` and `m`, the maximum number of moves `p`, and the starting position `(l,c)` (1‑based). It then reads the `n × m` matrix of diamond values into a 2‑dimensional array `v`. A second array `dp` is allocated but never used.

If `p` is zero the program simply outputs the value of the starting cell. 
Otherwise it initializes a variable `max` with the value at the starting cell and computes four bounds that are intended to describe the square of cells reachable in at most `p` steps:

* `lim_max_sus` – the smallest row index that can be reached by moving up `p` steps (clamped to 1).
* `lim_max_jos` – the largest row index that can be reached by moving down `p` steps (clamped to `n`).
* `lim_max_stanga` – the smallest column index that can be reached by moving left `p` steps (clamped to 1).
* `lim_max_dreapta` – the largest column index that can be reached by moving right `p` steps (clamped to `m`).

The code then iterates over every cell `(i,j)` inside this rectangle and updates `max` if a larger value is found. After the loop it also checks the four cells that lie immediately outside the rectangle on the same row or column as the starting position (if they exist) and updates `max` accordingly. Finally it prints the value of `max`.

Thus the program attempts to find the maximum diamond value within a Manhattan‑distance‑`p` neighbourhood of the starting cell, but it actually scans a rectangular region and only considers a few cells just outside that rectangle. The result is the largest value found in that limited set of cells."
1332673446,37.5,java,GEOMETRIC_SCAN,GEOMETRIC_SCAN,YES,0.99609375,SORTED_MANHATTAN,0.001167297,1,SORTED_MANHATTAN,0.000911713,"The program reads the grid dimensions \(N\) and \(M\), the maximum number of moves \(P\), and the starting position \((L,C)\). It then stores the diamond values in a 1‑based array `v`. If no moves are allowed (\(P=0\)), it simply outputs the value at the starting cell.

For \(P>0\) the code attempts to examine all cells that can be reached within at most \(P\) steps. It defines a vertical window from row `l‑p` to `l+p` and keeps two horizontal limits, `lim_max_stanga` and `lim_max_dreapta`, both initially equal to the starting column. As it iterates over each row `i` in the vertical window, it scans columns from `lim_max_stanga` to `lim_max_dreapta`, updating the maximum value found. After processing a row, it expands or contracts the horizontal limits: if the current row is above the start, the limits widen (`stanga--`, `dreapta++`); otherwise they narrow (`stanga++`, `dreapta--`). This pattern is intended to cover all cells whose Manhattan distance from \((L,C)\) does not exceed \(P\).

Finally, the program prints the maximum value discovered during this scan. The implementation uses nested loops and simple boundary checks, but it mistakenly uses `n` instead of `m` when validating column indices, which may cause incorrect behavior near the grid’s right edge."
1332673995,50,cpp,GEOMETRIC_SCAN,GEOMETRIC_SCAN,YES,1,BFS_RADIUS,0.0001688,0.99609375,SORTED_MANHATTAN,0.002792358,"The program reads the grid dimensions \(N\) and \(M\), the maximum number of moves \(P\), and the starting position \((L,C)\). It converts the 1‑based start coordinates to 0‑based indices. Then it iterates over every cell of the grid, reading each diamond value into the variable `el`. For each cell it computes the Manhattan distance from the start: \(|i-L| + |j-C|\). If this distance is at most \(P\) and the cell’s value is larger than the current maximum, the maximum is updated. After all cells have been processed, the program outputs the largest value found among all cells reachable within \(P\) moves. The algorithm is a simple linear scan of the grid with a constant‑time check per cell."
1332674020,50,cpp,GEOMETRIC_SCAN,GEOMETRIC_SCAN,YES,0.99609375,SORTED_MANHATTAN,0.001495361,0.98828125,SORTED_MANHATTAN,0.010986328,"The program reads the grid dimensions \(N\) and \(M\), the maximum number of moves \(P\), and the starting position \((L,C)\). It then reads the \(N \times M\) matrix of diamond values into a 2‑dimensional array `v` indexed from 1. 

If \(P\) is zero the answer is simply the value at the starting cell, which the program prints. 
Otherwise the program scans every cell \((i,j)\) of the grid. For each cell it checks two conditions: the cell’s value must be larger than the current best value stored in the variable `max`, and the Manhattan distance \(|i-L|+|j-C|\) must not exceed \(P\). When both conditions hold, `max` is updated to that cell’s value. After examining all cells, the program outputs the final value of `max`. 

Thus the algorithm finds the maximum diamond value reachable within at most \(P\) steps by a simple brute‑force search over all grid positions, using the Manhattan distance as the movement constraint."
1332711292,37.5,java,GEOMETRIC_SCAN,GEOMETRIC_SCAN,YES,1,BFS_RADIUS,0.000278473,1,SORTED_MANHATTAN,0.001029968,"The program reads the grid dimensions \(N\) and \(M\), the maximum number of moves \(P\), and the starting position \((L,C)\) (1‑based). It then reads an \(N\times M\) matrix of integer diamond values. After converting the start coordinates to 0‑based indices, it determines a rectangular window around the start that could contain any cell reachable within \(P\) steps: the window’s top‑left corner is \((\max(0,L-P),\max(0,C-P))\) and its bottom‑right corner is \((\min(N-1,L+P),\min(M-1,C+P))\). (The code contains a small bug where it mistakenly assigns `x_init = N` when the bottom bound exceeds the grid, but this does not affect the intended logic.)

The program initializes the answer to the value at the starting cell. It then iterates over every cell \((i,j)\) inside the computed window. For each cell it checks whether the Manhattan distance \(|i-L|+|j-C|\) is at most \(P\); if so, it compares the cell’s value with the current maximum and updates the maximum if the cell’s value is larger. After scanning all eligible cells, it outputs the maximum value found. This brute‑force search over the bounded rectangle yields the highest diamond value reachable within at most \(P\) moves."
1332711394,37.5,java,GEOMETRIC_SCAN,GEOMETRIC_SCAN,YES,1,SORTED_MANHATTAN,0.000488281,1,SORTED_MANHATTAN,0.001029968,"The program begins by reading the grid dimensions \(N\) and \(M\), the maximum number of moves \(P\), and the starting position \((L,C)\) (1‑based). It then reads an \(N \times M\) matrix of integer diamond values. After converting the starting coordinates to 0‑based indices, it determines a rectangular window around the start that could contain any cell reachable in at most \(P\) steps. The window’s lower bounds are \(x_{\text{init}} = \max(0, L-P)\) and \(y_{\text{init}} = \max(0, C-P)\); the upper bounds are intended to be \(x_{\text{end}} = \min(N-1, L+P)\) and \(y_{\text{end}} = \min(M-1, C+P)\), but the code mistakenly assigns to the wrong variables when the bounds exceed the grid, effectively setting the loop limits to the grid size.

Within this window the program iterates over every cell \((i,j)\). For each cell it checks whether the Manhattan distance \(|i-L| + |j-C|\) is no greater than \(P\); if so, it compares the cell’s value to the current maximum and updates the maximum if the cell’s value is larger. The initial maximum is set to the value at the starting cell. After scanning all eligible cells, the program outputs the maximum diamond value found.

Thus the implementation performs a bounded brute‑force search over all cells within a Manhattan distance \(P\) from the start, keeping track of the highest value encountered."
1332711589,50,java,GEOMETRIC_SCAN,GEOMETRIC_SCAN,YES,1,BFS_RADIUS,0.000216484,1,SORTED_MANHATTAN,0.00062561,"The program reads the grid dimensions \(N\) and \(M\), the maximum number of moves \(P\), and the starting position \((L,C)\) (1‑based). It then reads an \(N\times M\) matrix of integer diamond values. After converting the start coordinates to 0‑based indices, it determines a rectangular window that contains all cells that could possibly be reached within \(P\) steps: the window’s top‑left corner is \((\max(0,L-P),\max(0,C-P))\) and its bottom‑right corner is \((\min(N-1,L+P),\min(M-1,C+P))\). 

The code iterates over every cell inside this window. For each cell \((i,j)\) it checks whether the Manhattan distance \(|i-L|+|j-C|\) is at most \(P\); if so, it compares the cell’s value with the current maximum and updates the maximum if the cell’s value is larger. The initial maximum is set to the value at the starting cell. After scanning all eligible cells, the program outputs the maximum diamond value found.

Thus the implementation performs a bounded brute‑force search over the diamond‑shaped region reachable in at most \(P\) moves, keeping track of the highest value encountered."
1332720002,50,cpp,GEOMETRIC_SCAN,GEOMETRIC_SCAN,YES,1,BFS_RADIUS,0.00015831,1,SORTED_MANHATTAN,0.000911713,"The program reads the grid dimensions \(N\) and \(M\), the maximum number of moves \(P\), and the starting position \((L,C)\). It then reads the value of each cell in the grid one by one. While reading, it checks whether the Manhattan distance from the current cell \((i,j)\) to the starting cell \((L,C)\) is at most \(P\). If this condition holds, the cell’s value is compared with a running maximum; if it is larger, the maximum is updated. After all cells have been processed, the program outputs the largest value found among all cells that are reachable within \(P\) moves. The algorithm uses a simple double loop over the grid and a single integer variable to keep track of the maximum value."
1332720852,50,cpp,GEOMETRIC_SCAN,GEOMETRIC_SCAN,YES,0.99609375,SORTED_MANHATTAN,0.001502991,1,SORTED_MANHATTAN,0.000553131,"The program reads the grid dimensions \(N\) and \(M\), the maximum number of moves \(P\), and the starting position \((L,C)\). It then reads an \(N \times M\) matrix of integer diamond values, storing it in a 1‑based vector of vectors. 

The variable `maxim` is initialized with the value of the diamond at the starting cell. The program then iterates over every cell \((i,j)\) of the grid. For each cell it computes the Manhattan distance from the start, `steps = |L-i| + |C-j|`, using a helper function that returns the absolute value of an integer. If this distance is less than or equal to the allowed number of moves \(P\), the diamond value at that cell is compared with `maxim`, and `maxim` is updated to the larger of the two. 

After scanning all cells, the program outputs the value stored in `maxim`, which is the maximum diamond value reachable within at most \(P\) moves. The algorithm runs in \(O(NM)\) time and uses \(O(NM)\) memory for the matrix."
1332733002,50,cpp,GEOMETRIC_SCAN,GEOMETRIC_SCAN,YES,1,BFS_RADIUS,0.000115871,0.99609375,SORTED_MANHATTAN,0.001922607,"The program reads the grid dimensions \(N\) and \(M\), the maximum number of moves \(P\) (named `max_dist`), and the starting coordinates \((L,C)\) (stored as `xi` and `yi`). It then allocates a two‑dimensional vector `mat` of size \((N+1)\times(M+1)\) but never actually uses this array after reading the values.

While scanning the input grid, the code iterates over rows \(i=1\) to \(N\) and columns \(j=1\) to \(M\). For each cell it reads the diamond value `x`. It computes the Manhattan distance from the starting cell as \(|i-\text{xi}|+|j-\text{yi}|\). If this distance is at most `max_dist` and the value `x` is larger than the current best (`res`, initially set to the smallest 32‑bit integer), it updates `res` to `x`. Thus, the program keeps track of the maximum diamond value that lies within the allowed Manhattan distance from the start.

After all cells have been processed, the program outputs the value stored in `res`, which is the highest diamond value reachable in at most `P` moves. If no cell satisfies the distance condition, the output remains the initial minimum integer value."
1332751885,50,cpp,GEOMETRIC_SCAN,GEOMETRIC_SCAN,YES,1,BFS_RADIUS,0.000404358,0.99609375,SORTED_MANHATTAN,0.001701355,"The program reads the grid dimensions \(N\) and \(M\), the maximum number of moves \(P\), and the starting position \((L,C)\). It then reads the value of every cell in the grid one by one. For each cell \((i,j)\) it computes the Manhattan distance from the starting cell: 
\[
d = |L-i| + |C-j|.
\]
If this distance is at most \(P\), the cell is reachable within the allowed number of moves, and the program compares its value with a running maximum. The maximum is initially set to \(-1\) and is updated whenever a reachable cell has a larger value. After all cells have been processed, the program outputs this maximum value.

The algorithm uses a simple double loop over all grid cells, constant‑time distance calculation, and a single integer variable to keep track of the best value found. No additional data structures or complex control flow are employed."
1332753124,50,cpp,GEOMETRIC_SCAN,GEOMETRIC_SCAN,YES,1,SORTED_MANHATTAN,0.000335693,0.99609375,SORTED_MANHATTAN,0.001701355,"The program reads the grid dimensions \(N\) and \(M\), the maximum number of moves \(P\), and the starting position \((L,C)\). It then reads the \(N \times M\) matrix of diamond values into a 1‑based array `t`. 

It initializes a variable `frum` with the value of the diamond at the starting cell. Afterwards it iterates over every cell \((i,j)\) of the grid, computes the Manhattan distance \(|i-L|+|j-C|\) to the start, and if this distance is at most \(P\) it compares the cell’s value with `frum`. Whenever a larger value is found within the allowed distance, `frum` is updated to that value. 

After scanning all cells, the program outputs the final value of `frum`, which is the maximum diamond value reachable in at most \(P\) moves. The algorithm is a simple brute‑force search over all grid cells, using a single nested loop and a distance check."
1332753487,41.07,cpp,DP_RADIUS,BFS_RADIUS,NO,0.435546875,BFS_RADIUS,0.33984375,0.97265625,DP_RADIUS,0.020141602,"The program reads the grid dimensions \(N\) and \(M\), the maximum number of moves \(P\), and the starting position \((L,C)\). It then reads the \(N\times M\) matrix of diamond values into a 1‑based array `f`. 

A three‑dimensional boolean array `dp[k][i][j]` is allocated, where `k` ranges from \(0\) to \(P\) and `i,j` index the grid cells. `dp[0][L][C]` is set to true, indicating that the starting cell is reachable with zero moves. A variable `z` is used to keep the maximum diamond value seen so far; it is initially set to the value at the starting cell (though this assignment occurs before the grid is read, so it starts as zero).

For each step count `k` from 1 to `P`, the program iterates over every cell \((i,j)\). It marks `dp[k][i][j]` true if any of the four orthogonal neighbours \((i-1,j)\), \((i+1,j)\), \((i,j-1)\), \((i,j+1)\) were reachable in the previous step (`k-1`). Because the `dp` array is padded with an extra border of false values, out‑of‑bounds neighbour checks automatically fail. Whenever a cell becomes reachable at step `k`, the program updates `z` to the maximum of its current value and the diamond value stored in `f[i][j]`.

After processing all allowed steps, the program outputs `z`, which represents the highest diamond value that can be reached in at most `P` moves from the starting position. The algorithm essentially performs a breadth‑first expansion over the grid up to depth `P`, tracking reachability and maintaining the best value encountered."
1332753509,41.07,cpp,DP_RADIUS,BFS_RADIUS,NO,0.84765625,BFS_RADIUS,0.042236328,0.96484375,DP_RADIUS,0.025634766,"The program reads the grid dimensions \(N\) and \(M\), the maximum number of moves \(P\), and the starting position \((L,C)\). It then reads the \(N\times M\) matrix of diamond values into a 1‑based array `f`. 

A three‑dimensional boolean array `dp[k][i][j]` is allocated, where `k` ranges from \(0\) to \(P\) and `i,j` from \(1\) to \(N,M\). `dp[0][L][C]` is set to `true`, representing that the starting cell is reachable with zero moves. For each subsequent move count `k` (from 1 to `P`), the program iterates over every cell \((i,j)\) and sets `dp[k][i][j]` to `true` if any of the four orthogonal neighbours was reachable in the previous step (`dp[k-1][i-1][j]`, `dp[k-1][i+1][j]`, `dp[k-1][i][j-1]`, `dp[k-1][i][j+1]`). The array is padded with an extra border of false values, so out‑of‑bounds accesses simply yield `false`. 

Whenever a cell becomes reachable at step `k`, the program updates a running maximum `z` with the value of that cell. The initial value of `z` is set to the value at the starting position. After processing all steps up to `P`, `z` holds the largest diamond value that can be reached in at most `P` moves, and this value is printed. The algorithm therefore performs a breadth‑first‑style expansion of reachable cells up to depth `P`, tracking the maximum value encountered."
1332755147,50,cpp,GEOMETRIC_SCAN,GEOMETRIC_SCAN,YES,0.99609375,SORTED_MANHATTAN,0.004058838,0.97265625,SORTED_MANHATTAN,0.022949219,"The program reads the grid dimensions \(N\) and \(M\), the maximum number of moves \(P\), and the starting position \((L,C)\). It then reads the \(N \times M\) matrix of diamond values into a 2‑D array `dp`. After the input phase, it initializes a variable `ans` to zero and iterates over every cell of the grid. For each cell \((i,j)\) it computes the Manhattan distance \(|L-i|+|C-j|\). If this distance is at most \(P\), the cell is reachable within the allowed number of moves, so the program updates `ans` to be the larger of its current value and the diamond value stored in `dp[i][j]`. Once all cells have been examined, the program outputs the value of `ans`, which represents the maximum diamond value that can be reached in at most \(P\) steps."
1332757017,14.29,cpp,DP_RADIUS,DFS_RADIUS,NO,0.470703125,DFS_RADIUS,0.172851563,0.96875,DP_RADIUS,0.009521484,"The program reads the grid dimensions \(N\) and \(M\), the maximum number of moves \(P\), and the starting position \((L,C)\). It then reads an \(N\times M\) matrix of integer diamond values, storing it in a 1‑based array `a`. 

The core of the solution is a recursive depth‑first search `dp_rec`. The routine receives the current coordinates, the remaining number of moves, and a reference to the current maximum value `mx`. It first checks that the coordinates are inside the grid and that at least one move remains; if either condition fails, the call returns immediately. Otherwise it compares the diamond value at the current cell with `mx` and updates `mx` if the current value is larger. Then it recursively explores the four orthogonal neighbours (north, west, east, south), each time decrementing the remaining move counter by one. Thus every path of length up to \(P\) starting from \((L,C)\) is traversed, and the largest diamond value encountered along any such path is stored in `mx`. 

After the recursive exploration finishes, the main function outputs the value of `mx`, which is the maximum diamond value reachable within at most \(P\) moves from the starting position. The algorithm has no memoisation or pruning, so it explores all possible paths up to depth \(P\), leading to exponential time complexity."
1332757491,50,cpp,GEOMETRIC_SCAN,GEOMETRIC_SCAN,YES,1,BFS_RADIUS,0.000131607,0.99609375,SORTED_MANHATTAN,0.002471924,"The program reads the grid dimensions \(N\) and \(M\), the maximum number of moves \(P\), and the starting position \((L,C)\). It then reads an \(N \times M\) matrix of integer diamond values into a 1‑based array `a`. 

The variable `mx` is initialized to the value of the diamond at the starting cell. The program then scans every cell of the grid with two nested loops. For each cell \((i,j)\) it computes the Manhattan distance to the start, `abs(i-L)+abs(j-C)`. If this distance is at most \(P\), the cell is reachable within the allowed moves, and the program compares its value to `mx`, updating `mx` if a larger value is found. 

After examining all cells, the program outputs the maximum diamond value that can be reached in at most \(P\) moves. The algorithm is a straightforward brute‑force search over all grid positions, using a simple distance check to filter reachable cells."
1332758280,50,cpp,GEOMETRIC_SCAN,GEOMETRIC_SCAN,YES,1,BFS_RADIUS,0.000115871,1,SORTED_MANHATTAN,0.001167297,"The program reads five integers that are intended to represent the grid size, the maximum number of moves, and the starting position: `n` (rows), `m` (columns), `p` (maximum moves), `l` (starting row), and `c` (starting column). It then reads an `n × m` matrix of integer values, one value per cell.

For every cell `(i, j)` in the grid, the program calculates the Manhattan distance to the starting cell `(l, c)` using the helper function `dist`, which returns `|i‑l| + |j‑c|`. If this distance is less than or equal to the allowed number of moves `p`, the cell is considered reachable. The program keeps track of the largest value among all reachable cells in the variable `sol`, initializing it to `-1` and updating it with `max(sol, f)` whenever a reachable cell with a higher value is found.

After processing all cells, the program outputs the value stored in `sol`, which represents the maximum diamond value that can be reached within at most `p` moves. If no cell is reachable, `sol` remains `-1` and that value is printed."
1332758508,50,java,GEOMETRIC_SCAN,GEOMETRIC_SCAN,YES,1,SORTED_MANHATTAN,0.00062561,0.99609375,SORTED_MANHATTAN,0.004608154,"The program reads the grid dimensions \(N\) and \(M\), the maximum number of moves \(P\), and the starting position \((L,C)\). It then reads an \(N \times M\) matrix of integer diamond values, storing them in a 1‑indexed array `matrice`. 

The core routine `diamante` iterates over every cell \((i,j)\) of the grid. For each cell it computes the Manhattan distance to the starting position using `distance(i,initialX,j,intialY)`. If this distance is at most \(P\), the diamond value at that cell is considered reachable, and the variable `max` is updated to the larger of its current value and the cell’s value. After scanning all cells, the program outputs the maximum value found, or \(-1\) if no cell is reachable within the allowed moves. The algorithm is a simple exhaustive search over the grid, relying on the distance formula and a single pass to determine the best reachable diamond."
1332762230,50,cpp,GEOMETRIC_SCAN,GEOMETRIC_SCAN,YES,1,BFS_RADIUS,0.0001688,0.99609375,SORTED_MANHATTAN,0.004058838,"The program reads the grid dimensions \(N\) and \(M\), the maximum number of moves \(P\), and the starting position \((L,C)\). It then reads the \(N \times M\) matrix of diamond values. For each cell \((i,j)\) it computes the Manhattan distance from the start, \(|L-i|+|C-j|\). If this distance is at most \(P\), the cell is considered reachable within the allowed moves, and the program keeps track of the largest value seen among all such reachable cells. The variable `maxim` is initialized to the smallest 32‑bit integer and is updated whenever a reachable cell contains a larger value. After scanning the entire grid, the program outputs the value stored in `maxim`, which represents the maximum diamond value that can be reached in at most \(P\) moves. If no cell is reachable, `maxim` remains at its initial value and that is printed."
1332763523,7.14,cpp,DFS_RADIUS,DFS_RADIUS,YES,0.5,GEOMETRIC_SCAN,0.235351563,0.98046875,DP_RADIUS,0.009643555,"The program reads the grid dimensions \(N\) and \(M\), the maximum number of moves \(P\), and the starting position \((L,C)\) (1‑based). It then reads the \(N\times M\) matrix of diamond values. After converting the start coordinates to 0‑based indices, it stores the value of the starting cell in a variable called `max`.

The core of the algorithm is a recursive depth‑first search implemented in the function `check`. The function receives the current position \((pozl,pozc)\), the remaining number of moves `P`, a pointer to the current best value `max`, and the grid dimensions. At each call it first updates `max` if the value at the current cell is larger. It then stops recursing if no moves remain or if the current coordinates are outside the grid (the bounds test uses `pozl==N` or `pozl==-1`, etc.). Otherwise it recursively explores the four orthogonal neighbours, decrementing the remaining move count by one each time. Because the matrix is passed by value, each recursive call makes a full copy of the grid, which is highly inefficient.

After the recursive search finishes, the program outputs the maximum diamond value found within at most \(P\) steps from the starting cell. The algorithm explores all possible paths up to depth \(P\), updating the best value encountered, and finally prints that best value."
1332763749,16.07,cpp,GEOMETRIC_SCAN,DFS_RADIUS,NO,0.61328125,DFS_RADIUS,0.174804688,0.9609375,DP_RADIUS,0.01373291,"The program reads the grid dimensions \(N\) and \(M\), the maximum number of moves \(P\), and the starting position \((L,C)\) (1‑based). It then reads the \(N\times M\) matrix of diamond values. While reading, it keeps track of the overall maximum value in the grid and its coordinates \((pozmax1,pozmax2)\).

After converting the start coordinates to 0‑based, the program checks whether the Manhattan distance from the start to the globally maximum cell is at most \(P\). If this is true, it immediately prints that maximum value and terminates. Otherwise it initializes a local variable `max` to the value at the starting cell and proceeds to explore the grid.

The exploration is performed by the recursive function `check`. It receives the current position \((pozl,pozc)\), the remaining number of moves `P`, a pointer to the current best value `max`, and the grid dimensions. At each call it updates `max` if the current cell’s value is larger. If no moves remain or the position is outside the grid bounds (checked by comparing to `N`, `M`, `-1`), the recursion stops. Otherwise it recursively calls itself for the four orthogonal neighbours, decrementing the remaining moves by one each time. This exhaustive depth‑first search visits every cell reachable within at most \(P\) steps, updating `max` whenever a higher value is found.

Finally, after the recursive search completes, the program outputs the value stored in `max`, which is the highest diamond value reachable within the allowed number of moves."
1332763819,50,cpp,GEOMETRIC_SCAN,GEOMETRIC_SCAN,YES,1,SORTED_MANHATTAN,0.000709534,1,SORTED_MANHATTAN,0.000911713,"The program reads the grid dimensions \(N\) and \(M\), the maximum number of moves \(P\), and the starting position \((L,C)\) (converted to 0‑based indices). It then reads the \(N \times M\) matrix of diamond values. While reading each cell, it checks whether the Manhattan distance from the starting cell to the current cell is at most \(P\) (i.e., \(|i-L|+|j-C| \le P\)). If the cell is within this reachable radius and its value is larger than the current maximum, the maximum is updated. After all cells have been processed, the program outputs this maximum value, which represents the highest diamond value that can be reached in at most \(P\) moves. The algorithm uses a single nested loop to scan the grid and a simple integer comparison to maintain the best value."
1332763863,7.14,java,GEOMETRIC_SCAN,GEOMETRIC_SCAN,YES,0.99609375,UNKNOWN,0.001922607,0.96875,GREEDY_NEIGHBOR_WALK,0.022705078,"The program reads the size of a rectangular grid (N rows, M columns), the maximum number of moves P, and the starting position (L, C). It then stores the integer value of each cell in a 2‑dimensional array. If no moves are allowed (P = 0) it simply outputs the value of the starting cell.

For P > 0 the code attempts to find the largest diamond value that can be reached within at most P steps. It does this by examining four independent one‑dimensional sweeps: moving north, south, east, and west from the starting position. For each direction it iterates step by step, keeping a counter that is reset before the next direction. As long as the counter is less than P, it checks the cell in that direction and updates a running maximum if the cell’s value is larger. After all four sweeps the program prints the maximum value found.

Thus the implementation only considers cells that lie directly on the same row or column as the start and are no more than P cells away in a single straight line; it does not explore combinations of moves that would reach cells off the cross formed by the start."
1332764012,50,cpp,GEOMETRIC_SCAN,GEOMETRIC_SCAN,YES,1,BFS_RADIUS,0.00014019,0.99609375,SORTED_MANHATTAN,0.001167297,"The program reads the grid dimensions \(n\) and \(m\), the maximum number of moves \(p\), and the starting position \((l,c)\). It then iterates over every cell of the grid, reading the diamond value \(x\) at that cell. For each cell it computes the Manhattan distance from the starting position: 
\[
\text{dist} = |l-i| + |c-j|.
\]
If this distance is no larger than the allowed number of moves \(p\) and the value \(x\) is greater than the current best value, the program updates the best value. A single integer variable, initially set to the smallest 32‑bit signed integer, keeps track of the maximum reachable diamond value. After all cells have been processed, the program outputs this maximum value. If no cell is reachable within \(p\) moves, the output will be the initial sentinel value (the minimum 32‑bit integer)."
1332764503,41.07,cpp,GEOMETRIC_SCAN,GEOMETRIC_SCAN,YES,1,BFS_RADIUS,0.00062561,0.80859375,BFS_RADIUS,0.1796875,"The program reads the grid dimensions \(N\) and \(M\), the maximum number of moves \(P\), and the starting position \((L,C)\) (converted to 0‑based indices). It then reads the \(N\times M\) matrix of diamond values. The variable `maxi` is initialized with the value at the starting cell.

To find the largest value reachable in at most \(P\) steps, the code iterates over every possible Manhattan distance \(d\) from 1 to \(P\). For each distance \(d\) it examines all cells whose horizontal offset is exactly \(d\) (to the right and to the left) and whose vertical offset \(j\) satisfies \(0\le j\le P-d\). This covers all cells with \(|\Delta r|+|\Delta c|=d\). It also checks the purely vertical moves of distance \(d\) (up and down). For every such cell that lies inside the grid, the program updates `maxi` with the maximum of its current value and the cell’s diamond value.

After exhausting all distances up to \(P\), the program outputs the maximum diamond value found. The algorithm essentially performs a bounded breadth‑first search over the grid limited to a Manhattan radius \(P\), but implemented with nested loops rather than a queue."
1332764544,41.07,cpp,GEOMETRIC_SCAN,GEOMETRIC_SCAN,YES,0.99609375,BFS_RADIUS,0.000907898,0.9921875,SORTED_MANHATTAN,0.003585815,"The program reads the grid dimensions \(N\) and \(M\), the maximum number of moves \(P\), and the starting position \((L,C)\) (converted to 0‑based indices). It then reads the \(N\times M\) matrix of diamond values. The variable `maxi` is initialized to the value at the starting cell.

The core of the algorithm is a double‑loop that iterates over every possible horizontal offset `i` from 1 to `P`. For each such offset it first checks the cells directly to the left and right of the start (`C±i`) and updates `maxi` if a larger value is found. For each of those horizontal positions it then iterates over vertical offsets `j` from 1 up to `P-i`. For each pair `(i,j)` it examines the four cells that are `j` steps up or down from the horizontal position (`L±j, C±i`) and updates `maxi` accordingly. In addition, after handling the horizontal offsets, the code separately checks the cells directly above and below the start (`L±i, C`) for all `i` from 1 to `P`.

Thus the program enumerates every cell whose Manhattan distance from the starting position is at most `P` (including the start itself) and keeps track of the maximum diamond value among those cells. Finally it outputs this maximum value. The algorithm runs in \(O(P^2)\) time and uses only the input matrix and a few integer variables."
1332764572,41.07,cpp,GEOMETRIC_SCAN,GEOMETRIC_SCAN,YES,1,BFS_RADIUS,0.00062561,1,SORTED_MANHATTAN,0.001167297,"The program reads the grid dimensions \(N\) and \(M\), the maximum number of moves \(P\), and the starting position \((L,C)\) (converted to 0‑based indices). It then reads the \(N\times M\) matrix of diamond values. The variable `maxi` is initialized with the value at the starting cell.

The core of the algorithm is a double loop over an integer `i` from 1 to `P`. For each `i` it iterates `j` from 1 to `P-i`. The pair \((i,j)\) represents a horizontal offset of `i` steps and a vertical offset of `j` steps, so that the total Manhattan distance \(i+j\) does not exceed `P`. For each such pair the code checks the four diagonal positions \((L\pm j,\,C\pm i)\) that lie within the grid bounds, updating `maxi` with the maximum value found. After the inner loop, the code also checks the four axis‑aligned cells at exactly `i` steps away: \((L,\,C\pm i)\), \((L\pm i,\,C)\), again updating `maxi` when a larger value is encountered.

Thus the program examines every cell whose Manhattan distance from the start is at most `P`, keeping track of the largest diamond value among them. Finally it outputs this maximum value. The algorithm runs in \(O(P^2)\) time and uses only the input matrix and a few integer variables."
1332764573,50,cpp,GEOMETRIC_SCAN,GEOMETRIC_SCAN,YES,1,BFS_RADIUS,0.000148773,0.99609375,SORTED_MANHATTAN,0.002471924,"The program reads the grid dimensions \(N\) and \(M\), the maximum number of moves \(P\), and the starting position \((L,C)\). It then reads the \(N \times M\) matrix of diamond values into a 1‑based 2‑dimensional vector `v`. 

After the input, the code iterates over every cell \((i,j)\) of the grid. For each cell it computes the Manhattan distance to the starting position, \(|i-L|+|j-C|\). If this distance is at most \(P\), the cell is reachable within the allowed number of moves. The program keeps a variable `Max` (initialised to \(-1\,000\,000\)) and updates it whenever it finds a reachable cell whose value is larger than the current `Max`. 

Finally, the program outputs the value stored in `Max`, which is the largest diamond value that can be reached in at most \(P\) moves from the starting position. The algorithm is a simple brute‑force scan of all grid cells, checking a geometric condition (Manhattan distance) and maintaining a running maximum."
1332764584,50,cpp,GEOMETRIC_SCAN,GEOMETRIC_SCAN,YES,1,BFS_RADIUS,0.000457764,0.96484375,UNKNOWN,0.012145996,"The program reads the grid dimensions \(N\) and \(M\), the maximum number of moves \(P\), and the starting position \((L,C)\) (converted to 0‑based indices). It then reads the \(N\times M\) matrix of diamond values. The variable `maxi` is initialized with the value of the starting cell.

The core of the algorithm is a double loop. The outer loop variable `i` runs from 1 up to the smaller of \(P\) and \(\max(M,N)\). For each `i`, the inner loop variable `j` runs from 1 up to \(\min(P,\max(M,N)) - i\). Inside the inner loop the program checks the four cells that are offset by \((\pm i,\pm j)\) from the start: \((L\pm j,\,C\pm i)\). If any of these positions lies inside the grid, `maxi` is updated with the maximum of its current value and the diamond value at that cell.

After finishing the inner loop for a given `i`, the program also checks the four cells that lie exactly `i` steps away in the cardinal directions: \((L,\,C\pm i)\) and \((L\pm i,\,C)\). Again, if these positions are inside the grid, `maxi` is updated accordingly.

When all iterations are complete, `maxi` holds the largest diamond value that the program has examined, and this value is printed. The algorithm therefore explores a set of cells that lie on the “diamond” of Chebyshev distance up to \(\min(P,\max(M,N))\) from the starting point, but it does not consider all cells reachable within \(P\) Manhattan‑distance steps. The final output is the maximum value found among those inspected cells."
1333751390,1.79,cpp,BFS_RADIUS,BFS_RADIUS,YES,0.314453125,UNKNOWN,0.314453125,0.7890625,UNKNOWN,0.137695313,"The program reads the grid dimensions \(N\) and \(M\), the maximum number of moves \(P\), and the starting position \((L,C)\). It stores the diamond values in a 1‑based array `values` with a padding border, and a parallel boolean array `checkedVal` to mark visited cells.

If \(P=0\) the program simply prints the value at the starting cell. 
Otherwise it performs a breadth‑first traversal beginning at \((L,C)\). A queue holds cells to visit; each cell’s four orthogonal neighbours are examined. For every neighbour that lies inside the grid and has not yet been visited, the program updates `maxVal` with the larger of the current `maxVal` and the neighbour’s value, marks the neighbour as visited, and pushes it onto the queue. No step counter is used, so the traversal continues until all reachable cells (in this case the entire grid) have been processed.

Finally the program outputs `maxVal`, which is the maximum diamond value found during the traversal. Thus the implementation ignores the move limit \(P\) and returns the maximum value in the whole grid."
1333751432,50,cpp,BFS_RADIUS,BFS_RADIUS,YES,0.984375,GEOMETRIC_SCAN,0.007537842,0.99609375,GEOMETRIC_SCAN,0.001701355,"The program reads the grid dimensions \(N\) and \(M\), the maximum number of moves \(P\), and the starting position \((L,C)\). It then reads an \(N\times M\) matrix of integer diamond values, storing them in a 1‑based array `values`. 

If no moves are allowed (\(P=0\)), the program simply prints the value at the starting cell. 
Otherwise it performs a breadth‑first search that explores all cells reachable in at most \(P\) steps. A queue holds tuples \((x,y,r)\) where \((x,y)\) is a cell and \(r\) is the number of remaining moves. The search starts from \((L,C,P)\) and marks the start as visited in `checkedVal`. For each dequeued state it considers the four orthogonal neighbours; a neighbour is enqueued only if it lies inside the grid, has not been visited before, and the remaining move count after stepping there is still non‑negative. While enqueuing, the program updates `maxVal` with the maximum diamond value seen so far. 

Because each cell is visited at most once, the search effectively visits every cell whose Manhattan distance from the start is \(\le P\). After the queue empties, `maxVal` holds the largest diamond value reachable within the allowed moves, which the program outputs. The algorithm runs in \(O(NM)\) time and uses \(O(NM)\) memory for the visited array."
1333796493,37.5,cpp,BFS_RADIUS,BFS_RADIUS,YES,0.9609375,GEOMETRIC_SCAN,0.012084961,1,DFS_RADIUS,0.000431061,"The program reads the grid dimensions \(N\) and \(M\), the maximum number of moves \(P\), and the starting position \((L,C)\) (1‑based). It then reads an \(N\times M\) matrix of integer diamond values. Two auxiliary \(N\times M\) matrices are created: `distances`, initially all zeros, to store the number of steps taken to reach each cell, and `visited`, to mark whether a cell has already been queued.

A breadth‑first search is performed from the starting cell. The start coordinate is converted to 0‑based indices and pushed onto a queue. While the queue is not empty, the front cell is popped, its diamond value is compared to a running maximum `max_dia`, and the maximum is updated if necessary. If the distance to this cell is less than \(P\), the algorithm attempts to enqueue each of the four orthogonal neighbours (north, south, east, west) that lie within the grid bounds and have not yet been visited. For each such neighbour, its distance is set to the current cell’s distance plus one, it is marked visited, and it is pushed onto the queue.

After the BFS terminates (either all reachable cells within \(P\) steps have been processed or the queue is empty), the program outputs the maximum diamond value found during the traversal. The output is a single integer, the highest value among all cells that can be reached in at most \(P\) moves from the starting position."
1333802598,1.79,cpp,DFS_RADIUS,DFS_RADIUS,YES,0.279296875,UNKNOWN,0.279296875,0.953125,GREEDY_NEIGHBOR_WALK,0.019775391,"The program reads the grid dimensions \(N\) and \(M\), the maximum number of moves \(P\), and the starting position \((L,C)\). It stores the diamond values in a 1‑based 2‑D vector `map`. A second 2‑D vector `used` keeps a counter for how many times each cell has been entered during the current recursive path; it is initialized to zero.

The core of the algorithm is the recursive function `back`. It receives the current step count, the current coordinates, the remaining parameters, the `used` matrix, and a reference to the global maximum value found so far. When the step counter equals \(P\), the value of the diamond at the current cell is compared with the current maximum and the maximum is updated if necessary. The function then attempts to move in each of the four cardinal directions (north, south, east, west) as long as the move stays inside the grid and the current cell has been visited fewer than two times. Before each recursive call the counter for the current cell is incremented; there is no decrement when backtracking, so a cell can be entered at most twice during any path. The recursion explores all such paths up to depth \(P\) (though it may continue beyond \(P\) because there is no early return after reaching the limit).

After the recursive search finishes, the program outputs the maximum diamond value that could be reached in at most \(P\) moves from the starting position. The algorithm is essentially a depth‑first search with a per‑cell visit limit, exploring all possible move sequences up to the specified depth."
1333803659,8.93,cpp,DFS_RADIUS,DFS_RADIUS,YES,0.53125,GREEDY_NEIGHBOR_WALK,0.1953125,0.494140625,UNKNOWN,0.265625,"The program reads the grid dimensions \(N\) and \(M\), the maximum number of moves \(P\), and the starting position \((L,C)\). It stores the diamond values in a 1‑based 2‑D vector `map`. A second 2‑D vector `used` of the same size is initialized to zero; it is intended to count how many times a cell has been entered during a recursive search.

The core of the algorithm is the recursive function `back`. It receives the current position, the remaining number of moves, and the current maximum value found. When the remaining moves reach zero, it compares the value of the diamond at the current cell with the global maximum and updates it if larger. Otherwise, for each of the four cardinal directions, the function checks that the move stays inside the grid and that the current cell has been visited fewer than four times (`used[L][C] < 4`). If both conditions hold, it increments `used[L][C]` and recurses one step deeper with the remaining moves decreased by one. No backtracking step restores the `used` counter, so once a cell has been visited four times it can never be entered again in any subsequent recursive branch.

The main routine calls `back` with the initial position and the full move budget, then prints the maximum diamond value found. The algorithm therefore explores all paths of length up to \(P\) that respect the “at most four visits per cell” rule, updating the best value encountered."
1333804011,44.64,java,GEOMETRIC_SCAN,GEOMETRIC_SCAN,YES,1,SORTED_MANHATTAN,0.000379562,0.99609375,SORTED_MANHATTAN,0.001029968,"The program reads the grid dimensions \(N\) and \(M\), the maximum number of moves \(P\), and the starting position \((L,C)\) (1‑based indices). It then reads the \(N\times M\) matrix of diamond values into a 1‑based array `arr`. 

To determine which cells can be reached in at most \(P\) steps, the code constructs a diamond‑shaped region centered at \((L,C)\). It first limits the vertical extent to the rows from \(\max(1,L-P)\) to \(\min(N,L+P)\). For each row above the start row, it expands the horizontal window by decreasing the left bound and increasing the right bound by one cell per row, clamping to the grid borders. The same expansion is performed for rows below the start row, but the loop runs in reverse order. All cells whose Manhattan distance from \((L,C)\) is no greater than \(P\) are added to a list `sol`. 

Finally, the program computes the maximum value in `sol` using `Collections.max` and prints that value. Thus the output is the highest diamond value that can be reached from the starting position within at most \(P\) moves."
1333804032,44.64,java,GEOMETRIC_SCAN,GEOMETRIC_SCAN,YES,1,BFS_RADIUS,0.000335693,1,SORTED_MANHATTAN,0.000553131,"The program reads the grid dimensions `n` and `m`, the maximum number of moves `p`, and the starting position `(L, C)` (1‑based). It then reads the `n × m` matrix of diamond values into a 1‑indexed array `arr`. 

To determine which cells can be reached in at most `p` steps, the code constructs a diamond‑shaped region centered at `(L, C)` whose Manhattan radius is `p`. It does this with two nested loops: first it iterates from the topmost row that can be reached (`sus = max(1, L‑p)`) up to the starting row `L`, expanding the horizontal window by one column on each side as it moves down. Then it iterates from the bottommost reachable row (`jos = min(n, L+p)`) back up to `L`, again expanding the horizontal window symmetrically. During each row, all cells within the current horizontal window are added to a list `sol`. The horizontal bounds are clamped to the grid limits so the diamond never leaves the board.

After collecting all reachable cells, the program finds the maximum value in `sol`. If `p` is zero it simply outputs the value at the starting cell; otherwise it outputs the maximum value found. The algorithm therefore reports the highest diamond value that can be reached within `p` moves, assuming the player can move one step north, south, east, or west per move."
1333804206,50,cpp,GEOMETRIC_SCAN,GEOMETRIC_SCAN,YES,1,BFS_RADIUS,0.000115871,0.99609375,SORTED_MANHATTAN,0.003173828,"The program reads the grid dimensions \(N\) and \(M\), the maximum number of moves \(P\), and the starting position \((L,C)\). It then reads an \(N \times M\) matrix of integer diamond values into a 1‑based vector `grid`. 

The core of the algorithm is a double loop that iterates over every cell \((i,j)\) of the grid. For each cell it computes the Manhattan distance to the starting position, `abs(i-L)+abs(j-C)`. If this distance is at most \(P\), the cell is reachable within the allowed number of moves. The program keeps a running maximum of the diamond values of all reachable cells, storing it in the variable `max` (initialised to a very low sentinel value). 

After examining all cells, the program outputs the maximum diamond value found among the reachable cells. If no cell satisfies the distance condition, the sentinel value would be printed, but the problem guarantees at least the starting cell is reachable. The algorithm runs in \(O(NM)\) time and uses \(O(NM)\) memory for the grid."
1333804278,8.93,cpp,GEOMETRIC_SCAN,DFS_RADIUS,NO,0.859375,UNKNOWN,0.0703125,0.91015625,GREEDY_NEIGHBOR_WALK,0.03112793,"The program reads the size of a rectangular grid (N rows, M columns), the maximum number of moves P, and the starting position (L, C). The grid values are stored in a 1‑indexed 2‑D vector `map`. An auxiliary 2‑D vector `used` of the same size keeps a counter for each cell, initially zero.

The core of the program is a recursive function `back_1`. It receives the current position, the remaining number of moves, and a reference to the current best value found (`max`). When the remaining moves reach zero, the value of the diamond at the current cell is compared with `max` and `max` is updated if larger. Otherwise, the function attempts to move north, south, east, or west, provided the move stays inside the grid and the `used` counter for the current cell is less than four. For each allowed direction it increments the `used` counter for the current cell and recurses with one fewer remaining move. The `used` counter is never decremented, so a cell can be entered at most four times during the entire search.

In `main`, after reading the input and initializing the data structures, the program calls `back_1` with the starting position and the full move budget. After the recursive search finishes, the maximum diamond value reachable within at most P moves is printed. The algorithm performs an exhaustive depth‑first exploration of all paths up to length P, limited by the per‑cell visit counter, and keeps track of the highest diamond value encountered."
1333804295,50,cpp,GEOMETRIC_SCAN,GEOMETRIC_SCAN,YES,1,BFS_RADIUS,7.96E-05,1,SORTED_MANHATTAN,0.000431061,"The program reads five integers \(n, m, p, l, c\) representing the size of a grid, the maximum number of moves allowed, and the starting position \((l, c)\). It then reads an \(n \times m\) matrix of integers into a 1‑based vector `grid`. 

After the input, the program initializes a variable `max` to \(-99999\). It iterates over every cell \((i, j)\) of the grid and computes the Manhattan distance \(|i-l| + |j-c|\). If this distance is at most \(p\), the cell is considered reachable within the allowed moves. For each reachable cell, the program updates `max` if the cell’s value is larger than the current `max`. 

Finally, it prints the value stored in `max`, which is intended to be the largest diamond value that can be reached in at most \(p\) moves from the starting position. The algorithm is a simple brute‑force scan of all grid cells with a distance check."
1333805066,35.71,java,BFS_RADIUS,BFS_RADIUS,YES,0.97265625,GEOMETRIC_SCAN,0.01385498,1,DFS_RADIUS,0.000667572,"The program first reads the grid dimensions \(N\) and \(M\), the maximum number of moves \(P\), and the starting position \((L,C)\). It then reads the \(N\times M\) diamond values into a one‑dimensional array `frumusete`, indexed from 1 to \(N\!M\). The starting cell is converted to a single index `source = (L-1)*M + C`.

Next the code builds an adjacency list for every cell in the grid. For each index \(i\) it connects to the cell above (\(i-M\)), below (\(i+M\)), to the left (\(i-1\)) and to the right (\(i+1\)), taking care not to wrap across row boundaries. The adjacency list is stored in an `ArrayList<ArrayList<Integer>>` called `adj`.

A breadth‑first search is then performed from the source cell. An array `d` holds the distance (number of moves) from the source to each cell; it is initialized to zero. The source distance is set to 0 and the source is enqueued. While the queue is not empty, the algorithm dequeues a node, iterates over its neighbors, and for any neighbor that still has distance 0 and is not the source, it sets that neighbor’s distance to `d[node]+1` and enqueues it. After the BFS, any cell that remains with distance 0 (and is not the source) is considered unreachable within the grid and is assigned a large sentinel value `100005`.

Finally, the program scans all cells, keeping track of the maximum diamond value among those whose distance `d[i]` is less than or equal to the allowed number of moves \(P\). The starting cell’s value is used as the initial maximum. The resulting maximum value is printed.

Thus the code implements a simple BFS on a grid represented as a graph, then selects the highest diamond value reachable within at most \(P\) steps."
1333805488,14.29,cpp,BFS_RADIUS,BFS_RADIUS,YES,0.890625,GEOMETRIC_SCAN,0.0390625,0.99609375,DFS_RADIUS,0.001029968,"The program reads five integers `m n p l c` and then an `m × n` matrix of integers that represent the diamond values on a grid. The starting position of the piece is given by the coordinates `(l, c)` (1‑based). 

It then performs a breadth‑first search using a queue that stores pairs of a position and the number of moves taken to reach that position. The initial state `(l‑1, c‑1, 0)` is pushed onto the queue. While the queue is not empty, the program removes the front element, updates a running maximum with the value of the diamond at that cell, and if the number of moves is less than `p` it enqueues the four orthogonal neighbours (north, south, east, west) with the move count incremented by one. No checks are performed to keep the coordinates inside the grid or to avoid revisiting cells, so the algorithm may generate out‑of‑bounds positions and duplicate work. 

After the queue is exhausted, the maximum value found among all cells reachable in at most `p` steps is printed. The algorithm therefore explores all paths up to length `p` from the starting cell, keeping track of the highest diamond value encountered."
1333805519,14.29,cpp,BFS_RADIUS,BFS_RADIUS,YES,0.8125,GEOMETRIC_SCAN,0.085449219,0.98828125,GEOMETRIC_SCAN,0.00402832,"The program reads five integers `m n p l c` and then an `m × n` grid of unsigned long long values. 
It treats the starting cell as `(l‑1, c‑1)` (0‑based) and places this position together with a step counter `0` into a queue. 
While the queue is not empty it repeatedly dequeues a pair `(pos, steps)`. 
The value stored in the grid at that position is compared with a running maximum `result`, which is initially set to a very negative number. 
If the current number of steps equals the allowed maximum `p`, the loop continues to the next element; otherwise the program pushes the four orthogonal neighbours of the current cell into the queue, each with the step counter incremented by one. 
No bounds checks are performed when generating neighbours, so positions outside the grid are still enqueued. 
When the queue finally empties, the program outputs the maximum value that was seen during the traversal. 
Thus the code attempts a breadth‑first search up to `p` moves, recording the largest grid value encountered, but it does not guard against out‑of‑range indices or repeated visits."
1333805547,30.36,cpp,BFS_RADIUS,BFS_RADIUS,YES,0.9375,DFS_RADIUS,0.017211914,0.9921875,GREEDY_NEIGHBOR_WALK,0.002166748,"The program reads five integers `m`, `n`, `p`, `l`, `c`. 
It then reads an `m × n` matrix of unsigned long long values into `grid`. 
A 2‑D boolean array `visited` of the same size is created to mark cells that have already been processed.

A breadth‑first search is performed starting from the cell `(l‑1, c‑1)` with an initial step count of `0`. 
The queue stores pairs consisting of a position (`x`, `y`) and the number of steps taken to reach that position. 
For each dequeued element the program first checks whether the cell has already been visited; if so it skips further work. 
Otherwise it marks the cell as visited, updates a running maximum `result` with the value stored in that cell, and if the current step count equals the allowed maximum `p` it stops expanding that branch.

If the step count is less than `p`, the program pushes four new positions onto the queue: one step north, south, east, and west from the current cell, each with the step count incremented by one. 
No bounds checking is performed when generating these neighbor positions, so positions that fall outside the grid may be enqueued; however, when they are later dequeued the program will attempt to access `grid` and `visited` at those out‑of‑range indices, leading to undefined behaviour.

After the queue is exhausted, the program outputs the maximum diamond value found among all cells that were reachable within at most `p` moves."
1333805552,35.71,cpp,BFS_RADIUS,BFS_RADIUS,YES,0.9765625,GEOMETRIC_SCAN,0.010864258,1,GEOMETRIC_SCAN,0.000804901,"The program reads five integers `m`, `n`, `p`, `l`, `c`. 
It then reads an `m × n` grid of values (stored as unsigned long long) and
creates a corresponding 2‑D boolean array `visited`. 
A breadth‑first search is performed starting from the cell `(l‑1, c‑1)` with
an initial step count of 0. The queue holds pairs of a position and the
number of steps taken to reach it. 

For each dequeued state the program first checks that the coordinates are
inside the grid; if not it skips the state. If the cell has already been
visited it is also skipped. Otherwise the cell is marked visited and its
value is compared with a running maximum `result`, which is updated if the
current cell’s value is larger. If the step count equals the allowed
maximum `p`, the state is not expanded further. Otherwise the four
neighbouring cells (north, south, east, west) are enqueued with the step
count incremented by one. 

When the queue becomes empty, the program outputs the maximum value
encountered among all cells reachable in at most `p` moves. The algorithm
therefore explores the reachable region of the grid up to depth `p`
using a simple BFS while keeping track of visited cells to avoid revisiting
the same position."
1333805554,50,cpp,BFS_RADIUS,BFS_RADIUS,YES,0.984375,GEOMETRIC_SCAN,0.009643555,1,DFS_RADIUS,0.000587463,"The program reads five integers `m n p l c` where `m` and `n` are the numbers of rows and columns of a grid, `p` is the maximum number of moves allowed, and `(l,c)` is the starting cell (1‑based). It then reads an `m × n` matrix of values into a 2‑D vector `grid`. A second 2‑D boolean array `visited` of the same size is created to keep track of cells that have already been processed.

A breadth‑first search is performed using a queue that stores pairs of a position (`x,y`) and the distance travelled so far. The queue is seeded with the starting cell converted to 0‑based indices and a distance of 0. While the queue is not empty, the front element is popped. The code first checks that the coordinates are inside the grid; if not, the element is discarded. It then skips any cell that has already been visited. For a new cell, it marks it as visited, updates a running maximum `result` with the value stored in `grid` at that cell, and if the current distance equals `p` it does not enqueue further moves. Otherwise, it enqueues the four orthogonal neighbours (north, south, east, west) with an incremented distance.

After the BFS terminates, the program outputs the maximum value found among all cells reachable within at most `p` steps. The algorithm therefore explores the reachable region of the grid up to the given depth, keeping track of the highest diamond value encountered."
1342818952,50,cpp,GEOMETRIC_SCAN,GEOMETRIC_SCAN,YES,1,SORTED_MANHATTAN,0.00062561,0.99609375,SORTED_MANHATTAN,0.002182007,"The program reads the grid dimensions \(n\) and \(m\), the maximum number of moves \(p\), and the starting position \((x,y)\). It then iterates over every cell of the \(n \times m\) grid, reading the diamond value \(t\) at each coordinate \((i,j)\). For each cell it computes the Manhattan distance \(|i-x|+|j-y|\) from the starting position. If this distance is at most \(p\), the cell is reachable within the allowed moves, and the program updates a running maximum with the value \(t\). After all cells have been processed, the program outputs this maximum value, which represents the highest diamond value that can be reached in at most \(p\) steps. The algorithm uses a simple double loop and a single integer variable to track the maximum, with no additional data structures or recursion."
1344329182,50,cpp,GEOMETRIC_SCAN,GEOMETRIC_SCAN,YES,1,BFS_RADIUS,0.000148773,0.9921875,SORTED_MANHATTAN,0.005218506,"The program reads the grid dimensions \(N\) and \(M\), the maximum number of moves \(P\), and the starting position \((L,C)\). It then iterates over every cell of the grid, reading the diamond value stored in that cell. For each cell \((i,j)\) it computes the Manhattan distance \(|i-L|+|j-C|\). If this distance is at most \(P\), the cell is reachable within the allowed number of moves, and the program compares its value to a running maximum. The maximum is initialized to the smallest 32‑bit integer and is updated whenever a reachable cell has a larger value.

After all cells have been processed, the program outputs the maximum value found among all reachable cells. If no cell satisfies the distance condition, the maximum remains at its initial value and that value is printed. The algorithm uses a simple double loop over the grid and a constant‑time check for each cell, storing only a single integer for the current maximum."
1344372748,8.93,cpp,GEOMETRIC_SCAN,GEOMETRIC_SCAN,YES,0.99609375,BFS_RADIUS,0.000587463,1,SORTED_MANHATTAN,0.00062561,"The program reads the grid dimensions \(N\) and \(M\), the maximum number of moves \(P\), and the starting position \((L,C)\). It then reads the \(N\times M\) matrix of diamond values into a 1‑based array `a`. 

It initializes the answer `max` with the value of the starting cell. 
Next it computes a rectangular window around the start: the rows from `x‑p` to `x+p` and the columns from `y‑p` to `y+p`, clamping each bound to stay inside the grid. 

The code then iterates over every cell inside this rectangle. For each cell it skips the four corner cells of the rectangle (those where both row and column are at a bound) and otherwise updates `max` if the cell’s value is larger. 

Finally it prints the value stored in `max`. Thus the program reports the largest diamond value found in the square of side length \(2P+1\) centered at the starting position, excluding the four corners of that square."
1344373500,39.29,cpp,GEOMETRIC_SCAN,GEOMETRIC_SCAN,YES,0.9921875,UNKNOWN,0.002166748,0.98828125,SORTED_MANHATTAN,0.007568359,"The program reads the grid dimensions \(N,M\), the maximum number of moves \(P\), and the starting position \((L,C)\). It stores the diamond values in a 1‑based array `a`. The variable `max` is initialized to the value at the starting cell.

It then defines a vertical window from `up = L-P` to `down = L+P`, clamped to the grid bounds. For the horizontal window it starts with `left = right = C`. The main loop iterates over each row `i` from `up` to `down`. Inside the loop the horizontal bounds are clamped to the grid limits. All cells in the current row between `left` and `right` are examined, and `max` is updated if a larger value is found.

After processing a row, the horizontal window is adjusted: while the current row is above the middle of the vertical window (`i < (up+down)/2`), the window expands one column to the left and one to the right (`left--, right++`). Once past the middle, the window contracts symmetrically (`left++, right--`). This pattern causes the set of examined cells to form a diamond (Manhattan‑distance) shape centered at the starting position, limited by the grid boundaries and by the maximum number of moves \(P\).

Finally, the program outputs the maximum diamond value found within that diamond-shaped region."
1344373888,50,cpp,GEOMETRIC_SCAN,GEOMETRIC_SCAN,YES,1,BFS_RADIUS,0.00015831,0.99609375,SORTED_MANHATTAN,0.003173828,"The program reads the grid dimensions \(N\) and \(M\), the maximum number of moves \(P\), and the starting position \((L,C)\). It then reads the value of each cell in the grid one by one. For every cell \((i,j)\) it computes the Manhattan distance from the starting cell, \(|L-i|+|C-j|\). If this distance is no larger than \(P\) and the cell’s value is greater than the current best value, the best value is updated. After all cells have been examined, the program outputs the largest value found among all cells that are reachable within at most \(P\) moves. The algorithm uses a single nested loop over all grid cells and a simple distance check; no additional data structures or recursion are involved."
1344527645,50,cpp,GEOMETRIC_SCAN,GEOMETRIC_SCAN,YES,1,SORTED_MANHATTAN,0.000335693,1,SORTED_MANHATTAN,0.000911713,"The program reads five integers: the number of rows N, the number of columns M, the maximum number of moves P, and the starting position of the piece given by row L and column C. It then reads the N × M grid of diamond values, one integer per cell.

While reading each cell, the program computes the Manhattan distance from the current cell (i, j) to the starting position (L, C) as `abs(i‑L) + abs(j‑C)`. If this distance is less than or equal to the allowed number of moves P, the cell’s value is considered reachable. The program keeps a running maximum of all reachable values in the variable `res`, which is initially set to a very small number (`-(1 << 30)`).

After all cells have been processed, the program outputs the maximum value found among all cells that can be reached within at most P moves. If no cell is reachable, the initial negative value would be printed, but given the problem constraints there is always at least the starting cell itself. The algorithm is a single pass over the grid with constant‑time checks per cell, resulting in O(N × M) time and O(1) additional space."
1344552482,1.79,cpp,BFS_RADIUS,BFS_RADIUS,YES,0.9765625,DFS_RADIUS,0.00958252,1,DFS_RADIUS,0.00062561,"The program reads the grid dimensions \(N\) and \(M\), the maximum number of moves \(P\), and the starting position \((L,C)\). It then reads the \(N\times M\) matrix of diamond values. 

The core routine performs a breadth‑first search starting from the initial cell. A queue holds the frontier cells. For each level of the BFS (each move), the algorithm processes all cells currently in the queue, explores their four orthogonal neighbours, and if a neighbour lies inside the grid and has not been visited yet, it records the neighbour’s value, updates the running maximum, pushes the neighbour onto the queue, and marks it as visited by setting its matrix entry to a sentinel value \(10^9+7\). The search stops either when the queue becomes empty or after exactly \(P\) levels have been processed. 

Finally, the maximum diamond value encountered during the search is printed. The algorithm therefore explores all cells reachable within at most \(P\) steps from the start, keeping track of the highest value among them."
1344552513,1.79,cpp,BFS_RADIUS,BFS_RADIUS,YES,0.984375,DFS_RADIUS,0.007537842,1,DFS_RADIUS,0.000553131,"The program reads the grid dimensions \(N\) and \(M\), the maximum number of moves \(P\), and the starting position \((L,C)\). It then reads the \(N \times M\) matrix of diamond values. 

The core routine performs a breadth‑first search starting from the initial cell. A queue holds frontier cells; the search proceeds level by level, where each level corresponds to one move. For every cell dequeued, the four orthogonal neighbours (north, south, east, west) that lie inside the grid and have not yet been visited are examined. A cell is considered visited when its value in the matrix is replaced by a sentinel value \(10^9+7\). While exploring, the algorithm keeps track of the largest diamond value seen so far. The search stops either when the queue becomes empty or when \(P\) levels have been processed, whichever comes first. 

Finally, the maximum value found during the BFS is printed. The algorithm therefore outputs the highest diamond value reachable from the starting position in at most \(P\) moves."
1344552601,50,cpp,BFS_RADIUS,BFS_RADIUS,YES,0.984375,DFS_RADIUS,0.007507324,1,DFS_RADIUS,0.000709534,"The program reads the grid dimensions \(N\) and \(M\), the maximum number of moves \(P\), and the starting position \((L,C)\). It then reads the \(N \times M\) matrix of diamond values. The core routine performs a breadth‑first search beginning at the start cell. A queue holds frontier cells; each level of the BFS corresponds to one move. For every cell dequeued, the four orthogonal neighbours are examined. If a neighbour lies inside the grid and has not yet been visited (its value is not replaced by the sentinel \(10^9+7\)), its value is compared to the current maximum and the cell is marked visited by setting its value to the sentinel before being enqueued. The search stops either when the queue becomes empty or when \(P\) levels have been processed. The maximum value seen during the traversal is returned and printed. Thus the program outputs the highest diamond value reachable within at most \(P\) moves from the starting position."
1344568192,50,cpp,BFS_RADIUS,BFS_RADIUS,YES,0.984375,GEOMETRIC_SCAN,0.009643555,0.99609375,DFS_RADIUS,0.001693726,"The program reads the grid dimensions \(N\) and \(M\), the maximum number of moves \(P\), and the starting position \((L,C)\). It then stores the diamond values in a 1‑based matrix. A breadth‑first search is performed from the starting cell. Two auxiliary 2‑D arrays keep track of the number of steps taken to reach each cell and whether a cell has already been visited. 

During the BFS, for each dequeued cell the four orthogonal neighbours (north, east, south, west) are examined. If a neighbour lies inside the grid and has not yet been visited, the program records its distance as one more than the current cell’s distance, marks it visited, and updates the current maximum diamond value if the neighbour’s value is larger. The neighbour is enqueued only if its distance is strictly less than \(P\); thus cells that would be reached in exactly \(P\) moves are never enqueued and their values are not considered. 

After the queue becomes empty, the program outputs the largest diamond value that was encountered during the traversal. This value is the maximum diamond that can be reached in at most \(P-1\) moves from the starting position."
1344568379,50,cpp,GEOMETRIC_SCAN,GEOMETRIC_SCAN,YES,1,SORTED_MANHATTAN,0.000379562,1,SORTED_MANHATTAN,0.001029968,"The program reads the grid dimensions \(N\) and \(M\), the maximum number of moves \(P\), and the starting position \((L,C)\). It then reads the \(N \times M\) matrix of diamond values. While reading each cell, it immediately computes the Manhattan distance from that cell to the starting position: 
\[
d = |i-L| + |j-C|.
\]
If this distance is at most \(P\) and the cell’s value is larger than the current best, the program updates the best value. The matrix itself is stored in a 1‑based vector of vectors, but the values are only used for this comparison; no further traversal or pathfinding is performed. After all cells have been processed, the program outputs the maximum diamond value that lies within the reachable Manhattan radius. The algorithm is essentially a single pass over the grid, checking a simple geometric condition for each cell."
1344586503,1.79,java,GREEDY_NEIGHBOR_WALK,GREEDY_NEIGHBOR_WALK,YES,0.99609375,GEOMETRIC_SCAN,0.001167297,1,UNKNOWN,0.000709534,"The program reads the grid dimensions \(N, M\), the maximum number of moves \(P\), and the starting coordinates \((L, C)\). It stores the diamond values in a 1‑based 2‑dimensional array `a`. 

Starting from the given cell, the code enters a loop that runs exactly \(P\) times. In each iteration it examines the four orthogonal neighbours in a fixed order: north, south, west, east. For each neighbour it first checks that the neighbour lies inside the grid, then compares its value with a running variable `max` (initialised to the smallest integer). If the neighbour’s value is strictly larger than `max`, the program updates `max` to that value and moves the current position to that neighbour. If none of the neighbours has a value larger than `max`, the position remains unchanged for that step. After the comparison checks, the loop counter `p` is decremented regardless of whether a move was made. 

When the loop finishes, the program outputs the value of the diamond in the final cell `a[i][j]`. Thus the algorithm performs a greedy walk, always stepping to the highest‑valued adjacent cell that is higher than any previously visited cell, up to at most \(P\) steps. If no such higher neighbour exists, the piece stays put for the remaining steps."
1344594910,14.29,java,GEOMETRIC_SCAN,GEOMETRIC_SCAN,YES,0.9921875,SORTED_MANHATTAN,0.00668335,0.95703125,UNKNOWN,0.017456055,"The program reads the grid dimensions \(N, M\), the maximum number of moves \(P\), and the starting position \((L, C)\). It stores the grid values in a 1‑indexed 2‑D array `matrix`. 

It then builds a list `prices` containing the values of cells that the piece could reach in at most \(P\) steps according to a very specific, but incorrect, rule. 
First it determines a lower bound `k` for the row index and `r` for the column index, each being the maximum of 1 and the starting coordinate minus \(P\) plus one. 
If \(P=0\) it simply adds the value at the starting cell. 
Next it iterates over a rectangle whose top‑left corner is \((k, r)\) and whose bottom‑right corner is \((L+P-1, C+P-1)\), adding every cell inside that rectangle that lies within the grid bounds. 
After that it explicitly adds the four cells that are exactly \(P\) steps away in the cardinal directions (north, south, east, west) if those cells are inside the grid. 

Finally the list of collected values is sorted and the largest value (the last element after sorting) is printed. The program therefore outputs the maximum diamond value among the cells it has added to `prices`."
1344595072,50,java,GEOMETRIC_SCAN,SORTED_MANHATTAN,NO,0.9765625,SORTED_MANHATTAN,0.020263672,0.953125,GEOMETRIC_SCAN,0.025390625,"The program reads the grid dimensions \(N\) and \(M\), the maximum number of moves \(P\), and the starting position \((L,C)\). It then reads the \(N \times M\) matrix of diamond values into a 1‑based array. 

Next, it iterates over every cell of the grid and computes the Manhattan distance \(|L-i|+|C-j|\) to the starting cell. If this distance is at most \(P\), the value of that cell is added to an `ArrayList<Integer>` called `prices`. 

After collecting all reachable values, the list is sorted in ascending order. The program then outputs the last element of the sorted list, which is the maximum diamond value among all cells that can be reached within at most \(P\) moves. No other processing or optimization is performed."
1344603567,50,cpp,GEOMETRIC_SCAN,GEOMETRIC_SCAN,YES,1,SORTED_MANHATTAN,0.000203133,0.99609375,SORTED_MANHATTAN,0.001502991,"The program reads the grid dimensions \(N\) and \(M\), the maximum number of moves \(P\), and the starting position \((L,C)\). It then iterates over every cell of the grid, reading the diamond value \(x\) at each position \((i,j)\). For each cell it computes the Manhattan distance \(|L-i|+|C-j|\) from the starting square. If this distance is no larger than \(P\) and the diamond value is greater than the current best, the program updates the best value. After all cells have been examined, it outputs the maximum diamond value that can be reached within at most \(P\) moves. The algorithm uses a single nested loop over the grid and a simple distance check; no additional data structures or recursion are involved."
1344603953,12.5,java,DFS_RADIUS,DFS_RADIUS,YES,0.5234375,GREEDY_NEIGHBOR_WALK,0.169921875,0.94921875,GREEDY_NEIGHBOR_WALK,0.01965332,"The program reads the grid dimensions \(N\) and \(M\), the maximum number of moves \(P\), and the starting position \((L,C)\). It stores the diamond values in a 1‑based array `grid`. The core routine `getBestDiamond(i,j,p)` is a recursive depth‑first search that, given a current cell \((i,j)\) and a remaining move count `p`, returns the largest diamond value that can be reached in exactly `p` further steps. 

If `p` is zero the function simply returns the value of the current cell. Otherwise it recursively calls itself for each of the four orthogonal neighbours (north, south, east, west) that stay inside the grid, decrementing the remaining step count. If a neighbour would lie outside the grid, that branch contributes a very negative sentinel value (`MIN`). The function then returns the maximum of the four recursive results. 

The `start()` method invokes this routine with the initial position and the full move budget, and the main method prints the returned maximum. No memoisation or pruning is used, so the algorithm explores all possible paths of length exactly `P`, leading to an exponential time complexity. The program therefore outputs the highest diamond value reachable from the start in at most `P` moves (actually exactly `P` moves due to the implementation)."
1344604046,10.71,java,DFS_RADIUS,DFS_RADIUS,YES,0.53125,GREEDY_NEIGHBOR_WALK,0.22265625,0.9375,GREEDY_NEIGHBOR_WALK,0.022094727,"The program reads the size of a rectangular board (N rows, M columns), the maximum number of moves P, and the starting position (L, C). The board values are stored in a 1‑based array `grid`. A second 1‑based array `viz` is used to mark cells that have already been visited during a recursive search.

The core routine `getBestDiamond(i, j, p)` is a depth‑first search that explores all paths of length at most `p` starting from cell `(i, j)`. If no moves remain (`p == 0`) it simply returns the value of the current cell. Otherwise the cell is marked visited, and the function recursively calls itself for each of the four orthogonal neighbours (north, south, east, west) that stay inside the board and have not yet been visited in the current path. For each direction it passes `p‑1` as the remaining move count. If a neighbour is out of bounds or already visited, the call is replaced by a large negative sentinel `MIN`. After evaluating all four directions, the function returns the maximum value obtained among them.

The `start()` method triggers the search from the initial coordinates and prints the resulting maximum diamond value. No memoisation or back‑tracking of the `viz` array is performed, so the search may terminate prematurely or revisit cells in different branches, but the described behaviour follows exactly what the code implements."
1344604075,10.71,java,DFS_RADIUS,DFS_RADIUS,YES,0.82421875,GREEDY_NEIGHBOR_WALK,0.067382813,0.98046875,GREEDY_NEIGHBOR_WALK,0.006622314,"The program reads the grid dimensions \(N\) and \(M\), the maximum number of moves \(P\), and the starting position \((L,C)\). It stores the diamond values in a 1‑based array `grid` and keeps a parallel `viz` array to mark cells visited in the current recursive path. The main routine calls `getBestDiamond(L,C,P,grid[L][C])`, passing the starting cell’s value as the current best.

`getBestDiamond` is a depth‑first search that explores all possible walks of exactly up to `p` steps from the current cell \((i,j)\). If no steps remain (`p==0`) it returns the larger of the current cell’s value and the best value seen so far. Otherwise the cell is marked visited, and the function recursively calls itself for each of the four orthogonal neighbours that stay inside the grid and have not yet been visited in this path. Each recursive call decrements the remaining step count and propagates the current best value. The results from the four directions are compared, and the maximum is returned. A sentinel value `MIN` is used for directions that are out of bounds or already visited.

Finally, the maximum diamond value reachable within at most \(P\) moves is printed. The algorithm performs an exhaustive search of all simple paths up to length \(P\), using recursion and a visited flag to avoid revisiting cells in the same path."
1344604177,16.07,java,DFS_RADIUS,DFS_RADIUS,YES,0.59375,GREEDY_NEIGHBOR_WALK,0.169921875,0.4921875,GREEDY_NEIGHBOR_WALK,0.232421875,"The program reads the size of a rectangular board (N rows, M columns), the maximum number of moves P, and the starting position (L, C). The board values are stored in a 1‑based array `grid`. A second 1‑based array `viz` marks cells that have already been visited during a recursive search.

The core routine `getBestDiamond(i, j, p)` explores all paths that start at cell `(i, j)` and use at most `p` moves. If no moves remain (`p == 0`) it simply returns the value of the current cell. Otherwise the function marks the current cell as visited and considers each of the four orthogonal neighbours that stay inside the board and have not yet been visited. For each such neighbour it recursively calls itself with `p‑1` moves left, and takes the maximum of the neighbour’s own value and the value returned by the recursive call. The overall maximum among the four directions is returned.

The recursion is depth‑first and does not use memoisation; the `viz` array prevents revisiting cells within a single path but is never cleared, so once a cell is visited it is permanently blocked for all subsequent recursive branches. The result of `getBestDiamond(L, C, P)` is printed as the final answer."
1344604498,50,java,GEOMETRIC_SCAN,GEOMETRIC_SCAN,YES,1,BFS_RADIUS,0.000261307,0.99609375,SORTED_MANHATTAN,0.004058838,"The program reads the grid dimensions \(N\) and \(M\), the maximum number of moves \(P\), and the starting position \((L,C)\). It then reads an \(N \times M\) matrix of integer diamond values, storing it in a 1‑based array `grid`. 

The algorithm initializes the answer `res` with the value of the starting cell. It then iterates over every cell \((i,j)\) of the grid, computing the Manhattan distance \(|i-L|+|j-C|\) from the start. If this distance is greater than \(P\) the cell is skipped; otherwise the cell’s value is compared with `res` and `res` is updated if the cell contains a larger value. 

After scanning all cells, the program returns `res`, which is printed by `main`. Thus the output is the maximum diamond value reachable from the starting position within at most \(P\) moves, assuming only orthogonal moves are allowed."
1344618946,50,cpp,GEOMETRIC_SCAN,GEOMETRIC_SCAN,YES,1,BFS_RADIUS,9.63E-05,1,SORTED_MANHATTAN,0.000379562,"The program reads the grid dimensions \(N\) and \(M\), the maximum number of moves \(P\), and the starting position \((L,C)\). It then reads an \(N \times M\) matrix of integer diamond values into a 1‑based array `grid`. 

To determine the best diamond reachable within at most \(P\) steps, the code scans every cell \((i,j)\) of the grid. For each cell it computes the Manhattan distance to the start, `abs(i - l) + abs(j - c)`. If this distance is no greater than \(P\), the cell is considered reachable, and the program updates a running maximum `best` with the value of that cell. The initial value of `best` is set to the smallest possible integer so that any reachable cell will replace it. 

After examining all cells, the program outputs the value stored in `best`, which is the maximum diamond value attainable within the allowed number of moves. The algorithm runs in \(O(NM)\) time and uses only the input grid and a few scalar variables."
1344621492,50,cpp,BFS_RADIUS,BFS_RADIUS,YES,0.98046875,GEOMETRIC_SCAN,0.013977051,1,DFS_RADIUS,0.000379562,"The program reads the grid dimensions \(N\) and \(M\), the maximum number of moves \(P\), and the starting position \((L,C)\). It then reads the \(N\times M\) matrix of diamond values into a 1‑based array `arr`. A second 2‑dimensional array `check` is initialized to \(-1\) and will store the distance (number of moves) from the start to each cell that has been reached.

A breadth‑first search is performed from the starting cell. The queue holds structures containing the current coordinates. The start cell is marked with distance 0 and its value is used to initialise `valMax`. If \(P=0\) the program immediately outputs this value.

During the BFS, for each dequeued cell the four orthogonal neighbours are generated by adding the offsets `dx` and `dy`. For each neighbour the program checks whether it has not been visited (`check == -1`). If so, it records the neighbour’s distance as one more than the current cell’s distance. The neighbour is enqueued only if its distance is strictly less than \(P\), ensuring that the search never explores paths longer than the allowed number of moves. Whenever a new cell is visited, its diamond value is compared with `valMax` and `valMax` is updated if the new value is larger.

After the queue is exhausted, the program outputs `valMax`, which is the maximum diamond value reachable within at most \(P\) moves from the starting position. The algorithm relies on a simple BFS traversal with a distance limit and keeps track of the best value seen during the search."
1344624289,50,cpp,GEOMETRIC_SCAN,GEOMETRIC_SCAN,YES,1,BFS_RADIUS,0.00010252,1,SORTED_MANHATTAN,0.000709534,"The program reads the grid dimensions \(N\) and \(M\), the maximum number of moves \(P\), and the starting position \((L,C)\) (1‑based). It then reads the \(N \times M\) matrix of diamond values. After converting the start coordinates to 0‑based indices, it stores the value of the starting cell as the current maximum.

It iterates over every cell \((i,j)\) of the grid and checks whether the Manhattan distance \(|L-i|+|C-j|\) is at most \(P\). If the cell is reachable within the allowed moves and its value exceeds the current maximum, the maximum is updated. Finally, the program outputs this maximum value.

Thus the algorithm simply scans all cells, uses the Manhattan distance as a reachability test, and keeps the highest diamond value among all cells that can be reached in at most \(P\) steps."
1344626355,50,cpp,GEOMETRIC_SCAN,GEOMETRIC_SCAN,YES,1,BFS_RADIUS,0.00010252,1,SORTED_MANHATTAN,0.000709534,"The program reads the grid dimensions \(N\) and \(M\), the maximum number of moves \(P\), and the starting position \((L,C)\). It then iterates over every cell of the grid, reading the diamond value \(x\) at that cell. For each cell it computes the Manhattan distance \(d = |L-i| + |C-j|\) from the starting position. If this distance is no greater than the allowed number of moves \(P\) and the diamond value is larger than the current best, the program updates the best value. After all cells have been examined, it outputs the maximum diamond value that can be reached within \(P\) moves (or the initial minimum integer value if no cell is reachable). The algorithm uses a simple double loop over the grid and a constant‑time check for each cell."
1344626377,12.5,java,DFS_RADIUS,DFS_RADIUS,YES,0.390625,UNKNOWN,0.237304688,0.98046875,DP_RADIUS,0.00958252,"The program reads the grid dimensions, the maximum number of moves allowed, and the starting position of the piece. It then stores the diamond values in a two‑dimensional array. The initial maximum value is set to the diamond at the starting cell.

The core of the solution is a recursive depth‑first search called `back`. It receives the remaining number of moves, the current best value found, the board, the grid size, and the current coordinates. When no moves remain, it compares the value at the current cell with the best value and returns the larger one. Otherwise, the function recursively explores each of the four cardinal directions (north, east, south, west) as long as the move stays within the grid bounds. After each recursive call, it updates the best value with the result returned from that branch. Finally, the function returns the best value found after exploring all possible paths of length up to the allowed number of moves.

The main method prints the value returned by this recursive search, which represents the maximum diamond value reachable within the given move limit."
1344626582,5.36,java,DFS_RADIUS,DFS_RADIUS,YES,0.318359375,GREEDY_NEIGHBOR_WALK,0.248046875,0.9453125,UNKNOWN,0.01965332,"The program reads the grid dimensions, the maximum number of moves, and the starting position, then stores the diamond values in a 2‑D array. It also creates a parallel 2‑D array called `visited` that is initially filled with zeros. The value of the diamond at the starting cell is taken as the current maximum.

The core of the algorithm is a recursive depth‑first search implemented in the `back` method. The method receives the remaining number of moves, the current best value, the board, the grid size, the current coordinates, and the visited array. On each call it first checks whether the current cell has already been visited; if so, it simply returns the current best value. Otherwise it marks the cell as visited. If no moves are left, it compares the diamond value at the current cell with the best value and returns the larger one.

If moves remain, the method attempts to move in each of the four cardinal directions, provided the move stays inside the grid. For each valid direction it recursively calls itself with one fewer move, passing along the current best value. The results of these recursive calls are used to update the best value. After exploring all possible directions, the method returns the best value found.

Finally, the main method prints the value returned by the initial call to `back`, which is intended to be the maximum diamond value reachable within the allowed number of moves. The algorithm uses a visited matrix to avoid revisiting cells, but due to off‑by‑one errors in the boundary checks, some moves may be incorrectly disallowed or allowed."
1344628662,50,cpp,GEOMETRIC_SCAN,GEOMETRIC_SCAN,YES,1,BFS_RADIUS,0.00014019,0.99609375,SORTED_MANHATTAN,0.001167297,"The program reads the grid dimensions \(n\) and \(m\), the maximum number of moves \(p\), and the starting position \((l,c)\). It then iterates over every cell of the grid, reading the diamond value \(x\) at that cell. For each cell it computes the Manhattan distance from the starting position: 
\[
\text{dist} = |l-i| + |c-j|.
\]
If this distance is no larger than the allowed number of moves \(p\) and the value \(x\) is greater than the current best value, the program updates the best value. A single integer variable, initially set to the smallest 32‑bit signed integer, keeps track of the maximum reachable diamond value. After all cells have been processed, the program outputs this maximum value. If no cell is reachable within \(p\) moves, the output will be the initial sentinel value (the minimum 32‑bit integer)."
1344635137,3.57,cpp,GEOMETRIC_SCAN,GREEDY_NEIGHBOR_WALK,NO,0.796875,UNKNOWN,0.07421875,0.53125,UNKNOWN,0.365234375,"The program reads the size of a rectangular board (`n` rows, `m` columns), the maximum number of moves `p`, and the starting position (`l`, `c`). It then reads an `n × m` grid of integer values representing diamond values. The starting indices are converted to 0‑based.

The core routine is a recursive function `get_max`. It keeps track of the highest diamond value seen so far (`m`) and the remaining number of moves (`p`). At each call, if no moves are left (`p == 0`) it simply returns the current maximum. Otherwise it attempts to move the piece one step in a fixed order: north (row‑1), west (col‑1), east (col+1), south (row+1). For each direction it first checks that the target cell is inside the board (using the board size `n` for both row and column bounds, which is a bug for the column check). If the move is legal, it recurses with the new position, the updated maximum (the larger of the current maximum and the value in the new cell), and one fewer remaining move. As soon as a legal move is found, the function returns the result of that recursive call; it does not explore alternative moves.

Thus the program follows a single deterministic path from the starting cell, always taking the first available direction in the order north → west → east → south, until either the move limit is reached or no further moves are possible. The value returned is the maximum diamond value encountered along that path, which is printed as the final answer."
1344635640,5.36,cpp,GREEDY_NEIGHBOR_WALK,GREEDY_NEIGHBOR_WALK,YES,0.99609375,GEOMETRIC_SCAN,0.002792358,1,UNKNOWN,0.000379562,"The program reads the grid dimensions \(N\) and \(M\), the maximum number of moves \(P\), and the starting position \((L,C)\). It then stores the diamond values in a 2‑D array `a`. 

Starting from the initial cell, the program repeatedly examines the four orthogonal neighbours (north, west, south, east). For each neighbour that lies inside the grid, it compares its value with the current maximum `max`. If a neighbour has a strictly larger value, the program records that neighbour’s coordinates in `posi` and `posj` and updates `max`. After checking all four directions, if no neighbour was better (`posi==L && posj==C`), the loop terminates; otherwise the current position is moved to the recorded neighbour and the step counter `i` is incremented. This process repeats until either \(P\) steps have been taken or no higher‑valued neighbour exists. 

Finally, the program outputs the value `max`, which is the highest diamond value reachable within the allowed number of moves by following this greedy, step‑by‑step ascent."
1344635891,50,cpp,GEOMETRIC_SCAN,GEOMETRIC_SCAN,YES,1,BFS_RADIUS,0.000335693,1,SORTED_MANHATTAN,0.00062561,"The program reads the size of a rectangular grid (N rows, M columns), the maximum number of moves P, and the starting position (L, C). It then reads the integer value of each cell into a 1‑based array `d`. 

The code first checks whether the piece can reach any cell in the grid. It computes two distances: `dist1 = L + C` and `dist2 = N + M – L – C`, and takes the larger of the two as `dist`. If `P` is zero, the answer is simply the value of the starting cell. If `P` is at least `dist`, the piece can reach every cell, so the program scans the entire grid and keeps the maximum value found. 

Otherwise, the piece can only reach cells within a Manhattan distance of `P` from the start. The program defines a bounding rectangle around the start: rows from `max(1, L-P)` to `min(N, L+P)` and columns from `max(1, C-P)` to `min(M, C+P)`. It iterates over this rectangle, computes the Manhattan distance `abs(L-i)+abs(C-j)` for each cell, and if that distance is ≤ P, updates the maximum value seen. Finally, it outputs this maximum. The algorithm uses simple nested loops and direct distance checks, without any recursion or advanced data structures."
1344636577,50,cpp,GEOMETRIC_SCAN,GEOMETRIC_SCAN,YES,1,BFS_RADIUS,0.000179291,1,SORTED_MANHATTAN,0.000431061,"The program reads five integers \(n, m, p, l, c\) representing the grid size, the maximum number of moves, and the starting row and column (1‑based). It then reads an \(n \times m\) matrix of integers into a 2‑dimensional array `a`, also indexed from 1. 

After the input, the program scans every cell of the grid with two nested loops over rows `i` and columns `j`. For each cell it computes the Manhattan distance to the starting position: `abs(i - l) + abs(j - c)`. If this distance is less than or equal to the allowed number of moves `p`, the cell is considered reachable. The program keeps a variable `max` (initialised to -1) and updates it whenever it finds a reachable cell whose value is larger than the current `max`. 

Finally, the program outputs the value stored in `max`, which is intended to be the largest diamond value that can be reached within at most `p` moves. The algorithm is a brute‑force check of all grid cells, using a simple distance condition and a linear scan to maintain the maximum."
1344637288,5.36,cpp,GREEDY_NEIGHBOR_WALK,GREEDY_NEIGHBOR_WALK,YES,0.9921875,GEOMETRIC_SCAN,0.005889893,1,UNKNOWN,0.000179291,"The program reads the grid dimensions \(N\) and \(M\), the maximum number of moves \(P\), and the starting position \((L,C)\). It then stores the diamond values in a 2‑D array `a`. 

The algorithm keeps a current position \((L,C)\) and a running maximum value `max`, initially set to the value at the starting cell. For each of at most \(P\) iterations it examines the four orthogonal neighbours (north, west, south, east) that lie inside the grid. If any neighbour has a value larger than the current `max`, the algorithm records that neighbour’s coordinates in `posi` and `posj` and updates `max` to that neighbour’s value. After checking all four directions it moves the current position to the recorded neighbour (if any) and proceeds to the next iteration. If no neighbour is larger, the position remains unchanged but the loop still consumes a step. 

After performing up to \(P\) such greedy moves, the program outputs the largest diamond value encountered during the walk. The implementation uses simple arrays and a single while‑loop; it does not explore alternative paths or backtrack, simply following the locally best neighbour at each step."
1344637296,5.36,cpp,GREEDY_NEIGHBOR_WALK,GREEDY_NEIGHBOR_WALK,YES,0.99609375,GEOMETRIC_SCAN,0.002182007,1,UNKNOWN,0.000203133,"The program reads the grid dimensions \(N\) and \(M\), the maximum number of moves \(P\), and the starting position \((L,C)\). It then stores the diamond values in a 1‑based array `a[1001][1001]`. 

Starting from the initial cell, the program repeatedly considers the four orthogonal neighbours (north, west, south, east). For each neighbour that lies inside the grid, it compares its value with the current maximum. If a neighbour has a strictly larger value, the program records that neighbour’s coordinates as the new position and updates the maximum. After checking all four directions, if no neighbour improved the maximum, the loop terminates early; otherwise the current position is updated to the chosen neighbour and the step counter is incremented. This process repeats until either \(P\) steps have been taken or no better neighbour exists. 

Finally, the program outputs the maximum diamond value that was reachable within the allowed moves. The algorithm is a simple greedy walk that always moves to a higher‑valued adjacent cell when possible."
1344637424,1.79,cpp,GREEDY_NEIGHBOR_WALK,GREEDY_NEIGHBOR_WALK,YES,0.99609375,GEOMETRIC_SCAN,0.002471924,1,UNKNOWN,0.000553131,"The program reads the grid dimensions \(N\) and \(M\), the maximum number of moves \(P\), and the starting position \((L,C)\). It then stores the diamond values in a 2‑D array `a[1001][1001]`. 

Starting from the initial cell, the program keeps a counter `i` of how many moves have been made and a variable `max` holding the highest value seen so far (initially the value at the starting cell). In each iteration it examines the four orthogonal neighbours of the current cell (north, west, south, east) in that order, checking that the neighbour lies inside the grid. If a neighbour’s value is strictly greater than `max`, the program records that neighbour’s coordinates as the new position (`posi`, `posj`) and updates `max`. If none of the neighbours has a higher value, the `posi` and `posj` remain equal to the current coordinates, causing the loop to break. 

If a better neighbour was found, the current position is updated to that neighbour, the move counter `i` is incremented, and the process repeats until either `P` moves have been performed or no higher‑valued neighbour exists. Finally, the program outputs the maximum diamond value that was reachable under these greedy moves."
1344637468,1.79,cpp,GREEDY_NEIGHBOR_WALK,GEOMETRIC_SCAN,NO,0.9609375,GEOMETRIC_SCAN,0.022583008,0.97265625,GREEDY_NEIGHBOR_WALK,0.022827148,"The program reads the grid dimensions \(N\) and \(M\), the maximum number of moves \(P\), and the starting position \((L,C)\). It then stores the diamond values in a 2‑D array `a`. After reading the input, it initializes `max` to the value at the starting cell and sets `posi` and `posj` to that position.

The core loop is a `while(i <= P)` that is intended to iterate up to \(P\) moves, but the loop contains an unconditional `break` after the first iteration. Inside the loop the code checks each of the four orthogonal neighbours of the current position \((L,C)\) (north, west, south, east) for bounds and whether the neighbour’s value is greater than the current `max`. If a larger value is found, it updates `posi`, `posj`, and `max` accordingly. After the checks, the `break` exits the loop immediately, so no further moves are considered. The subsequent lines that would update `L`, `C`, and increment `i` are never reached.

Finally, the program outputs the value stored in `max`, which is the maximum among the starting cell and its immediate neighbours. Thus the program effectively ignores the allowed number of moves \(P\) and simply reports the highest diamond value reachable in a single step from the initial position."
1344637638,50,cpp,GEOMETRIC_SCAN,GEOMETRIC_SCAN,YES,1,BFS_RADIUS,0.000246048,0.96875,SORTED_MANHATTAN,0.029174805,"The program reads the grid dimensions \(N\) and \(M\), the maximum number of moves \(P\), and the starting position \((L,C)\). It then iterates over every cell of the \(N \times M\) grid, reading the diamond value stored in that cell. For each cell it computes the Manhattan distance from the starting position, \(|L-i|+|C-j|\). If this distance is at most \(P\) and the cell’s value is larger than the current best, the program updates the best value. After all cells have been examined, the program outputs the largest diamond value that can be reached within at most \(P\) moves. The algorithm uses a single nested loop and a simple integer comparison; no additional data structures or recursion are involved."
1344637913,41.07,java,GEOMETRIC_SCAN,GEOMETRIC_SCAN,YES,1,SORTED_MANHATTAN,0.000709534,0.98828125,BFS_RADIUS,0.008544922,"The program reads the grid dimensions \(N\) and \(M\), the maximum number of moves \(P\), and the starting position \((L,C)\) (converted to 0‑based indices). It then reads the \(N\times M\) matrix of diamond values.

To find the largest value reachable in at most \(P\) steps, the code enumerates all cells whose Manhattan distance from the start is no greater than \(P\). It does this by iterating a variable \(d\) from \(0\) to \(P\). For a fixed \(d\), the row offset from the start is \(\pm d\). The allowable column offset is then at most \(P-d\); the code computes the corresponding column bounds `idxCMin` and `idxCMax` using `max` and `min` to keep them inside the grid. It then scans every column \(j\) in that range and checks the two cells \((L+d, j)\) and \((L-d, j)\) (if they lie within the grid). Whenever a cell’s value exceeds the current maximum, it updates the maximum.

After all distances have been processed, the program prints the maximum value found. The algorithm essentially performs a breadth‑first search over a diamond‑shaped region centered at the start, but implemented as a simple double loop over distance and column bounds."
1344637964,50,java,GEOMETRIC_SCAN,GEOMETRIC_SCAN,YES,1,SORTED_MANHATTAN,0.000488281,1,SORTED_MANHATTAN,0.000709534,"The program reads the grid dimensions \(N\) and \(M\), the maximum number of moves \(P\), and the starting position \((L,C)\) (converted to 0‑based indices). It then reads the \(N \times M\) matrix of diamond values. While filling the matrix it checks each cell’s Manhattan distance from the start: \(|i-L| + |j-C|\). If this distance is at most \(P\), the cell is reachable within the allowed moves, and its value is compared to a running maximum. The maximum is initialized to the smallest possible integer value. After all cells have been processed, the program outputs this maximum value, which represents the highest diamond value that can be reached in at most \(P\) steps. The algorithm uses a single nested loop over the grid and a simple distance check, storing the grid in a 2‑D array and maintaining a scalar maximum."
1344667416,1.79,cpp,GREEDY_NEIGHBOR_WALK,DFS_RADIUS,NO,0.462890625,GEOMETRIC_SCAN,0.193359375,0.3984375,GREEDY_NEIGHBOR_WALK,0.2734375,"The program reads the grid dimensions, the maximum number of moves \(P\), and the starting cell \((L,C)\). It stores the diamond values in a 1‑indexed 2‑D vector `F`. A global vector `solution` keeps the current path as a sequence of tuples \((row, col, value)\), and `max_frumix` records the highest value seen on that path.

The core of the program is a recursive function `back()`. It stops when the path length equals \(P+1\); at that point it simply outputs the current `max_frumix`. If the path is empty, it initializes it with the starting cell and its value. Otherwise, for each of the four cardinal directions it computes the coordinates of the neighboring cell. If the new coordinates are within the grid bounds (only upper bounds are checked) and the diamond value at that cell is strictly greater than the current `max_frumix`, the function updates `max_frumix`, pushes the new cell onto the path, recurses, and then backtracks by popping the cell. Thus the search explores only strictly increasing‑value paths of length up to \(P+1\).

The program prints the maximum diamond value that can be reached in at most \(P\) moves along such an increasing path. If \(P=0\) it simply outputs the value of the starting cell. The implementation does not consider revisiting cells, does not enforce lower‑bound checks, and ignores any path that does not strictly increase in value."
1344667444,5.36,cpp,GEOMETRIC_SCAN,DFS_RADIUS,NO,0.330078125,GREEDY_NEIGHBOR_WALK,0.291015625,0.95703125,GREEDY_NEIGHBOR_WALK,0.019897461,"The program reads the grid dimensions, the maximum number of moves \(P\), and the starting position \((L,C)\). It stores the diamond values in a 1‑based 2‑D vector `F`. A global vector `solution` keeps the current path as a sequence of tuples \((row, col, value)\), and `max_frumix` records the highest diamond value encountered along the current path.

The core routine is the recursive function `back()`. It stops when the path length reaches \(P+1\) (the starting cell plus \(P\) moves). At each recursive step it looks at the four orthogonal neighbours of the last cell in the current path. For each neighbour it checks that the new row and column are not larger than the grid limits (but it does not check the lower bound). If the neighbour’s value is strictly greater than the current `max_frumix`, the function updates `max_frumix`, pushes the neighbour onto `solution`, recurses, and then backtracks by popping the neighbour. Thus the search explores only strictly increasing‑value paths, pruning any branch that would not improve the current maximum.

After the recursive search finishes, the program outputs the value stored in `max_frumix`, which is the largest diamond value that can be reached by any path of at most \(P\) moves that strictly increases at each step. If \(P=0\), it simply outputs the value of the starting cell. The algorithm therefore performs a depth‑first search over a restricted state space defined by the increasing‑value constraint."
1344667888,12.5,cpp,GREEDY_NEIGHBOR_WALK,DFS_RADIUS,NO,0.37109375,DFS_RADIUS,0.2890625,0.98046875,GREEDY_NEIGHBOR_WALK,0.006591797,"The program reads the size of a rectangular grid (N rows, M columns), the maximum number of moves P, and the starting position (L, C). It then reads the integer value of each cell into a 1‑based array `F`. A vector `domain` is filled with all cell coordinates and values, but this vector is never used later.

The core of the program is a depth‑first search implemented by the recursive function `back()`. It keeps a global vector `solution` that stores the current path as tuples of (row, column, cell value). The search starts by pushing the starting cell onto `solution` and setting `max_frumix` to its value. From any position the function tries to move in the four cardinal directions (north, west, south, east) using the arrays `line_moves` and `col_moves`. For each candidate move it checks only that the new row does not exceed N and the new column does not exceed M; it does **not** check that the indices stay above 1, so moves that would leave the grid on the top or left side are silently ignored. If the move is within bounds, the new cell is pushed onto `solution`, `back()` is called recursively, and then the cell is popped to backtrack.

When the length of `solution` reaches `P+1` (i.e., the starting cell plus P moves), the function compares the value of the last cell in the path with the current maximum `max_frumix`. If it is larger, `max_frumix` is updated. The recursion then unwinds. After all recursive calls finish, the main function outputs `max_frumix`, which is the highest diamond value reachable in at most P moves from the starting position. If P is zero, the program simply outputs the value of the starting cell."
1344668157,14.29,cpp,UNKNOWN,DFS_RADIUS,NO,0.48828125,GEOMETRIC_SCAN,0.23046875,0.94921875,UNKNOWN,0.015380859,"The program reads the grid dimensions \(N\) and \(M\), the maximum number of moves \(P\), and the starting position \((L,C)\). It then reads the \(N\times M\) matrix of diamond values into a 1‑based array `F`. While reading, it also pushes every cell’s coordinates and value into a vector `domain`, although this vector is never used later.

The core of the algorithm is a recursive depth‑first search implemented in `back`. A global vector `solution` keeps the current path as a stack of tuples \((row, col, value)\). The recursion stops when the path length reaches \(P+1\) (the starting cell plus \(P\) moves). At each recursive step the function examines the four cardinal directions (north, west, south, east) using the `line_moves` and `col_moves` arrays. For each direction it computes the new coordinates and, if the new row is ≤ N and the new column is ≤ M (note that lower bounds are not checked), it retrieves the diamond value at that cell. If this value exceeds the current global maximum `max_frumix`, the maximum is updated. The new cell is then pushed onto `solution`, the function recurses, and after returning the cell is popped, restoring the previous state.

The search explores all possible sequences of up to \(P\) moves, allowing revisits of cells and potentially stepping outside the grid on the lower side because those bounds are not enforced. After the recursion finishes, the program outputs the largest diamond value found during the exploration. If \(P=0\), it simply outputs the value at the starting cell."
1344694827,30.36,cpp,GEOMETRIC_SCAN,GEOMETRIC_SCAN,YES,0.99609375,UNKNOWN,0.001029968,1,SORTED_MANHATTAN,0.000804901,"The program reads the grid dimensions \(N\) and \(M\), the maximum number of moves \(P\), and the starting position \((L,C)\) (1‑based). It then reads the \(N\times M\) matrix of diamond values. After converting the start coordinates to 0‑based indices, it initializes a variable `max` to a very small number.

The core of the algorithm consists of two nested loops that try to examine a diamond‑shaped region centered at the starting cell with Manhattan radius \(P\). 
In the first part, a variable `diff` is set to \(P\) and `till` to 1. For each step \(i\) from 0 to \(P-1\) the program looks at the row `l - diff` (moving upward from the start) and scans `till` consecutive columns starting at `c - (P - diff)`. After each outer iteration `diff` is decremented and `till` is increased by 2, so the width of the scanned segment grows by two cells per row, forming the upper half of a diamond. 
The second part repeats the same pattern but with rows `l + diff` (moving downward). Here the outer loop runs from 0 to \(P\), again expanding the width by two cells each time, thereby covering the lower half of the diamond.

During each cell visit the program compares the cell’s value with the current `max` and updates `max` if a larger value is found. After both halves are processed, the program outputs the maximum value found.

Thus the code attempts to find the largest diamond‑shaped region of radius \(P\) around the starting position and reports the maximum diamond value within that region, although it does not perform any bounds checking and may access out‑of‑range indices."
1344694860,30.36,cpp,GEOMETRIC_SCAN,GEOMETRIC_SCAN,YES,0.9921875,UNKNOWN,0.003570557,0.98046875,UNKNOWN,0.00958252,"The program reads the grid dimensions \(N\) and \(M\), the maximum number of moves \(P\), and the starting position \((L,C)\) (converted to 0‑based indices). It then reads the \(N\times M\) matrix of diamond values.

After the input, the code keeps a single integer `max` initialized to a very small value. It then performs two separate sweeps that consider only cells that lie on the same column as the start but at a vertical distance that can be reached in at most \(P\) steps.

For the first sweep it starts with `diff = P` and `till = 1`. In each iteration it looks at the row `l - diff` (i.e., `diff` steps north of the start) and scans a horizontal segment of length `till` that begins at column `c - (P - diff)` and ends at `c - (P - diff) + till - 1`. The value of `max` is updated if any of these cells contains a larger diamond. After each iteration `diff` is decreased by one and `till` is increased by two, so the horizontal segment widens as the row moves closer to the start. The loop stops early if moving further north would go outside the grid or if the segment would exceed the grid width.

The second sweep is analogous but goes southward: it uses the same `diff` and `till` initialization, then examines row `l + diff` and the same horizontal segment. The same update rule for `max` applies, and the same boundary checks are performed.

Finally, the program outputs the largest diamond value found in any of the examined cells. The algorithm therefore only considers a diamond‑shaped region centered on the starting cell, expanding outward vertically while widening horizontally, but it never inspects cells that are not on the same column as the start."
1344697187,39.29,cpp,GEOMETRIC_SCAN,GEOMETRIC_SCAN,YES,0.99609375,BFS_RADIUS,0.000553131,0.99609375,GREEDY_NEIGHBOR_WALK,0.000801086,"The program reads the grid dimensions `n` and `m`, the maximum number of moves `p`, and the starting position `(L, C)` (converted to 0‑based indices). It then stores the `n × m` matrix of diamond values. 

The core of the algorithm is a loop that iterates `diff` from `p` down to `1`. For each value of `diff` it examines four sets of cells that lie on the “diamond” of Manhattan distance `diff` from the start. The first inner loop walks along the left‑upper edge of that diamond, the second along the right‑upper edge, the third along the left‑lower edge, and the fourth along the right‑lower edge. For every cell that falls inside the grid bounds, the program updates a running maximum `max` if the cell’s value is larger. After all four edges for a given `diff` are processed, `diff` is decremented and the next, smaller diamond is examined. 

When the loop finishes, the program also compares the value at the starting cell itself with the current maximum and updates it if necessary. Finally, it prints the largest value found among all cells that can be reached in at most `p` moves. The algorithm therefore scans the perimeter of each diamond layer around the start, rather than all cells inside the diamond, and keeps track of the maximum value encountered."
1344697220,10.71,cpp,GEOMETRIC_SCAN,GEOMETRIC_SCAN,YES,0.99609375,UNKNOWN,0.001167297,0.99609375,GREEDY_NEIGHBOR_WALK,0.002182007,"The program reads the grid dimensions \(N,M\), the maximum number of moves \(P\), and the starting position \((L,C)\) (1‑based). It then reads the \(N\times M\) matrix of diamond values. After converting the start coordinates to 0‑based indices, it handles the trivial case \(P=0\) by printing the value at the starting cell.

For \(P>0\) the code attempts to examine cells that lie on the four diagonal lines that pass through the starting position and extend up to \(P\) steps away. It uses four separate `for` loops, each iterating over an index \(i\) from 0 to \(P\) (or \(P-1\) in the last two loops). In each loop it computes a candidate cell by adding or subtracting \(i\) from the row and column indices in a pattern that corresponds to moving along a diagonal (up‑left, up‑right, down‑left, down‑right). Before accessing a cell it checks that the computed row and column are within the bounds of the grid; if so, it compares the cell’s value with a running maximum and updates the maximum if the cell’s value is larger.

Finally, after all four loops, the program outputs the maximum value found among the examined diagonal cells. The fourth loop contains a faulty boundary check (`c-1 >= m`) that prevents it from ever executing, so only the first three diagonal directions are effectively considered. The algorithm does not explore all cells reachable in up to \(P\) moves; it only inspects a limited set of diagonal positions."
1344697577,35.71,cpp,BFS_RADIUS,BFS_RADIUS,YES,0.8984375,GEOMETRIC_SCAN,0.039550781,1,DFS_RADIUS,0.000587463,"The program reads the grid dimensions \(N\) and \(M\), the maximum number of moves \(P\), and the starting position \((L,C)\). It stores the diamond values in a 1‑based array `F`. If no moves are allowed (\(P=0\)) it simply prints the value at the starting cell.

Otherwise it performs a breadth‑first search from the start cell. Two 2‑dimensional vectors are used: `dist` holds the distance (number of steps) from the start to each cell, initialized to `INT_MAX`, and `visited` marks whether a cell has already been enqueued. The queue `q` initially contains the starting position with distance 0.

During the BFS loop, a cell is popped and its distance is checked. If the distance is already equal to or greater than \(P\), the code enters a nested double loop over all grid cells, but the loop body is empty, so it simply continues to the next iteration. If the distance is less than \(P\), the algorithm attempts to move to the four orthogonal neighbours. For each neighbour it calls `isValid`, which only verifies that the neighbour’s indices are not larger than the grid bounds and that it has not been visited yet (it does not check lower bounds). If the neighbour is considered valid, its distance is set to the current distance plus one, it is marked visited, enqueued, and the global maximum `max_frumix` is updated if the neighbour’s diamond value is larger.

After the queue is exhausted, the program outputs the maximum diamond value found among all cells that were reached within at most \(P\) steps. The code therefore implements a limited‑depth BFS to explore reachable cells and keeps track of the highest diamond value encountered."
1344697704,50,cpp,BFS_RADIUS,BFS_RADIUS,YES,0.9140625,GEOMETRIC_SCAN,0.027709961,1,DFS_RADIUS,0.000518799,"The program reads the grid dimensions \(N\) and \(M\), the maximum number of moves \(P\), and the starting position \((L,C)\). It stores the diamond values in a 1‑based array `F`. If no moves are allowed (\(P=0\)) it simply prints the value at the starting cell.

For the general case it performs a breadth‑first search from the start cell. Two 2‑dimensional arrays are maintained: `dist` holds the distance (number of steps) from the start to each cell, initialized to `INT_MAX`, and `visited` marks whether a cell has already been enqueued. A queue holds the frontier cells. The BFS loop repeatedly dequeues a cell, and if its distance is already equal to \(P\) it skips further expansion (the code contains an empty double loop that has no effect). Otherwise it examines the four orthogonal neighbours; for each neighbour that lies inside the grid and has not yet been visited, it records the neighbour’s distance as one more than the current cell’s distance, enqueues it, updates the global maximum diamond value `max_frumix` if the neighbour’s value is larger, and marks the neighbour as visited.

After the queue is exhausted, the program outputs the maximum diamond value found among all cells that were reached in at most \(P\) steps. The algorithm therefore explores all cells within the allowed move radius and keeps track of the highest value encountered."
1361335121,50,cpp,GEOMETRIC_SCAN,GEOMETRIC_SCAN,YES,1,SORTED_MANHATTAN,0.000804901,1,SORTED_MANHATTAN,0.000488281,"The program reads the grid dimensions \(N\) and \(M\), the maximum number of moves \(P\), and the starting position \((L,C)\) (1‑based). It then reads the \(N \times M\) matrix of diamond values into a 2‑dimensional vector `board`. 

For every cell \((i,j)\) of the grid the function `reachable` is called. This function computes the Manhattan distance from the starting cell to \((i,j)\) by `abs(i - l) + abs(j - c)` where `l` and `c` are the zero‑based coordinates of the start. If this distance is greater than `p`, the cell is considered unreachable; otherwise it is reachable. 

When a cell is reachable, the program updates a running maximum `max_val` with the value of that cell, and then overwrites the cell’s value in `board` with the constant 7 (this modification has no effect on the final answer). After scanning all cells, the program outputs the maximum diamond value found among all reachable cells. If no cell is reachable, `max_val` remains \(-1\) and that value is printed. The algorithm is a simple exhaustive scan using Manhattan distance to decide reachability."
1361359788,8.93,cpp,GEOMETRIC_SCAN,GEOMETRIC_SCAN,YES,1,BFS_RADIUS,0.000190735,0.99609375,SORTED_MANHATTAN,0.001495361,"The program reads the grid dimensions \(n\) and \(m\), the maximum number of moves \(p\), and the starting position \((l,c)\). It then reads an \(n \times m\) matrix of integer diamond values into a 2‑D array `adj`, indexed from 1. 

After the input, the program scans every cell of the grid. For each cell \((i,j)\) it computes the squared Euclidean distance to the starting cell: \((i-l)^2 + (j-c)^2\). If this distance is at most \(p^2\), the cell is considered reachable within the allowed number of moves. The program keeps track of the largest diamond value among all such reachable cells, storing it in `max_value`. 

Finally, it outputs this maximum value. The algorithm therefore treats the set of reachable cells as the disk of radius \(p\) centered at \((l,c)\) in the Euclidean metric, and selects the maximum diamond value inside that disk."
1361359794,50,cpp,GEOMETRIC_SCAN,GEOMETRIC_SCAN,YES,1,BFS_RADIUS,0.000246048,0.9921875,SORTED_MANHATTAN,0.005889893,"The program reads the grid dimensions \(n\) and \(m\), the maximum number of moves \(p\), and the starting position \((l,c)\). It then stores the diamond values in a 1‑based array `adj`. After the input, it scans every cell of the grid. For each cell \((i,j)\) it computes the Manhattan distance to the starting position, `abs(i-l)+abs(j-c)`. If this distance is at most \(p\), the cell is reachable within the allowed moves, and the program updates a running maximum `max_value` with the value of that cell. The initial value of `max_value` is set to the smallest possible integer. Finally, the program outputs this maximum value, which represents the highest diamond value that can be reached in at most \(p\) steps."
1361579499,14.29,cpp,DFS_RADIUS,DFS_RADIUS,YES,0.7265625,SORTED_MANHATTAN,0.076660156,0.96875,DP_RADIUS,0.010742188,"The program reads the grid dimensions \(N\) and \(M\), the maximum number of moves \(P\), and the starting position \((L,C)\). It then reads an \(N\times M\) matrix of integer diamond values into a 1‑based array `a`. 

The core of the solution is a recursive depth‑first search implemented in the function `fill`. Starting from the initial cell, the function checks whether the current coordinates are outside the grid or whether the remaining number of moves is negative; if so, it returns immediately. Otherwise it updates a global variable `ans` with the maximum of its current value and the diamond value at the current cell. It then recursively calls itself four times, moving one step north, east, west, or south, each time decrementing the remaining move count by one. No memoisation or visited‑state tracking is performed, so the same cell may be revisited many times along different paths. 

After the recursive exploration finishes, the program outputs the value stored in `ans`, which represents the largest diamond value that can be reached in at most \(P\) moves from the starting position. The algorithm explores all possible paths up to depth \(P\) in a brute‑force manner."
1361579636,50,cpp,GEOMETRIC_SCAN,GEOMETRIC_SCAN,YES,1,BFS_RADIUS,0.000216484,0.96484375,SORTED_MANHATTAN,0.032958984,"The program reads the grid dimensions \(n\) and \(m\), the maximum number of moves \(p\), and the starting position \((l,c)\) (using 1‑based indices). It then reads the value of each cell in the grid one by one. For every cell \((i,j)\) it computes the Manhattan distance to the starting position, \(|i-l|+|j-c|\). If this distance is at most \(p\), the cell is reachable within the allowed number of moves, and the program updates a running maximum \(mx\) with the larger of the current cell’s value and the previous maximum. The variable \(mx\) is initialized to the smallest possible integer.

After all cells have been processed, the program outputs the value stored in \(mx\). Thus the output is the largest diamond value that lies within Manhattan distance \(p\) from the starting position; if no cell satisfies the distance condition, the program prints the initial sentinel value (the minimum integer)."
1361579640,14.29,cpp,BFS_RADIUS,BFS_RADIUS,YES,0.953125,GEOMETRIC_SCAN,0.032470703,0.99609375,DFS_RADIUS,0.001495361,"The program reads the grid dimensions `n` and `m`, the maximum number of moves `p`, and the starting position `(l, c)` (1‑based indices). It then reads an `n × m` matrix `a` containing the diamond values. A global variable `ans` is initialized to a very small number and will hold the maximum value found.

The core routine is `lee`, which performs a breadth‑first search starting from the given cell. A queue of `cell` structs (row, column, remaining moves) is used. The start cell is pushed with `moves = p`. While the queue is not empty, the front cell is popped, and `ans` is updated with the value of the current grid cell. If the remaining moves are greater than zero, the algorithm attempts to move to each of the four orthogonal neighbours (north, east, south, west). For each neighbour it checks that the new coordinates stay within the grid bounds. It also checks a `vis` array, but this array is never updated, so the check merely tests whether the neighbour has ever been visited (which it never has), allowing the neighbour to be enqueued repeatedly. Each neighbour is enqueued with `moves - 1`.

After the queue empties, `ans` contains the largest diamond value that can be reached in at most `p` steps from the starting position. The `main` function calls `lee` with the initial coordinates and prints `ans`. The algorithm therefore explores all cells reachable within `p` moves (albeit with redundant revisits due to the missing visit marking) and reports the maximum value among them."
1361579737,50,cpp,BFS_RADIUS,BFS_RADIUS,YES,0.9765625,GEOMETRIC_SCAN,0.01574707,0.99609375,DFS_RADIUS,0.001495361,"The program reads the grid dimensions \(N\) and \(M\), the maximum number of moves \(P\), and the starting position \((L,C)\). It then reads an \(N\times M\) matrix of integer diamond values, indexed from 1. 

A breadth‑first search is performed from the starting cell. A `cell` structure stores a row, a column, and the remaining number of moves. A queue holds the frontier of the BFS. A 2‑D array `vis` marks cells that have already been enqueued, preventing duplicate visits. The arrays `dx` and `dy` encode the four cardinal directions (north, east, south, west). 

The BFS loop repeatedly dequeues a cell, updates the global maximum `ans` with the diamond value at that cell, and if the cell still has moves left, enqueues each of its four neighbors that lie inside the grid and have not yet been visited, decrementing the remaining moves by one. Because each cell is visited at most once, the search explores all cells reachable in at most \(P\) steps from the start. 

After the queue empties, `ans` holds the largest diamond value among all reachable cells, which is printed. The algorithm runs in \(O(NM)\) time and uses \(O(NM)\) memory for the grid and visitation array."
1361579968,50,cpp,GEOMETRIC_SCAN,GEOMETRIC_SCAN,YES,1,BFS_RADIUS,0.000115871,1,SORTED_MANHATTAN,0.000148773,"The program reads the grid dimensions \(N\) and \(M\), the maximum number of moves \(P\), and the starting position \((L,C)\). It then reads the \(N \times M\) matrix of diamond values. While reading each cell, it computes the Manhattan distance from the starting cell to the current cell. If that distance is at most \(P\), the cell is considered reachable within the allowed number of moves, and its value is compared with the current maximum. The maximum value among all reachable cells is stored in the variable `ma`. After all cells have been processed, the program outputs this maximum value. The algorithm therefore simply scans the entire grid once, applying a geometric distance test to decide reachability and keeping track of the highest diamond value found."
1361589824,50,cpp,GEOMETRIC_SCAN,GEOMETRIC_SCAN,YES,1,BFS_RADIUS,0.00015831,0.97265625,SORTED_MANHATTAN,0.022949219,"The program reads the grid dimensions \(n\) and \(m\), the maximum number of moves \(p\), and the starting position \((l,c)\). It then reads the \(n \times m\) matrix of diamond values into a 2‑D array. While filling the array it keeps a running maximum of any cell whose Manhattan distance from the start is at most \(p\). The Manhattan distance is computed as \(|x_1-x_2|+|y_1-y_2|\). If a cell’s value exceeds the current maximum and its distance condition holds, the maximum is updated. After all cells are processed, the program outputs this maximum value (or the initial sentinel value if no cell satisfies the distance constraint)."
1361600291,50,cpp,GEOMETRIC_SCAN,GEOMETRIC_SCAN,YES,1,BFS_RADIUS,9.01E-05,1,SORTED_MANHATTAN,0.001327515,"The program reads the grid dimensions \(n\) and \(m\), the maximum number of moves \(p\), and the starting position \((L,C)\). It then stores the diamond values in a 2‑D array `adj` indexed from 1. After the input, it scans every cell of the grid. For each cell \((i,j)\) it computes the Manhattan distance to the start, \(|i-L|+|j-C|\). If this distance is at most \(p\), the cell is reachable within the allowed moves, and the program updates a running maximum `max_val` with the value of that cell. Finally, it outputs the largest diamond value found among all reachable cells. The algorithm is a simple brute‑force check of all grid positions against the Manhattan distance constraint."
1361652717,48.21,cpp,GEOMETRIC_SCAN,GEOMETRIC_SCAN,YES,1,BFS_RADIUS,0.000278473,1,SORTED_MANHATTAN,0.000230789,"The program reads the grid dimensions \(n\) and \(m\), the maximum number of moves \(p\), and the starting position \((l_{\text{source}},c_{\text{source}})\). It then reads an \(n \times m\) matrix of integer values, storing them in a 1‑based array `matrix`. 

After the input, the program scans every cell of the matrix using two nested loops that iterate `i` from 1 to `n` and `j` from 1 to `n` (note that the inner loop incorrectly uses `n` instead of `m`). For each cell it computes the Manhattan distance \(|i-l_{\text{source}}| + |j-c_{\text{source}}|\). If this distance is at most `p`, the cell is considered reachable within the allowed number of moves. The program keeps track of the largest value among all reachable cells in the variable `max_value`, initialized to the smallest possible integer. 

Finally, it outputs `max_value`, which represents the maximum diamond value that can be reached in at most `p` moves according to the (incorrect) distance check. The algorithm is a simple brute‑force scan of the grid with a Manhattan distance filter."
1361652769,50,cpp,GEOMETRIC_SCAN,GEOMETRIC_SCAN,YES,1,BFS_RADIUS,0.000131607,0.99609375,SORTED_MANHATTAN,0.001502991,"The program reads the grid dimensions \(N\) and \(M\), the maximum number of moves \(P\), and the starting position \((L,C)\). It then stores the diamond values in a 1‑based array `adj`. After the input, it scans every cell of the grid. For each cell \((i,j)\) it computes the Manhattan distance to the start, `abs(i-L)+abs(j-C)`. If this distance is at most \(P\), the cell is reachable within the allowed moves, and the program updates a running maximum with the value stored in that cell. Finally, it prints the largest value found among all reachable cells. The algorithm is a simple brute‑force check of all grid positions against the Manhattan distance constraint."
1361653778,17.86,cpp,BFS_RADIUS,BFS_RADIUS,YES,0.98046875,GEOMETRIC_SCAN,0.007507324,0.98828125,GEOMETRIC_SCAN,0.003570557,"The program reads the grid dimensions \(N\) and \(M\), the maximum number of moves \(P\), and the starting position \((L,C)\). It then reads the \(N\times M\) matrix of diamond values into a 1‑based array `adj`. 

A breadth‑first search is performed from the starting cell. Two queues store the row and column indices of frontier cells. A `visited` array marks cells that have already been enqueued. The search proceeds by repeatedly dequeuing a cell, computing its Manhattan distance from the start (`abs(curr_x‑start_row)+abs(curr_y‑start_col)`), and if that distance exceeds \(P\) the cell is ignored. Otherwise the diamond value at that cell is compared to a running maximum `max_value`, which is updated if a larger value is found. 

For each dequeued cell, the four orthogonal neighbours (north, south, west, east) are examined; if a neighbour lies inside the grid and has not yet been visited, it is enqueued for later processing. The BFS continues until all reachable cells within the allowed distance have been examined. Finally, the program outputs the maximum diamond value discovered.

Thus the implementation explores all cells whose Manhattan distance from the start is at most \(P\) and reports the largest value among them."
1361659253,50,cpp,GEOMETRIC_SCAN,GEOMETRIC_SCAN,YES,1,SORTED_MANHATTAN,0.000295639,1,SORTED_MANHATTAN,0.000379562,"The program first reads the grid dimensions `N` and `M`, then the piece’s parameters: the maximum number of moves `P`, the starting row `L`, and the starting column `C`. It stores the grid size in a `Grid` structure and the piece’s state in a `Piece` structure, which also contains a method `can_reach` that checks whether a target cell is within Manhattan distance `P` from the piece’s current position.

The main loop iterates over every cell of the grid using 1‑based indices. For each cell it reads the diamond value. If the piece has zero allowed moves, the loop skips all cells except the starting cell. It then compares the current diamond value with the best value found so far (`max_diamond`). If the current value is not greater, the cell is ignored. Otherwise, it calls `can_reach` to verify that the cell lies within the reachable Manhattan distance; if not, the cell is skipped. When a cell passes all checks, its value becomes the new maximum.

After scanning all cells, the program outputs the maximum diamond value that the piece can reach within the allowed number of moves. The algorithm is a simple linear scan with a distance check, running in O(N·M) time."
1361659374,14.29,cpp,DFS_RADIUS,DFS_RADIUS,YES,0.98046875,SORTED_MANHATTAN,0.010864258,0.97265625,DP_RADIUS,0.01385498,"The program reads the grid dimensions \(N\) and \(M\), the maximum number of moves \(P\), and the starting position \((L,C)\). It then reads an \(N\times M\) matrix of integer diamond values, storing them in a 1‑based array `map`. 

A global variable `diamound` is initialized with the value of the starting cell. The core of the algorithm is a depth‑first search implemented by the recursive function `DFS_search(x, y, depth)`. The function first checks whether the remaining depth is zero; if so it stops. Otherwise it updates `diamound` if the current cell’s value is larger. It then recursively explores the four orthogonal neighbours (north, south, east, west) that stay within the grid, decrementing the depth counter by one for each recursive call. 

The initial call is `DFS_search(L, C, P+1)`. Because the depth counter is decremented after processing a cell, this call allows the search to visit cells reachable in at most \(P\) moves from the start (the start cell itself counts as depth \(P+1\)). The search does not keep track of visited cells, so it may revisit positions many times, exploring all possible paths up to the allowed depth. 

After the recursive search finishes, the program outputs the maximum diamond value found, stored in `diamound`. This value is the highest diamond that can be reached within at most \(P\) moves from the starting position."
1361701961,50,java,GEOMETRIC_SCAN,GEOMETRIC_SCAN,YES,1,SORTED_MANHATTAN,0.000261307,1,SORTED_MANHATTAN,0.000911713,"The program begins by reading five integers: the grid dimensions `n` and `m`, the maximum number of moves `p`, and the starting position `(start_row, start_col)` (using 1‑based indices). It then allocates a 2‑dimensional array `adj` of size 1005×1005 and fills the first `n` rows and `m` columns with the diamond values supplied in the input.

After the grid is stored, the program scans every cell of the grid. For each cell `(i, j)` it computes the Manhattan distance to the starting position, `|i - start_row| + |j - start_col|`. If this distance is less than or equal to `p`, the cell is considered reachable within the allowed number of moves. The program keeps track of the maximum diamond value among all reachable cells in the variable `max_value`, updating it whenever a larger value is found.

Finally, the program outputs the value of `max_value`, which represents the highest diamond value that can be reached from the starting position using at most `p` moves. The algorithm runs in O(n·m) time and uses a fixed-size integer array for storage."
1361703636,50,cpp,GEOMETRIC_SCAN,GEOMETRIC_SCAN,YES,1,BFS_RADIUS,0.000131607,1,SORTED_MANHATTAN,0.000709534,"The program reads the grid dimensions \(n\) and \(m\), the maximum number of moves \(p\), and the starting position \((L,C)\). It then reads the \(n \times m\) matrix of diamond values into a 1‑indexed array `adj`. 

After the input, the program scans every cell of the grid. For each cell \((i,j)\) it computes the Manhattan distance to the starting position, `abs(i - start_row) + abs(j - start_col)`. If this distance is at most \(p\), the cell is reachable within the allowed number of moves, and the program compares its value with the current maximum, updating `max_value` if the cell’s value is larger. 

Finally, the program outputs the largest diamond value found among all reachable cells. The algorithm is a simple brute‑force search over the entire grid, using a single nested loop and a distance check to filter reachable positions."
1361718241,50,java,GEOMETRIC_SCAN,GEOMETRIC_SCAN,YES,1,BFS_RADIUS,0.000123024,0.99609375,SORTED_MANHATTAN,0.003585815,"The program reads the grid dimensions \(N\) and \(M\), the maximum number of moves \(P\), and the starting position \((L,C)\). It then reads the \(N \times M\) matrix of diamond values into a 1‑based array `adj`. After the input, it scans every cell of the grid. For each cell \((i,j)\) it computes the Manhattan distance to the start, \(|i-L|+|j-C|\). If this distance is at most \(P\), the cell is reachable within the allowed moves, and the program compares its value with a running maximum. Finally, it outputs the largest value found among all reachable cells. The algorithm is a simple brute‑force search over the entire grid, using a single nested loop and a distance check."
1361720927,50,cpp,GEOMETRIC_SCAN,GEOMETRIC_SCAN,YES,1,BFS_RADIUS,0.000216484,1,SORTED_MANHATTAN,0.000553131,"The program reads the grid dimensions \(N\) and \(M\), the maximum number of moves \(P\), and the starting position \((L,C)\). It then reads the \(N \times M\) matrix of diamond values into a 1‑based array `adj`. After the input phase, the code scans every cell of the grid. For each cell \((i,j)\) it computes the Manhattan distance to the start, `abs(i-L)+abs(j-C)`. If this distance is at most \(P\), the value in that cell is compared with a running maximum `max_val`, which is initially set to the smallest 32‑bit integer. The maximum among all reachable cells is stored in `max_val`. Finally, the program outputs this maximum value. The algorithm therefore simply enumerates all cells, checks a geometric distance condition, and keeps the largest value found."
1361733211,50,cpp,GEOMETRIC_SCAN,GEOMETRIC_SCAN,YES,1,BFS_RADIUS,0.00014019,1,SORTED_MANHATTAN,0.000431061,"The program reads the grid dimensions \(n\) and \(m\), the maximum number of moves \(p\), and the starting position \((L,C)\). It then reads an \(n \times m\) matrix of integer diamond values into a 1‑based array `adj`. 

After the input, the program scans every cell of the grid. For each cell \((i,j)\) it computes the Manhattan distance to the starting position, `abs(i-L)+abs(j-C)`. If this distance is at most \(p\), the cell is reachable within the allowed number of moves, so the program compares its value with a running maximum `max_value` and updates the maximum if necessary. The initial value of `max_value` is set to \(-10000\). 

Finally, the program outputs the largest diamond value found among all cells whose Manhattan distance from the start does not exceed \(p\). This value is printed followed by a newline. The algorithm is a simple brute‑force scan of the entire grid, using only basic loops and an absolute‑value check to enforce the movement constraint."
1361737162,50,cpp,GEOMETRIC_SCAN,GEOMETRIC_SCAN,YES,1,BFS_RADIUS,0.000131607,1,SORTED_MANHATTAN,0.000911713,"The program reads the grid dimensions \(n\) and \(m\), the maximum number of moves \(p\), and the starting position \((\text{startr},\text{startc})\). It then reads an \(n \times m\) matrix of integer diamond values into a 1‑indexed array `adj`. 

After the input, the program scans every cell of the grid with two nested loops. For each cell \((i,j)\) it computes the Manhattan distance to the starting cell, \(|i-\text{startr}|+|j-\text{startc}|\). If this distance is at most \(p\), the cell is reachable within the allowed number of moves, so the program compares its value with a running maximum `max_value` (initialised to `INT_MIN`) and updates the maximum if the cell’s value is larger. 

Finally, the program outputs the largest diamond value found among all reachable cells. The algorithm therefore simply enumerates all cells, filters them by the Manhattan distance constraint, and keeps the maximum value."
1361752573,1.79,cpp,BFS_RADIUS,BFS_RADIUS,YES,0.859375,GEOMETRIC_SCAN,0.062255859,0.99609375,GEOMETRIC_SCAN,0.001319885,"The program reads the grid dimensions \(N\) and \(M\), the maximum number of moves \(P\), and the starting position \((L,C)\). It then reads the \(N\times M\) matrix of diamond values into a 1‑based array `a`. 

A breadth‑first search is performed from the starting cell. A queue holds cells to process; the distance from the start to each cell is stored in the global array `dist`, which is initially zero for all cells. The starting cell is pushed onto the queue and its value is used to initialise the answer `ans`. 

While the queue is not empty, the algorithm dequeues a cell \((x,y)\) and examines its four orthogonal neighbours. For each neighbour \((nx,ny)\) that lies inside the grid, the code checks whether it has not been visited yet (`dist[nx][ny]==0`) and whether moving to it would keep the total steps within the allowed limit (`dist[x][y]+1 <= P`). If both conditions hold, the neighbour’s distance is set to `dist[x][y]+1`, it is enqueued, and the maximum diamond value seen so far (`ans`) is updated if the neighbour’s value is larger. 

After the BFS finishes, `ans` contains the largest diamond value that can be reached in at most \(P\) moves, and this value is printed. The algorithm essentially explores all cells within a Manhattan distance of \(P\) from the start, keeping track of the maximum value encountered."
1361752702,50,cpp,BFS_RADIUS,BFS_RADIUS,YES,0.97265625,GEOMETRIC_SCAN,0.01574707,1,GEOMETRIC_SCAN,0.000553131,"The program reads the grid dimensions \(N\) and \(M\), the maximum number of moves \(P\), and the starting position \((L,C)\). It then reads an \(N\times M\) matrix of integer diamond values. All indices are treated as 1‑based.

A breadth‑first search is performed from the starting cell. A 2‑D array `dist` stores the distance (number of moves) from the start to each cell; it is initially zero everywhere. The start cell is pushed onto a queue and its distance is implicitly zero. For each cell taken from the queue, the program examines its four orthogonal neighbours (north, west, south, east). If a neighbour lies inside the grid, has not yet been assigned a distance (`dist[new]==0`), and the distance to reach it would be at most \(P\), the neighbour’s distance is set to `dist[curr]+1`, the maximum diamond value seen so far (`ans`) is updated if the neighbour’s value is larger, and the neighbour is enqueued for further exploration.

The search stops when the queue is empty, meaning all cells reachable within at most \(P\) steps have been processed. Finally, the program outputs the maximum diamond value found during the BFS. This yields the highest value that can be reached from the starting position using no more than \(P\) moves."
1361766635,50,cpp,BFS_RADIUS,BFS_RADIUS,YES,0.97265625,GEOMETRIC_SCAN,0.01574707,1,GEOMETRIC_SCAN,0.000553131,"The program reads the grid dimensions \(N\) and \(M\), the maximum number of moves \(P\), and the starting position \((L,C)\). It then reads an \(N\times M\) matrix of integer diamond values. All indices are treated as 1‑based.

A breadth‑first search is performed from the starting cell. A 2‑D array `dist` stores the distance (number of moves) from the start to each cell; it is initially zero everywhere. The start cell is pushed onto a queue and its distance is implicitly zero. For each cell taken from the queue, the program examines its four orthogonal neighbours (north, west, south, east). If a neighbour lies inside the grid, has not yet been assigned a distance (`dist[new]==0`), and the distance to reach it would be at most \(P\), the neighbour’s distance is set to `dist[curr]+1`, the maximum diamond value seen so far (`ans`) is updated if the neighbour’s value is larger, and the neighbour is enqueued for further exploration.

The search stops when the queue is empty, meaning all cells reachable within at most \(P\) steps have been processed. Finally, the program outputs the maximum diamond value found during the BFS. This yields the highest value that can be reached from the starting position using no more than \(P\) moves."
1361770423,8.93,cpp,GEOMETRIC_SCAN,GEOMETRIC_SCAN,YES,0.9765625,GREEDY_NEIGHBOR_WALK,0.017822266,0.9921875,GREEDY_NEIGHBOR_WALK,0.002792358,"The program reads the grid dimensions \(N\) and \(M\), the maximum number of moves \(P\), and the starting position \((L,C)\). It stores the diamond values in a 1‑based array `mat`. The variable `maxi` is initialized with the value of the starting cell.

The algorithm then explores each of the four cardinal directions independently, but only along a straight line from the starting position. For each direction it iterates step by step, keeping a counter `mut` that represents how many moves have been taken in that direction. As long as the counter is less than \(P\) and the index stays within the grid bounds, the program updates `maxi` with the maximum of its current value and the diamond value at the new cell. This is done separately for:

* to the right (increasing column index),
* to the left (decreasing column index),
* downwards (increasing row index),
* upwards (decreasing row index).

After all four passes, `maxi` holds the largest diamond value that can be reached by moving at most \(P\) steps in a single straight line from the starting cell. The program outputs this value."
1361805995,14.29,java,DFS_RADIUS,DFS_RADIUS,YES,0.9453125,SORTED_MANHATTAN,0.025146484,0.953125,UNKNOWN,0.015441895,"The program reads the grid dimensions \(N\) and \(M\), the maximum number of moves \(P\), and the starting position \((L,C)\). It then reads an \(N\times M\) matrix of integer diamond values, storing it in a 1‑based array `mat`. 

The core of the solution is a depth‑first search implemented in the `dfs` method. The method receives the current coordinates, the remaining number of moves, the grid bounds, a list `seen` of already visited cells, and the matrix. It first checks whether the current cell lies outside the grid or whether the cell has already been visited (or if no moves remain). In any of these cases it returns `Integer.MIN_VALUE` to indicate an invalid path. Otherwise it records the current cell in `seen` and recursively explores the four orthogonal neighbours (north, west, east, south), each time decrementing the remaining move count. After the four recursive calls, it returns the maximum of the four results and the value of the current cell. Thus the recursion explores every simple path of length at most \(P\) starting from the initial position, keeping track of the highest diamond value encountered along any such path.

Finally, the main method prints the value returned by the initial call to `dfs`, which is the maximum diamond value reachable within at most \(P\) moves. The algorithm uses an `ArrayList` to store visited cells and relies on `contains` checks, leading to exponential time complexity in the worst case."
1361807199,50,cpp,GEOMETRIC_SCAN,GEOMETRIC_SCAN,YES,1,SORTED_MANHATTAN,0.000379562,0.99609375,SORTED_MANHATTAN,0.003585815,"The program reads five integers N, M, P, L, C, where N and M are the grid dimensions, P is the maximum number of moves allowed, and (L, C) is the starting position (1‑based). It then reads an N × M matrix of integers, storing each value in a 1‑indexed vector `mat`. A second 2‑D boolean array `visited` is created but never used.

After the input, the program initializes `res` to –1 and iterates over every cell `(i, j)` of the grid. For each cell it computes the Manhattan distance from the start: `abs(i - L) + abs(j - C)`. If this distance is less than or equal to P, the cell is considered reachable within the allowed moves, and `res` is updated to the maximum of its current value and `mat[i][j]`. Once all cells have been examined, the program prints the value of `res`, which represents the largest diamond value that can be reached in at most P moves."
1361807505,50,java,GEOMETRIC_SCAN,GEOMETRIC_SCAN,YES,1,SORTED_MANHATTAN,0.000295639,1,SORTED_MANHATTAN,0.000379562,"The program reads the grid dimensions \(N\) and \(M\), the maximum number of moves \(P\), and the starting position \((L,C)\). It then reads the \(N \times M\) matrix of diamond values into a 1‑based array `mat`. 

After the input, the code scans every cell of the grid with two nested loops. For each cell \((i,j)\) it computes the Manhattan distance to the starting position: \(|L-i| + |C-j|\). If this distance is at most \(P\) and the cell’s value is larger than the current best (`maxNo`), the value becomes the new best. The variable `maxNo` is initialized to \(-1\) so that any cell value will replace it if reachable. 

Finally, the program prints the maximum diamond value that can be reached within at most \(P\) moves. No other data structures or search techniques are used; the solution is a simple exhaustive scan of all cells with a distance check."
1361807834,50,java,GEOMETRIC_SCAN,GEOMETRIC_SCAN,YES,1,SORTED_MANHATTAN,0.000230789,1,SORTED_MANHATTAN,0.000216484,"The program reads the grid dimensions \(N\) and \(M\), the maximum number of moves \(P\), and the starting position \((L,C)\). It then reads the \(N \times M\) matrix of diamond values into a 1‑indexed array `mat`. 

After the input, the code iterates over every cell \((i,j)\) of the grid. For each cell it computes the Manhattan distance to the starting position, \(|i-L|+|j-C|\). If this distance is at most \(P\), the cell is reachable within the allowed number of moves, and the program updates a running maximum `ans` with the value of that cell. 

Finally, the maximum value found among all reachable cells is printed. The algorithm therefore simply scans the entire grid, checks a geometric distance condition, and keeps the largest diamond value that satisfies it."
1361810647,50,cpp,BFS_RADIUS,BFS_RADIUS,YES,0.9921875,GEOMETRIC_SCAN,0.004608154,1,DFS_RADIUS,0.000488281,"The program reads the size of a rectangular grid (N rows, M columns), the maximum number of moves P, and the starting position (L, C). It then reads the integer value of each cell into a 2‑D array `A`. 

To determine which cells can be reached within at most P steps, the code performs a breadth‑first search (BFS) starting from the initial cell. A distance array `d` is initialized to a very large value for every cell. The BFS queue stores positions as `Elem` structs containing row and column indices. For each dequeued cell, the algorithm examines its four orthogonal neighbours (north, east, south, west). If a neighbour lies inside the grid and its current stored distance is greater than the distance of the current cell plus one, the neighbour’s distance is updated and it is enqueued. After the BFS finishes, `d[i][j]` holds the minimum number of moves required to reach cell (i, j) from the start.

Finally, the program scans all cells of the grid. For each cell whose computed distance is less than or equal to P, it compares the cell’s diamond value `A[i][j]` with a running maximum. The first such cell found initializes the maximum, and subsequent cells with larger values replace it. After the scan, the maximum value among all reachable cells is printed. If no cell is reachable within P moves, the variable `maxim` remains uninitialized, but the code still attempts to output it."
1361864590,50,cpp,GEOMETRIC_SCAN,GEOMETRIC_SCAN,YES,1,BFS_RADIUS,8.49E-05,0.99609375,SORTED_MANHATTAN,0.005218506,"The program begins by reading five integers: the number of rows \(n\), the number of columns \(m\), the maximum number of moves \(p\), the starting row \(L\) and the starting column \(C\). It then reads an \(n \times m\) grid of integers, storing the values in a 1‑based array `matrice`. 

After the input is loaded, the program iterates over every cell \((i,j)\) of the grid. For each cell it computes the Manhattan distance from the starting position: 
\[
\text{manhattan} = |L-i| + |C-j|.
\] 
If this distance is less than or equal to the allowed number of moves \(p\), the cell is considered reachable. The program keeps a variable `max` (initialised to \(-1\)) and updates it whenever it encounters a reachable cell whose value exceeds the current `max`. 

Once all cells have been examined, the program outputs the value stored in `max`, which represents the largest diamond value that can be reached within at most \(p\) moves. The algorithm is a straightforward brute‑force scan of the entire grid, using the Manhattan distance as the reachability criterion."
1361869243,50,cpp,GEOMETRIC_SCAN,GEOMETRIC_SCAN,YES,1,BFS_RADIUS,0.000131607,1,SORTED_MANHATTAN,0.001167297,"The program reads the grid dimensions \(N\) and \(M\), the maximum number of moves \(P\), and the starting position \((L,C)\). It then reads the \(N \times M\) matrix of diamond values into a 1‑based array `adj`. 

After the input, the program scans every cell of the grid. For each cell \((i,j)\) it computes the Manhattan distance to the starting position, `abs(i‑l) + abs(j‑c)`. If this distance is at most \(P\), the cell is reachable within the allowed number of moves, and the program updates a running maximum `max_value` with the value stored in that cell. 

Finally, the program outputs the maximum diamond value found among all reachable cells. If no cell satisfies the distance condition, `max_value` remains \(-1\) and that value is printed. The algorithm is a simple brute‑force check of all grid positions against the Manhattan distance constraint."
1361892615,50,cpp,GEOMETRIC_SCAN,GEOMETRIC_SCAN,YES,1,BFS_RADIUS,0.000123024,1,SORTED_MANHATTAN,0.000553131,"The program reads the grid dimensions \(N\) and \(M\), the maximum number of moves \(P\), and the starting position \((L,C)\). It then reads the \(N \times M\) matrix of diamond values into a 1‑based array `adj`. 

After input, the program scans every cell of the grid. For each cell \((i,j)\) it computes the Manhattan distance to the starting position, \(|i-L|+|j-C|\). If this distance is at most \(P\), the cell is reachable within the allowed number of moves, and the program compares its value with a running maximum `maxim`. The maximum is initialized to the smallest possible integer and updated whenever a reachable cell has a larger value. 

Finally, the program outputs the value of `maxim`, which is the largest diamond value that can be reached in at most \(P\) steps. The algorithm is a simple brute‑force scan of all grid cells with a constant‑time check per cell."
1361899304,50,cpp,GEOMETRIC_SCAN,GEOMETRIC_SCAN,YES,1,BFS_RADIUS,0.00014019,0.99609375,SORTED_MANHATTAN,0.001922607,"The program reads the grid dimensions \(n\) and \(m\), the maximum number of moves \(p\), and the starting position \((\text{lin},\text{col})\). It then reads an \(n \times m\) matrix of integer values into a 1‑based array `adj`. 

After the input, the program scans every cell of the grid with two nested loops. For each cell \((i,j)\) it computes the Manhattan distance to the starting position, \(|i-\text{lin}| + |j-\text{col}|\). If this distance is at most \(p\), the cell is reachable within the allowed number of moves, and the program updates a running maximum `max_beauty` with the value stored in that cell. The maximum is initialized to `INT_MIN` so that any cell value will replace it. 

Finally, the program outputs the value of `max_beauty`, which is the largest diamond value that can be reached in at most \(p\) moves. The algorithm is a simple brute‑force scan that relies on the Manhattan distance condition to determine reachability."
1361901458,50,cpp,BFS_RADIUS,BFS_RADIUS,YES,0.98828125,GEOMETRIC_SCAN,0.004577637,1,DFS_RADIUS,0.000488281,"The program reads the grid dimensions \(N\) and \(M\), the maximum number of moves \(P\), and the starting coordinates \((L,C)\). It then stores the diamond values in a 2‑D array indexed from 1. 

A breadth‑first search is performed from the starting cell. A queue holds tuples \((x,y,\text{level})\) where *level* is the number of steps taken to reach that cell. The search begins with the start cell at level 0 and records its value as the current maximum. While the queue is not empty, the front element is popped, its value is compared to the running maximum, and the maximum is updated if necessary. 

If the current level is already equal to \(P\) or the cell has been marked visited, the algorithm skips further expansion from that cell. Otherwise the cell is marked visited and its four orthogonal neighbours (north, south, east, west) that stay inside the grid are enqueued with level + 1. This process continues until all reachable cells within at most \(P\) steps have been examined. 

Finally, the program outputs the largest diamond value encountered during the BFS. The visited array is a global 2‑D boolean array, and the queue is a standard FIFO container of tuples. The algorithm therefore explores all cells reachable in at most \(P\) moves and keeps track of the maximum value found."
1361903196,16.07,cpp,DFS_RADIUS,DFS_RADIUS,YES,0.98828125,SORTED_MANHATTAN,0.006652832,0.9765625,DP_RADIUS,0.010864258,"The program reads the grid dimensions \(N\) and \(M\), the maximum number of moves \(P\), and the starting position \((L,C)\). It then reads the \(N\times M\) matrix of diamond values. A 2‑D boolean array `visited` marks cells that have already been stepped on during a particular path.

The core of the program is a depth‑first search function `dfs(x,y,moves_left,beauty)`. It is called initially with the starting cell and the full move budget. At each call, if no moves remain, the function returns the current `beauty` value (the value of the cell where the search ended). Otherwise, it tries to move to each of the four orthogonal neighbours that are inside the grid and not yet visited in the current path. For each such neighbour it marks it visited, updates `beauty` to the neighbour’s diamond value, recurses with one fewer move, and then unmarks the neighbour. The maximum value returned by any recursive branch is kept and finally returned.

Thus the program explores every simple path of length up to \(P\) starting from the initial cell, keeping track of the diamond value at the endpoint of each path, and outputs the largest such value found. The result is printed as a single integer."
1361903314,50,cpp,GEOMETRIC_SCAN,GEOMETRIC_SCAN,YES,1,BFS_RADIUS,0.000123024,1,SORTED_MANHATTAN,0.00062561,"The program reads the grid dimensions \(n\) and \(m\), the maximum number of moves \(p\), and the starting position \((L,C)\). It then reads the \(n \times m\) matrix of diamond values into a 1‑indexed array `adj`. 

After the input, the code scans every cell of the grid. For each cell \((i,j)\) it computes the Manhattan distance to the starting position, `abs(i - start_row) + abs(j - start_col)`. If this distance is at most \(p\), the cell is reachable within the allowed number of moves, so the program compares its value with the current maximum and updates the maximum if necessary. 

Finally, the program outputs the largest diamond value found among all reachable cells. The algorithm is a simple brute‑force search over the entire grid, using a single nested loop and a distance check to filter reachable positions."
1361903616,1.79,cpp,DFS_RADIUS,DFS_RADIUS,YES,0.72265625,GREEDY_NEIGHBOR_WALK,0.076171875,0.65234375,GREEDY_NEIGHBOR_WALK,0.240234375,"The program reads the grid dimensions \(N\) and \(M\), the maximum number of moves \(P\), and the starting position \((L,C)\). It then reads an \(N\times M\) matrix of integer diamond values into a 1‑based vector `v`. 

If \(P=0\) the answer is simply the value at the starting cell. 
Otherwise the program increments \(P\) by one and calls a recursive routine `find_max`. 
`find_max` receives the current coordinates, a reference to the current best value `max`, and a counter `p` that represents how many “value‑improvement steps” are still allowed. 
The routine first checks bounds; if the cell is outside the grid it returns. 
If the value at the current cell is larger than `max`, it updates `max` and decrements `p`. 
When `p` reaches zero the recursion stops. 
Otherwise the function recurses into the four orthogonal neighbours (north, south, west, east) without any visited‑cell tracking, so the same cell may be examined many times. 

After the recursive search finishes, the program outputs the largest value found during the traversal. The algorithm therefore explores the grid in a depth‑first manner, updating the maximum whenever a higher value is encountered, and halting after a fixed number of such updates rather than after a fixed number of steps."
1361903704,50,cpp,GEOMETRIC_SCAN,GEOMETRIC_SCAN,YES,1,BFS_RADIUS,0.000123024,1,SORTED_MANHATTAN,0.00062561,"The program reads the grid dimensions \(n\) and \(m\), the maximum number of moves \(p\), and the starting position \((L,C)\). It then reads the \(n \times m\) matrix of diamond values into a 1‑indexed array `adj`. 

After the input, the code scans every cell of the grid. For each cell \((i,j)\) it computes the Manhattan distance to the starting position, `abs(i - start_row) + abs(j - start_col)`. If this distance is at most \(p\), the cell is reachable within the allowed number of moves, so the program compares its value with the current maximum and updates the maximum if necessary. 

Finally, the program outputs the largest diamond value found among all reachable cells. The algorithm is a simple brute‑force search over the entire grid, using a single nested loop and a distance check to filter reachable positions."
1361904583,50,cpp,GEOMETRIC_SCAN,GEOMETRIC_SCAN,YES,0.9921875,SORTED_MANHATTAN,0.004608154,0.99609375,SORTED_MANHATTAN,0.002182007,"The program reads the grid dimensions \(N\) and \(M\), the maximum number of moves \(P\), and the starting position \((L,C)\) (converted to 0‑based indices). It then reads the \(N \times M\) matrix of diamond values. 

It initializes the answer `sol` with the value of the diamond at the starting cell. 
Next, it iterates over every cell \((i,j)\) of the grid. For each cell it computes the Manhattan distance to the start, `abs(i-l)+abs(j-c)`. If this distance is at most \(P\) and the diamond value at that cell is larger than the current `sol`, it updates `sol` to that larger value. 

After scanning all cells, the program outputs the maximum diamond value that can be reached within at most \(P\) moves. The algorithm is a simple exhaustive check of all cells, using only basic loops and arithmetic."
1361910845,50,java,GEOMETRIC_SCAN,GEOMETRIC_SCAN,YES,1,SORTED_MANHATTAN,0.00062561,0.97265625,SORTED_MANHATTAN,0.022949219,"The program reads the grid dimensions \(N\) and \(M\), the maximum number of moves \(P\), and the starting position \((L,C)\). It then reads the \(N \times M\) matrix of diamond values into a 2‑D array indexed from 1. 

The algorithm keeps a single integer `ans` that will hold the maximum value reachable. If no moves are allowed (`P==0`) it simply assigns `ans` to the value at the starting cell. Otherwise it iterates over every cell \((i,j)\) of the grid and checks whether the Manhattan distance \(|i-L|+|j-C|\) is at most \(P\). For each such cell it updates `ans` with the larger of its current value and the cell’s diamond value. After scanning all cells, it prints `ans`.

Thus the program effectively finds the maximum diamond value among all cells whose Manhattan distance from the start does not exceed the allowed number of moves. It does not consider any path constraints beyond this distance check."
1370607065,50,cpp,GEOMETRIC_SCAN,GEOMETRIC_SCAN,YES,1,BFS_RADIUS,0.000190735,0.9921875,SORTED_MANHATTAN,0.005889893,"The program begins by reading five integers: the grid dimensions \(n\) and \(m\), the maximum number of moves \(p\), and the starting position \((l, c)\). It then initializes a variable `ans` to the smallest possible integer value. 

It proceeds to read the grid values row by row. For each cell \((i, j)\) it reads the diamond value `a`. It computes the Manhattan distance from the starting cell to \((i, j)\) as \(|i-l| + |j-c|\). If this distance is less than or equal to the allowed number of moves \(p\), the cell is reachable within the move limit, and the program updates `ans` to be the maximum of its current value and `a`. 

After all cells have been processed, the program outputs the value stored in `ans`, which represents the highest diamond value that can be reached in at most \(p\) moves from the starting position. If no cell satisfies the distance condition, `ans` remains at its initial minimum value and that is what is printed."
1378017593,48.21,cpp,GEOMETRIC_SCAN,GEOMETRIC_SCAN,YES,0.99609375,SORTED_MANHATTAN,0.001922607,0.9921875,SORTED_MANHATTAN,0.007568359,"The program reads the grid dimensions \(N\) and \(M\), the maximum number of moves \(P\), and the starting position \((L,C)\). It stores the diamond values in a 1‑indexed 2‑D array `tabla`. While reading the grid it also keeps track of the overall maximum value, although this value is never used later.

If \(P=0\) the program simply prints the value of the starting cell and terminates. 
Otherwise it builds a second 2‑D array `distante` that is intended to hold the Manhattan distance from each cell to the start. The distance is computed as `abs(i‑l)+abs(j‑c)`, but the inner loop mistakenly iterates `j` from 1 to `n` instead of 1 to `m`, so only a square sub‑region of the grid is considered.

After filling `distante`, the program scans all cells again (again using `j` up to `n`) and updates `maxim_2` with the largest diamond value among those cells whose stored distance is at most \(P\). Finally it outputs `maxim_2`.

Thus the implemented algorithm is a brute‑force search over a (potentially incorrectly sized) subset of the grid, selecting the maximum diamond value reachable within \(P\) Manhattan steps from the start."
1378034785,16.07,cpp,DFS_RADIUS,DFS_RADIUS,YES,0.87890625,GREEDY_NEIGHBOR_WALK,0.049560547,0.984375,DP_RADIUS,0.007507324,"The program reads the grid dimensions \(N\) and \(M\), the maximum number of moves \(P\), and the starting position \((L,C)\) (converted to 0‑based indices). It then stores the diamond values in a 2‑D vector `beauty`. A second 2‑D boolean vector `visited` keeps track of cells that have already been visited in the current recursive path.

The core of the algorithm is a depth‑first search implemented by the recursive function `back(r,c,moves)`. At each call the value of the current cell `beauty[r][c]` is compared with a global maximum `Max` and the larger value is kept. If the number of moves made equals the allowed limit \(P\), the recursion stops. Otherwise the function iterates over the four cardinal directions (north, south, west, east). For each neighbor that lies inside the grid and has not yet been visited in the current path, the neighbor is marked visited, `back` is called recursively with an incremented move count, and after returning the visited flag is cleared (backtracking). This ensures that each path considered is a simple walk of length at most \(P\) with no repeated cells.

After the initial call `back(L,C,0)` finishes, the global variable `Max` holds the highest diamond value that can be reached within at most \(P\) moves from the starting cell. The program outputs this value. The algorithm explores all possible simple paths up to length \(P\), using recursion and backtracking, and records the maximum cell value encountered."
1378035023,50,cpp,BFS_RADIUS,BFS_RADIUS,YES,0.9921875,GEOMETRIC_SCAN,0.005187988,0.99609375,GEOMETRIC_SCAN,0.001098633,"The program reads the grid dimensions \(N\) and \(M\), the maximum number of moves \(P\), and the starting position \((L,C)\) (converted to 0‑based indices). It then reads the \(N \times M\) matrix of diamond values. 

A breadth‑first search is performed from the starting cell. A queue stores structures containing the current coordinates and the number of steps taken to reach them. A 2‑D boolean array `visited` marks cells that have already been enqueued, ensuring each cell is processed at most once. The search explores the four orthogonal neighbours (north, south, east, west) as long as the neighbour lies inside the grid and the current path length is less than \(P\). For every dequeued cell the program updates `maxBeauty` with the maximum of its current value and the diamond value stored in that cell. 

When the queue becomes empty—meaning all cells reachable within at most \(P\) steps have been examined—the program outputs the value of `maxBeauty`, which is the highest diamond value that can be reached within the allowed number of moves."
1378040345,10.71,cpp,BFS_RADIUS,BFS_RADIUS,YES,0.91796875,GEOMETRIC_SCAN,0.021606445,0.99609375,DFS_RADIUS,0.000854492,"The program reads the grid dimensions \(N\) and \(M\), the maximum number of moves \(P\), and the starting position \((L,C)\). It then stores the \(N\times M\) matrix of diamond values. A breadth‑first search is performed starting from the initial cell, using a queue that holds tuples \((x,y,steps)\). A 2‑D boolean array `visited` marks cells that have already been enqueued, so each cell is processed at most once.

During the BFS, when a dequeued state has `steps == P`, the value of the diamond at that cell is compared with a running maximum `max_beauty`. If the state has fewer than \(P\) steps, the algorithm attempts to move north, east, south, or west, enqueuing any neighboring cell that lies inside the grid and has not yet been visited. The search stops when the queue is empty.

After the search, if no cell was reached in exactly \(P\) steps, `max_beauty` remains `INT_MIN` and the program outputs `-1`. Otherwise it prints the maximum diamond value found among all cells that were reached in exactly \(P\) moves. The implementation therefore reports the highest value attainable after exactly \(P\) steps, exploring each reachable cell only once."
1378065070,17.86,cpp,BFS_RADIUS,BFS_RADIUS,YES,0.97265625,GEOMETRIC_SCAN,0.01574707,0.99609375,GEOMETRIC_SCAN,0.000911713,"The program reads the grid dimensions \(N\) and \(M\), the maximum number of moves \(P\), and the starting position \((L,C)\) (1‑based). It then reads the \(N\times M\) matrix of diamond values. The starting coordinates are converted to 0‑based indices.

A breadth‑first search is performed from the starting cell. A queue holds cells to visit and a `set` records which cells have already been enqueued. For each dequeued cell \((x,y)\) the program updates the current maximum value `f` with the diamond value at that cell. It then checks the Manhattan distance from the start: if \(|x-L|+|y-C| \ge P\) the cell is not expanded further, otherwise its four orthogonal neighbours (north, west, south, east) that are inside the grid and not yet visited are pushed onto the queue.

Thus the search explores exactly those cells whose Manhattan distance from the start is at most \(P\). After the queue is exhausted, the program outputs the largest diamond value found among all visited cells. This value is the maximum diamond that can be reached in at most \(P\) moves."
1378065257,50,cpp,BFS_RADIUS,BFS_RADIUS,YES,0.9921875,GEOMETRIC_SCAN,0.004058838,0.99609375,GEOMETRIC_SCAN,0.001243591,"The program reads the grid dimensions \(N\) and \(M\), the maximum number of moves \(P\), and the starting position \((L,C)\). It then reads the \(N\times M\) matrix of diamond values. The start coordinates are converted to 0‑based indices.

A breadth‑first search is performed from the starting cell. A queue holds cells to visit and a set keeps track of already visited positions. For each cell dequeued, the program updates the current maximum diamond value \(f\) with the value stored in that cell. If the Manhattan distance from the start to the current cell is at least \(P\), the search does not enqueue any of its neighbours, effectively limiting the exploration to cells that can be reached in at most \(P\) steps.

For each of the four cardinal directions (north, west, south, east), the program checks that the neighbour lies inside the grid and has not been visited yet. If so, it is added to the queue and marked as visited. This continues until the queue is empty, meaning all reachable cells within the allowed distance have been processed.

Finally, the program outputs the maximum diamond value found during the traversal. The algorithm therefore reports the highest value among all cells that are within a Manhattan distance of at most \(P\) from the starting position."
1378078710,12.5,cpp,DP_RADIUS,DP_RADIUS,YES,0.984375,SORTED_MANHATTAN,0.005859375,0.91796875,BFS_RADIUS,0.051757813,"The program reads the grid size \(N\times M\), the maximum number of moves \(P\), and the starting position \((L,C)\). 
It stores the diamond values in a 1‑indexed 2‑D vector `diamonds`. 

A three‑dimensional DP array `dp[i][j][k]` is created, where `dp[i][j][k]` is intended to hold the maximum diamond value that can be collected when the piece is at cell \((i,j)\) after exactly `k` moves. 
The array is initialized with `-INF` except for the starting cell at step 0, which is set to the diamond value of that cell.

The algorithm then iterates over all cells and all move counts from 1 to `P`. 
For each cell \((i,j)\) and step `k` it looks at the four neighboring cells at step `k-1` (if they exist) and takes the maximum value among them (`max_from_neighbors`). 
`dp[i][j][k]` is set to the larger of:
* the value from the same cell at step `k-1` (allowing the piece to stay in place), and
* `max_from_neighbors` (moving from a neighbor).

If the resulting value is not `-INF`, the diamond value of the current cell is also considered, ensuring that the value stored is the best possible diamond value that can be seen on any path reaching that cell within `k` moves.

After filling the DP table, the program scans all cells at the final step `P` and records the maximum value found. This value is printed as the answer.

Thus the code performs a breadth‑first‑style DP over the grid, propagating the best diamond value reachable at each position for each number of moves, and finally outputs the best value attainable within the allowed number of moves."
1378078722,41.07,cpp,DP_RADIUS,DP_RADIUS,YES,0.97265625,SORTED_MANHATTAN,0.008422852,0.9921875,UNKNOWN,0.0027771,"The program reads the grid dimensions \(N\) and \(M\), the maximum number of moves \(P\), and the starting position \((L,C)\). It then stores the diamond values in a 1‑based 2‑D vector `diamonds`. 

The core of the solution is a three‑dimensional dynamic‑programming table `dp[i][j][k]` that keeps, for every cell \((i,j)\) and for every number of moves \(k\) from \(0\) to \(P\), the maximum diamond value that can be reached **by the time** the piece has made exactly \(k\) moves. 
Initially `dp[L][C][0]` is set to the value of the starting cell, all other entries are \(-\infty\). 

For each step \(k = 1 \dots P\) the program iterates over all cells. 
For a cell \((i,j)\) it looks at the four orthogonal neighbours and takes the best value among them from the previous step \(k-1\). 
`dp[i][j][k]` is then set to the maximum of:
1. the value already stored at `dp[i][j][k-1]` (representing staying in place or having already visited a better cell earlier), 
2. the best neighbour value from step \(k-1\), and 
3. the diamond value of the current cell itself. 

Thus the table propagates the best diamond value that can be seen after each move, allowing the piece to move freely within the grid while never leaving it. 

After filling the table up to \(k=P\), the program scans all cells and takes the maximum value stored in `dp[i][j][P]`. This value is printed as the answer, representing the highest diamond value that can be reached in at most \(P\) moves from the starting position."
1378092165,50,cpp,BFS_RADIUS,BFS_RADIUS,YES,0.98828125,GEOMETRIC_SCAN,0.005859375,1,GEOMETRIC_SCAN,0.000667572,"The program reads the grid dimensions \(N\) and \(M\), the maximum number of moves \(P\), and the starting position \((L,C)\). It then stores the diamond values in a 1‑based 2‑D vector `grid`. A second 2‑D vector `dist` keeps the shortest distance from the start to every cell, initialized to –1. A breadth‑first search is performed from the starting cell: a queue holds cells whose distance is known. For each dequeued cell, the four orthogonal neighbours are examined. If a neighbour lies inside the grid and has not yet been visited, its distance is set to one more than the current cell’s distance. If this new distance does not exceed \(P\), the neighbour is enqueued for further exploration and its diamond value is compared to the current maximum, updating `max_beauty` if larger. The search stops when the queue is empty, meaning all cells reachable within \(P\) steps have been processed. Finally, the program outputs the largest diamond value found among those reachable cells."
1378092207,50,cpp,BFS_RADIUS,BFS_RADIUS,YES,0.98828125,GEOMETRIC_SCAN,0.006652832,1,DFS_RADIUS,0.000457764,"The program reads the grid dimensions \(N\) and \(M\), the maximum number of moves \(P\), and the starting position \((L,C)\). It then stores the diamond values in a 1‑based 2‑D vector `grid`. A second 2‑D vector `dist` keeps the shortest distance (in moves) from the start to every cell, initialized to –1. A breadth‑first search is performed from the starting cell: a queue holds cells whose distance is known. For each dequeued cell, the four orthogonal neighbours are examined. If a neighbour lies inside the grid and has not yet been visited, its distance is set to one more than the current cell’s distance. If this new distance exceeds \(P\), the neighbour is discarded; otherwise it is enqueued for further exploration. While visiting a cell whose distance is within the allowed limit, the program updates `max_beauty` with the maximum diamond value seen so far. After the BFS finishes, `max_beauty` holds the highest diamond value reachable in at most \(P\) moves, which is printed. The algorithm is a simple bounded BFS that explores all cells reachable within the move limit and tracks the maximum value encountered."
1378096573,50,java,BFS_RADIUS,BFS_RADIUS,YES,0.9921875,GEOMETRIC_SCAN,0.005187988,1,DFS_RADIUS,0.00062561,"The program reads the grid dimensions \(N\) and \(M\), the maximum number of moves \(P\), and the starting position \((L,C)\) (converted to 0‑based indices). It then reads the \(N \times M\) matrix of diamond values. 

A breadth‑first search is performed from the starting cell. A queue stores triples \((row, col, steps)\). The search explores the four orthogonal neighbours of each cell, adding a neighbour to the queue only if it lies inside the grid, has not been visited before, and the number of steps to reach it does not exceed \(P\). A 2‑D boolean array records visited cells to avoid revisiting them. While expanding nodes, the program keeps track of the maximum diamond value seen so far, initially set to the value at the starting cell. 

When the queue becomes empty, all cells reachable within at most \(P\) moves have been examined, and the stored maximum value is printed. The algorithm therefore outputs the highest diamond value that can be reached from the starting position using no more than \(P\) moves."
1378112393,5.36,java,GEOMETRIC_SCAN,DFS_RADIUS,NO,0.94921875,UNKNOWN,0.017333984,0.9296875,DP_RADIUS,0.021850586,"The program reads the grid dimensions `N` and `M`, the maximum number of moves `P`, and the starting position `(L, C)` (1‑based). It then reads the `N×M` matrix of diamond values. The core routine `findmaxpotentialvalue` is a recursive depth‑first search that attempts to explore all paths of length up to `P` starting from the given cell. For each recursive call it first checks whether the remaining move count is zero; if so it records the value of the current cell in a global variable `globalmax` if it is larger than the current maximum. Otherwise, for each of the four cardinal directions it checks whether moving one step in that direction stays inside the grid. If the move is valid, it updates `globalmax` with the value of the destination cell and then recursively calls itself with the destination coordinates and `mutarimax‑1`. The recursion always passes the same `liniestart` and `colstart` values for the next call, which is a bug, but the description reflects the code as written. After the recursive exploration finishes, the main method prints the value stored in `globalmax`, which is intended to be the maximum diamond value reachable within at most `P` moves."
1378112521,50,java,BFS_RADIUS,BFS_RADIUS,YES,0.98828125,DFS_RADIUS,0.005187988,1,DFS_RADIUS,0.000488281,"The program reads the grid dimensions \(N\) and \(M\), the maximum number of moves \(P\), and the starting position \((L,C)\) (converted to 0‑based indices). It then reads an \(N \times M\) matrix of integer diamond values. 

A breadth‑first search is performed from the starting cell. A queue stores triples \((r,c,steps)\) where \(steps\) is the number of moves taken to reach cell \((r,c)\). A boolean matrix `visited` guarantees that each cell is enqueued at most once, so the search explores only the first time a cell is reached, i.e., along a shortest path from the start. For every dequeued state, if the current number of steps equals \(P\) the state is discarded; otherwise the four orthogonal neighbours (north, east, south, west) that lie inside the grid and have not yet been visited are enqueued with an incremented step count. While enqueuing, the program updates `maxBeauty` with the maximum diamond value seen so far. 

After the queue is exhausted, the program outputs `maxBeauty`, which is the highest diamond value that can be reached from the starting position in at most \(P\) moves. The algorithm runs in \(O(NM)\) time and uses \(O(NM)\) additional memory for the visited array and the queue."
1378117331,16.07,java,DFS_RADIUS,DFS_RADIUS,YES,0.369140625,GREEDY_NEIGHBOR_WALK,0.25390625,0.96484375,DP_RADIUS,0.013793945,"The program reads the grid dimensions, the maximum number of moves P, and the starting position (L, C). It stores the diamond values in a 2‑D array. 
The core routine is a depth‑first search implemented recursively in `findMaxBeauty`. It keeps a `visited` matrix to avoid revisiting a cell on the current path. For a given cell `(x, y)` and a current move count, the function first checks bounds, the move limit, and whether the cell has already been visited; if any of these conditions fail it returns 0. Otherwise it marks the cell as visited and explores the four orthogonal neighbours. For each neighbour it calls itself with an incremented move count, and takes the maximum of the current cell’s value and the value returned from the neighbour. The maximum over all four directions is returned after un‑marking the cell. 

The initial call starts from the given position with 0 moves. The recursion explores every possible path of length at most P, propagating the highest diamond value encountered along each path. The final result printed is the maximum diamond value that can be reached within the allowed number of moves."
1378117387,14.29,cpp,DFS_RADIUS,DFS_RADIUS,YES,0.734375,GREEDY_NEIGHBOR_WALK,0.1640625,0.95703125,GREEDY_NEIGHBOR_WALK,0.01550293,"The program reads the grid dimensions \(N\) and \(M\), the maximum number of moves \(P\), and the starting position \((L,C)\). It then reads the \(N \times M\) matrix of diamond values. The starting indices are converted from 1‑based to 0‑based.

The core of the solution is a recursive function `backtracking` that receives the current position, the remaining number of steps, the current best value found, and the matrix. If no steps remain, it updates the best value with the diamond at the current cell and returns. If the current cell is outside the grid, the call simply returns the best value seen so far. Otherwise, the function updates the best value with the diamond at the current cell and then recursively explores the four orthogonal neighbours (north, south, west, east), each time decrementing the remaining steps by one. The best value returned from each recursive call is propagated back up the call stack.

In `main`, the initial best value is set to the diamond at the starting cell, and `backtracking` is invoked with the full step count. The value returned by the recursive search, which represents the maximum diamond value reachable within at most \(P\) moves, is printed. The algorithm performs an exhaustive depth‑first search of all paths of length exactly \(P\), keeping track of the maximum value encountered along any path."
1378117542,50,cpp,BFS_RADIUS,BFS_RADIUS,YES,0.98828125,GEOMETRIC_SCAN,0.008544922,1,GEOMETRIC_SCAN,0.000488281,"The program reads the grid dimensions \(N\) and \(M\), the maximum number of moves \(P\), and the starting position \((L,C)\) (converted to 0‑based indices). It then reads the \(N \times M\) matrix of diamond values. 

A breadth‑first search is performed from the starting cell. A queue stores structures containing the current coordinates and the number of moves taken to reach them. A 2‑D boolean array marks cells that have already been enqueued so that each cell is processed at most once. The search explores the four orthogonal neighbours (north, south, west, east) of each dequeued position, but only if the neighbour lies inside the grid and has not been visited yet, and only if the current number of moves is less than \(P\). Each newly reached cell is enqueued with its move count incremented by one, and the global maximum diamond value is updated if the cell’s value is larger than the current maximum.

After the queue is exhausted (i.e., all reachable cells within at most \(P\) steps have been examined), the program outputs the maximum diamond value found. This value is the highest value that can be reached from the starting position using no more than \(P\) moves."
1378117607,10.71,cpp,BFS_RADIUS,BFS_RADIUS,YES,0.81640625,GEOMETRIC_SCAN,0.059326172,0.7734375,UNKNOWN,0.104492188,"The program reads the grid dimensions, the maximum number of moves `steps`, and the starting position (converted to 0‑based indices). It then stores the diamond values in a 2‑D vector `matrix`. 

A breadth‑first‑style search is performed using a `queue` that initially contains only the starting cell. A variable `max_val` keeps the highest diamond value seen so far, starting with the value at the start cell. While the queue is not empty, the program pops a cell, checks that it lies inside the grid, that it has not been visited before (a visited cell is marked by setting its value to `-1`), and that the global `steps` counter is still non‑negative. If any of these conditions fail, the iteration is skipped. Otherwise, the cell’s value is compared with `max_val` and the maximum is updated. The cell is then marked visited by setting its matrix entry to `-1`. Its four orthogonal neighbours are pushed onto the queue, and the global `steps` counter is decremented by one. 

Because `steps` is decreased once per dequeued cell rather than per level, the search stops after at most `steps` cells have been processed, regardless of their distance from the start. Finally, the program outputs `max_val`, the largest diamond value that could be reached within that limited number of processed cells."
1378117703,14.29,java,DFS_RADIUS,DFS_RADIUS,YES,0.91015625,SORTED_MANHATTAN,0.03515625,0.98828125,DP_RADIUS,0.005859375,"The program reads the grid dimensions \(N\) and \(M\), the maximum number of moves \(P\), and the starting position \((L,C)\) (converted to 0‑based indices). It then reads the \(N \times M\) matrix of diamond values into a 2‑dimensional array `grid`. 

A depth‑first search is performed from the starting cell. The recursive method `dfs(x, y, moves)` first checks that the current coordinates are inside the grid and that the remaining move count is non‑negative. It updates a global variable `maxBeauty` with the value of the current cell if it is larger than the current maximum. Then it recursively calls itself for each of the four orthogonal neighbours (north, east, south, west), decrementing the remaining move count by one. No memoisation or visited set is used, so the same cell may be revisited many times along different paths. 

After the DFS completes, the program prints the largest diamond value that could be reached in at most \(P\) steps from the starting position. The algorithm explores all possible walks of length up to \(P\) and keeps the maximum value encountered."
1378117759,50,cpp,BFS_RADIUS,BFS_RADIUS,YES,0.9921875,GEOMETRIC_SCAN,0.005187988,1,DFS_RADIUS,0.000335693,"The program reads the grid dimensions \(N\) and \(M\), the maximum number of moves \(P\), and the starting position \((L,C)\). It then reads an \(N \times M\) matrix of integer diamond values. The starting indices are converted to 0‑based.

A breadth‑first search is performed from the starting cell. A queue stores tuples \((row, col, steps)\) where `steps` is the number of moves taken to reach that cell. A 2‑D boolean array `visited` marks cells that have already been enqueued, ensuring each cell is processed at most once. The search proceeds while the queue is non‑empty: for the front element, if its step count is less than the allowed maximum `steps`, the four orthogonal neighbours (north, south, east, west) that lie inside the grid and have not yet been visited are enqueued with an incremented step count. Each time a neighbour is enqueued, its diamond value is compared to the current maximum and the maximum is updated if larger.

After the BFS terminates (either all reachable cells within `P` moves have been visited or the queue is empty), the program outputs the largest diamond value encountered during the search. The algorithm thus explores all cells reachable within at most `P` moves from the start, keeping track of the maximum value found."
1378117860,1.79,java,GREEDY_NEIGHBOR_WALK,GREEDY_NEIGHBOR_WALK,YES,0.46875,BFS_RADIUS,0.251953125,0.388671875,UNKNOWN,0.302734375,"The program reads the grid dimensions \(N\) and \(M\), the maximum number of moves \(P\), and the starting position \((L,C)\) (converted to 0‑based indices). It then reads the \(N \times M\) matrix of diamond values into a 2‑D array `grid`.

A priority queue is created to store triples \([x, y, v]\) where \((x,y)\) is a cell coordinate and \(v\) is the value of that cell. The queue is ordered so that the triple with the largest value is removed first. The starting cell is inserted into the queue and its value is stored in `maxBeauty`.

The main loop runs while the queue is not empty and the remaining move counter `P` is still positive. In each iteration the triple with the highest value is removed from the queue; its value becomes the current `maxBeauty`. Then the four orthogonal neighbours of that cell are generated (if they lie inside the grid) and each neighbour is inserted into the queue with its own value. The move counter `P` is decremented after each poll.

After the loop terminates, the program prints `maxBeauty`, which is the value of the last cell that was removed from the priority queue. Because the queue always extracts the highest‑valued cell among those that have been inserted, the output is the value of the \(P+1\)-th largest diamond that can be reached by exploring up to \(P\) steps from the start, without any deduplication of visited cells. The algorithm therefore performs a breadth‑first‑like expansion but prioritizes cells by value rather than by distance."
1378117897,16.07,cpp,DFS_RADIUS,DFS_RADIUS,YES,0.7109375,GREEDY_NEIGHBOR_WALK,0.139648438,0.97265625,DP_RADIUS,0.009521484,"The program reads the grid dimensions \(N\) and \(M\), the maximum number of moves \(P\), and the starting position \((L,C)\). It then reads the \(N\times M\) matrix of diamond values. The starting indices are converted to 0‑based. 

The core of the solution is a depth‑first search implemented by the recursive function `backtracking`. It receives the current position, the remaining number of steps, the current best value found, the matrix, and a 2‑D boolean array `visited` that marks cells already visited on the current path. At each call, if no steps remain the function returns the best value seen so far. Otherwise the current cell is marked visited, and the function attempts to move to each of the four orthogonal neighbours that stay inside the grid and have not yet been visited on this path. For each valid neighbour it updates the best value with the neighbour’s diamond value and recurses with one fewer step. After exploring all directions the current cell is unmarked (backtracking) and the best value accumulated along the path is returned. 

The main function initializes the best value with the diamond at the starting cell, creates the visited matrix, and invokes `backtracking` with the full step count. Finally it prints the maximum diamond value that can be reached in at most \(P\) moves. The algorithm explores all simple paths of length up to \(P\) without revisiting cells, keeping track of the highest value encountered."
1378118133,16.07,java,BFS_RADIUS,BFS_RADIUS,YES,0.98046875,GEOMETRIC_SCAN,0.010925293,1,GEOMETRIC_SCAN,0.000667572,"The program reads the grid dimensions \(N\) and \(M\), the maximum number of moves \(P\), and the starting position \((L,C)\) (converted to 0‑based indices). It then reads the \(N \times M\) matrix of diamond values. 

A breadth‑first search is performed from the starting cell. A queue stores triples \((x,y,steps)\) where `steps` is the number of moves taken to reach cell \((x,y)\). A 2‑D boolean array `visited` marks cells that have already been enqueued. For each dequeued state, the program first checks whether the step count exceeds \(P\); if so, it skips further processing of that state. Otherwise it updates the current maximum diamond value seen (`maxBeauty`) with the value at \((x,y)\). The cell is then marked visited. The four orthogonal neighbours (north, south, east, west) that lie inside the grid and have not yet been visited are enqueued with an incremented step count. 

When the queue becomes empty, the search has explored all cells reachable within at most \(P\) moves. The program finally prints the maximum diamond value found during this traversal."
1378120012,8.93,cpp,DFS_RADIUS,DFS_RADIUS,YES,0.5390625,SORTED_MANHATTAN,0.105957031,0.97265625,DP_RADIUS,0.012268066,"The program reads the grid dimensions \(N\) and \(M\), the maximum number of moves \(P\), and the starting position \((L,C)\). It stores the diamond values in a 1‑indexed 2‑D vector `m`. A second 2‑D vector `visited` of the same size is used to mark cells that have already been entered during the current recursive path.

The core routine `get_max` is a depth‑first search that explores all possible walks of length at most \(P\). It marks the current cell as visited, updates the running maximum `current_max` with the value of the current cell, and if no moves remain (`P==0`) returns that maximum. Otherwise it recursively calls itself for each of the four orthogonal neighbours that stay inside the grid and have not yet been visited in the current path. The results of the recursive calls are collected in a vector; the function then returns the largest value among them (or the current maximum if no further moves are possible).

The main function initializes the grid and the visited matrix, then invokes `get_max` with the starting position and the initial maximum set to the value at the start cell. The returned value, which is the highest diamond value reachable within at most \(P\) steps without revisiting any cell, is printed. The algorithm explores all simple paths up to length \(P\) and keeps track of the best value found, but it does not prune or memoise, leading to exponential time in the worst case."
1378120312,1.79,cpp,GEOMETRIC_SCAN,GEOMETRIC_SCAN,YES,0.9921875,SORTED_MANHATTAN,0.001914978,0.9921875,SORTED_MANHATTAN,0.003570557,"The program reads the size of a rectangular grid (N rows, M columns), the maximum number of moves allowed (P), and the starting position of a piece (row L, column C). It then reads the grid values into a 1‑based 2‑dimensional vector `m`. The variable `max_value` is initialized to the value of the starting cell.

To search for a reachable cell with a larger value, the code iterates over all integer offsets `i` from `-P` to `P`. For each `i`, it iterates over `j` from `-abs(P-abs(i))` to `abs(P-abs(i))`. This nested loop is intended to cover all cells whose Manhattan distance from the start does not exceed `P`. Inside the inner loop, the program checks whether the candidate cell `(L-i, C-j)` lies within the grid bounds. If it does, it compares the value at that cell with the current `max_value`. However, the comparison mistakenly uses `m[L-i][C-i]` instead of `m[L-i][C-j]`, so the value compared is from a different column. If the (incorrect) value is larger, `max_value` is updated.

After exhausting all offset pairs, the program outputs the final `max_value`, which is intended to be the maximum diamond value reachable within at most `P` moves, but due to the indexing mistake it may not reflect the true maximum."
1378120328,35.71,cpp,GEOMETRIC_SCAN,GEOMETRIC_SCAN,YES,1,SORTED_MANHATTAN,0.000379562,1,SORTED_MANHATTAN,0.000709534,"The program reads the grid dimensions \(N\) and \(M\), the maximum number of moves \(P\), and the starting position \((L,C)\). It then reads an \(N\times M\) matrix of integer diamond values, storing it in a 1‑based vector `m`. The variable `max_value` is initialized to the value at the starting cell.

To find the best diamond reachable in at most \(P\) steps, the code iterates over all integer offsets \((i,j)\) such that the Manhattan distance \(|i|+|j|\) does not exceed \(P\). This is achieved by looping `i` from \(-P\) to \(P\) and, for each `i`, looping `j` from \(-abs(P-abs(i))\) to \(abs(P-abs(i))\). For each offset, it checks whether the target cell \((L-i,\,C-j)\) lies inside the grid bounds. If it does and its value is larger than the current `max_value`, the variable is updated.

After exhausting all reachable cells, the program outputs the maximum diamond value found. The algorithm is a brute‑force scan of the diamond‑shaped region of radius \(P\) centered at the starting position."
1378120335,41.07,cpp,GEOMETRIC_SCAN,GEOMETRIC_SCAN,YES,1,SORTED_MANHATTAN,0.00062561,1,SORTED_MANHATTAN,0.000379562,"The program reads the size of a rectangular grid (N rows, M columns), the maximum number of moves P, and the starting position (L, C). It then reads the grid values into a 1‑based 2‑dimensional vector `m`. The variable `max_value` is initialized with the value of the diamond at the starting cell.

To find the best diamond reachable in at most P steps, the code iterates over all integer offsets `(i, j)` such that the Manhattan distance `|i| + |j|` does not exceed P. This is achieved by looping `i` from `-P` to `P` and, for each `i`, looping `j` from `-abs(P-abs(i))` to `abs(P-abs(i))`. For every offset, it checks whether the target cell `(L‑i, C‑j)` lies inside the grid bounds. If it does and its value is larger than the current `max_value`, the variable is updated.

After exhausting all reachable cells, the program outputs the maximum diamond value found. The algorithm is a brute‑force scan of all cells within the diamond-shaped region of radius P centered at the starting position."
1378120748,50,java,BFS_RADIUS,DFS_RADIUS,NO,0.79296875,DFS_RADIUS,0.083496094,0.9765625,DP_RADIUS,0.00958252,"The program reads the grid dimensions \(N\) and \(M\), the maximum number of moves \(P\), and the starting position \((L,C)\). It then stores the diamond values in a 1‑based array `arr`. 

A depth‑first search is performed using a `LinkedList` as a stack. The starting square is pushed onto the stack and a `visited` matrix prevents revisiting cells. In each iteration the top square is popped, marked visited, and its Manhattan distance from the start is checked. If that distance is at most \(P\), the diamond value at that square is compared with the current best value and the best is updated if larger. The four orthogonal neighbours (north, south, east, west) that lie inside the grid and have not yet been visited are then pushed onto the stack. Squares whose distance exceeds \(P\) are ignored and not expanded further. 

When the stack becomes empty, all reachable squares within the allowed number of moves have been examined, and the program outputs the maximum diamond value found."
1378121027,50,cpp,BFS_RADIUS,BFS_RADIUS,YES,0.984375,GEOMETRIC_SCAN,0.010925293,1,GEOMETRIC_SCAN,0.000335693,"The program reads the grid dimensions \(N\) and \(M\), the maximum number of moves \(P\), and the starting position \((L,C)\) (1‑based). It then reads the \(N \times M\) matrix of diamond values. The starting coordinates are converted to 0‑based indices.

A breadth‑first search is performed from the starting cell. A queue stores `Position` structs containing the current row, column, and the number of steps taken to reach that cell. A 2‑D boolean array `visited` marks cells that have already been enqueued, preventing revisiting. The search explores the four orthogonal neighbours (north, south, west, east) of each dequeued cell, but only if the neighbour lies inside the grid and has not been visited yet. Each neighbour is enqueued with its step count incremented by one, and the global variable `max_beauty` is updated to the maximum of its current value and the diamond value at that neighbour. The search stops expanding a node once its step count reaches \(P\); nodes with exactly \(P\) steps are still considered for their diamond value but are not expanded further.

After the queue is exhausted, the program outputs the maximum diamond value that can be reached in at most \(P\) moves, including the starting cell. The algorithm runs in \(O(NM)\) time in the worst case, as each cell is visited at most once."
1378121757,8.93,java,GEOMETRIC_SCAN,GREEDY_NEIGHBOR_WALK,NO,0.98828125,GREEDY_NEIGHBOR_WALK,0.006652832,0.6640625,GEOMETRIC_SCAN,0.314453125,"The program reads the grid dimensions \(N\) and \(M\), the maximum number of moves \(P\), and the starting position \((L,C)\). It then stores the \(N \times M\) diamond values in a 2‑dimensional array. 

For each of the four cardinal directions (north, east, south, west) it simulates a straight‑line walk beginning at the starting cell. It keeps a running maximum of the diamond value seen along that walk, including the starting cell. At each step it moves one cell in the chosen direction, stops if the move would leave the grid, or stops after \(P\) steps. The maximum value encountered on that line is compared with a global maximum, which is updated if larger. 

After processing all four directions, the program prints the global maximum value found. Thus the output is the highest diamond value that can be reached from the start by moving at most \(P\) steps in a single straight line."
1378130862,50,java,BFS_RADIUS,BFS_RADIUS,YES,0.9765625,GEOMETRIC_SCAN,0.01574707,1,GEOMETRIC_SCAN,0.000379562,"The program reads the grid dimensions \(N\) and \(M\), the maximum number of moves \(P\), and the starting position \((L,C)\). It then reads an \(N\times M\) matrix of integer values, storing it in a 1‑based array `grid`. 

A breadth‑first search is performed from the starting cell. A queue holds triples \((x,y,steps)\) where `steps` is the number of moves taken to reach \((x,y)\). A boolean matrix `visited` prevents revisiting any cell. For each dequeued state, if the number of steps equals \(P\) the state is discarded; otherwise the four orthogonal neighbours are examined. Any neighbour that lies inside the grid and has not yet been visited is marked visited, enqueued with `steps+1`, and its value is compared to the current maximum. The initial cell’s value is also considered as the starting maximum.

When the queue becomes empty, the algorithm has examined every cell reachable within at most \(P\) moves (without revisiting cells). The maximum value found during this traversal is printed. The implementation therefore outputs the highest diamond value that can be reached from the starting position in no more than \(P\) steps."
1378143318,50,java,BFS_RADIUS,BFS_RADIUS,YES,0.9921875,GEOMETRIC_SCAN,0.004058838,1,GEOMETRIC_SCAN,0.000518799,"The program reads the grid dimensions \(N\) and \(M\), the maximum number of moves \(P\), and the starting position \((L,C)\). It then reads the \(N\times M\) matrix of diamond values into a 1‑based array `grid`. The variable `maxBeauty` is initialized with the value at the starting cell.

A breadth‑first search is performed to explore all cells that can be reached in at most \(P\) moves. The search uses a `Queue<Point>` to store frontier cells and a 2‑dimensional boolean array `visited` to avoid revisiting cells. The four cardinal directions are represented by the arrays `dx` and `dy`. The outer loop runs while the queue is not empty and the remaining move budget `P` (initially incremented by one to include the starting cell) is positive. For each layer of the BFS (all cells at the current distance from the start), the program dequeues a cell, updates `maxBeauty` with the maximum of its current value and the value stored in `grid`, and enqueues all unvisited neighboring cells that lie within the grid bounds. After processing one layer, `P` is decremented, effectively counting one move.

When the BFS finishes—either all reachable cells within the move limit have been processed or the queue becomes empty—the program prints `maxBeauty`, which is the highest diamond value that can be reached in at most the allowed number of moves."
1378146502,5.36,java,GREEDY_NEIGHBOR_WALK,GREEDY_NEIGHBOR_WALK,YES,0.984375,GEOMETRIC_SCAN,0.009643555,1,UNKNOWN,0.00062561,"The program reads the size of a rectangular grid, the maximum number of moves P, and the starting position (L, C). It stores the grid values in a 1‑based 2‑dimensional array. If no moves are allowed it simply outputs the value at the starting cell.

Otherwise the program enters a loop that iterates at most P times. In each iteration it first checks whether the current position is on a border; if so it assigns a sentinel value (Integer.MIN_VALUE) to the corresponding direction so that that direction will never be chosen. For the four possible moves (north, south, east, west) it then reads the value of the adjacent cell, using the sentinel to ignore out‑of‑bounds directions. The code mistakenly interprets “north” as the cell below and “south” as the cell above, but the logic still compares the four candidate values.

It selects the neighbor with the largest value among the four. If this value is greater than the best value seen so far, it updates the best value and moves the current position to that neighbor. If the best value is not improved, the position remains unchanged. The loop continues until the maximum number of steps is reached.

After the loop terminates, the program prints the maximum diamond value that was encountered during the simulated walk. The algorithm is a greedy, step‑by‑step walk that only moves to a strictly higher‑valued adjacent cell, keeping track of the highest value seen."
1378146862,50,java,BFS_RADIUS,BFS_RADIUS,YES,0.984375,GEOMETRIC_SCAN,0.006652832,0.99609375,DFS_RADIUS,0.001098633,"The program reads the grid dimensions \(N\) and \(M\), the maximum number of moves \(P\), and the starting position \((L,C)\). It then stores the diamond values in a 1‑based array `a`. A breadth‑first search is performed from the starting cell using a queue of `Position` objects that keep the current row, column and the number of steps taken so far. A boolean matrix `visited` marks cells that have already been enqueued, so each cell is processed at most once.

During the BFS, for each dequeued position the program checks whether the step count has reached the limit \(P\); if so, it does not expand that node. Otherwise it considers the four orthogonal neighbours (north, south, west, east). For each neighbour that lies inside the grid and has not yet been visited, it is marked visited, enqueued with an incremented step count, and its diamond value is compared to the current maximum. The maximum value seen so far is stored in `maxBeauty`.

After the queue is exhausted, the program outputs the largest diamond value that can be reached in at most \(P\) moves from the starting cell. The algorithm therefore explores all cells reachable within the step limit, but due to the `visited` check it never revisits a cell even if a shorter path to it exists."
1378148212,14.29,cpp,DFS_RADIUS,DFS_RADIUS,YES,0.271484375,GREEDY_NEIGHBOR_WALK,0.211914063,0.96875,GREEDY_NEIGHBOR_WALK,0.012207031,"The program reads the grid dimensions \(N\) and \(M\), the maximum number of moves \(P\), and the starting coordinates \((L,C)\). It then reads an \(N\times M\) matrix of integer diamond values into a 1‑based array `a`. A vector `mutari` stores the four cardinal direction offsets \((-1,0),(1,0),(0,1),(0,-1)\).

The core of the program is a recursive depth‑first search `bkt`. It receives the current depth `k`, the current position `(l,c)`, the previous position `(pl,pc)`, the direction list, and a reference to the current maximum value `mx`. For each of the four directions it computes a new cell `(x,y)` by adding the offset to the current position. It skips the move that would return immediately to the previous cell (`x==pl && y==pc`). If the new cell contains a value larger than `mx`, it updates `mx`. If the depth `k` is still less than `P`, the function recurses with depth `k+1`, the new position as the current position, and the old position as the new previous position.

The search starts with depth 1 at the initial coordinates, treating the starting cell’s value as not considered (only moves to adjacent cells are examined). After the recursive exploration finishes, the program outputs the maximum diamond value found among all reachable cells within at most `P` moves, excluding the starting cell. The algorithm does not check grid boundaries, so it may access out‑of‑range indices, and it does not consider staying in place or revisiting cells beyond the immediate back‑track rule."
1378148490,14.29,cpp,DFS_RADIUS,DFS_RADIUS,YES,0.28515625,UNKNOWN,0.221679688,0.97265625,GREEDY_NEIGHBOR_WALK,0.010803223,"The program reads the grid dimensions \(N, M\), the maximum number of moves \(P\), and the starting position \((L, C)\). It then reads an \(N \times M\) matrix of integer values, storing it in a 1‑based array `a`. The variable `mx` is initialized to the value of the starting cell.

A vector `mutari` holds the four cardinal direction offsets: north, south, east, and west. The core of the algorithm is a recursive function `bkt` that attempts to explore all possible paths of length up to `P`. The function receives the current depth `k`, the current coordinates `(l, c)`, the previous coordinates `(pl, pc)`, the direction list, and a reference to `mx`. For each of the four directions it computes the next cell `(x, y)` by adding the offset to the current position. It then checks that the new cell is not the same as the previous one (to avoid an immediate back‑track). If the cell’s value is greater than the current `mx`, it updates `mx`. If the current depth `k` is still less than `P`, the function recurses with depth `k+1` and the new coordinates, passing the original starting coordinates as the new “previous” position.

The recursion starts with depth `1` (since the starting cell is considered step 0) and is only invoked if `P > 0`. After all recursive calls finish, the program prints the maximum value found. The algorithm therefore performs a depth‑first search of all paths up to length `P`, updating the maximum diamond value encountered along the way."
1378149143,14.29,cpp,GEOMETRIC_SCAN,UNKNOWN,NO,0.421875,UNKNOWN,0.19921875,0.447265625,DFS_RADIUS,0.349609375,"The program reads the size of a rectangular grid (N rows, M columns), the maximum number of moves P, and the starting position (L, C). It then reads the integer value of each cell into a 1‑based array `a`. The variable `mx` is initialized to the value of the starting cell.

A vector `mutari` holds the four cardinal direction offsets: north, south, east, and west. The core of the algorithm is a recursive back‑tracking routine `bkt`. It receives the current depth `k` (number of moves already taken), the current coordinates `(l, c)`, the coordinates of the previous cell `(pl, pc)`, the direction list, and a reference to `mx`. For each of the four directions it computes the next cell `(x, y)`. It skips the move if it would return immediately to the previous cell (to avoid trivial back‑tracking) and if the new coordinates are outside the grid (the check only ensures `x ≤ n` and `y ≤ m`, but does not guard against values less than 1). If the move is valid, it updates `mx` if the cell’s value is larger. If the current depth `k` is still less than `P`, the routine recurses with `k+1`, the new position, and the current position as the new “previous” cell.

The initial call to `bkt` is made with `k = 1`, the starting coordinates as both current and previous, and the current maximum. After the recursion finishes, the program outputs the maximum value found. Thus the program explores all paths of length up to P (with a simple back‑tracking rule that forbids an immediate reversal) and reports the highest diamond value reachable within that limit."
1378149257,50,cpp,BFS_RADIUS,BFS_RADIUS,YES,0.98828125,GEOMETRIC_SCAN,0.006652832,1,GEOMETRIC_SCAN,0.000709534,"The program reads the grid dimensions \(N\) and \(M\), the maximum number of moves \(P\), and the starting position \((L,C)\) (1‑based). It then reads the \(N \times M\) matrix of diamond values. A breadth‑first search is performed from the starting cell, using a queue of `Cell` structs that store the current coordinates and the number of steps taken to reach that cell. A 2‑D boolean array `visited` marks cells that have already been enqueued to avoid revisiting them.

During the BFS, for each dequeued cell the program considers the four orthogonal neighbours (north, east, south, west). A neighbour is enqueued only if it lies inside the grid, has not been visited before, and the step count to reach it does not exceed \(P\). When a neighbour is added to the queue, the program updates `maxBeauty` with the maximum of its current value and the diamond value at that neighbour. The starting cell’s value is initially assigned to `maxBeauty`.

The search stops when the queue is empty, meaning all cells reachable within at most \(P\) steps have been processed. Finally, the program outputs the value stored in `maxBeauty`, which is the highest diamond value that can be reached within the allowed number of moves."
1378151931,50,cpp,BFS_RADIUS,BFS_RADIUS,YES,0.98828125,GEOMETRIC_SCAN,0.006652832,1,GEOMETRIC_SCAN,0.000295639,"The program reads the grid dimensions \(n\) and \(m\), the maximum number of moves \(p\), and the starting position \((x,y)\) (1‑based indices). It then reads an \(n \times m\) matrix of integer diamond values into a 2‑D array `mat`. 

A breadth‑first search is performed from the starting cell. Two auxiliary 2‑D arrays are used: `used` marks whether a cell has already been enqueued, and `dist` stores the distance (number of moves) from the start to each cell. The queue holds pairs of coordinates. The search proceeds level by level: for each dequeued cell, its diamond value is compared with a running maximum (`max`), which is updated if the current cell’s value is larger. If the current cell’s distance equals the allowed move limit \(p\), the algorithm does not enqueue its neighbours. Otherwise, it attempts to move north, east, south, and west (four cardinal directions). For each neighbour that lies within the grid bounds and has not yet been visited, the neighbour’s distance is set to the current distance plus one, it is marked as used, and it is pushed onto the queue. 

When the queue becomes empty, all cells reachable within at most \(p\) steps have been examined, and the variable `max` holds the largest diamond value encountered. The program outputs this value and terminates."
1378153091,50,cpp,GEOMETRIC_SCAN,GEOMETRIC_SCAN,YES,1,BFS_RADIUS,0.00014019,1,SORTED_MANHATTAN,0.001167297,"The program reads the grid dimensions \(N\) and \(M\), the maximum number of moves \(P\), and the starting position \((L,C)\). It then reads the \(N \times M\) matrix of diamond values into a 1‑based array `a`. 

Next it builds a second array `distante` that stores, for every cell \((i,j)\), the Manhattan distance from the starting cell: 
\[
distante[i][j] = |i-L| + |j-C|.
\] 
This is done with two nested loops over all rows and columns.

After that the program scans all cells again, and for each cell whose distance is at most \(P\) it updates a variable `diamant_max` with the maximum of its current value and the diamond value in that cell. The variable is initialized to zero, so any negative diamond values are ignored.

Finally the program prints `diamant_max`, which is the largest diamond value reachable within at most \(P\) moves (or zero if no reachable cell has a positive value)."
1378153212,50,cpp,GEOMETRIC_SCAN,GEOMETRIC_SCAN,YES,0.99609375,SORTED_MANHATTAN,0.001029968,0.9921875,SORTED_MANHATTAN,0.004608154,"The program begins by reading five integers: the number of rows \(N\), columns \(M\), the maximum number of moves \(P\), and the starting position coordinates \(L\) (row) and \(C\) (column). It then allocates a two‑dimensional vector `a` of size \((N+1)\times(M+1)\) to store the diamond values, using 1‑based indexing for convenience.

While reading the grid values, the program simultaneously checks each cell \((i,j)\). For every cell it computes the Manhattan distance to the starting position: 
\[
d = |i-L| + |j-C|.
\]
If this distance is less than or equal to \(P\), the value of that cell is appended to a separate vector `diamonds`. Thus, `diamonds` ends up containing the values of all cells that are reachable from the start within at most \(P\) moves, assuming the piece can move one step north, south, east, or west per move.

After the entire grid has been processed, the program uses the standard library function `max_element` to find the largest value stored in `diamonds`. This maximum is then printed as the result.

In short, the code collects all diamond values whose Manhattan distance from the starting cell does not exceed the allowed number of moves, and outputs the maximum of those values. It does not perform any path‑finding or consider obstacles; it simply relies on the distance condition to determine reachability."
1378153284,50,cpp,GEOMETRIC_SCAN,GEOMETRIC_SCAN,YES,1,SORTED_MANHATTAN,0.000488281,0.99609375,SORTED_MANHATTAN,0.001701355,"The program reads the grid dimensions \(N\) and \(M\), the maximum number of moves \(P\), and the starting position \((L,C)\). It then reads the \(N \times M\) matrix of diamond values into a 2‑D array `a` indexed from 1. 

For every cell \((i,j)\) it computes the Manhattan distance from the start, `distante[i][j] = |i-L| + |j-C|`. This distance represents the minimum number of steps required to reach that cell from the starting position if only orthogonal moves are allowed. 

The algorithm then scans all cells again, keeping track of the maximum diamond value among those whose distance is at most \(P\). It initializes the maximum with the value at the starting cell and updates it whenever it finds a cell within the allowed number of moves that contains a larger value. 

Finally, it outputs this maximum value. The solution therefore simply checks all cells that are reachable within \(P\) steps by Manhattan distance and returns the highest diamond value among them."
1378156639,50,cpp,GEOMETRIC_SCAN,GEOMETRIC_SCAN,YES,1,BFS_RADIUS,0.000404358,0.9921875,SORTED_MANHATTAN,0.005218506,"The program reads the grid dimensions \(N\) and \(M\), the maximum number of moves \(P\), and the starting position \((L,C)\). It then iterates over every cell of the grid, reading the diamond value stored in that cell. For each cell it computes the Manhattan distance from the starting position, \(|L-i|+|C-j|\). If this distance is no greater than \(P\), the cell is reachable within the allowed moves, and the program compares its value to a running maximum called `best`. Whenever a reachable cell has a larger value than the current `best`, `best` is updated. After all cells have been processed, the program outputs the value stored in `best`.

The algorithm uses a simple double loop over the grid, a constant‑time distance check, and a single scalar variable to keep track of the maximum reachable diamond value. It does not consider any path constraints beyond the Manhattan distance, and it initializes `best` to zero, so if all reachable diamonds have negative values the output will be zero."
1378158633,50,java,GEOMETRIC_SCAN,GEOMETRIC_SCAN,YES,1,BFS_RADIUS,0.000148773,0.99609375,SORTED_MANHATTAN,0.004608154,"The program reads the grid dimensions \(N\) and \(M\), the maximum number of moves \(P\), and the starting position \((L,C)\). It then reads the \(N \times M\) matrix of diamond values into a 1‑based array. 

Using two nested loops it iterates over every cell \((i,j)\) of the grid. For each cell it computes the Manhattan distance \(|i-L|+|j-C|\). If this distance is at most \(P\), the value of that cell is added to an `ArrayList<Integer>` called `ans`. After all cells have been examined, the program scans the list to find the largest integer stored in it and prints that maximum value. 

Thus the algorithm simply collects all diamonds reachable within at most \(P\) steps (in the sense of Manhattan distance) and outputs the highest value among them. The implementation uses a straightforward double loop and a linear search for the maximum, resulting in \(O(NM)\) time and \(O(NM)\) auxiliary space for the list."
1378159087,50,c,BFS_RADIUS,BFS_RADIUS,YES,0.9921875,GEOMETRIC_SCAN,0.002792358,1,DFS_RADIUS,0.000457764,"The program reads the grid dimensions \(N\) and \(M\), the maximum number of moves \(P\), and the starting position \((L,C)\). It then reads an \(N \times M\) matrix of integer values representing the diamonds. The indices used in the code are zero‑based, so the starting cell is converted to \((L-1,\,C-1)\).

A breadth‑first search is performed from the starting cell. A simple array `queue` holds nodes that contain the current coordinates and the number of moves taken to reach that cell. A `visited` matrix ensures that each cell is processed at most once. For each dequeued node, the four orthogonal neighbours (north, east, south, west) are examined; a neighbour is enqueued only if it lies inside the grid, has not been visited before, and the move count would not exceed \(P\). While enqueuing, the program updates `maxBeauty` with the largest diamond value seen so far.

After the BFS terminates (when the queue is empty or all reachable cells within \(P\) moves have been processed), the program prints the value stored in `maxBeauty`, which is the maximum diamond value reachable within the allowed number of moves."
1378159125,8.93,cpp,GEOMETRIC_SCAN,GEOMETRIC_SCAN,YES,1,BFS_RADIUS,0.000379562,0.99609375,SORTED_MANHATTAN,0.001495361,"The program reads the grid dimensions \(N\) and \(M\), the maximum number of moves \(P\), and the starting position \((L,C)\). It then reads the \(N \times M\) matrix of diamond values. After constructing the matrix in a dynamically allocated 2‑D array, the program scans every cell of the grid. For each cell \((i,j)\) it checks whether the row index lies between \(L-P\) and \(L+P\) **and** the column index lies between \(C-P\) and \(C+P\). If both conditions hold, the cell is considered reachable and its value is compared to a running maximum. The largest value found among all cells that satisfy this axis‑aligned square condition is stored.

Finally, the program outputs this maximum value and frees the allocated memory. The algorithm therefore returns the highest diamond value that lies within a square of side length \(2P+1\) centered at the starting position, rather than the true set of cells reachable in at most \(P\) Manhattan‑distance moves."
1378159176,8.93,cpp,GEOMETRIC_SCAN,GEOMETRIC_SCAN,YES,1,BFS_RADIUS,0.000179291,1,SORTED_MANHATTAN,0.000379562,"The program reads the grid dimensions \(N\) and \(M\), the maximum number of moves \(P\), and the starting position \((L,C)\). It then allocates a two‑dimensional array and fills it with the diamond values from the input. 

After the grid is stored, the program scans every cell \((i,j)\) of the matrix. For each cell it checks whether the Manhattan‑like condition \(|i-L| \le P\) **and** \(|j-C| \le P\) holds. If both inequalities are satisfied, the value in that cell is compared with a running maximum; if it is larger, the maximum is updated. This effectively considers all cells that lie within a square of side length \(2P+1\) centered at the starting position (using zero‑based indices, so the bounds are slightly off from the intended one‑based coordinates). 

Finally, the program outputs the largest value found among those cells and frees the allocated memory. The result is the maximum diamond value reachable within the given move limit according to the program’s simplified reachability test."
1378159190,8.93,cpp,GEOMETRIC_SCAN,GEOMETRIC_SCAN,YES,1,SORTED_MANHATTAN,0.000230789,0.99609375,SORTED_MANHATTAN,0.002182007,"The program reads five integers \(n, m, p, l, c\) followed by an \(n \times m\) grid of integers. It stores the grid in a dynamically allocated 2‑D array. After reading the data, it scans every cell \((i,j)\) of the grid and computes the Manhattan distance from the starting position \((l,c)\) as \(|i-l|+|j-c|\). If this distance is at most the allowed number of moves \(p\), the value in that cell is compared with a running maximum. The maximum value among all cells reachable within \(p\) steps is kept in the variable `max`. Finally, the program outputs this maximum value and frees the allocated memory. The algorithm is a simple exhaustive search over the entire grid, using a single nested loop and a distance check to filter reachable cells."
1378159204,50,cpp,GEOMETRIC_SCAN,GEOMETRIC_SCAN,YES,1,BFS_RADIUS,0.000278473,1,SORTED_MANHATTAN,0.001502991,"The program reads the grid dimensions \(N\) and \(M\), the maximum number of moves \(P\), and the starting position \((L,C)\). It then reads an \(N \times M\) matrix of integer diamond values, storing it in a dynamically allocated 1‑indexed array of pointers. 

After the input, the program scans every cell of the matrix. For each cell \((i,j)\) it computes the Manhattan distance to the starting position: 
\[
\text{dist} = |i-L| + |j-C|.
\] 
If this distance is no larger than the allowed number of moves \(P\), the cell is considered reachable. The program keeps a running maximum of the diamond values among all reachable cells, starting from a sentinel value of \(-9{,}999{,}999\). 

Once all cells have been examined, the maximum value found is printed. Finally, the program frees the allocated memory for the matrix before terminating. The algorithm therefore simply selects the highest diamond value within a diamond‑shaped region of radius \(P\) centered at the starting position."
1378159378,12.5,cpp,DFS_RADIUS,DFS_RADIUS,YES,0.5703125,GREEDY_NEIGHBOR_WALK,0.23828125,0.59375,DP_RADIUS,0.149414063,"The program reads five integers \(N, M, P, L, C\) from standard input, followed by an \(N \times M\) grid of integers that represent the values of diamonds on each cell. The grid is stored in a 1‑based 2‑dimensional vector `map`, so that `map[i][j]` holds the value at row \(i\), column \(j\).

If the allowed number of moves \(P\) is zero, the program simply outputs the value of the starting cell `map[L][C]`. 
Otherwise it calls the recursive function `find_max(n, m, p, l, c, map)`. This function attempts to move the piece one step in each of the four cardinal directions (north, east, south, west) as long as the new coordinates stay within the bounds of the grid. For each valid move it recursively calls itself with `p-1` remaining moves. If a move would leave the grid, the function substitutes `INT_MIN` for that branch. After exploring all four possibilities, the function returns the maximum value among the results of the recursive calls.

The recursion explores every possible path of exactly \(P\) steps (or fewer if a boundary is hit earlier), and the maximum diamond value encountered along any such path is propagated back to the initial call. Finally, the main function prints this maximum value to standard output."
1378159448,8.93,cpp,BFS_RADIUS,BFS_RADIUS,YES,0.8828125,GEOMETRIC_SCAN,0.056396484,1,DFS_RADIUS,0.000261307,"The program reads the grid dimensions \(N\) and \(M\), the maximum number of moves \(P\), and the starting position \((L,C)\) (converted to 0‑based indices). It then reads the \(N \times M\) matrix of diamond values. 

A breadth‑first search is performed from the starting cell. A queue holds frontier cells, and a 2‑D boolean array marks cells that have already been visited to avoid revisiting them. The search proceeds level by level: each level corresponds to one move. For every cell dequeued, the four orthogonal neighbours (north, east, south, west) that lie inside the grid and have not yet been visited are enqueued and marked visited. While enqueuing, the program updates a variable `maxBeauty` with the maximum diamond value seen so far. After processing all cells at the current level, the move counter is incremented. The loop stops when the queue becomes empty or when the number of moves exceeds \(P\). 

Finally, the program outputs the maximum diamond value that can be reached within at most \(P\) moves, including the starting cell. The algorithm is a standard BFS bounded by a depth limit."
1378159458,50,cpp,BFS_RADIUS,BFS_RADIUS,YES,0.984375,GEOMETRIC_SCAN,0.007507324,1,GEOMETRIC_SCAN,0.000804901,"The program reads the grid dimensions \(N\) and \(M\), the maximum number of moves \(P\), and the starting position \((L,C)\) (1‑based). It then reads the \(N \times M\) matrix of diamond values. The starting indices are converted to 0‑based.

A breadth‑first search is performed from the starting cell. A queue stores pairs consisting of a cell coordinate and the number of steps taken to reach it. A 2‑D boolean array `visited` marks cells that have already been enqueued, preventing revisits. The search explores the four orthogonal neighbours (north, east, south, west) of each dequeued cell, but only if the neighbour lies inside the grid and has not been visited yet. Each newly discovered neighbour is enqueued with its step count incremented by one, and its value is compared to the current maximum; the maximum is updated if the neighbour’s value is larger.

The BFS stops expanding a node when its step count equals \(P\); no further moves are considered beyond the allowed number of steps. After the queue is exhausted, the program outputs the largest diamond value that was reachable within at most \(P\) moves, including the starting cell’s value."
1378159486,14.29,cpp,DFS_RADIUS,DFS_RADIUS,YES,0.5390625,GREEDY_NEIGHBOR_WALK,0.13671875,0.73046875,UNKNOWN,0.111816406,"The program reads the grid dimensions \(N\) and \(M\), the maximum number of moves \(P\), and the starting position \((L,C)\). It then reads an \(N\times M\) matrix of integer diamond values, storing it in a 1‑indexed 2‑dimensional vector `map`. 

If \(P=0\) the answer is simply the value at the starting cell. Otherwise the program calls the recursive function `find_max`. This function takes the current coordinates and the remaining number of moves. It first checks that the coordinates are inside the grid and that the remaining moves are non‑negative; if not, it returns a very small integer (`INT_MIN`). Then it recursively calls itself for each of the four orthogonal neighbours (north, south, west, east) with one fewer move. After obtaining the four recursive results, it returns the maximum among the current cell’s value and the four returned values. 

Thus the recursion explores every possible path of length up to \(P\) starting from \((L,C)\) and keeps track of the largest diamond value encountered along any such path. The final result printed is this maximum value. The implementation uses no memoisation or pruning, so its running time grows exponentially with \(P\)."
1378159507,14.29,cpp,DFS_RADIUS,DFS_RADIUS,YES,0.7578125,GREEDY_NEIGHBOR_WALK,0.090820313,0.9453125,GREEDY_NEIGHBOR_WALK,0.032226563,"The program reads the grid dimensions \(N\) and \(M\), the maximum number of moves \(P\), and the starting position \((L,C)\). It then reads the \(N\times M\) matrix of diamond values into a 1‑based vector `map`. While reading it keeps track of the overall maximum value in the grid in the global variable `valMax`.

The core of the solution is the recursive function `find_max`. It is called with the current position, the remaining number of moves, and the grid. The function first checks for out‑of‑bounds or negative‑step cases, returning `INT_MIN` in those situations. If the value at the current cell equals the global maximum, the function immediately returns that maximum, acting as a trivial pruning shortcut. Otherwise, it recursively explores the four orthogonal neighbours (north, south, east, west), each time decrementing the remaining steps by one. The result of the call is the maximum among the current cell’s value and the four recursive results. Thus `find_max` performs an exhaustive search of all paths of length up to \(P\) starting from \((L,C)\), returning the highest diamond value reachable within that limit.

In `main`, after reading the input, the program checks if \(P=0\); if so it simply outputs the value at the starting cell. Otherwise it calls `find_max` with the full step count and prints the returned maximum. The algorithm has no memoisation or pruning beyond the trivial global‑maximum check, so its running time grows exponentially with \(P\). Nonetheless, the code follows a straightforward depth‑first exploration of all possible move sequences up to the allowed number of steps."
1378159510,14.29,cpp,DFS_RADIUS,DFS_RADIUS,YES,0.68359375,GREEDY_NEIGHBOR_WALK,0.104492188,0.5546875,UNKNOWN,0.26171875,"The program reads the grid dimensions \(N\) and \(M\), the maximum number of moves \(P\), and the starting position \((L,C)\). It then reads the \(N\times M\) matrix of diamond values into a 1‑based vector `map`. If no moves are allowed (\(P=0\)) it simply prints the value at the starting cell.

For the general case the program calls a recursive function `find_max`. This function takes the current coordinates and the remaining number of moves. It first checks whether the coordinates are outside the grid or the remaining moves are negative; in that case it returns a very small number (`INT_MIN`). Otherwise it recursively calls itself for each of the four orthogonal neighbours (north, south, west, east) with one fewer move left. After obtaining the four recursive results, it returns the maximum among the current cell’s value and the four returned values. Thus the recursion explores every possible path of length up to \(P\) starting from \((L,C)\) and keeps track of the highest diamond value encountered along any such path.

Finally, the main function prints the value returned by `find_max`, which is the maximum diamond value reachable within at most \(P\) moves. The algorithm has no memoisation or pruning, so it performs an exhaustive search of all paths up to depth \(P\)."
1378159523,41.07,cpp,DP_RADIUS,DP_RADIUS,YES,0.9453125,SORTED_MANHATTAN,0.025268555,0.85546875,DFS_RADIUS,0.079589844,"The program reads the grid dimensions \(N\) and \(M\), the maximum number of moves \(P\), and the starting position \((L,C)\). It then reads the \(N\times M\) matrix of diamond values into a 1‑indexed array `map`. A three‑dimensional memoisation table `dp[p][l][c]` is created, where `p` is the number of moves still allowed, and `(l,c)` is a cell coordinate; all entries are initialised to –1.

The core routine `find_max` is a recursive function that, given a remaining move count `p` and a position `(l,c)`, returns the greatest diamond value that can be reached from that state. It first checks for out‑of‑bounds or negative `p`, returning `INT_MIN` in those cases. If the value has already been computed (`dp[p][l][c] != -1`), it is returned immediately. Otherwise the function recursively explores the four orthogonal neighbours with one fewer move (`p-1`), collecting the maximum value among those recursive calls and the value of the current cell `map[l][c]`. This maximum is stored in `dp[p][l][c]` and returned.

In `main`, after building the grid and the memoisation table, the program calls `find_max(n, m, p, l, c, map)` and prints the resulting maximum value. The variable `valMax` is computed while reading the input but never used in the algorithm. Thus the program effectively performs a depth‑first search with memoisation over all paths of length up to `P`, returning the highest diamond value reachable within the allowed moves."
1378160109,50,cpp,GEOMETRIC_SCAN,GEOMETRIC_SCAN,YES,1,BFS_RADIUS,0.000404358,0.99609375,SORTED_MANHATTAN,0.001922607,"The program reads the grid dimensions \(N\) and \(M\), the maximum number of moves \(P\), and the starting position \((L,C)\) (converted to 0‑based indices). It then reads the \(N \times M\) matrix of diamond values into a 2‑dimensional vector `grid`.

If the allowed number of moves \(P\) is at least \(N+M-2\) (the Manhattan distance from one corner to the opposite corner), the code assumes the piece can reach any cell of the board. It therefore scans the entire grid, keeping the maximum value found, and outputs that maximum.

Otherwise, the code restricts its search to a square region centered at the start with side length \(2P+1\), bounded by the grid edges. For each cell \((i,j)\) in this region it computes the Manhattan distance \(|L-i|+|C-j|\). If this distance is no greater than \(P\), the cell is reachable within the move limit, and its value is compared to the current maximum. After examining all reachable cells, the program outputs the highest diamond value found.

Thus the solution is a simple bounded Manhattan‑distance search, with a special case that treats the entire grid as reachable when the move limit is large enough."
1378160444,50,cpp,BFS_RADIUS,BFS_RADIUS,YES,0.984375,GEOMETRIC_SCAN,0.008483887,1,GEOMETRIC_SCAN,0.000553131,"The program reads the grid dimensions \(N\) and \(M\), the maximum number of moves \(P\), and the starting coordinates \(L, C\) (converted to 0‑based indices). It then reads the \(N \times M\) matrix of diamond values. 

A breadth‑first search is performed from the starting cell. A queue stores tuples \((\text{steps}, (x, y))\); the initial entry has 0 steps. A 2‑D boolean array `visited` marks cells that have already been enqueued to avoid revisiting them. While the queue is not empty, the program dequeues a state, updates the current maximum diamond value with the value at that cell, and if the number of steps taken is less than \(P\), it enqueues all four orthogonally adjacent cells that are inside the grid and not yet visited, incrementing the step count. 

After the BFS terminates (either all reachable cells within \(P\) moves have been processed or the queue is empty), the program outputs the maximum diamond value encountered during the search. This value is the highest value that can be reached in at most \(P\) moves from the starting position."
1378160778,8.93,cpp,GEOMETRIC_SCAN,GEOMETRIC_SCAN,YES,0.9921875,GREEDY_NEIGHBOR_WALK,0.002792358,0.99609375,GREEDY_NEIGHBOR_WALK,0.001319885,"The program begins by reading the grid dimensions \(N\) and \(M\), the maximum number of moves \(P\), and the starting position \((L,C)\). It then reads the \(N \times M\) matrix of diamond values into a two‑dimensional vector `grid`. 

The variable `maxBeauty` is initialized with the value of the diamond at the starting cell. The program then iterates for each distance `i` from 1 up to `P`. For each `i` it checks the four cells that lie exactly `i` steps north, south, west, or east of the starting position, provided those cells stay within the grid boundaries. If any of these cells exist, their value is compared with `maxBeauty` and the maximum is kept. No other cells are examined; the code does not explore paths that involve turning or moving diagonally, nor does it consider any sequence of moves that would reach a cell at a Manhattan distance less than `i` but not directly along a cardinal direction. 

After the loop finishes, the program outputs the largest diamond value found among the starting cell and all cells reachable by moving straight in one of the four cardinal directions up to `P` steps. This value is printed as the result."
1391614243,50,cpp,GEOMETRIC_SCAN,GEOMETRIC_SCAN,YES,1,BFS_RADIUS,0.0001688,1,SORTED_MANHATTAN,0.000911713,"The program begins by reading five integers: the number of rows N, the number of columns M, the maximum number of moves P, and the starting position coordinates L (row) and C (column). It then initializes a variable `best` to the smallest possible 64‑bit integer to keep track of the highest diamond value reachable within the allowed moves.

The code proceeds to read the grid row by row. For each cell at coordinates (i, j) it reads the diamond value `beauty`. It calculates the Manhattan distance from the starting cell to the current cell as `dist = |i – L| + |j – C|`. If this distance is less than or equal to the allowed number of moves P, the cell is considered reachable, and the program updates `best` if the current `beauty` is greater than the current `best`.

After all cells have been processed, the program outputs the value stored in `best`, which represents the maximum diamond value that can be reached in at most P moves. If no cell is reachable, `best` remains at its initial minimum value, which will be printed. The implementation uses simple nested loops and basic arithmetic; no additional data structures or complex algorithms are employed."
1391682518,50,cpp,BFS_RADIUS,BFS_RADIUS,YES,0.984375,GEOMETRIC_SCAN,0.008483887,0.99609375,GEOMETRIC_SCAN,0.001098633,"The program reads the grid dimensions \(N\) and \(M\), the maximum number of moves \(P\), and the starting position \((L,C)\) (converted to 0‑based indices). It then reads the \(N \times M\) matrix of diamond values. 

A breadth‑first search is performed from the starting cell. A queue stores structures containing a cell’s row, column and the number of steps taken to reach it. A 2‑D boolean array marks cells that have already been enqueued to avoid revisiting them. The search explores the four orthogonal neighbours (north, south, east, west) of each dequeued cell, provided the neighbour lies inside the grid and has not been visited before. Each neighbour is enqueued with its step count incremented by one. The search stops expanding a node once its step count equals \(P\), ensuring that no path longer than \(P\) steps is considered.

While dequeuing each cell, the program updates a variable `maximum` with the largest diamond value seen so far. After the queue is exhausted, `maximum` holds the highest value reachable within at most \(P\) moves, and this value is printed. The algorithm therefore explores all cells that can be reached in at most \(P\) steps from the start, without revisiting any cell, and reports the maximum diamond value among them."
1391739609,1.79,java,GREEDY_NEIGHBOR_WALK,GREEDY_NEIGHBOR_WALK,YES,0.984375,GEOMETRIC_SCAN,0.008544922,1,UNKNOWN,0.001167297,"The program reads the grid dimensions, the maximum number of moves P, and the starting position (L, C). It stores the diamond values in a 1‑based 2‑dimensional array `mat`. The variable `current` holds the value of the diamond at the current position.

If no moves are allowed (`P == 0`) the program simply prints the starting diamond’s value. Otherwise it enters a loop that runs until the move counter reaches zero. In each iteration it examines the four orthogonal neighbours of the current cell in a fixed order: north, south, west, then east. For each neighbour it checks whether that neighbour’s value is strictly greater than `current`. If so, it updates `current` to that neighbour’s value, moves the position to that neighbour (by adjusting `L` and/or `C`), decrements `P`, and continues with the next iteration. The east‑move case mistakenly uses the north neighbour’s value for the comparison and updates the position incorrectly, but the intended behaviour is to move east when that neighbour is higher.

When the loop finishes (after exactly `P` successful moves or if no higher neighbour is found), the program outputs the value stored in `current`, which represents the highest diamond value reachable within the allowed number of moves according to this greedy strategy."
1391739813,35.71,java,BFS_RADIUS,BFS_RADIUS,YES,0.94921875,GEOMETRIC_SCAN,0.015319824,0.99609375,DFS_RADIUS,0.000801086,"The program reads the grid dimensions \(N\) and \(M\), the maximum number of moves \(P\), and the starting position \((L,C)\). It then reads an \(N\times M\) matrix of integer diamond values, storing it in a 1‑based array `mat`. 

A breadth‑first search is performed from the starting cell. A `State` object holds the current row, column and the number of steps taken so far. A queue holds the frontier of the BFS, and a 2‑dimensional `viz` array marks cells that have already been enqueued to avoid revisiting them. The variable `start` is initialized to the value of the starting cell and is intended to keep the maximum diamond value seen within at most \(P\) moves.

While the queue is not empty, the algorithm dequeues a state, checks whether the step count equals \(P\) (in which case it does not expand further), and otherwise considers the four orthogonal neighbours. For each neighbour that lies inside the grid and has not yet been visited, it is marked visited and enqueued with an incremented step count. After the bounds check, the code updates `start` with the maximum of its current value and the value of the neighbour cell (`mat[newL][newC]`). This update occurs even when the neighbour is outside the grid, which can lead to an array‑index error, but the intended behaviour is to track the highest diamond value reachable within the allowed number of moves.

Finally, the program prints the value stored in `start`, which is the maximum diamond value that can be reached in at most \(P\) steps from the starting position."
1391739839,50,java,BFS_RADIUS,BFS_RADIUS,YES,0.97265625,GEOMETRIC_SCAN,0.010803223,0.99609375,GEOMETRIC_SCAN,0.000804901,"The program reads the grid dimensions \(N\) and \(M\), the maximum number of moves \(P\), and the starting position \((L,C)\). It stores the diamond values in a 1‑based array `mat`. A breadth‑first search is performed starting from the initial cell. Each queue element (`State`) keeps the current coordinates and the number of moves already taken. A 2‑dimensional `viz` array marks cells that have already been enqueued, so each cell is processed at most once.

During the BFS, when a cell is dequeued, the program checks whether the move count equals \(P\); if so, it does not enqueue further neighbours. Otherwise it considers the four orthogonal neighbours that stay inside the grid. For each unvisited neighbour it marks it visited, enqueues it with an incremented move count, and updates a variable `start` to be the maximum of its current value and the diamond value in that neighbour. The initial value of `start` is the diamond at the starting cell.

After the queue is exhausted, `start` holds the largest diamond value that can be reached in at most \(P\) moves, and this value is printed. The algorithm therefore explores all cells reachable within the move limit (using a simple BFS with a visited flag) and keeps track of the maximum diamond value encountered."
1391769625,50,cpp,BFS_RADIUS,BFS_RADIUS,YES,0.96484375,GEOMETRIC_SCAN,0.01373291,1,DFS_RADIUS,0.000553131,"The program reads the grid dimensions \(N\) and \(M\), the maximum number of moves \(P\), and the starting position \((L,C)\). It then reads the \(N \times M\) matrix of diamond values into `mat`. A second matrix `visited` of the same size is created to keep track of cells that have already been processed.

The core of the algorithm is a breadth‑first search that starts from the initial cell. A queue holds tuples \((i,j,steps)\) where `i` and `j` are the row and column indices and `steps` is the number of moves taken to reach that cell. The search proceeds as follows:

1. The starting cell \((L-1, C-1, 0)\) is pushed onto the queue. 
2. While the queue is not empty, the front element is popped. 
3. If the stored `steps` value is greater than `P`, the loop is terminated immediately with a `break` (this stops the entire search, not just the current iteration). 
4. If the cell has already been visited, it is skipped. 
5. Otherwise the cell is marked visited, and its diamond value is compared with the current maximum `curMax`, updating `curMax` if necessary. 
6. The four orthogonal neighbours (north, west, east, south) are examined; any neighbour that lies inside the grid is pushed onto the queue with `steps+1`.

After the queue is exhausted (or the early break occurs), the program outputs the maximum diamond value found among all cells that were reached within at most `P` moves.

The implementation uses a simple queue for BFS, a 2‑D vector for the grid, and another 2‑D vector to avoid revisiting cells. The algorithm explores the reachable area in a level‑by‑level manner, keeping track of the best value encountered."
1391802279,14.29,cpp,DFS_RADIUS,DFS_RADIUS,YES,0.6875,SORTED_MANHATTAN,0.119628906,0.5078125,UNKNOWN,0.271484375,"The program reads the grid dimensions \(N\) and \(M\), the maximum number of moves \(P\), and the starting position \((L,C)\). It then reads the \(N\times M\) matrix of diamond values. All indices are converted to 0‑based by subtracting one from \(N\), \(M\), \(L\), and \(C\).

The core of the solution is a recursive function `test(x, y, steps)` that, given a current cell \((x,y)\) and a remaining number of steps, returns the maximum diamond value that can be reached from that cell in at most `steps` moves. The function first checks whether the coordinates are outside the grid; if so it returns a very small sentinel value. If no steps remain, it simply returns the value of the current cell. Otherwise it recursively calls itself for each of the four orthogonal neighbours (north, south, west, east) with one fewer step, and keeps the maximum of those results. Finally it also compares this maximum with the value of the current cell itself and returns the larger of the two.

After building the matrix, the program calls `test(l, c, p)` with the starting position and the allowed number of moves, and prints the returned maximum value. The algorithm explores all possible paths up to length \(P\) by brute‑force recursion, keeping track of the best value encountered along any such path."
1391802299,14.29,cpp,UNKNOWN,DFS_RADIUS,NO,0.28125,DFS_RADIUS,0.219726563,0.90234375,UNKNOWN,0.044921875,"The program reads the grid dimensions `N` and `M`, the maximum number of moves `P`, and the starting position `(L, C)` (1‑based). It then reads the `N×M` matrix of diamond values into a 2‑dimensional vector `mat`. After converting the indices to 0‑based, it calls the recursive function `test` with a dummy previous position `(-2, -2)`, the current coordinates `(l, c)`, and the remaining number of steps `p`.

`test` is a depth‑first search that explores all possible walks of at most `P` steps. It first checks whether the current coordinates are outside the grid; if so it returns a very negative sentinel value. If no steps remain, it simply returns the value of the diamond at the current cell. Otherwise it initializes a local maximum `a` to the sentinel and recursively calls itself for each of the four cardinal moves (north, south, east, west). The recursive calls are guarded by a peculiar condition that attempts to prevent moving back to the cell from which it just came, but the condition is incorrect and does not reliably enforce this. After exploring the four directions, the function returns the larger of the best value found in the recursive calls and the value of the current cell itself. Thus the recursion returns the maximum diamond value that can be reached in at most `P` moves from the starting position.

Finally, the main function prints the value returned by `test`, which is the maximum diamond value reachable within the allowed number of moves. The algorithm is exponential in `P` and does not use any memoisation or pruning beyond the simple bounds check."
1391802353,41.07,cpp,GEOMETRIC_SCAN,GEOMETRIC_SCAN,YES,1,SORTED_MANHATTAN,0.000553131,1,SORTED_MANHATTAN,0.000261307,"The program reads the grid dimensions \(N\) and \(M\), the maximum number of moves \(P\), and the starting position \((L,C)\). It then reads the \(N \times M\) matrix of diamond values. All indices are converted to zero‑based.

The core of the algorithm is a double loop that iterates over every offset \((i,j)\) such that the Manhattan distance \(|i|+|j|\) does not exceed \(P\). For each offset it checks that the resulting cell \((L+i,\,C+j)\) lies inside the grid; if so, it compares the value in that cell with the current maximum and updates the maximum if necessary. The initial maximum is set to the value at the starting cell.

Finally, the program prints the maximum value found. Thus the implementation simply scans all cells reachable within at most \(P\) steps (a diamond‑shaped region) and outputs the highest diamond value among them."
1391802361,50,cpp,GEOMETRIC_SCAN,GEOMETRIC_SCAN,YES,1,SORTED_MANHATTAN,0.000216484,1,SORTED_MANHATTAN,0.000431061,"The program reads the grid dimensions \(N\) and \(M\), the maximum number of moves \(P\), and the starting position \((L,C)\). It then reads the \(N\times M\) matrix of diamond values. All indices are converted to 0‑based by decrementing \(N\), \(M\), \(L\), and \(C\).

The core of the algorithm is a double loop that enumerates every cell whose Manhattan distance from the start is at most \(P\). The outer loop iterates over the vertical offset \(i\) from \(-P\) to \(+P\). For each \(i\) it first checks that the row \(L+i\) lies inside the grid; if not, that offset is skipped. The remaining horizontal range for that row is limited by the remaining steps: \( \text{lim} = P - |i| \). The inner loop then runs over horizontal offsets \(j\) from \(-\text{lim}\) to \(+\text{lim}\). For each \((i,j)\) pair the code adjusts \(j\) if the resulting column \(C+j\) would be negative (by jumping forward to the first non‑negative column) and breaks the loop if the column would exceed the right boundary. Whenever a valid cell \((L+i,\,C+j)\) is found, its value is compared to the current maximum and the maximum is updated if necessary.

After all reachable cells have been examined, the program prints the largest diamond value found. Thus the implementation simply scans the diamond‑shaped region of radius \(P\) around the starting position, handling boundary clipping, and outputs the maximum value within that region."
1391817271,50,java,GEOMETRIC_SCAN,GEOMETRIC_SCAN,YES,1,SORTED_MANHATTAN,0.000335693,1,SORTED_MANHATTAN,0.000804901,"The program reads the grid dimensions \(N\) and \(M\), the maximum number of moves \(P\), and the starting position \((L,C)\). It then iterates over every cell of the grid, reading the diamond value \(F[i][j]\) one by one. For each cell it computes the Manhattan distance from the starting cell to the current cell using \(|i-L|+|j-C|\). If this distance is at most \(P\), the diamond value is a candidate for the answer, and the program keeps the maximum such value in the variable `sol`. After all cells have been processed, the program outputs the maximum diamond value reachable within the allowed number of moves. The algorithm is a simple brute‑force scan of the entire grid, using only integer arithmetic and a single nested loop."
1391817300,50,java,BFS_RADIUS,BFS_RADIUS,YES,0.98046875,GEOMETRIC_SCAN,0.009643555,1,DFS_RADIUS,0.000404358,"The program reads the grid dimensions \(N\) and \(M\), the maximum number of moves \(P\), and the starting position \((L,C)\) (converted to 0‑based indices). It then reads the \(N \times M\) matrix of diamond values. 

A breadth‑first search is performed from the starting cell. A `Point` object stores a cell’s coordinates and the number of steps taken to reach it. A queue holds the frontier of the BFS, and a `visited` boolean matrix guarantees that each cell is enqueued at most once. The search proceeds level by level: for each dequeued point, if its step count is already \(P\) the loop skips further expansion; otherwise the four orthogonal neighbours (north, south, east, west) that lie inside the grid and have not yet been visited are marked visited, their diamond value is compared to the current maximum, and they are added to the queue with an incremented step count. 

During the traversal the variable `maxBeauty` keeps the highest diamond value seen among all cells that are reachable in at most \(P\) moves. After the queue is exhausted, the program outputs this maximum value. The algorithm therefore explores all cells within Manhattan distance \(P\) from the start and reports the largest diamond value among them."
1391820045,50,java,BFS_RADIUS,BFS_RADIUS,YES,0.984375,GEOMETRIC_SCAN,0.007507324,1,DFS_RADIUS,0.000457764,"The program reads the grid dimensions \(N\) and \(M\), the maximum number of moves \(P\), and the starting position \((L,C)\). It then reads an \(N\times M\) matrix of integer diamond values, storing it in a 1‑based array `grid`. 

A breadth‑first search is performed from the starting cell. A queue holds triples \([row, col, steps]\). The starting cell is enqueued with 0 steps and marked visited. While the queue is not empty, the algorithm dequeues a cell, checks whether the number of steps taken to reach it is already equal to \(P\); if so, it does not expand that cell further. Otherwise it explores its four orthogonal neighbours (north, south, east, west). For each neighbour that lies inside the grid and has not yet been visited, it is marked visited, its diamond value is compared to the current maximum and the maximum is updated if larger, and the neighbour is enqueued with `steps+1`. 

The search stops when all cells reachable in at most \(P\) moves have been processed. Finally, the program prints the maximum diamond value found among those reachable cells. The algorithm uses a boolean matrix `visited` to avoid revisiting cells and a simple queue for level‑order traversal, ensuring each cell is examined at most once."
1391824959,5.36,cpp,DFS_RADIUS,DFS_RADIUS,YES,0.267578125,GEOMETRIC_SCAN,0.235351563,0.96875,GREEDY_NEIGHBOR_WALK,0.017700195,"The program reads the grid dimensions \(N\) and \(M\), the maximum number of moves \(P\), and the starting position \((L,C)\). It stores the diamond values in a 1‑based 2‑D vector `mat`. A global variable `nmax` is initialized to a very small number and will hold the best diamond value found.

The core of the program is the recursive function `rec`. It receives the current coordinates \((l,c)\), the remaining number of moves `p`, and the value of the diamond currently on the piece (`el`). If `p` becomes negative, the function compares `el` with `nmax` and updates `nmax` if `el` is larger, then returns. Otherwise the function attempts to move the piece one step in each of the four cardinal directions, provided the move stays inside the grid. For each valid move it calls itself with `p-1`, the new coordinates, and the value of the diamond at the new cell (`mat[l][c]`). Thus the recursion explores every possible path of length up to `P` moves, recording the value of the diamond reached after the final move.

After the recursive search finishes, the program outputs the maximum diamond value that could be reached within at most `P` moves. The algorithm is a brute‑force depth‑first search that visits all reachable cells up to the given depth, keeping track of the highest value encountered."
1391825349,23.21,cpp,DP_RADIUS,BFS_RADIUS,NO,0.94921875,GEOMETRIC_SCAN,0.011962891,0.890625,DP_RADIUS,0.083007813,"The program reads the grid dimensions \(N\) and \(M\), the maximum number of moves \(P\), and the starting position \((L,C)\). It then stores the diamond values in a 1‑indexed matrix `mat`. 

A three‑dimensional boolean array `dp[step][i][j]` records whether the piece can be at cell \((i,j)\) after exactly `step` moves. Initially only the starting cell is reachable (`dp[0][L][C] = true`). For each step from 1 to \(P\) the program scans every cell; if that cell was reachable in the previous step, it marks all four orthogonal neighbours (north, south, east, west) as reachable in the current step, provided the neighbour lies inside the grid. This is a straightforward breadth‑first expansion over a fixed number of steps.

After processing all \(P\) steps, the program iterates over all cells and, for those marked reachable at step \(P\), keeps the maximum diamond value found. This maximum is printed as the result. The algorithm therefore finds the highest‑valued diamond that can be reached in exactly \(P\) moves from the starting position."
1391825514,28.57,cpp,GEOMETRIC_SCAN,GEOMETRIC_SCAN,YES,0.99609375,SORTED_MANHATTAN,0.003585815,0.92578125,SORTED_MANHATTAN,0.052246094,"The program reads the grid dimensions \(N\) and \(M\), the maximum number of moves \(P\), and the starting position \((L,C)\). It then reads the \(N\times M\) matrix of diamond values into a 1‑based array `v`. While reading each cell \((i,j)\) it computes the Manhattan distance from the start, `abs(L-i)+abs(C-j)`, and stores in a map `vals` the smallest such distance for each distinct diamond value. The map is keyed by the diamond value and uses a custom comparator that orders the keys in descending order, so iterating over the map visits values from largest to smallest.

After the grid is processed, the program scans the map entries. For each value whose stored minimal distance is at most \(P\), it considers that value reachable within the allowed moves. It keeps track of the maximum reachable value in `maxVal`, which is initialized to \(-1\). Finally, it prints `maxVal`, which is the highest diamond value that can be reached in at most \(P\) steps (or \(-1\) if none are reachable)."
1391825589,50,cpp,GEOMETRIC_SCAN,GEOMETRIC_SCAN,YES,0.9921875,SORTED_MANHATTAN,0.005218506,0.90625,SORTED_MANHATTAN,0.07421875,"The program reads the grid dimensions \(N\) and \(M\), the maximum number of moves \(P\), and the starting position \((L,C)\). It then reads the \(N\times M\) matrix of diamond values into a 1‑indexed vector `v`. While reading each cell \((i,j)\) it computes the Manhattan distance from the start, `min_steps = |L-i| + |C-j|`. A map `vals` (ordered by descending key because of the custom comparator) stores, for each distinct diamond value, the smallest number of steps needed to reach any cell containing that value. If a value appears multiple times, only the minimal distance is kept.

After the grid is processed, the program iterates over all entries in `vals`. For each value whose stored minimal distance is at most \(P\), it considers that value as reachable. It keeps track of the largest such value in `maxVal`, which is initialized to \(-1\). Finally, it prints `maxVal`, which is the maximum diamond value that can be reached within at most \(P\) moves (or \(-1\) if none are reachable)."
1391825752,41.07,cpp,GEOMETRIC_SCAN,GEOMETRIC_SCAN,YES,1,BFS_RADIUS,0.000246048,0.99609375,SORTED_MANHATTAN,0.002792358,"The program reads the grid dimensions \(N\) and \(M\), the maximum number of moves \(P\), and the starting position \((L,C)\). It then reads an \(N \times M\) matrix of integer diamond values, storing it in a 1‑indexed 2‑D vector `mat`. 

To find the highest value reachable within at most \(P\) steps, the code iterates over a square window centered at the start: for every row index \(i\) from \(L-P\) to \(L+P\) and every column index \(j\) from \(C-P\) to \(C+P\). For each candidate cell it first checks that the coordinates lie inside the grid, and then verifies that the Manhattan distance \(|i-L|+|j-C|\) does not exceed \(P\). If both conditions hold, the diamond value at `mat[i][j]` is compared with a running maximum (`max`), which is updated if a larger value is found. 

After scanning all eligible cells, the program outputs the maximum diamond value found. The algorithm is a straightforward brute‑force search over all cells within the reachable diamond-shaped region defined by the Manhattan distance constraint."
1391825862,50,cpp,GEOMETRIC_SCAN,GEOMETRIC_SCAN,YES,1,BFS_RADIUS,7.01E-05,0.99609375,SORTED_MANHATTAN,0.001502991,"The program reads the grid dimensions \(N\) and \(M\), the maximum number of moves \(P\), and the starting position \((L,C)\). It then reads the \(N \times M\) matrix of diamond values into a 1‑indexed vector `mat`. 

To find the best diamond reachable in at most \(P\) steps, the code enumerates all rows that can be reached vertically. For each vertical offset `dx` from \(-P\) to \(P\), it computes the target row `i = L + dx`. If this row lies inside the grid, the remaining horizontal steps available are `rem = P - |dx|`. The reachable columns in that row form a contiguous interval from `max(1, C - rem)` to `min(M, C + rem)`. The program iterates over this interval, comparing each cell’s value with a running maximum `maxVal`. 

After scanning all such cells, `maxVal` holds the highest diamond value that can be reached within the allowed number of moves, and the program outputs this value. The algorithm effectively checks every cell whose Manhattan distance from the starting position does not exceed \(P\)."
1391839565,1.79,java,GEOMETRIC_SCAN,UNKNOWN,NO,0.384765625,UNKNOWN,0.384765625,0.8125,GREEDY_NEIGHBOR_WALK,0.058837891,"The program reads the grid dimensions \(N\) and \(M\), the maximum number of moves \(P\), and the starting position \((L,C)\). It stores the diamond values in a one‑based 2‑D array `matrix`. The main routine calls a recursive function `bt` with the current number of moves left, the current column `c`, the current row `l`, and the best diamond value seen so far (initially the value at the starting cell).

The recursive routine works as follows. If no moves are left it simply returns the best value found. If exactly one move remains, it examines the four orthogonal neighbours of the current cell (checking bounds) and updates the best value with the maximum of the current best and any neighbour that is larger. If more than one move remains, the function calls itself four times with the same coordinates and one fewer move, but it does **not** change the coordinates in these calls. Thus the search explores all possible sequences of moves in terms of depth, but the position never changes except when the final step is evaluated. The result of the recursive calls is combined by taking the maximum with the current best value.

Finally, the program prints the value returned by `bt`, which is the maximum diamond value that could be reached in at most \(P\) moves according to the logic described above."
1391856174,1.79,java,GREEDY_NEIGHBOR_WALK,GEOMETRIC_SCAN,NO,0.9453125,GEOMETRIC_SCAN,0.028564453,0.890625,GREEDY_NEIGHBOR_WALK,0.056884766,"The program reads the grid dimensions, the maximum number of moves P, and the starting position (L, C). It stores the diamond values in a 1‑based 2‑dimensional array `m`. The variable `curr` is initialized to the value of the starting cell.

The main loop runs `P` times. In each iteration it examines the four orthogonal neighbours of the current position (north, south, west, east) by adding the corresponding offsets to `L` and `C`. For each neighbour it reads the diamond value `newCurr` from the array and, if this value is larger than the current best `curr`, it updates `curr`. The position variables `L` and `C` are never changed, so the loop simply keeps re‑checking the same four cells. After the loop, the program prints the final value of `curr`.

Thus the algorithm outputs the maximum diamond value among the starting cell and its immediate neighbours, regardless of the number of allowed moves."
1391856329,1.79,java,GREEDY_NEIGHBOR_WALK,GEOMETRIC_SCAN,NO,0.9453125,GEOMETRIC_SCAN,0.036621094,0.97265625,GREEDY_NEIGHBOR_WALK,0.01574707,"The program reads the size of a rectangular grid (N rows, M columns), a maximum number of moves P, and the starting position (L, C). It then reads the integer value of each cell into a 1‑based array `m`. 

The algorithm keeps a single variable `curr` initialized to the value of the starting cell. It then performs a loop that repeats `P` times. In each iteration it examines the four orthogonal neighbours of the current position (north, south, east, west). For every neighbour that lies inside the grid it compares its value with `curr` and, if larger, updates `curr`. The position `(L, C)` is never changed during the loop; only the maximum value seen so far is updated. After the loop terminates, the program outputs the value stored in `curr`.

Thus the program effectively reports the maximum value among the starting cell and its immediate orthogonal neighbours, regardless of the number of allowed moves."
1391856779,32.14,java,BFS_RADIUS,BFS_RADIUS,YES,0.9453125,GEOMETRIC_SCAN,0.015319824,0.9921875,DFS_RADIUS,0.001693726,"The program reads the grid dimensions \(N\) and \(M\), the maximum number of moves \(P\), and the starting position \((L,C)\). It then stores the diamond values in a 1‑based array `m`. A breadth‑first search is performed using a queue of `State` objects that hold a cell’s coordinates and the number of steps taken to reach it. A boolean matrix `viz` marks cells that have already been enqueued to avoid revisiting them.

The BFS starts from the initial cell, marking it visited and initializing `maxBeauty` with its value. While the queue is not empty, the algorithm dequeues a state, updates `maxBeauty` with the value of the current cell, and if the number of steps equals \(P\) it breaks out of the loop (thus stopping the search entirely). Otherwise it explores the four orthogonal neighbours. For each neighbour it checks that the new row is within \([1,N]\) and that the new column is within \([1,C]\) (a bug that restricts movement to the first \(C\) columns) and that the neighbour has not been visited. Valid neighbours are marked visited and enqueued with an incremented step count.

After the loop terminates, the program prints `maxBeauty`, which is the highest diamond value encountered among all cells that were reached within at most \(P\) moves according to the flawed search conditions."
1391856787,35.71,java,BFS_RADIUS,BFS_RADIUS,YES,0.9921875,GEOMETRIC_SCAN,0.004058838,1,DFS_RADIUS,0.000379562,"The program reads the grid dimensions \(N\) and \(M\), the maximum number of moves \(P\), and the starting position \((L,C)\). It then stores the diamond values in a 1‑based array `m`. A breadth‑first search is performed from the starting cell using a queue of `State` objects that hold the current coordinates and the number of steps taken so far. A boolean matrix `viz` marks cells that have already been enqueued to avoid revisiting them.

During the BFS, the value of the current cell is compared with a running maximum `maxBeauty`, which is initially set to the value at the starting position. For each dequeued state, if the number of steps equals `P` the search stops expanding that branch; otherwise the algorithm attempts to move north, south, west, and east. A move is accepted only if the new coordinates stay within the grid bounds (`newL > 0 && newL <= N && newC > 0 && newC <= C`) and the target cell has not been visited before. Accepted moves are marked visited and enqueued with an incremented step count.

After the queue is exhausted, the program outputs `maxBeauty`, the highest diamond value that can be reached in at most `P` moves from the starting position. The implementation uses a simple BFS with a visited flag to ensure each cell is processed at most once."
1391856810,41.07,java,BFS_RADIUS,BFS_RADIUS,YES,0.96875,GEOMETRIC_SCAN,0.012207031,1,GEOMETRIC_SCAN,0.001029968,"The program reads the grid dimensions \(N\) and \(M\), the maximum number of moves \(P\), and the starting position \((L,C)\). It then reads an \(N\times M\) matrix of integer values, storing it in a 1‑based array `m`. 

A breadth‑first search is performed from the starting cell. A `State` object holds the current coordinates and the number of steps taken so far. A queue holds the frontier of the BFS. A boolean matrix `viz` marks cells that have already been enqueued to avoid revisiting them. The variable `maxBeauty` is initialized with the value of the starting cell and is updated whenever a cell is dequeued.

During the BFS loop, the program dequeues a state, updates `maxBeauty` with the value of that cell, and if the state’s step count equals `P` it breaks out of the loop entirely (so no further states are processed). Otherwise it explores the four orthogonal neighbours (north, south, east, west). For each neighbour that lies within the grid bounds and has not yet been visited, it marks it visited and enqueues a new state with an incremented step count.

When the queue becomes empty or the loop is broken, the program prints `maxBeauty`, which is the highest diamond value that can be reached in at most `P` moves from the starting position."
1391856823,50,java,BFS_RADIUS,BFS_RADIUS,YES,0.9921875,GEOMETRIC_SCAN,0.003372192,1,GEOMETRIC_SCAN,0.000518799,"The program reads the grid dimensions \(N\) and \(M\), the maximum number of moves \(P\), and the starting position \((L,C)\). It then reads an \(N\times M\) matrix of integer values, storing it in a 1‑based array `m`. 

A breadth‑first search is performed from the starting cell. A queue holds `State` objects that record a cell’s coordinates and the number of steps taken to reach it. A boolean matrix `viz` marks cells that have already been enqueued, ensuring each cell is processed at most once. The search proceeds level by level: for each dequeued state, the program updates the current maximum diamond value seen (`maxBeauty`) with the value at that cell. If the state’s step count equals \(P\), the search does not expand further from that cell. Otherwise, the four orthogonal neighbours (north, south, east, west) that lie inside the grid and have not yet been visited are enqueued with an incremented step count.

After the queue is exhausted, the program prints the largest diamond value that was reachable within at most \(P\) moves. The algorithm therefore explores all cells reachable in up to \(P\) steps without revisiting any cell, tracking the maximum value encountered."
1391862369,50,cpp,BFS_RADIUS,BFS_RADIUS,YES,0.98828125,GEOMETRIC_SCAN,0.007537842,0.99609375,DFS_RADIUS,0.001922607,"The program reads five integers `m n p l c` where `m` is the number of rows, `n` the number of columns, `p` the maximum number of moves allowed, and `(l,c)` the starting position (1‑based). It then reads an `m × n` grid of integer values into `mat`. The starting coordinates are converted to 0‑based indices.

A breadth‑first search is performed from the starting cell. A queue holds the frontier of cells to explore. A 2‑D boolean array `visited` marks cells that have already been enqueued. The search proceeds in layers: a variable `level` counts how many layers have been processed, starting at 1. For each layer, the program dequeues all cells currently in the queue, examines their four orthogonal neighbours (north, east, south, west), and if a neighbour lies inside the grid and has not yet been visited, it is marked visited, enqueued, and its value is compared to a running maximum `maxx`. After all cells of the current layer are processed, `level` is incremented. The loop continues while the queue is not empty and `level` does not exceed `p`. Because `level` starts at 1, the algorithm effectively explores cells reachable in at most `p‑1` moves from the start.

Finally, the program outputs the maximum diamond value found among all visited cells. The output is a single integer followed by a newline."
1391862758,50,cpp,BFS_RADIUS,BFS_RADIUS,YES,0.96875,GEOMETRIC_SCAN,0.015625,1,GEOMETRIC_SCAN,0.00062561,"The program reads the grid dimensions \(N\) and \(M\), the maximum number of moves \(P\), and the starting position \((L,C)\). It then reads an \(N\times M\) matrix of integer diamond values, storing them in a 1‑indexed 2‑D vector `mat`. A second 2‑D vector `visited` keeps track of cells that have already been reached.

A breadth‑first search is performed from the starting cell. A queue holds the frontier cells. The variable `dist` counts how many layers of the BFS have been processed, which corresponds to the number of moves made. While the queue is not empty and the current distance does not exceed \(P\), the algorithm processes all cells in the current layer (`len = q.size()`), updating `maxi` with the maximum diamond value seen so far. For each cell, it explores its four orthogonal neighbours (north, west, south, east). If a neighbour lies inside the grid and has not been visited, it is marked visited and enqueued for the next layer. After finishing the current layer, `dist` is incremented.

When the BFS terminates—either because all reachable cells within \(P\) moves have been processed or the queue becomes empty—the program outputs the value stored in `maxi`, which is the highest diamond value that can be reached in at most \(P\) moves from the starting position."
1391899262,42.86,cpp,BFS_RADIUS,BFS_RADIUS,YES,0.95703125,GEOMETRIC_SCAN,0.019775391,1,GEOMETRIC_SCAN,0.000488281,"The program reads the grid dimensions \(N\) and \(M\), the maximum number of moves \(P\), and the starting position \((L,C)\) (converted to 0‑based indices). It then reads the \(N \times M\) matrix of diamond values. The variable `max` is initialized to the value at the starting cell.

If \(P=0\) the program immediately outputs this initial value. Otherwise it performs a breadth‑first search (BFS) from the starting cell, keeping a queue of states where each state stores the current distance from the start and the cell coordinates. A 2‑D boolean array `visited` marks cells that have already been enqueued to avoid revisiting them. For each dequeued state, if its distance equals \(P\) the search stops expanding that branch. Otherwise the program explores the four orthogonal neighbours (north, east, south, west). For each neighbour that lies within the grid bounds (the code mistakenly checks `ny < n` instead of `ny < m`) and has not been visited, it marks it visited, enqueues it with distance incremented by one, and updates `max` if the neighbour’s diamond value is larger.

After the BFS completes, the program outputs the maximum diamond value found among all cells reachable in at most \(P\) moves."
1391901684,50,c,GEOMETRIC_SCAN,GEOMETRIC_SCAN,YES,1,BFS_RADIUS,0.000190735,0.9921875,SORTED_MANHATTAN,0.004608154,"The program reads the grid dimensions \(N\) and \(M\), the maximum number of moves \(P\), and the starting position \((L,C)\). It then reads an \(N \times M\) matrix of integer diamond values into a 1‑based array `grid`. 

After the input, the program initializes a variable `res` to the smallest possible 32‑bit integer. It iterates over every cell \((i,j)\) of the grid, computing the Manhattan distance \(d = |i-L| + |j-C|\) from the starting square. If this distance is at most \(P\), the cell is reachable within the allowed moves, and the program updates `res` if the diamond value at that cell is larger than the current maximum. 

Finally, the program prints the value stored in `res`, which is the largest diamond value that can be reached in at most \(P\) moves from the starting position. If no cell is reachable, `res` remains `INT_MIN` and that value is printed."
1391905393,50,cpp,GEOMETRIC_SCAN,GEOMETRIC_SCAN,YES,1,BFS_RADIUS,0.000115871,0.9921875,SORTED_MANHATTAN,0.00668335,"The program reads the grid dimensions \(N\) and \(M\), the maximum number of moves \(P\), and the starting position \((L,C)\). It then reads an \(N \times M\) matrix of integer diamond values, storing them in a 1‑indexed 2‑D vector called `map`. 

After the input, the code initializes a variable `max` with the value of the diamond at the starting cell. It then scans every cell of the grid with two nested loops over rows `i` and columns `j`. For each cell it computes the Manhattan distance to the start, `abs(L-i)+abs(C-j)`. If this distance is at most \(P\), the cell is reachable within the allowed number of moves, and the program compares its value to the current `max`, updating `max` if a larger value is found. 

Finally, the program outputs the value stored in `max`, which represents the largest diamond value that can be reached from the starting position in at most \(P\) steps. The algorithm runs in \(O(NM)\) time and uses \(O(NM)\) memory for the grid."
1391907417,50,java,GEOMETRIC_SCAN,GEOMETRIC_SCAN,YES,1,BFS_RADIUS,0.000148773,0.9921875,SORTED_MANHATTAN,0.007568359,"The program reads the grid dimensions \(N\) and \(M\), the maximum number of moves \(P\), and the starting position \((L,C)\). It then iterates over every cell of the grid, reading each diamond value. For each cell \((i,j)\) it computes the Manhattan distance \(|i-L|+|j-C|\). If this distance is at most \(P\), the cell is reachable within the allowed moves, and the program compares its value to a running maximum. After scanning all cells, the maximum value found among reachable cells is printed. The algorithm uses a simple double loop and a single integer variable to track the best value; no additional data structures or complex search are employed."
1391927724,50,cpp,GEOMETRIC_SCAN,GEOMETRIC_SCAN,YES,1,BFS_RADIUS,0.000108719,0.99609375,SORTED_MANHATTAN,0.002182007,"The program reads the grid dimensions \(N\) and \(M\), the maximum number of moves \(P\), and the starting position \((L,C)\). It then reads the \(N \times M\) matrix of diamond values into a 1‑based 2‑D vector `v`. 

The core of the algorithm is a double loop that iterates over every cell \((i,j)\) of the grid. For each cell it computes the Manhattan distance from the starting position: 
\[
\text{dist} = |L-i| + |C-j|.
\]
If this distance is no larger than the allowed number of moves \(P\), the value of that cell is considered reachable, and the program keeps track of the maximum value seen so far in the variable `res`. 

After all cells have been examined, `res` holds the largest diamond value that can be reached within at most \(P\) moves, and this value is printed. The algorithm uses only simple arithmetic and a single pass over the grid, storing the grid in a vector of vectors and maintaining a single scalar for the maximum."
1391933713,50,java,GEOMETRIC_SCAN,GEOMETRIC_SCAN,YES,1,SORTED_MANHATTAN,0.000216484,1,SORTED_MANHATTAN,0.000804901,"The program reads the grid dimensions \(N\) and \(M\), the maximum number of moves \(P\), and the starting position \((L,C)\). It then reads an \(N \times M\) matrix of integer diamond values, storing them in a 1‑based 2‑dimensional array `mat`. 

After the input, the code iterates over every cell \((i,j)\) of the grid. For each cell it computes the Manhattan distance to the starting position: 
\[
\text{dist} = |i-L| + |j-C|.
\] 
If this distance is less than or equal to the allowed number of moves \(P\), the value of that cell is considered reachable. The program keeps a running maximum `maxi` of all reachable cell values, initializing it to the smallest possible integer. 

Finally, it prints the maximum diamond value that can be reached within at most \(P\) moves. The algorithm is a straightforward exhaustive scan of the grid, using simple arithmetic to test reachability and a single variable to track the best value."
1391933787,39.29,java,GEOMETRIC_SCAN,GEOMETRIC_SCAN,YES,1,SORTED_MANHATTAN,0.00062561,0.9921875,SORTED_MANHATTAN,0.003585815,"The program reads the grid dimensions `n` and `m`, the maximum number of moves `moves`, and the starting position `(l, c)` (1‑based). It then reads the `n × m` matrix of diamond values into a 1‑based array `v`. 

It allocates an array `max_p` of length `moves+1`. For each possible number of moves `p` from `0` to `moves`, it iterates over all integer pairs `(i, j)` such that `i + j = p` and `i ≥ 1`. For each pair it considers the four cells that are `i` steps north or south and `j` steps east or west from the start: 
- `(l+i, c+j)`, 
- `(l-i, c+j)`, 
- `(l+i, c-j)`, 
- `(l-i, c-j)`. 

If a candidate cell lies inside the grid, the program updates `max_p[p]` with the maximum diamond value found among those cells. (The case `p = 0` is never processed because the inner loop starts at `i = 1`.) 

After filling `max_p`, the program scans all entries from `0` to `moves` and keeps the largest value found, storing it in `loc_max`. Finally it prints `loc_max`, which is the maximum diamond value that can be reached in exactly one of the considered Manhattan distances up to `moves`."
1391933898,41.07,java,GEOMETRIC_SCAN,GEOMETRIC_SCAN,YES,1,SORTED_MANHATTAN,0.000431061,0.9921875,SORTED_MANHATTAN,0.003585815,"The program reads the grid dimensions `n` and `m`, the maximum number of moves `moves`, and the starting position `(l, c)` (1‑based). It then reads an `n × m` matrix `v` of diamond values into a 1‑indexed array. 

The core of the algorithm is a double loop over all possible step counts `p` from `0` to `moves`. For each `p` it iterates `i` from `0` to `p`, letting `j = p – i`. It then checks the four cells that can be reached by moving `i` steps vertically (north or south) and `j` steps horizontally (east or west) in any combination: 
- `(l + i, c + j)` 
- `(l – i, c + j)` 
- `(l + i, c – j)` 
- `(l – i, c – j)` 

If a candidate cell lies inside the grid, its value is compared with the current maximum `max_p`, and `max_p` is updated if the cell’s value is larger. After all iterations, the program prints `max_p`, which is the largest diamond value found among all cells that can be reached in at most `moves` steps under the restricted movement pattern described above."
1391933920,39.29,java,GEOMETRIC_SCAN,GEOMETRIC_SCAN,YES,0.99609375,SORTED_MANHATTAN,0.001701355,0.99609375,SORTED_MANHATTAN,0.001922607,"The program reads the grid dimensions `n` and `m`, the maximum number of moves `moves`, and the starting position `(l, c)` (1‑based indices). It then reads the `n × m` matrix of diamond values into a 2‑dimensional array `v`. If no moves are allowed, it simply outputs the value at the starting cell.

For the general case the program searches for the largest diamond value that can be reached in at most `moves` steps. It does this by iterating over every possible Manhattan distance `p` from 1 up to `moves`. For each distance `p` it enumerates all pairs of non‑negative integers `(i, j)` such that `i + j = p`. For each pair it considers the four lattice points that are exactly `i` steps vertically and `j` steps horizontally away from the start, in all sign combinations: 
`(l+i, c+j)`, `(l-i, c+j)`, `(l+i, c-j)`, `(l-i, c-j)`. 
If a candidate point lies inside the grid bounds, its value is compared with the current maximum and the maximum is updated if necessary. After all distances have been processed, the program prints the largest value found.

The algorithm uses a simple nested loop structure and direct array access; it does not perform any path‑finding or dynamic programming, merely checks all cells whose Manhattan distance from the start does not exceed the allowed number of moves."
1391934010,41.07,java,GEOMETRIC_SCAN,GEOMETRIC_SCAN,YES,0.99609375,SORTED_MANHATTAN,0.001701355,0.99609375,SORTED_MANHATTAN,0.001327515,"The program reads the grid dimensions \(N\) and \(M\), the maximum number of moves \(P\), and the starting position \((L,C)\). It then stores the diamond values in a 1‑based array `v`. If no moves are allowed, it simply outputs the value at the starting cell.

For each allowed number of steps \(p\) from 1 to \(P\), the code iterates over all non‑negative integers \(i\) such that \(0 \le i \le p\) and sets \(j = p-i\). The pair \((i,j)\) represents a displacement where the Manhattan distance \(|i|+|j| = p\). For each such displacement it considers the four sign combinations \((\pm i, \pm j)\) relative to the start, checks that the resulting coordinates stay inside the grid, and updates the current maximum diamond value if a larger one is found. Thus, after all iterations, `max_p` holds the largest value among all cells whose Manhattan distance from the start is at most \(P\).

Finally, the program prints this maximum value. The algorithm essentially scans all cells reachable within the given number of steps by enumerating all pairs of horizontal and vertical moves that sum to each step count, without using any advanced data structures or recursion."
1391934247,50,java,GEOMETRIC_SCAN,GEOMETRIC_SCAN,YES,0.99609375,SORTED_MANHATTAN,0.001029968,1,SORTED_MANHATTAN,0.001029968,"The program reads the grid dimensions \(N\) and \(M\), the maximum number of moves \(P\), and the starting position \((L,C)\). It then stores the diamond values in a 1‑indexed 2‑D array `v`. If no moves are allowed, it simply prints the value at the starting cell.

Otherwise the program initializes `max_p` with the value at the starting cell and iterates over all possible offsets `i` (row change) from `0` to `N` and `j` (column change) from `0` to `M`. For each pair it checks whether the Manhattan distance `i + j` does not exceed the allowed moves. If so, it considers the four cells that are exactly `i` rows and `j` columns away in each of the four sign combinations: \((L\pm i,\, C\pm j)\). For each such cell that lies inside the grid bounds, it updates `max_p` with the larger of its current value and the diamond value at that cell.

After exhausting all offset pairs, the program outputs `max_p`, which is the maximum diamond value reachable within at most \(P\) moves. The algorithm essentially scans all cells whose Manhattan distance from the start is ≤ \(P\) and keeps the maximum value found."
1391934413,1.79,cpp,BFS_RADIUS,BFS_RADIUS,YES,0.984375,GEOMETRIC_SCAN,0.007507324,0.98828125,DFS_RADIUS,0.0027771,"The program reads the grid dimensions \(n\) and \(m\), the maximum number of moves \(p\), and the starting position \((l,c)\). It then reads an \(n\times m\) matrix of double values called *beauty*. All indices are treated as 1‑based.

A breadth‑first search is performed from the starting cell. A queue holds `State` objects that contain the current coordinates and the number of steps taken to reach that cell. A 2‑D boolean array `visited` marks cells that have already been enqueued. The search proceeds level by level: for each dequeued state, if its step count equals \(p\) the state is discarded; otherwise the four orthogonal neighbours (north, south, west, east) are examined. For each neighbour that lies inside the grid and has not yet been visited, the neighbour is marked visited, the step counter of the current state is incremented (affecting the current state, not a new one), and the neighbour is pushed onto the queue. While enqueuing, the program compares the neighbour’s beauty value with a running maximum `max_beauty` and updates it if the neighbour’s value is larger.

After the queue is exhausted, the program outputs the maximum beauty value that was reachable within at most \(p\) moves. The algorithm therefore explores all cells that can be reached in at most \(p\) steps, but due to the way the step counter is updated it actually explores only a single path per cell, effectively performing a limited breadth‑first traversal that stops when the step limit is reached. The final result is the highest diamond value encountered during this traversal."
1391934479,50,cpp,BFS_RADIUS,BFS_RADIUS,YES,0.9921875,GEOMETRIC_SCAN,0.003570557,1,DFS_RADIUS,0.000379562,"The program reads the grid dimensions \(N\) and \(M\), the maximum number of moves \(P\), and the starting position \((L,C)\). It then reads an \(N\times M\) matrix of diamond values, storing them in a 1‑indexed 2‑D vector of doubles. 

A breadth‑first search is performed from the starting cell. A queue holds states consisting of the current coordinates and the number of steps taken so far. A separate 2‑D boolean array marks cells that have already been enqueued, preventing any cell from being visited more than once. The search proceeds level by level: for each dequeued state, if the step count equals \(P\) the state is discarded; otherwise the four orthogonal neighbours (north, south, east, west) that lie inside the grid and have not yet been visited are enqueued with an incremented step count. Whenever a neighbour is enqueued, its diamond value is compared to a running maximum, which is updated if the neighbour’s value is larger. The starting cell’s value is also considered as the initial maximum.

After the queue is exhausted (i.e., all reachable cells within at most \(P\) moves have been processed), the program outputs the maximum diamond value found. The algorithm therefore explores the reachable region of the grid up to depth \(P\) using a simple BFS while keeping track of the highest value encountered."
1391934832,14.29,cpp,BFS_RADIUS,BFS_RADIUS,YES,0.9609375,GEOMETRIC_SCAN,0.022583008,1,GEOMETRIC_SCAN,0.000854492,"The program reads the grid dimensions \(N, M\), the maximum number of moves \(P\), and the starting position \((L, C)\). It then reads the \(N \times M\) matrix of diamond values into a 1‑based array `a`. An auxiliary array `mark` is used to store the distance (in moves) from the start to each cell; it is initialized to zero everywhere except the start cell, which is set to 1. A queue holds cells to be processed.

The core routine `BFS` performs a breadth‑first search. While the queue is not empty, it dequeues a cell \((i, j)\), then examines its four orthogonal neighbours. For each neighbour that lies inside the grid and whose current `mark` value is at most \(P\), the neighbour’s `mark` is set to `mark[i][j] + 1`, the maximum diamond value seen so far (`Max`) is updated with the neighbour’s value, and the neighbour is enqueued. The search stops when no more cells can be reached within the allowed number of moves.

After the BFS completes, the program outputs the value stored in `Max`. This value represents the largest diamond value that can be reached from the starting position in at most \(P\) moves, according to the BFS traversal. The starting cell’s value is never considered in the maximum calculation."
1391941229,7.14,cpp,GEOMETRIC_SCAN,GEOMETRIC_SCAN,YES,0.99609375,UNKNOWN,0.000518799,0.9921875,GREEDY_NEIGHBOR_WALK,0.0027771,"The program reads the grid dimensions \(N\) and \(M\), the maximum number of moves \(P\), and the starting position \((L,C)\). It stores the diamond values in a 1‑indexed 2‑D vector `v`. After initializing the current maximum to the value at the starting cell, it iterates over all rows \(i\) from \(L-P\) to \(L+P\). For each such row it considers only the column \(C\) (the inner loop runs from `c-j` to `c+j` with `j` fixed at 0, so the range is just `C`). The helper `get_elem` checks that the cell is inside the grid and returns its value. If the cell is valid and its value exceeds the current maximum, the maximum is updated. Finally, the program outputs this maximum value. In effect, the code finds the highest diamond value that lies in the same column as the starting position and within a vertical distance of at most \(P\) cells."
1391941265,19.64,cpp,GEOMETRIC_SCAN,GEOMETRIC_SCAN,YES,1,BFS_RADIUS,0.000261307,0.99609375,SORTED_MANHATTAN,0.001701355,"The program reads the grid dimensions \(N\) and \(M\), the maximum number of moves \(P\), and the starting position \((L,C)\). It stores the diamond values in a 1‑indexed 2‑D vector `v`. The variable `max` is initialized to the value at the starting cell.

To find the best reachable diamond, the code iterates over rows \(i\) from \(L-P\) to \(L+P\). For each such row it uses a variable `j` that first grows from 0 up to \(P\) and then shrinks back to 0, controlled by the flag `sw`. In the inner loop it scans columns \(k\) from \(C-j\) to \(C+j\). For every \((i,k)\) that lies inside the grid bounds, it retrieves the cell value via `get_elem` and updates `max` if the value is larger.

Because `j` increases and then decreases, the set of visited cells forms a diamond (Manhattan‑distance ≤ P) centered at \((L,C)\). After all rows are processed, the program outputs the maximum value found within that diamond. Thus the program returns the highest diamond value reachable in at most \(P\) moves."
1391941294,19.64,cpp,GEOMETRIC_SCAN,GEOMETRIC_SCAN,YES,0.98828125,GREEDY_NEIGHBOR_WALK,0.003555298,1,SORTED_MANHATTAN,0.000379562,"The program reads the grid dimensions \(N\) and \(M\), the maximum number of moves \(P\), and the starting position \((L,C)\). It then reads the \(N\times M\) matrix of diamond values, storing it in a 1‑indexed vector `v`. While reading it also records the overall maximum value in the entire grid (`globalmax`).

To find the best diamond reachable in at most \(P\) steps, the code performs a breadth‑first‑like sweep over a diamond‑shaped region centered at \((L,C)\). It iterates `i` from \(L-P\) to \(L+P\). For each row `i` it determines a horizontal span `k` from \(C-j\) to \(C+j\), where `j` starts at 0 and grows by one each row until it reaches `P`, then shrinks back to 0. This pattern causes the loop to visit all cells whose Manhattan distance from \((L,C)\) is at most `P`. For each candidate cell the helper `get_elem` checks bounds and returns the cell value in `curr`. If the value is larger than the current best (`max`), it updates `max`. If at any point `max` equals the global maximum of the whole grid, the program prints that value immediately and exits.

After exhausting the diamond, the program outputs the maximum value found within the reachable region. The algorithm therefore scans a diamond‑shaped area around the starting point, keeping track of the highest diamond value encountered."
1391941482,14.29,cpp,BFS_RADIUS,BFS_RADIUS,YES,0.9921875,GEOMETRIC_SCAN,0.002456665,0.9921875,GEOMETRIC_SCAN,0.001914978,"The program reads the grid dimensions \(N\) and \(M\), the maximum number of moves \(P\), and the starting position \((L,C)\). It then reads an \(N\times M\) matrix of integer diamond values, storing it in a 1‑based vector of vectors. 

The core routine `bfs` performs a breadth‑first traversal starting from the initial cell. A queue holds tuples \((x,y,steps)\) where `steps` is the number of moves taken to reach \((x,y)\). The traversal begins with the starting cell at step 0 and records the value of that cell as the current maximum. For each dequeued state, the code first discards it if the step count exceeds \(P\). It then checks that the coordinates are inside the grid; if not, the state is ignored. The diamond value at the current cell is compared to the running maximum and updated if larger. Finally, the four orthogonal neighbours (north, south, west, east) are enqueued with an incremented step count. No visited set is maintained, so cells may be revisited many times, but the algorithm still explores all positions reachable within at most \(P\) steps.

When the queue is exhausted, the function returns the largest diamond value encountered during the traversal. The `main` function outputs this value. Thus the program outputs the maximum diamond value that can be reached from the starting position using no more than \(P\) moves."
1391942478,50,cpp,GEOMETRIC_SCAN,GEOMETRIC_SCAN,YES,1,BFS_RADIUS,0.000203133,1,SORTED_MANHATTAN,0.000335693,"The program reads the grid dimensions \(N\) and \(M\), the maximum number of moves \(P\), and the starting position \((L,C)\). It stores the diamond values in a 1‑based 2‑D vector `table`. 
It then scans all cells that are reachable within at most \(P\) moves by a Manhattan‑distance constraint. For each row \(i\) that lies between \(L-P\) and \(L+P\) (clamped to the grid bounds), it computes the horizontal interval that can be reached from the start in exactly \(|i-L|\) vertical steps: 
- `start = max(1, C - (P - |i-L|))` 
- `end = min(M, C + (P - |i-L|))` 
All columns \(j\) in this interval are examined, and the maximum diamond value found so far is stored in `mx`. 
After processing rows below the start row, the same calculation is performed for rows above the start row. Finally, the program outputs the maximum value `mx` found among all reachable cells. The algorithm essentially enumerates the diamond‑shaped region of cells whose Manhattan distance from \((L,C)\) does not exceed \(P\) and returns the largest value within that region."
1391951011,50,cpp,GEOMETRIC_SCAN,GEOMETRIC_SCAN,YES,1,SORTED_MANHATTAN,0.000431061,0.99609375,SORTED_MANHATTAN,0.002471924,"The program begins by reading the grid dimensions \(N\) and \(M\), the maximum number of moves \(P\), and the starting position \((L, C)\). It then reads the \(N \times M\) matrix of integer values representing the diamonds on each cell. The starting cell’s value is stored as the initial candidate for the maximum.

Next, the program iterates over every cell in the grid. For each cell \((i, j)\) it calculates the Manhattan distance to the starting position: 
\[
\text{dist} = |i-(L-1)| + |j-(C-1)|.
\]
If this distance is less than or equal to \(P\), the cell is reachable within the allowed number of moves. The program then compares the diamond value at that cell with the current maximum and updates the maximum if a larger value is found.

After examining all cells, the program outputs the largest diamond value that can be reached in at most \(P\) moves. The algorithm uses a simple double loop over the grid and a constant‑time distance check for each cell."
1391960389,50,java,BFS_RADIUS,BFS_RADIUS,YES,0.9921875,GEOMETRIC_SCAN,0.004577637,1,DFS_RADIUS,0.000404358,"The program reads the grid dimensions \(N\) and \(M\), the maximum number of moves \(P\), and the starting position \((L,C)\). It then reads an \(N \times M\) matrix of integer values, storing it in a 1‑based array `grid`. 

A breadth‑first search is performed from the starting cell. A `State` object holds a cell’s coordinates and the number of steps taken to reach it. A queue holds the frontier of the BFS, and a 2‑dimensional boolean array `visited` marks cells that have already been enqueued. The search proceeds level by level: for each dequeued state, the program updates `maxBeauty` with the value of the current cell, then, if the current step count is less than \(P\), it enqueues all four orthogonally adjacent cells that are inside the grid and not yet visited, marking them visited immediately. 

The BFS stops when the queue is empty, which occurs after all cells reachable in at most \(P\) steps have been processed. Finally, the program prints the maximum diamond value found among those reachable cells. The algorithm therefore explores the reachable region up to depth \(P\) using a standard BFS, keeping track of the highest value encountered."
1391962165,5.36,c,BFS_RADIUS,BFS_RADIUS,YES,0.98828125,GEOMETRIC_SCAN,0.007568359,1,GEOMETRIC_SCAN,0.000488281,"The program reads the grid dimensions \(N\) and \(M\), the maximum number of moves \(P\), and the starting position \((L,C)\) (converted to 0‑based indices). It then reads the \(N \times M\) matrix of diamond values. 

A breadth‑first search is performed from the starting cell. A simple array‑based queue stores nodes containing the cell coordinates and the distance from the start. A `visited` matrix guarantees that each cell is enqueued at most once. The search proceeds while the queue is not empty: a node is dequeued, and if its distance is already \(P\) the node is skipped. Otherwise, the four orthogonal neighbours (north, south, east, west) are examined; any neighbour that lies inside the grid and has not yet been visited is marked visited, its value compared to the current maximum, and then enqueued with an incremented distance. 

During the traversal the variable `max_beauty` keeps the highest diamond value seen among all cells reachable within at most \(P\) steps, including the starting cell. After the BFS finishes, the program outputs this maximum value. The algorithm runs in \(O(NM)\) time and uses \(O(NM)\) memory for the grid, visited array, and queue."
1391962226,5.36,c,BFS_RADIUS,BFS_RADIUS,YES,0.9921875,GEOMETRIC_SCAN,0.004577637,1,DFS_RADIUS,0.000553131,"The program reads the grid dimensions \(N\) and \(M\), the maximum number of moves \(P\), and the starting position \((L,C)\) (converted to 0‑based indices). It then reads the \(N \times M\) matrix of diamond values into a static array `grid`. 

A breadth‑first search is performed from the starting cell. A simple array‑based queue stores nodes containing coordinates and the distance from the start. A `visited` array marks cells that have already been enqueued to avoid revisiting. The search explores the four orthogonal neighbours (north, south, east, west) of each dequeued node, but only if the neighbour lies inside the grid and has not been visited yet. When a neighbour is discovered, its value is compared to the current maximum and the maximum is updated if larger. The neighbour is then enqueued with a distance one greater than the current node. The loop stops expanding a node once its distance reaches \(P\), ensuring that only cells reachable in at most \(P\) steps are considered.

After the BFS terminates, the program prints the largest diamond value found among all reachable cells, including the starting cell. The algorithm uses a fixed‑size queue of size \(N \times M\) and simple arrays, achieving linear time in the number of grid cells."
1391964261,50,cpp,GEOMETRIC_SCAN,GEOMETRIC_SCAN,YES,0.97265625,UNKNOWN,0.020263672,0.99609375,SORTED_MANHATTAN,0.002182007,"The program begins by reading the grid dimensions \(N\) and \(M\), the maximum number of moves \(P\), and the starting position \((L,C)\). It then reads the \(N \times M\) matrix of diamond values into a 1‑based vector `mat`. 

After the input, the code initializes two variables: `maxi` is set to \(-1\) and `d` is set to the value of the diamond at the starting cell `mat[L][C]`. It then iterates over every cell \((i,j)\) of the grid. For each cell it computes the Manhattan distance from the start, `moves = abs(i-L)+abs(j-C)`. If this distance is no greater than the allowed number of moves `P` **and** the current diamond value `mat[i][j]` is strictly larger than the current best value `d`, the code attempts to update the best value. However, instead of updating `maxi`, it mistakenly assigns `moves = maxi` (which is always \(-1\)) and then sets `d = mat[i][j]`. Thus `maxi` never changes from \(-1\), and the only effect of the inner condition is to replace `d` with any larger reachable diamond value encountered during the scan.

Finally, the program outputs the value stored in `d`, which will be the maximum diamond value found among all cells that are within `P` Manhattan steps of the starting position, but only if the buggy assignment does not interfere. If no cell satisfies the condition, `d` remains the value of the starting cell. The program then terminates."
1391964711,50,cpp,GEOMETRIC_SCAN,GEOMETRIC_SCAN,YES,1,BFS_RADIUS,0.000131607,0.98046875,SORTED_MANHATTAN,0.015869141,"The program reads the grid dimensions \(N\) and \(M\), the maximum number of moves \(P\), and the starting position \((L,C)\). It then reads the value of each cell in the grid one by one. While reading, it checks whether the Manhattan distance from the current cell \((i,j)\) to the starting cell \((L,C)\) is at most \(P\). If this condition holds, the cell’s value is compared with a running maximum; if it is larger, the maximum is updated. After all cells have been processed, the program outputs this maximum value.

The only data structures used are simple integer variables: the loop indices, the current cell value, and a `long long` variable holding the maximum found so far. The algorithm is a single pass over the grid, performing a constant‑time check and comparison for each cell, resulting in an overall time complexity of \(O(NM)\) and constant additional space."
1391967203,1.79,cpp,GREEDY_NEIGHBOR_WALK,GREEDY_NEIGHBOR_WALK,YES,0.9921875,GEOMETRIC_SCAN,0.005889893,0.91015625,UNKNOWN,0.074707031,"The program reads the dimensions of a rectangular grid (N rows, M columns), the maximum number of moves P, and the starting coordinates (L, C). It then stores the integer value of each cell in a 2‑D array `mat`. 

Starting from the given cell, the program performs at most P iterations. In each iteration it looks at the four orthogonal neighbours (north, south, east, west) that lie inside the grid and records the largest value among them in the variable `maxim`. After determining this maximum, the program checks each neighbour again and, if a neighbour’s value equals `maxim`, it updates the current position to that neighbour. Because the four `if` statements are independent (not `else if`), several of them can be true simultaneously, so the position may be updated more than once in a single iteration, potentially moving to a cell that is not a direct neighbour of the original position. The loop then decrements the remaining move count `p`. 

When the loop finishes (either after P moves or when no moves are left), the program outputs the value stored in the cell where the piece currently resides. This value is printed as the result."
1391970489,50,cpp,BFS_RADIUS,BFS_RADIUS,YES,0.96484375,GEOMETRIC_SCAN,0.020019531,1,GEOMETRIC_SCAN,0.000968933,"The program reads the grid dimensions \(N\) and \(M\), the maximum number of moves \(P\), and the starting position \((L,C)\) (converted to 0‑based indices). It then reads the \(N \times M\) matrix of diamond values. 

A breadth‑first search is performed from the starting cell. A queue stores tuples \((x,y,steps)\) where `steps` is the number of moves taken to reach \((x,y)\). A 2‑D boolean array `visited` marks cells that have already been enqueued, ensuring each cell is processed at most once. The search explores the four orthogonal neighbours (north, south, east, west) of each dequeued cell, provided the neighbour lies inside the grid and has not yet been visited. For every newly discovered cell the program updates `max_beauty` with the larger of its current value and the diamond value at that cell, then enqueues the neighbour with `steps+1`. If a cell is reached in exactly `P` steps, its neighbours are not expanded further.

After the queue is exhausted, `max_beauty` holds the maximum diamond value among all cells that can be reached in at most `P` moves from the starting position. This value is printed as the result."
1391970625,50,cpp,GEOMETRIC_SCAN,GEOMETRIC_SCAN,YES,1,BFS_RADIUS,0.000179291,1,SORTED_MANHATTAN,0.000431061,"The program reads the grid dimensions \(N\) and \(M\), the maximum number of moves \(P\), and the starting position \((L,C)\) (converted to 0‑based indices). It then reads the \(N \times M\) matrix of diamond values. 

It initializes the answer with the value of the starting cell. 
To find the best reachable diamond, the code iterates over all cells whose row index \(i\) lies between \(\max(0, L-P)\) and \(\min(N-1, L+P)\) and whose column index \(j\) lies between \(\max(0, C-P)\) and \(\min(M-1, C+P)\). For each such cell it checks whether the Manhattan distance \(|i-L|+|j-C|\) is at most \(P\); if so, the cell is reachable within the allowed moves. The maximum value among all reachable cells is kept in `max_beauty`. 

Finally, the program outputs this maximum value. The algorithm is a straightforward brute‑force scan of the diamond‑shaped region centered at the start, bounded by the grid edges."
1391971153,14.29,cpp,BFS_RADIUS,BFS_RADIUS,YES,0.9609375,GEOMETRIC_SCAN,0.01373291,0.99609375,DFS_RADIUS,0.001319885,"The program reads the grid dimensions \(N\) and \(M\), the maximum number of moves \(P\), and the starting position \((L,C)\). It then reads an \(N\times M\) matrix of long‑long values, storing it in a 1‑based array `v`. 

A breadth‑first search is performed using a queue of tuples \((i,j,p)\) where \((i,j)\) is a cell coordinate and \(p\) is the number of moves taken to reach that cell. The search starts from the initial cell with \(p=0\). For each dequeued state, if the move count \(p\) equals \(P\) the state is discarded; otherwise the algorithm considers the four orthogonal neighbours (north, south, east, west). For every neighbour that lies inside the grid, the value of that neighbour is compared with the current maximum `maxv` and `maxv` is updated if the neighbour’s value is larger. The neighbour state \((nx,ny,p+1)\) is then enqueued. 

No visited set is maintained, so the same cell can be enqueued many times through different paths, leading to repeated work. After the queue is exhausted, the program outputs the largest diamond value encountered during the search. This value is the maximum value reachable from the starting cell in at most \(P\) moves."
1391971205,14.29,cpp,BFS_RADIUS,BFS_RADIUS,YES,0.98046875,GEOMETRIC_SCAN,0.00958252,0.99609375,GEOMETRIC_SCAN,0.001098633,"The program reads the grid dimensions \(N\) and \(M\), the maximum number of moves \(P\), and the starting position \((L,C)\). It then reads an \(N\times M\) matrix of long‑long values, storing it in a 1‑based array `v`. 

A breadth‑first search is performed from the starting cell. A queue holds tuples \((i,j,p)\) where \((i,j)\) is a cell and \(p\) is the number of moves used to reach it. A 2‑D boolean array `vis` marks cells that have already been enqueued, preventing the same cell from being processed more than once. The search starts with the initial cell at depth 0, and the variable `maxv` is initialized to the value of that cell. 

While the queue is not empty, the front element is popped. If its depth \(p\) equals \(P\), the loop continues without expanding further, ensuring that no path longer than \(P\) moves is considered. Otherwise, the four orthogonal neighbours (north, south, east, west) are examined. For each neighbour that lies inside the grid and has not yet been visited, its value is compared to `maxv` and `maxv` is updated if larger. The neighbour is then marked visited and enqueued with depth \(p+1\). 

After the BFS terminates, `maxv` holds the largest diamond value that can be reached in at most \(P\) moves from the starting position. This value is printed as the result."
1391971221,50,cpp,BFS_RADIUS,BFS_RADIUS,YES,0.984375,GEOMETRIC_SCAN,0.007537842,0.99609375,DFS_RADIUS,0.000804901,"The program reads the grid dimensions \(N\) and \(M\), the maximum number of moves \(P\), and the starting position \((L,C)\). It then reads an \(N\times M\) matrix of long‑long values, storing it in a 1‑indexed vector `v`. 

A breadth‑first search is performed from the starting cell. A queue holds tuples \((i,j,p)\) where \((i,j)\) is a cell and \(p\) is the number of moves used to reach it. A 2‑D boolean array `vis` marks cells that have already been enqueued. The search explores the four orthogonal neighbours of each cell, provided the neighbour lies inside the grid and has not yet been visited. When a neighbour is discovered, it is marked visited, its value is compared to the current maximum `maxv`, and the neighbour is enqueued with an incremented move count. The loop stops expanding a node once its move count equals \(P\), ensuring that only cells reachable in at most \(P\) steps are considered. 

After the BFS terminates, the program outputs the largest diamond value encountered during the search, which is the maximum value reachable within the allowed number of moves."
1391971885,14.29,java,BFS_RADIUS,BFS_RADIUS,YES,0.96484375,GEOMETRIC_SCAN,0.015625,0.99609375,GEOMETRIC_SCAN,0.001495361,"The program reads the grid dimensions `N` and `M`, the maximum number of moves `P`, the starting row `L` and column `C`, and then the `N × M` matrix of diamond values. 
It stores the matrix in a 2‑dimensional array `a`. 
The core routine `solve` performs a breadth‑first search starting from the zero‑based coordinates `(L‑1, C‑1)` with `P` moves left. A `State` object holds a position `(x, y)` and the remaining moves `p`. A queue drives the BFS; for each dequeued state the diamond value at its cell is compared with a running maximum `maxVal`. 
From a state the algorithm attempts to move north, south, east, or west (four directions) as long as the target cell lies inside the grid and the state still has moves left (`p > 0`). For each valid neighbor a new `State` with `p‑1` is created. A `HashSet` of visited states, defined only by coordinates, prevents revisiting the same cell, regardless of how many moves remain. 
When the queue empties, `maxVal` holds the highest diamond value reachable within at most `P` steps, and this value is printed. The program therefore explores all reachable cells up to the move limit, tracking the maximum value encountered."
1391986473,50,cpp,GEOMETRIC_SCAN,GEOMETRIC_SCAN,YES,1,SORTED_MANHATTAN,0.000295639,1,SORTED_MANHATTAN,0.000553131,"The program reads the grid dimensions \(N\) and \(M\), the maximum number of moves \(P\), and the starting position \((L,C)\). It then stores the diamond values in a 1‑based 2‑D vector `v`. The variable `maxv` is initialized with the value at the starting cell.

To find the best reachable diamond, the code iterates over a square window centered at the start: `i` runs from `max(0, L-P)` to `min(N, L+P)` and `j` runs from `max(0, C-P)` to `min(M, C+P)`. For each cell in this window it checks whether the Manhattan distance `abs(i-L)+abs(j-C)` is at most `P`. If the cell’s value is larger than the current `maxv` and the distance condition holds, `maxv` is updated. After scanning the window, the program outputs `maxv`.

Thus the implementation simply scans all cells whose coordinates lie within a Chebyshev‑distance‑\(P\) square around the start, filters them by the Manhattan distance constraint, and keeps the maximum diamond value found."
1391995049,50,java,GEOMETRIC_SCAN,GEOMETRIC_SCAN,YES,1,BFS_RADIUS,0.000335693,1,SORTED_MANHATTAN,0.000379562,"The program reads the grid dimensions `n` and `m`, the maximum number of moves `p`, and the starting position `(istart, jstart)` (1‑based indices). It then iterates over every cell of the grid, reading each diamond value `nr`. For each cell `(i, j)` it evaluates whether the cell lies within a Manhattan distance of at most `p` from the starting position. This is done with the inequality

```
i in [istart‑p, istart+p] and
j in [jstart‑p+|i‑istart|, jstart+p‑|i‑istart|]
```

If the cell satisfies this condition, its value is compared to a running maximum `max`, which is updated if the current value is larger. After all cells have been processed, the program prints the maximum diamond value that can be reached in at most `p` moves. The algorithm is a simple O(n·m) scan that uses only a few integer variables and no additional data structures."
1392000917,50,cpp,GEOMETRIC_SCAN,GEOMETRIC_SCAN,YES,1,BFS_RADIUS,0.00014019,0.99609375,SORTED_MANHATTAN,0.002182007,"The program reads the grid dimensions \(N\) and \(M\), the maximum number of moves \(P\), and the starting position \((L,C)\). It then reads an \(N \times M\) matrix of integer diamond values, storing it in a 1‑indexed 2‑D vector called `map`. 

The variable `maxf` is initialized to the value of the diamond at the starting cell. The program then iterates over every cell \((i,j)\) of the grid. For each cell it computes the Manhattan distance to the start, \(|i-L|+|j-C|\). If this distance is at most \(P\), the cell is reachable within the allowed number of moves, and the program compares its value to `maxf`, updating `maxf` if a larger value is found. 

After scanning all cells, the program outputs the maximum diamond value that can be reached in at most \(P\) moves. The algorithm is a simple exhaustive search over the grid, using a single nested loop and a distance check."
1392016149,50,java,GEOMETRIC_SCAN,GEOMETRIC_SCAN,YES,1,SORTED_MANHATTAN,0.000431061,0.99609375,SORTED_MANHATTAN,0.002182007,"The program reads the grid dimensions \(N\) and \(M\), the maximum number of moves \(P\) (named `k` in the code), and the starting position \((L,C)\). It then reads the \(N \times M\) matrix of diamond values into a 1‑based array `arr`. 

The current best value is initialized to the value at the starting cell. The code then iterates over every cell in the grid. For each cell \((i,j)\) it computes the Manhattan distance \(|i-L|+|j-C|\). If this distance is at most \(P\), the cell is reachable within the allowed number of moves, and the program updates the best value if the cell’s diamond value is larger. 

After scanning all cells, the program outputs the maximum diamond value that can be reached in at most \(P\) moves. The algorithm is a simple brute‑force check of all cells within a diamond‑shaped region centered at the start."
1392033232,50,cpp,BFS_RADIUS,BFS_RADIUS,YES,0.9921875,GEOMETRIC_SCAN,0.00668335,1,DFS_RADIUS,0.000356674,"The program reads the grid dimensions \(N\) and \(M\), the maximum number of moves \(P\), and the starting position \((L,C)\). It then reads an \(N \times M\) matrix of integer diamond values. The grid is stored in a 1‑based vector `mat`.

To explore all cells reachable within at most \(P\) steps, the code performs a breadth‑first search (BFS). A queue holds pairs consisting of a position \((row, col)\) and the distance from the start. A 2‑dimensional `visited` array marks cells that have already been enqueued, preventing revisits. The BFS starts by pushing the initial cell with distance 0 and marking it visited. The variable `maxim` is initialized to the value of the starting cell.

During the BFS loop, the front element is popped, and for each of the four cardinal directions (north, south, east, west) the code computes a neighboring cell. If the neighbor lies inside the grid, has not been visited yet, and the new distance does not exceed \(P\), the neighbor is marked visited, its diamond value is compared with `maxim` (updating `maxim` if larger), and the neighbor together with its distance is pushed onto the queue. This continues until the queue is empty, meaning all reachable cells within \(P\) steps have been processed.

Finally, the program outputs the maximum diamond value found (`maxim`). The algorithm runs in \(O(NM)\) time in the worst case, as each cell is visited at most once, and uses \(O(NM)\) additional memory for the visited array and the queue."
1392034696,14.29,cpp,UNKNOWN,DFS_RADIUS,NO,0.233398438,GEOMETRIC_SCAN,0.206054688,0.90234375,GREEDY_NEIGHBOR_WALK,0.039550781,"The program reads the grid dimensions \(N\) and \(M\), the maximum number of moves \(P\), and the starting position \((L,C)\). It stores the diamond values in a 1‑indexed 2‑D vector `matrix`. If no moves are allowed (\(P=0\)), it simply prints the value at the starting cell.

For \(P>0\) the program creates a vector `dp` of length \(P\) initialized to zero, with `dp[0]` set to the value of the starting cell. It then calls a recursive function `back` that explores all possible walks up to \(P\) steps. The function receives the current step count, the current coordinates, and the matrix. At each call, if the step count equals \(P\) it stops. Otherwise it iterates over the four cardinal directions. For each valid neighbour inside the grid, it updates `dp[step]` to be the maximum of its current value and the diamond value at that neighbour, and then recurses with `step+1` and the neighbour’s coordinates. Thus `dp[s]` ends up holding the highest diamond value that can be reached exactly after \(s\) moves from the start.

After the recursion finishes, the program outputs the maximum value found in the `dp` array, which corresponds to the largest diamond value reachable in at most \(P\) moves. The algorithm performs an exhaustive depth‑first search of all paths up to length \(P\), recording the best value seen at each depth."
1392034728,14.29,cpp,DFS_RADIUS,DFS_RADIUS,YES,0.35546875,UNKNOWN,0.215820313,0.89453125,UNKNOWN,0.050537109,"The program reads the grid dimensions \(N\) and \(M\), the maximum number of moves \(P\), and the starting position \((L,C)\). The grid values are stored in a 1‑based 2‑D vector `matrix`. If no moves are allowed (\(P=0\)) it simply prints the value at the starting cell.

For the general case it creates a vector `dp` of length \(P\) initialized with a very small number (`MIN`). `dp[0]` is set to the value of the starting cell. A recursive depth‑first search function `back` is then called with the current step count, the current coordinates, and the remaining parameters. At each call, if the step count equals \(P\) the recursion stops. Otherwise the function iterates over the four cardinal directions. For every neighbor that lies inside the grid it updates `dp[step]` to be the maximum of its current value and the value of that neighbor, and then recurses with `step+1` and the new coordinates.

Thus `dp[s]` is intended to hold the maximum diamond value that can be reached in exactly \(s\) moves from the start, although the implementation only updates it locally and does not propagate values from earlier steps. After the recursion finishes, the program outputs the maximum element of `dp`, which is the largest value found among all cells that were visited at any depth up to \(P\). The algorithm explores all possible paths up to length \(P\) using recursion, leading to an exponential time complexity."
1408522644,14.29,cpp,BFS_RADIUS,BFS_RADIUS,YES,0.96875,GEOMETRIC_SCAN,0.017700195,0.99609375,DFS_RADIUS,0.001029968,"The program reads the grid dimensions \(N\) and \(M\), the maximum number of moves \(P\), and the starting position \((L,C)\). It then reads an \(N\times M\) matrix of integer diamond values, storing it in a 1‑based array `a`. 

The core of the algorithm is a breadth‑first‑search style traversal that keeps a queue of tuples \((\text{steps}, r, c)\). Initially the queue contains the starting cell with 0 steps. While the queue is not empty, the program dequeues a state, checks that the cell lies inside the grid and that the number of steps does not exceed \(P\). If the state is valid, it updates the current maximum diamond value `maxi` with the value at that cell. Then it enqueues the four neighboring cells, each with the step count incremented by one. No visited set is used, so the same cell may be enqueued many times from different paths. 

After the queue is exhausted, the program outputs the maximum diamond value found among all cells that can be reached in at most \(P\) moves. The algorithm explores all possible paths up to length \(P\) in a brute‑force manner, relying on the queue to propagate step counts and positions."
1408522783,50,cpp,BFS_RADIUS,BFS_RADIUS,YES,0.95703125,GEOMETRIC_SCAN,0.028808594,1,DFS_RADIUS,0.000709534,"The program reads the grid dimensions \(N\) and \(M\), the maximum number of moves \(P\), and the starting position \((L,C)\). It then reads an \(N\times M\) matrix of integer values, storing it in a 1‑based array `a`. 

A breadth‑first search is performed from the starting cell. A queue holds tuples of the form \((\text{steps}, (row, col))\). The search begins with the start cell at step 0. For each dequeued state the program updates `maxi` with the value of the current cell. If the number of steps equals \(P\), the state is not expanded further. Otherwise, the four orthogonal neighbours are examined; any neighbour that lies inside the grid and has not yet been visited is marked visited and enqueued with an incremented step count. 

The visited array ensures that each cell is enqueued at most once, so the search explores all cells reachable within at most \(P\) moves, but never revisits a cell via a longer path. After the queue is exhausted, `maxi` holds the largest diamond value encountered during the traversal, which is printed as the result. The algorithm runs in \(O(NM)\) time and uses \(O(NM)\) additional memory for the grid, visited flags, and the queue."
1408560151,50,cpp,GEOMETRIC_SCAN,GEOMETRIC_SCAN,YES,1,BFS_RADIUS,0.000115871,1,SORTED_MANHATTAN,0.001167297,"The program reads the grid dimensions \(N\) and \(M\), the maximum number of moves \(P\), and the starting position \((L,C)\). It then reads an \(N \times M\) matrix of integer diamond values, storing it in a 1‑indexed vector of vectors.

To find the best diamond reachable in at most \(P\) steps, the code first limits the search to a rectangular window around the start: rows from \(\max(1, L-P)\) to \(\min(N, L+P)\) and columns from \(\max(1, C-P)\) to \(\min(M, C+P)\). Within this window it iterates over every cell \((i,j)\) and checks whether the Manhattan distance \(|L-i|+|C-j|\) is no greater than \(P\). If the cell is reachable, its value is compared to a running maximum, which is initially set to a very small number (\(-2\times10^{18}\)). After scanning all candidates, the maximum value found is printed.

Thus the program performs a brute‑force search over all cells whose Manhattan distance from the start does not exceed the allowed number of moves, keeping track of the highest diamond value among them."
1408569415,5.36,cpp,BFS_RADIUS,BFS_RADIUS,YES,0.9921875,GEOMETRIC_SCAN,0.004577637,1,GEOMETRIC_SCAN,0.000667572,"The program begins by reading the grid dimensions `n` and `m`, the maximum number of moves `p`, and the starting position `(l, c)` (converted to 0‑based indices). It then reads the grid values, but the input parsing is very fragile: it reads tokens as strings and extracts only single decimal digits, ignoring any multi‑digit numbers or negative signs. The extracted digits are stored in a flat vector and then copied into a 2‑D array `a`.

After the grid is built, the code performs a breadth‑first search starting from the initial cell. A distance matrix `dist` is initialized to –1, and the start cell is enqueued if it lies inside the grid and its value is not equal to 9. The value 9 is treated as an impassable obstacle. During the BFS, each neighbor (north, east, south, west) is considered only if it is inside the grid, not yet visited, and not a 9. When a cell is reached, its distance is set to one more than the current cell’s distance. If this distance is still less than or equal to `p`, the cell is processed further. While exploring, the program keeps track of the maximum cell value encountered (`ans`), updating it whenever a larger value is found.

Finally, the program outputs the maximum value found among all cells reachable within at most `p` moves, or 0 if the start cell itself is invalid or no reachable cells exist. The algorithm is essentially a limited‑depth BFS that ignores cells with value 9 and only considers single‑digit values due to the parsing logic."
1408571299,50,cpp,GEOMETRIC_SCAN,GEOMETRIC_SCAN,YES,1,BFS_RADIUS,0.000108719,0.99609375,SORTED_MANHATTAN,0.002471924,"The program reads the grid dimensions \(N\) and \(M\), the maximum number of moves \(P\), and the starting position \((L,C)\). It converts the starting coordinates to 0‑based indices. While reading each cell value, it calculates the Manhattan distance from that cell to the starting position. If this distance is at most \(P\), the cell is reachable within the allowed moves, and the program keeps track of the largest value among all such reachable cells. The maximum is initialized to a very small number (\(-2\times10^9\)) to handle negative diamond values. After processing the entire grid, the program outputs the recorded maximum value. The algorithm is a single pass over the grid with constant‑time checks per cell, using only a few integer variables and no additional data structures."
