problem,submission_id,user_id,score,language,predicted_algorithm,best_reference_id,jplag_similarity,feature_similarity,score_compatibility,combined_score,second_combined_score,combined_margin,confidence,tests_run,tests_passed,tests_failed,pass_rate_percentage,wrong_answers,timeouts,runtime_errors,compilation_error,passed_tests,failed_tests,timeout_tests,runtime_error_tests,total_execution_time_seconds,average_execution_time_seconds,maximum_execution_time_seconds
gigel-si-telefonul,1314235808,user_0008,2.5,java,dynamic_programming,1314236793,0.544643,0.995905,0.05,0.630557,0.0,0.630557,medium,22,2,20,9.09,20,0,0,False,"[""input00.txt"", ""input02.txt""]","[""input01.txt"", ""input03.txt"", ""input04.txt"", ""input05.txt"", ""input06.txt"", ""input07.txt"", ""input08.txt"", ""input09.txt"", ""input10.txt"", ""input11.txt"", ""input12.txt"", ""input13.txt"", ""input14.txt"", ""input15.txt"", ""input16.txt"", ""input17.txt"", ""input18.txt"", ""input19.txt"", ""input20.txt"", ""input21.txt""]",[],[],2.76634,0.125743,0.178032
gigel-si-telefonul,1314235912,user_0002,2.5,cpp,unknown,1344719237,0.0,0.919815,1.0,0.375944,0.353563,0.022382,low,22,2,20,9.09,20,0,0,False,"[""input01.txt"", ""input02.txt""]","[""input00.txt"", ""input03.txt"", ""input04.txt"", ""input05.txt"", ""input06.txt"", ""input07.txt"", ""input08.txt"", ""input09.txt"", ""input10.txt"", ""input11.txt"", ""input12.txt"", ""input13.txt"", ""input14.txt"", ""input15.txt"", ""input16.txt"", ""input17.txt"", ""input18.txt"", ""input19.txt"", ""input20.txt"", ""input21.txt""]",[],[],2.040654,0.092757,0.349559
gigel-si-telefonul,1314236017,user_0040,2.5,java,dynamic_programming,1314236793,0.56,0.835283,0.05,0.591585,0.0,0.591585,medium,22,3,19,13.64,18,0,1,False,"[""input00.txt"", ""input01.txt"", ""input02.txt""]","[""input03.txt"", ""input04.txt"", ""input05.txt"", ""input06.txt"", ""input07.txt"", ""input08.txt"", ""input09.txt"", ""input10.txt"", ""input11.txt"", ""input12.txt"", ""input13.txt"", ""input14.txt"", ""input15.txt"", ""input16.txt"", ""input17.txt"", ""input18.txt"", ""input19.txt"", ""input20.txt"", ""input21.txt""]",[],"[""input20.txt""]",3.622026,0.164638,0.29433
gigel-si-telefonul,1314236025,user_0078,2.5,cpp,unknown,1344719237,0.0,0.939623,1.0,0.381887,0.351732,0.030155,low,22,2,20,9.09,20,0,0,False,"[""input00.txt"", ""input02.txt""]","[""input01.txt"", ""input03.txt"", ""input04.txt"", ""input05.txt"", ""input06.txt"", ""input07.txt"", ""input08.txt"", ""input09.txt"", ""input10.txt"", ""input11.txt"", ""input12.txt"", ""input13.txt"", ""input14.txt"", ""input15.txt"", ""input16.txt"", ""input17.txt"", ""input18.txt"", ""input19.txt"", ""input20.txt"", ""input21.txt""]",[],[],1.969811,0.089537,0.39475
gigel-si-telefonul,1314236062,user_0078,2.5,cpp,unknown,1344719237,0.0,0.939841,1.0,0.381952,0.352082,0.02987,low,22,3,19,13.64,19,0,0,False,"[""input00.txt"", ""input01.txt"", ""input02.txt""]","[""input03.txt"", ""input04.txt"", ""input05.txt"", ""input06.txt"", ""input07.txt"", ""input08.txt"", ""input09.txt"", ""input10.txt"", ""input11.txt"", ""input12.txt"", ""input13.txt"", ""input14.txt"", ""input15.txt"", ""input16.txt"", ""input17.txt"", ""input18.txt"", ""input19.txt"", ""input20.txt"", ""input21.txt""]",[],[],2.242571,0.101935,0.40144
gigel-si-telefonul,1314236081,user_0078,2.5,cpp,unknown,1344719237,0.0,0.940005,1.0,0.382002,0.352475,0.029527,low,22,3,19,13.64,19,0,0,False,"[""input00.txt"", ""input01.txt"", ""input02.txt""]","[""input03.txt"", ""input04.txt"", ""input05.txt"", ""input06.txt"", ""input07.txt"", ""input08.txt"", ""input09.txt"", ""input10.txt"", ""input11.txt"", ""input12.txt"", ""input13.txt"", ""input14.txt"", ""input15.txt"", ""input16.txt"", ""input17.txt"", ""input18.txt"", ""input19.txt"", ""input20.txt"", ""input21.txt""]",[],[],2.839119,0.129051,0.403481
gigel-si-telefonul,1314236358,user_0042,2.5,java,dynamic_programming,1314236793,0.462222,0.87711,0.05,0.545466,0.0,0.545466,medium,22,2,20,9.09,20,0,0,False,"[""input00.txt"", ""input02.txt""]","[""input01.txt"", ""input03.txt"", ""input04.txt"", ""input05.txt"", ""input06.txt"", ""input07.txt"", ""input08.txt"", ""input09.txt"", ""input10.txt"", ""input11.txt"", ""input12.txt"", ""input13.txt"", ""input14.txt"", ""input15.txt"", ""input16.txt"", ""input17.txt"", ""input18.txt"", ""input19.txt"", ""input20.txt"", ""input21.txt""]",[],[],3.063266,0.139239,0.20593
gigel-si-telefonul,1314236485,user_0042,2.5,java,dynamic_programming,1314236793,0.45614,0.858381,0.05,0.536199,0.0,0.536199,medium,22,3,19,13.64,19,0,0,False,"[""input00.txt"", ""input01.txt"", ""input02.txt""]","[""input03.txt"", ""input04.txt"", ""input05.txt"", ""input06.txt"", ""input07.txt"", ""input08.txt"", ""input09.txt"", ""input10.txt"", ""input11.txt"", ""input12.txt"", ""input13.txt"", ""input14.txt"", ""input15.txt"", ""input16.txt"", ""input17.txt"", ""input18.txt"", ""input19.txt"", ""input20.txt"", ""input21.txt""]",[],[],2.894991,0.13159,0.178032
gigel-si-telefonul,1314236539,user_0042,2.5,java,dynamic_programming,1314236793,0.452174,0.865687,0.05,0.53601,0.0,0.53601,medium,22,2,20,9.09,20,0,0,False,"[""input00.txt"", ""input02.txt""]","[""input01.txt"", ""input03.txt"", ""input04.txt"", ""input05.txt"", ""input06.txt"", ""input07.txt"", ""input08.txt"", ""input09.txt"", ""input10.txt"", ""input11.txt"", ""input12.txt"", ""input13.txt"", ""input14.txt"", ""input15.txt"", ""input16.txt"", ""input17.txt"", ""input18.txt"", ""input19.txt"", ""input20.txt"", ""input21.txt""]",[],[],2.88891,0.131314,0.192345
gigel-si-telefonul,1314236594,user_0092,2.5,cpp,unknown,1344719237,0.0,0.818915,1.0,0.345675,0.325293,0.020382,low,22,3,19,13.64,19,0,0,False,"[""input00.txt"", ""input01.txt"", ""input02.txt""]","[""input03.txt"", ""input04.txt"", ""input05.txt"", ""input06.txt"", ""input07.txt"", ""input08.txt"", ""input09.txt"", ""input10.txt"", ""input11.txt"", ""input12.txt"", ""input13.txt"", ""input14.txt"", ""input15.txt"", ""input16.txt"", ""input17.txt"", ""input18.txt"", ""input19.txt"", ""input20.txt"", ""input21.txt""]",[],[],2.483116,0.112869,0.364334
gigel-si-telefonul,1314236735,user_0092,2.5,cpp,unknown,1344719237,0.0,0.804719,1.0,0.341416,0.320078,0.021337,low,22,3,19,13.64,19,0,0,False,"[""input00.txt"", ""input01.txt"", ""input02.txt""]","[""input03.txt"", ""input04.txt"", ""input05.txt"", ""input06.txt"", ""input07.txt"", ""input08.txt"", ""input09.txt"", ""input10.txt"", ""input11.txt"", ""input12.txt"", ""input13.txt"", ""input14.txt"", ""input15.txt"", ""input16.txt"", ""input17.txt"", ""input18.txt"", ""input19.txt"", ""input20.txt"", ""input21.txt""]",[],[],3.086724,0.140306,0.625261
gigel-si-telefonul,1314236944,user_0024,2.5,cpp,unknown,1344719237,0.0,0.874815,1.0,0.362444,0.34736,0.015085,low,22,3,19,13.64,5,14,0,False,"[""input00.txt"", ""input01.txt"", ""input02.txt""]","[""input03.txt"", ""input04.txt"", ""input05.txt"", ""input06.txt"", ""input07.txt"", ""input08.txt"", ""input09.txt"", ""input10.txt"", ""input11.txt"", ""input12.txt"", ""input13.txt"", ""input14.txt"", ""input15.txt"", ""input16.txt"", ""input17.txt"", ""input18.txt"", ""input19.txt"", ""input20.txt"", ""input21.txt""]","[""input03.txt"", ""input04.txt"", ""input07.txt"", ""input10.txt"", ""input11.txt"", ""input12.txt"", ""input13.txt"", ""input14.txt"", ""input15.txt"", ""input16.txt"", ""input17.txt"", ""input18.txt"", ""input19.txt"", ""input21.txt""]",[],43.147886,1.961268,3.0
gigel-si-telefonul,1314237044,user_0078,2.5,cpp,unknown,1323427915,0.0,0.878743,1.0,0.363623,0.343007,0.020616,low,22,3,19,13.64,19,0,0,False,"[""input00.txt"", ""input01.txt"", ""input02.txt""]","[""input03.txt"", ""input04.txt"", ""input05.txt"", ""input06.txt"", ""input07.txt"", ""input08.txt"", ""input09.txt"", ""input10.txt"", ""input11.txt"", ""input12.txt"", ""input13.txt"", ""input14.txt"", ""input15.txt"", ""input16.txt"", ""input17.txt"", ""input18.txt"", ""input19.txt"", ""input20.txt"", ""input21.txt""]",[],[],1.77866,0.080848,0.248487
gigel-si-telefonul,1314237068,user_0125,2.5,cpp,unknown,1344719237,0.0,0.93344,1.0,0.380032,0.349849,0.030183,low,22,3,19,13.64,19,0,0,False,"[""input00.txt"", ""input01.txt"", ""input02.txt""]","[""input03.txt"", ""input04.txt"", ""input05.txt"", ""input06.txt"", ""input07.txt"", ""input08.txt"", ""input09.txt"", ""input10.txt"", ""input11.txt"", ""input12.txt"", ""input13.txt"", ""input14.txt"", ""input15.txt"", ""input16.txt"", ""input17.txt"", ""input18.txt"", ""input19.txt"", ""input20.txt"", ""input21.txt""]",[],[],2.61483,0.118856,0.64585
gigel-si-telefonul,1314237125,user_0107,2.5,java,dynamic_programming,1314236793,0.454148,0.879481,0.05,0.541333,0.0,0.541333,medium,22,3,19,13.64,19,0,0,False,"[""input00.txt"", ""input01.txt"", ""input02.txt""]","[""input03.txt"", ""input04.txt"", ""input05.txt"", ""input06.txt"", ""input07.txt"", ""input08.txt"", ""input09.txt"", ""input10.txt"", ""input11.txt"", ""input12.txt"", ""input13.txt"", ""input14.txt"", ""input15.txt"", ""input16.txt"", ""input17.txt"", ""input18.txt"", ""input19.txt"", ""input20.txt"", ""input21.txt""]",[],[],3.930701,0.178668,0.316556
gigel-si-telefonul,1314237172,user_0107,2.5,java,dynamic_programming,1314236793,0.454148,0.878694,0.05,0.541097,0.0,0.541097,medium,22,3,19,13.64,19,0,0,False,"[""input00.txt"", ""input01.txt"", ""input02.txt""]","[""input03.txt"", ""input04.txt"", ""input05.txt"", ""input06.txt"", ""input07.txt"", ""input08.txt"", ""input09.txt"", ""input10.txt"", ""input11.txt"", ""input12.txt"", ""input13.txt"", ""input14.txt"", ""input15.txt"", ""input16.txt"", ""input17.txt"", ""input18.txt"", ""input19.txt"", ""input20.txt"", ""input21.txt""]",[],[],3.900565,0.177298,0.355437
gigel-si-telefonul,1314237333,user_0118,2.5,java,dynamic_programming,1314236793,0.480349,0.836175,0.05,0.544062,0.0,0.544062,medium,22,3,19,13.64,19,0,0,False,"[""input00.txt"", ""input01.txt"", ""input02.txt""]","[""input03.txt"", ""input04.txt"", ""input05.txt"", ""input06.txt"", ""input07.txt"", ""input08.txt"", ""input09.txt"", ""input10.txt"", ""input11.txt"", ""input12.txt"", ""input13.txt"", ""input14.txt"", ""input15.txt"", ""input16.txt"", ""input17.txt"", ""input18.txt"", ""input19.txt"", ""input20.txt"", ""input21.txt""]",[],[],3.023245,0.13742,0.199553
gigel-si-telefonul,1314237381,user_0118,2.5,java,dynamic_programming,1314236793,0.474138,0.821782,0.05,0.536017,0.0,0.536017,medium,22,3,19,13.64,19,0,0,False,"[""input00.txt"", ""input01.txt"", ""input02.txt""]","[""input03.txt"", ""input04.txt"", ""input05.txt"", ""input06.txt"", ""input07.txt"", ""input08.txt"", ""input09.txt"", ""input10.txt"", ""input11.txt"", ""input12.txt"", ""input13.txt"", ""input14.txt"", ""input15.txt"", ""input16.txt"", ""input17.txt"", ""input18.txt"", ""input19.txt"", ""input20.txt"", ""input21.txt""]",[],[],2.851746,0.129625,0.181083
gigel-si-telefonul,1323426975,user_0057,2.5,java,dynamic_programming,1314236793,0.45614,0.899526,0.05,0.548542,0.0,0.548542,medium,22,3,19,13.64,8,11,0,False,"[""input00.txt"", ""input01.txt"", ""input02.txt""]","[""input03.txt"", ""input04.txt"", ""input05.txt"", ""input06.txt"", ""input07.txt"", ""input08.txt"", ""input09.txt"", ""input10.txt"", ""input11.txt"", ""input12.txt"", ""input13.txt"", ""input14.txt"", ""input15.txt"", ""input16.txt"", ""input17.txt"", ""input18.txt"", ""input19.txt"", ""input20.txt"", ""input21.txt""]","[""input03.txt"", ""input07.txt"", ""input10.txt"", ""input12.txt"", ""input13.txt"", ""input15.txt"", ""input16.txt"", ""input17.txt"", ""input18.txt"", ""input19.txt"", ""input21.txt""]",[],34.729948,1.578634,3.0
gigel-si-telefonul,1323427082,user_0057,2.5,java,dynamic_programming,1314236793,0.470588,0.909467,0.05,0.560193,0.0,0.560193,medium,22,3,19,13.64,7,12,0,False,"[""input00.txt"", ""input01.txt"", ""input02.txt""]","[""input03.txt"", ""input04.txt"", ""input05.txt"", ""input06.txt"", ""input07.txt"", ""input08.txt"", ""input09.txt"", ""input10.txt"", ""input11.txt"", ""input12.txt"", ""input13.txt"", ""input14.txt"", ""input15.txt"", ""input16.txt"", ""input17.txt"", ""input18.txt"", ""input19.txt"", ""input20.txt"", ""input21.txt""]","[""input03.txt"", ""input07.txt"", ""input10.txt"", ""input12.txt"", ""input13.txt"", ""input14.txt"", ""input15.txt"", ""input16.txt"", ""input17.txt"", ""input18.txt"", ""input19.txt"", ""input21.txt""]",[],37.540846,1.706402,3.0
gigel-si-telefonul,1323427149,user_0057,2.5,java,dynamic_programming,1314236793,0.468468,0.92203,0.05,0.56269,0.0,0.56269,medium,22,2,20,9.09,10,10,0,False,"[""input00.txt"", ""input02.txt""]","[""input01.txt"", ""input03.txt"", ""input04.txt"", ""input05.txt"", ""input06.txt"", ""input07.txt"", ""input08.txt"", ""input09.txt"", ""input10.txt"", ""input11.txt"", ""input12.txt"", ""input13.txt"", ""input14.txt"", ""input15.txt"", ""input16.txt"", ""input17.txt"", ""input18.txt"", ""input19.txt"", ""input20.txt"", ""input21.txt""]","[""input03.txt"", ""input04.txt"", ""input05.txt"", ""input08.txt"", ""input10.txt"", ""input11.txt"", ""input12.txt"", ""input15.txt"", ""input19.txt"", ""input21.txt""]",[],31.536683,1.433486,3.0
gigel-si-telefonul,1323427915,user_0014,2.5,cpp,dynamic_programming,1323427915,1.0,1.0,1.0,1.0,1.0,0.0,reference,22,3,19,13.64,19,0,0,False,"[""input00.txt"", ""input01.txt"", ""input02.txt""]","[""input03.txt"", ""input04.txt"", ""input05.txt"", ""input06.txt"", ""input07.txt"", ""input08.txt"", ""input09.txt"", ""input10.txt"", ""input11.txt"", ""input12.txt"", ""input13.txt"", ""input14.txt"", ""input15.txt"", ""input16.txt"", ""input17.txt"", ""input18.txt"", ""input19.txt"", ""input20.txt"", ""input21.txt""]",[],[],3.087442,0.140338,0.33215
gigel-si-telefonul,1323430764,user_0029,2.5,java,dynamic_programming,1314236793,0.45614,0.907133,0.05,0.550824,0.0,0.550824,medium,22,3,19,13.64,19,0,0,False,"[""input00.txt"", ""input01.txt"", ""input02.txt""]","[""input03.txt"", ""input04.txt"", ""input05.txt"", ""input06.txt"", ""input07.txt"", ""input08.txt"", ""input09.txt"", ""input10.txt"", ""input11.txt"", ""input12.txt"", ""input13.txt"", ""input14.txt"", ""input15.txt"", ""input16.txt"", ""input17.txt"", ""input18.txt"", ""input19.txt"", ""input20.txt"", ""input21.txt""]",[],[],3.396093,0.154368,0.170729
gigel-si-telefonul,1323453816,user_0028,2.5,java,dynamic_programming,1314236793,0.450216,0.919596,0.05,0.551009,0.0,0.551009,medium,22,1,21,4.55,21,0,0,False,"[""input21.txt""]","[""input00.txt"", ""input01.txt"", ""input02.txt"", ""input03.txt"", ""input04.txt"", ""input05.txt"", ""input06.txt"", ""input07.txt"", ""input08.txt"", ""input09.txt"", ""input10.txt"", ""input11.txt"", ""input12.txt"", ""input13.txt"", ""input14.txt"", ""input15.txt"", ""input16.txt"", ""input17.txt"", ""input18.txt"", ""input19.txt"", ""input20.txt""]",[],[],4.042816,0.183764,0.302914
gigel-si-telefonul,1333813811,user_0046,2.5,cpp,unknown,1344719237,0.0,0.927864,1.0,0.378359,0.34888,0.02948,low,22,3,19,13.64,18,1,0,False,"[""input00.txt"", ""input01.txt"", ""input02.txt""]","[""input03.txt"", ""input04.txt"", ""input05.txt"", ""input06.txt"", ""input07.txt"", ""input08.txt"", ""input09.txt"", ""input10.txt"", ""input11.txt"", ""input12.txt"", ""input13.txt"", ""input14.txt"", ""input15.txt"", ""input16.txt"", ""input17.txt"", ""input18.txt"", ""input19.txt"", ""input20.txt"", ""input21.txt""]","[""input03.txt""]",[],4.846494,0.220295,3.0
gigel-si-telefonul,1342820236,user_0038,2.5,cpp,dynamic_programming,1408462797,0.268041,0.826985,1.0,0.50892,0.357589,0.151331,medium,22,3,19,13.64,19,0,0,False,"[""input00.txt"", ""input01.txt"", ""input02.txt""]","[""input03.txt"", ""input04.txt"", ""input05.txt"", ""input06.txt"", ""input07.txt"", ""input08.txt"", ""input09.txt"", ""input10.txt"", ""input11.txt"", ""input12.txt"", ""input13.txt"", ""input14.txt"", ""input15.txt"", ""input16.txt"", ""input17.txt"", ""input18.txt"", ""input19.txt"", ""input20.txt"", ""input21.txt""]",[],[],1.794937,0.081588,0.399747
gigel-si-telefonul,1344719237,user_0027,2.5,cpp,greedy,1344719237,1.0,1.0,1.0,1.0,1.0,0.0,reference,22,3,19,13.64,0,5,14,False,"[""input00.txt"", ""input01.txt"", ""input02.txt""]","[""input03.txt"", ""input04.txt"", ""input05.txt"", ""input06.txt"", ""input07.txt"", ""input08.txt"", ""input09.txt"", ""input10.txt"", ""input11.txt"", ""input12.txt"", ""input13.txt"", ""input14.txt"", ""input15.txt"", ""input16.txt"", ""input17.txt"", ""input18.txt"", ""input19.txt"", ""input20.txt"", ""input21.txt""]","[""input03.txt"", ""input04.txt"", ""input05.txt"", ""input06.txt"", ""input13.txt""]","[""input07.txt"", ""input08.txt"", ""input09.txt"", ""input10.txt"", ""input11.txt"", ""input12.txt"", ""input14.txt"", ""input15.txt"", ""input16.txt"", ""input17.txt"", ""input18.txt"", ""input19.txt"", ""input20.txt"", ""input21.txt""]",18.655219,0.847965,3.0
gigel-si-telefonul,1361900913,user_0147,2.5,cpp,unknown,1344719237,0.0,0.870388,1.0,0.361117,0.348814,0.012302,low,22,3,19,13.64,19,0,0,False,"[""input00.txt"", ""input01.txt"", ""input02.txt""]","[""input03.txt"", ""input04.txt"", ""input05.txt"", ""input06.txt"", ""input07.txt"", ""input08.txt"", ""input09.txt"", ""input10.txt"", ""input11.txt"", ""input12.txt"", ""input13.txt"", ""input14.txt"", ""input15.txt"", ""input16.txt"", ""input17.txt"", ""input18.txt"", ""input19.txt"", ""input20.txt"", ""input21.txt""]",[],[],1.790048,0.081366,0.371152
gigel-si-telefonul,1378157210,user_0100,2.5,cpp,unknown,1408462797,0.0,0.96095,1.0,0.388285,0.350085,0.0382,low,22,1,21,4.55,21,0,0,False,"[""input02.txt""]","[""input00.txt"", ""input01.txt"", ""input03.txt"", ""input04.txt"", ""input05.txt"", ""input06.txt"", ""input07.txt"", ""input08.txt"", ""input09.txt"", ""input10.txt"", ""input11.txt"", ""input12.txt"", ""input13.txt"", ""input14.txt"", ""input15.txt"", ""input16.txt"", ""input17.txt"", ""input18.txt"", ""input19.txt"", ""input20.txt"", ""input21.txt""]",[],[],1.893665,0.086076,0.384962
gigel-si-telefonul,1391830968,user_0157,2.5,java,dynamic_programming,1314236793,0.479263,0.924253,0.05,0.569834,0.0,0.569834,medium,22,3,19,13.64,18,0,1,False,"[""input00.txt"", ""input01.txt"", ""input02.txt""]","[""input03.txt"", ""input04.txt"", ""input05.txt"", ""input06.txt"", ""input07.txt"", ""input08.txt"", ""input09.txt"", ""input10.txt"", ""input11.txt"", ""input12.txt"", ""input13.txt"", ""input14.txt"", ""input15.txt"", ""input16.txt"", ""input17.txt"", ""input18.txt"", ""input19.txt"", ""input20.txt"", ""input21.txt""]",[],"[""input21.txt""]",3.257618,0.148074,0.300754
gigel-si-telefonul,1408462797,user_0139,2.5,cpp,dynamic_programming,1408462797,1.0,1.0,1.0,1.0,1.0,0.0,reference,22,3,19,13.64,19,0,0,False,"[""input00.txt"", ""input01.txt"", ""input02.txt""]","[""input03.txt"", ""input04.txt"", ""input05.txt"", ""input06.txt"", ""input07.txt"", ""input08.txt"", ""input09.txt"", ""input10.txt"", ""input11.txt"", ""input12.txt"", ""input13.txt"", ""input14.txt"", ""input15.txt"", ""input16.txt"", ""input17.txt"", ""input18.txt"", ""input19.txt"", ""input20.txt"", ""input21.txt""]",[],[],1.841878,0.083722,0.279959
gigel-si-telefonul,1408462834,user_0139,2.5,cpp,dynamic_programming,1408462797,0.733333,0.996287,1.0,0.838886,0.35009,0.488796,high,22,3,19,13.64,19,0,0,False,"[""input00.txt"", ""input01.txt"", ""input02.txt""]","[""input03.txt"", ""input04.txt"", ""input05.txt"", ""input06.txt"", ""input07.txt"", ""input08.txt"", ""input09.txt"", ""input10.txt"", ""input11.txt"", ""input12.txt"", ""input13.txt"", ""input14.txt"", ""input15.txt"", ""input16.txt"", ""input17.txt"", ""input18.txt"", ""input19.txt"", ""input20.txt"", ""input21.txt""]",[],[],1.820136,0.082733,0.337063
gigel-si-telefonul,1408492477,user_0067,2.5,cpp,unknown,1344719237,0.0,0.884173,1.0,0.365252,0.354941,0.010311,low,22,3,19,13.64,19,0,0,False,"[""input00.txt"", ""input01.txt"", ""input02.txt""]","[""input03.txt"", ""input04.txt"", ""input05.txt"", ""input06.txt"", ""input07.txt"", ""input08.txt"", ""input09.txt"", ""input10.txt"", ""input11.txt"", ""input12.txt"", ""input13.txt"", ""input14.txt"", ""input15.txt"", ""input16.txt"", ""input17.txt"", ""input18.txt"", ""input19.txt"", ""input20.txt"", ""input21.txt""]",[],[],1.583108,0.071959,0.270854
gigel-si-telefonul,1408493651,user_0156,2.5,cpp,unknown,1408559415,0.294737,0.958215,0.15,0.479307,0.326659,0.152648,low,22,3,19,13.64,19,0,0,False,"[""input00.txt"", ""input01.txt"", ""input02.txt""]","[""input03.txt"", ""input04.txt"", ""input05.txt"", ""input06.txt"", ""input07.txt"", ""input08.txt"", ""input09.txt"", ""input10.txt"", ""input11.txt"", ""input12.txt"", ""input13.txt"", ""input14.txt"", ""input15.txt"", ""input16.txt"", ""input17.txt"", ""input18.txt"", ""input19.txt"", ""input20.txt"", ""input21.txt""]",[],[],1.669089,0.075868,0.299068
gigel-si-telefonul,1408512846,user_0156,2.5,cpp,unknown,1408559415,0.294737,0.982934,0.15,0.486722,0.323977,0.162745,low,22,3,19,13.64,19,0,0,False,"[""input00.txt"", ""input01.txt"", ""input02.txt""]","[""input03.txt"", ""input04.txt"", ""input05.txt"", ""input06.txt"", ""input07.txt"", ""input08.txt"", ""input09.txt"", ""input10.txt"", ""input11.txt"", ""input12.txt"", ""input13.txt"", ""input14.txt"", ""input15.txt"", ""input16.txt"", ""input17.txt"", ""input18.txt"", ""input19.txt"", ""input20.txt"", ""input21.txt""]",[],[],1.825143,0.082961,0.255675
gigel-si-telefonul,1408568669,user_0174,2.5,cpp,unknown,1344719237,0.0,0.909764,1.0,0.372929,0.365513,0.007416,low,22,2,20,9.09,0,20,0,False,"[""input00.txt"", ""input02.txt""]","[""input01.txt"", ""input03.txt"", ""input04.txt"", ""input05.txt"", ""input06.txt"", ""input07.txt"", ""input08.txt"", ""input09.txt"", ""input10.txt"", ""input11.txt"", ""input12.txt"", ""input13.txt"", ""input14.txt"", ""input15.txt"", ""input16.txt"", ""input17.txt"", ""input18.txt"", ""input19.txt"", ""input20.txt"", ""input21.txt""]","[""input01.txt"", ""input03.txt"", ""input04.txt"", ""input05.txt"", ""input06.txt"", ""input07.txt"", ""input08.txt"", ""input09.txt"", ""input10.txt"", ""input11.txt"", ""input12.txt"", ""input13.txt"", ""input14.txt"", ""input15.txt"", ""input16.txt"", ""input17.txt"", ""input18.txt"", ""input19.txt"", ""input20.txt"", ""input21.txt""]",[],60.30846,2.741294,3.0
gigel-si-telefonul,1314235836,user_0172,5.0,cpp,unknown,1408462797,0.0,0.969153,0.95,0.385746,0.348649,0.037096,low,22,4,18,18.18,18,0,0,False,"[""input00.txt"", ""input01.txt"", ""input02.txt"", ""input20.txt""]","[""input03.txt"", ""input04.txt"", ""input05.txt"", ""input06.txt"", ""input07.txt"", ""input08.txt"", ""input09.txt"", ""input10.txt"", ""input11.txt"", ""input12.txt"", ""input13.txt"", ""input14.txt"", ""input15.txt"", ""input16.txt"", ""input17.txt"", ""input18.txt"", ""input19.txt"", ""input21.txt""]",[],[],2.772175,0.126008,1.052533
gigel-si-telefonul,1314236007,user_0078,5.0,cpp,unknown,1344719237,0.0,0.933569,0.95,0.375071,0.348866,0.026204,low,22,4,18,18.18,18,0,0,False,"[""input00.txt"", ""input01.txt"", ""input02.txt"", ""input21.txt""]","[""input03.txt"", ""input04.txt"", ""input05.txt"", ""input06.txt"", ""input07.txt"", ""input08.txt"", ""input09.txt"", ""input10.txt"", ""input11.txt"", ""input12.txt"", ""input13.txt"", ""input14.txt"", ""input15.txt"", ""input16.txt"", ""input17.txt"", ""input18.txt"", ""input19.txt"", ""input20.txt""]",[],[],3.200189,0.145463,0.706487
gigel-si-telefonul,1314236173,user_0040,5.0,java,dynamic_programming,1314236793,0.56,0.835283,0.1,0.596585,0.0,0.596585,medium,22,4,18,18.18,18,0,0,False,"[""input00.txt"", ""input01.txt"", ""input02.txt"", ""input20.txt""]","[""input03.txt"", ""input04.txt"", ""input05.txt"", ""input06.txt"", ""input07.txt"", ""input08.txt"", ""input09.txt"", ""input10.txt"", ""input11.txt"", ""input12.txt"", ""input13.txt"", ""input14.txt"", ""input15.txt"", ""input16.txt"", ""input17.txt"", ""input18.txt"", ""input19.txt"", ""input21.txt""]",[],[],4.453023,0.20241,0.516166
gigel-si-telefonul,1314236300,user_0041,5.0,java,dynamic_programming,1314236793,0.495238,0.9286,0.1,0.585723,0.0,0.585723,medium,22,3,19,13.64,19,0,0,False,"[""input00.txt"", ""input02.txt"", ""input21.txt""]","[""input01.txt"", ""input03.txt"", ""input04.txt"", ""input05.txt"", ""input06.txt"", ""input07.txt"", ""input08.txt"", ""input09.txt"", ""input10.txt"", ""input11.txt"", ""input12.txt"", ""input13.txt"", ""input14.txt"", ""input15.txt"", ""input16.txt"", ""input17.txt"", ""input18.txt"", ""input19.txt"", ""input20.txt""]",[],[],2.582559,0.117389,0.191571
gigel-si-telefonul,1314236861,user_0092,5.0,cpp,unknown,1344719237,0.0,0.792549,0.95,0.332765,0.311402,0.021363,low,22,4,18,18.18,18,0,0,False,"[""input00.txt"", ""input01.txt"", ""input02.txt"", ""input21.txt""]","[""input03.txt"", ""input04.txt"", ""input05.txt"", ""input06.txt"", ""input07.txt"", ""input08.txt"", ""input09.txt"", ""input10.txt"", ""input11.txt"", ""input12.txt"", ""input13.txt"", ""input14.txt"", ""input15.txt"", ""input16.txt"", ""input17.txt"", ""input18.txt"", ""input19.txt"", ""input20.txt""]",[],[],2.240211,0.101828,0.584556
gigel-si-telefonul,1314236932,user_0078,5.0,cpp,unknown,1359951515,0.263736,0.846703,0.1,0.422253,0.335366,0.086886,low,22,4,18,18.18,18,0,0,False,"[""input00.txt"", ""input01.txt"", ""input02.txt"", ""input21.txt""]","[""input03.txt"", ""input04.txt"", ""input05.txt"", ""input06.txt"", ""input07.txt"", ""input08.txt"", ""input09.txt"", ""input10.txt"", ""input11.txt"", ""input12.txt"", ""input13.txt"", ""input14.txt"", ""input15.txt"", ""input16.txt"", ""input17.txt"", ""input18.txt"", ""input19.txt"", ""input20.txt""]",[],[],2.188671,0.099485,0.508926
gigel-si-telefonul,1314237061,user_0136,5.0,cpp,unknown,1344719237,0.0,0.931015,0.95,0.374304,0.35168,0.022625,low,22,4,18,18.18,18,0,0,False,"[""input00.txt"", ""input01.txt"", ""input02.txt"", ""input21.txt""]","[""input03.txt"", ""input04.txt"", ""input05.txt"", ""input06.txt"", ""input07.txt"", ""input08.txt"", ""input09.txt"", ""input10.txt"", ""input11.txt"", ""input12.txt"", ""input13.txt"", ""input14.txt"", ""input15.txt"", ""input16.txt"", ""input17.txt"", ""input18.txt"", ""input19.txt"", ""input20.txt""]",[],[],1.825552,0.08298,0.240986
gigel-si-telefonul,1314237080,user_0039,5.0,java,dynamic_programming,1314236793,0.544643,0.847755,0.1,0.591112,0.0,0.591112,medium,22,4,18,18.18,0,0,18,False,"[""input00.txt"", ""input01.txt"", ""input02.txt"", ""input20.txt""]","[""input03.txt"", ""input04.txt"", ""input05.txt"", ""input06.txt"", ""input07.txt"", ""input08.txt"", ""input09.txt"", ""input10.txt"", ""input11.txt"", ""input12.txt"", ""input13.txt"", ""input14.txt"", ""input15.txt"", ""input16.txt"", ""input17.txt"", ""input18.txt"", ""input19.txt"", ""input21.txt""]",[],"[""input03.txt"", ""input04.txt"", ""input05.txt"", ""input06.txt"", ""input07.txt"", ""input08.txt"", ""input09.txt"", ""input10.txt"", ""input11.txt"", ""input12.txt"", ""input13.txt"", ""input14.txt"", ""input15.txt"", ""input16.txt"", ""input17.txt"", ""input18.txt"", ""input19.txt"", ""input21.txt""]",3.751562,0.170526,0.298778
gigel-si-telefonul,1314237108,user_0032,5.0,cpp,unknown,1344719237,0.0,0.852763,0.95,0.350829,0.339029,0.0118,low,22,3,19,13.64,19,0,0,False,"[""input00.txt"", ""input02.txt"", ""input21.txt""]","[""input01.txt"", ""input03.txt"", ""input04.txt"", ""input05.txt"", ""input06.txt"", ""input07.txt"", ""input08.txt"", ""input09.txt"", ""input10.txt"", ""input11.txt"", ""input12.txt"", ""input13.txt"", ""input14.txt"", ""input15.txt"", ""input16.txt"", ""input17.txt"", ""input18.txt"", ""input19.txt"", ""input20.txt""]",[],[],2.531913,0.115087,0.535829
gigel-si-telefonul,1314237182,user_0011,5.0,java,dynamic_programming,1314236793,0.45614,0.8974,0.1,0.552904,0.0,0.552904,medium,22,4,18,18.18,18,0,0,False,"[""input00.txt"", ""input01.txt"", ""input19.txt"", ""input21.txt""]","[""input02.txt"", ""input03.txt"", ""input04.txt"", ""input05.txt"", ""input06.txt"", ""input07.txt"", ""input08.txt"", ""input09.txt"", ""input10.txt"", ""input11.txt"", ""input12.txt"", ""input13.txt"", ""input14.txt"", ""input15.txt"", ""input16.txt"", ""input17.txt"", ""input18.txt"", ""input20.txt""]",[],[],3.243361,0.147426,0.213845
gigel-si-telefonul,1314237203,user_0058,5.0,java,dynamic_programming,1314236793,0.464286,0.986634,0.1,0.584562,0.0,0.584562,medium,22,4,18,18.18,1,0,17,False,"[""input00.txt"", ""input01.txt"", ""input02.txt"", ""input04.txt""]","[""input03.txt"", ""input05.txt"", ""input06.txt"", ""input07.txt"", ""input08.txt"", ""input09.txt"", ""input10.txt"", ""input11.txt"", ""input12.txt"", ""input13.txt"", ""input14.txt"", ""input15.txt"", ""input16.txt"", ""input17.txt"", ""input18.txt"", ""input19.txt"", ""input20.txt"", ""input21.txt""]",[],"[""input05.txt"", ""input06.txt"", ""input07.txt"", ""input08.txt"", ""input09.txt"", ""input10.txt"", ""input11.txt"", ""input12.txt"", ""input13.txt"", ""input14.txt"", ""input15.txt"", ""input16.txt"", ""input17.txt"", ""input18.txt"", ""input19.txt"", ""input20.txt"", ""input21.txt""]",3.218575,0.146299,0.358274
gigel-si-telefonul,1314237206,user_0032,5.0,cpp,unknown,1344719237,0.0,0.919885,0.95,0.370965,0.353827,0.017139,low,22,4,18,18.18,18,0,0,False,"[""input00.txt"", ""input01.txt"", ""input02.txt"", ""input21.txt""]","[""input03.txt"", ""input04.txt"", ""input05.txt"", ""input06.txt"", ""input07.txt"", ""input08.txt"", ""input09.txt"", ""input10.txt"", ""input11.txt"", ""input12.txt"", ""input13.txt"", ""input14.txt"", ""input15.txt"", ""input16.txt"", ""input17.txt"", ""input18.txt"", ""input19.txt"", ""input20.txt""]",[],[],2.07661,0.094391,0.712924
gigel-si-telefonul,1314237550,user_0039,5.0,java,dynamic_programming,1314236793,0.519149,0.824412,0.1,0.568813,0.0,0.568813,medium,22,4,18,18.18,0,0,18,False,"[""input00.txt"", ""input01.txt"", ""input02.txt"", ""input20.txt""]","[""input03.txt"", ""input04.txt"", ""input05.txt"", ""input06.txt"", ""input07.txt"", ""input08.txt"", ""input09.txt"", ""input10.txt"", ""input11.txt"", ""input12.txt"", ""input13.txt"", ""input14.txt"", ""input15.txt"", ""input16.txt"", ""input17.txt"", ""input18.txt"", ""input19.txt"", ""input21.txt""]",[],"[""input03.txt"", ""input04.txt"", ""input05.txt"", ""input06.txt"", ""input07.txt"", ""input08.txt"", ""input09.txt"", ""input10.txt"", ""input11.txt"", ""input12.txt"", ""input13.txt"", ""input14.txt"", ""input15.txt"", ""input16.txt"", ""input17.txt"", ""input18.txt"", ""input19.txt"", ""input21.txt""]",3.269229,0.148601,0.322565
gigel-si-telefonul,1314237596,user_0004,5.0,cpp,unknown,1344719237,0.0,0.916874,0.95,0.370062,0.351611,0.018451,low,22,4,18,18.18,17,1,0,False,"[""input00.txt"", ""input01.txt"", ""input02.txt"", ""input21.txt""]","[""input03.txt"", ""input04.txt"", ""input05.txt"", ""input06.txt"", ""input07.txt"", ""input08.txt"", ""input09.txt"", ""input10.txt"", ""input11.txt"", ""input12.txt"", ""input13.txt"", ""input14.txt"", ""input15.txt"", ""input16.txt"", ""input17.txt"", ""input18.txt"", ""input19.txt"", ""input20.txt""]","[""input19.txt""]",[],6.09166,0.276894,3.0
gigel-si-telefonul,1323386252,user_0003,5.0,cpp,dynamic_programming,1408559415,0.314607,0.985424,0.2,0.504391,0.327106,0.177285,medium,22,4,18,18.18,1,3,14,False,"[""input00.txt"", ""input01.txt"", ""input02.txt"", ""input20.txt""]","[""input03.txt"", ""input04.txt"", ""input05.txt"", ""input06.txt"", ""input07.txt"", ""input08.txt"", ""input09.txt"", ""input10.txt"", ""input11.txt"", ""input12.txt"", ""input13.txt"", ""input14.txt"", ""input15.txt"", ""input16.txt"", ""input17.txt"", ""input18.txt"", ""input19.txt"", ""input21.txt""]","[""input04.txt"", ""input05.txt"", ""input06.txt""]","[""input07.txt"", ""input08.txt"", ""input09.txt"", ""input10.txt"", ""input11.txt"", ""input12.txt"", ""input13.txt"", ""input14.txt"", ""input15.txt"", ""input16.txt"", ""input17.txt"", ""input18.txt"", ""input19.txt"", ""input21.txt""]",12.505359,0.568425,3.0
gigel-si-telefonul,1323405258,user_0130,5.0,cpp,dynamic_programming,1408462797,0.485714,0.919119,0.95,0.662164,0.330924,0.33124,medium,22,4,18,18.18,18,0,0,False,"[""input00.txt"", ""input01.txt"", ""input02.txt"", ""input20.txt""]","[""input03.txt"", ""input04.txt"", ""input05.txt"", ""input06.txt"", ""input07.txt"", ""input08.txt"", ""input09.txt"", ""input10.txt"", ""input11.txt"", ""input12.txt"", ""input13.txt"", ""input14.txt"", ""input15.txt"", ""input16.txt"", ""input17.txt"", ""input18.txt"", ""input19.txt"", ""input21.txt""]",[],[],2.908422,0.132201,0.386682
gigel-si-telefonul,1323427238,user_0018,5.0,cpp,unknown,1344719237,0.0,0.926833,0.95,0.37305,0.349215,0.023835,low,22,4,18,18.18,18,0,0,False,"[""input00.txt"", ""input01.txt"", ""input02.txt"", ""input21.txt""]","[""input03.txt"", ""input04.txt"", ""input05.txt"", ""input06.txt"", ""input07.txt"", ""input08.txt"", ""input09.txt"", ""input10.txt"", ""input11.txt"", ""input12.txt"", ""input13.txt"", ""input14.txt"", ""input15.txt"", ""input16.txt"", ""input17.txt"", ""input18.txt"", ""input19.txt"", ""input20.txt""]",[],[],1.850926,0.084133,0.348146
gigel-si-telefonul,1323430867,user_0029,5.0,java,dynamic_programming,1314236793,0.444444,0.902724,0.1,0.547484,0.0,0.547484,medium,22,4,18,18.18,18,0,0,False,"[""input00.txt"", ""input01.txt"", ""input02.txt"", ""input21.txt""]","[""input03.txt"", ""input04.txt"", ""input05.txt"", ""input06.txt"", ""input07.txt"", ""input08.txt"", ""input09.txt"", ""input10.txt"", ""input11.txt"", ""input12.txt"", ""input13.txt"", ""input14.txt"", ""input15.txt"", ""input16.txt"", ""input17.txt"", ""input18.txt"", ""input19.txt"", ""input20.txt""]",[],[],3.363848,0.152902,0.165636
gigel-si-telefonul,1323432619,user_0116,5.0,java,dynamic_programming,1314236793,0.483721,0.897618,0.1,0.569518,0.0,0.569518,medium,22,4,18,18.18,18,0,0,False,"[""input00.txt"", ""input01.txt"", ""input02.txt"", ""input20.txt""]","[""input03.txt"", ""input04.txt"", ""input05.txt"", ""input06.txt"", ""input07.txt"", ""input08.txt"", ""input09.txt"", ""input10.txt"", ""input11.txt"", ""input12.txt"", ""input13.txt"", ""input14.txt"", ""input15.txt"", ""input16.txt"", ""input17.txt"", ""input18.txt"", ""input19.txt"", ""input21.txt""]",[],[],2.321147,0.105507,0.120059
gigel-si-telefonul,1323451052,user_0048,5.0,java,dynamic_programming,1314236793,0.468468,0.914119,0.1,0.565317,0.0,0.565317,medium,22,4,18,18.18,18,0,0,False,"[""input00.txt"", ""input01.txt"", ""input02.txt"", ""input21.txt""]","[""input03.txt"", ""input04.txt"", ""input05.txt"", ""input06.txt"", ""input07.txt"", ""input08.txt"", ""input09.txt"", ""input10.txt"", ""input11.txt"", ""input12.txt"", ""input13.txt"", ""input14.txt"", ""input15.txt"", ""input16.txt"", ""input17.txt"", ""input18.txt"", ""input19.txt"", ""input20.txt""]",[],[],2.768157,0.125825,0.175337
gigel-si-telefonul,1323452108,user_0054,5.0,java,dynamic_programming,1314236793,0.417671,0.871512,0.1,0.522056,0.0,0.522056,medium,22,4,18,18.18,18,0,0,False,"[""input00.txt"", ""input01.txt"", ""input02.txt"", ""input21.txt""]","[""input03.txt"", ""input04.txt"", ""input05.txt"", ""input06.txt"", ""input07.txt"", ""input08.txt"", ""input09.txt"", ""input10.txt"", ""input11.txt"", ""input12.txt"", ""input13.txt"", ""input14.txt"", ""input15.txt"", ""input16.txt"", ""input17.txt"", ""input18.txt"", ""input19.txt"", ""input20.txt""]",[],[],3.288981,0.149499,0.211879
gigel-si-telefonul,1323453172,user_0050,5.0,java,dynamic_programming,1314236793,0.452174,0.908395,0.1,0.553823,0.0,0.553823,medium,22,4,18,18.18,18,0,0,False,"[""input00.txt"", ""input01.txt"", ""input02.txt"", ""input21.txt""]","[""input03.txt"", ""input04.txt"", ""input05.txt"", ""input06.txt"", ""input07.txt"", ""input08.txt"", ""input09.txt"", ""input10.txt"", ""input11.txt"", ""input12.txt"", ""input13.txt"", ""input14.txt"", ""input15.txt"", ""input16.txt"", ""input17.txt"", ""input18.txt"", ""input19.txt"", ""input20.txt""]",[],[],3.265336,0.148424,0.255436
gigel-si-telefonul,1323455449,user_0006,5.0,cpp,dynamic_programming,1323427915,0.873239,0.9993,0.95,0.918734,0.322846,0.595888,high,22,4,18,18.18,18,0,0,False,"[""input00.txt"", ""input01.txt"", ""input02.txt"", ""input20.txt""]","[""input03.txt"", ""input04.txt"", ""input05.txt"", ""input06.txt"", ""input07.txt"", ""input08.txt"", ""input09.txt"", ""input10.txt"", ""input11.txt"", ""input12.txt"", ""input13.txt"", ""input14.txt"", ""input15.txt"", ""input16.txt"", ""input17.txt"", ""input18.txt"", ""input19.txt"", ""input21.txt""]",[],[],3.172798,0.144218,0.416623
gigel-si-telefonul,1331964903,user_0052,5.0,cpp,unknown,1344719237,0.0,0.942578,0.95,0.377773,0.34884,0.028933,low,22,4,18,18.18,0,18,0,False,"[""input00.txt"", ""input01.txt"", ""input02.txt"", ""input20.txt""]","[""input03.txt"", ""input04.txt"", ""input05.txt"", ""input06.txt"", ""input07.txt"", ""input08.txt"", ""input09.txt"", ""input10.txt"", ""input11.txt"", ""input12.txt"", ""input13.txt"", ""input14.txt"", ""input15.txt"", ""input16.txt"", ""input17.txt"", ""input18.txt"", ""input19.txt"", ""input21.txt""]","[""input03.txt"", ""input04.txt"", ""input05.txt"", ""input06.txt"", ""input07.txt"", ""input08.txt"", ""input09.txt"", ""input10.txt"", ""input11.txt"", ""input12.txt"", ""input13.txt"", ""input14.txt"", ""input15.txt"", ""input16.txt"", ""input17.txt"", ""input18.txt"", ""input19.txt"", ""input21.txt""]",[],54.728843,2.487675,3.0
gigel-si-telefonul,1331967338,user_0095,5.0,java,dynamic_programming,1314236793,0.483721,0.92862,0.1,0.578819,0.0,0.578819,medium,22,4,18,18.18,18,0,0,False,"[""input00.txt"", ""input01.txt"", ""input02.txt"", ""input21.txt""]","[""input03.txt"", ""input04.txt"", ""input05.txt"", ""input06.txt"", ""input07.txt"", ""input08.txt"", ""input09.txt"", ""input10.txt"", ""input11.txt"", ""input12.txt"", ""input13.txt"", ""input14.txt"", ""input15.txt"", ""input16.txt"", ""input17.txt"", ""input18.txt"", ""input19.txt"", ""input20.txt""]",[],[],3.808635,0.17312,0.2248
gigel-si-telefonul,1332720333,user_0010,5.0,cpp,dynamic_programming,1408559415,0.345679,0.981743,0.2,0.52193,0.318979,0.202951,medium,0,0,0,0.0,0,0,0,True,[],[],[],[],0.0,0.0,0.0
gigel-si-telefonul,1332748264,user_0096,5.0,cpp,dynamic_programming,1323427915,0.337079,0.977275,0.95,0.59043,0.336021,0.254409,medium,0,0,0,0.0,0,0,0,True,[],[],[],[],0.0,0.0,0.0
gigel-si-telefonul,1344712458,user_0027,5.0,cpp,greedy,1344719237,0.245283,0.953289,0.95,0.528156,0.344904,0.183252,medium,22,4,18,18.18,18,0,0,False,"[""input00.txt"", ""input01.txt"", ""input02.txt"", ""input21.txt""]","[""input03.txt"", ""input04.txt"", ""input05.txt"", ""input06.txt"", ""input07.txt"", ""input08.txt"", ""input09.txt"", ""input10.txt"", ""input11.txt"", ""input12.txt"", ""input13.txt"", ""input14.txt"", ""input15.txt"", ""input16.txt"", ""input17.txt"", ""input18.txt"", ""input19.txt"", ""input20.txt""]",[],[],1.645775,0.074808,0.274125
gigel-si-telefonul,1378065084,user_0055,5.0,cpp,unknown,1408462797,0.0,0.957339,0.95,0.382202,0.355904,0.026298,low,22,4,18,18.18,1,0,17,False,"[""input00.txt"", ""input01.txt"", ""input02.txt"", ""input20.txt""]","[""input03.txt"", ""input04.txt"", ""input05.txt"", ""input06.txt"", ""input07.txt"", ""input08.txt"", ""input09.txt"", ""input10.txt"", ""input11.txt"", ""input12.txt"", ""input13.txt"", ""input14.txt"", ""input15.txt"", ""input16.txt"", ""input17.txt"", ""input18.txt"", ""input19.txt"", ""input21.txt""]",[],"[""input04.txt"", ""input05.txt"", ""input06.txt"", ""input07.txt"", ""input08.txt"", ""input09.txt"", ""input10.txt"", ""input11.txt"", ""input12.txt"", ""input13.txt"", ""input14.txt"", ""input15.txt"", ""input16.txt"", ""input17.txt"", ""input18.txt"", ""input19.txt"", ""input21.txt""]",4.556681,0.207122,0.384601
gigel-si-telefonul,1378141408,user_0102,5.0,cpp,unknown,1408462797,0.0,0.982533,0.95,0.38976,0.351891,0.037869,low,22,4,18,18.18,18,0,0,False,"[""input00.txt"", ""input01.txt"", ""input02.txt"", ""input21.txt""]","[""input03.txt"", ""input04.txt"", ""input05.txt"", ""input06.txt"", ""input07.txt"", ""input08.txt"", ""input09.txt"", ""input10.txt"", ""input11.txt"", ""input12.txt"", ""input13.txt"", ""input14.txt"", ""input15.txt"", ""input16.txt"", ""input17.txt"", ""input18.txt"", ""input19.txt"", ""input20.txt""]",[],[],2.066646,0.093938,0.428602
gigel-si-telefonul,1378159543,user_0106,5.0,cpp,unknown,1344719237,0.0,0.916821,0.95,0.370046,0.33795,0.032096,low,22,4,18,18.18,0,18,0,False,"[""input00.txt"", ""input01.txt"", ""input02.txt"", ""input20.txt""]","[""input03.txt"", ""input04.txt"", ""input05.txt"", ""input06.txt"", ""input07.txt"", ""input08.txt"", ""input09.txt"", ""input10.txt"", ""input11.txt"", ""input12.txt"", ""input13.txt"", ""input14.txt"", ""input15.txt"", ""input16.txt"", ""input17.txt"", ""input18.txt"", ""input19.txt"", ""input21.txt""]","[""input03.txt"", ""input04.txt"", ""input05.txt"", ""input06.txt"", ""input07.txt"", ""input08.txt"", ""input09.txt"", ""input10.txt"", ""input11.txt"", ""input12.txt"", ""input13.txt"", ""input14.txt"", ""input15.txt"", ""input16.txt"", ""input17.txt"", ""input18.txt"", ""input19.txt"", ""input21.txt""]",[],54.569565,2.480435,3.0
gigel-si-telefonul,1408557234,user_0153,5.0,cpp,unknown,1408462797,0.0,0.920713,0.95,0.371214,0.361954,0.00926,low,22,4,18,18.18,18,0,0,False,"[""input00.txt"", ""input01.txt"", ""input02.txt"", ""input21.txt""]","[""input03.txt"", ""input04.txt"", ""input05.txt"", ""input06.txt"", ""input07.txt"", ""input08.txt"", ""input09.txt"", ""input10.txt"", ""input11.txt"", ""input12.txt"", ""input13.txt"", ""input14.txt"", ""input15.txt"", ""input16.txt"", ""input17.txt"", ""input18.txt"", ""input19.txt"", ""input20.txt""]",[],[],2.101435,0.09552,0.208426
gigel-si-telefonul,1408564316,user_0091,5.0,cpp,dynamic_programming,1323427915,0.470588,0.981093,0.95,0.671681,0.324054,0.347627,medium,22,4,18,18.18,18,0,0,False,"[""input00.txt"", ""input01.txt"", ""input02.txt"", ""input20.txt""]","[""input03.txt"", ""input04.txt"", ""input05.txt"", ""input06.txt"", ""input07.txt"", ""input08.txt"", ""input09.txt"", ""input10.txt"", ""input11.txt"", ""input12.txt"", ""input13.txt"", ""input14.txt"", ""input15.txt"", ""input16.txt"", ""input17.txt"", ""input18.txt"", ""input19.txt"", ""input21.txt""]",[],[],2.819119,0.128142,0.413963
gigel-si-telefonul,1408568888,user_0062,5.0,cpp,dynamic_programming,1359951515,0.747253,0.926133,0.1,0.736192,0.324762,0.411429,high,22,3,19,13.64,19,0,0,False,"[""input00.txt"", ""input02.txt"", ""input21.txt""]","[""input01.txt"", ""input03.txt"", ""input04.txt"", ""input05.txt"", ""input06.txt"", ""input07.txt"", ""input08.txt"", ""input09.txt"", ""input10.txt"", ""input11.txt"", ""input12.txt"", ""input13.txt"", ""input14.txt"", ""input15.txt"", ""input16.txt"", ""input17.txt"", ""input18.txt"", ""input19.txt"", ""input20.txt""]",[],[],1.417983,0.064454,0.166274
gigel-si-telefonul,1408983333,user_0123,5.0,cpp,unknown,1344719237,0.0,0.925787,0.95,0.372736,0.345779,0.026957,low,22,4,18,18.18,17,1,0,False,"[""input00.txt"", ""input01.txt"", ""input02.txt"", ""input21.txt""]","[""input03.txt"", ""input04.txt"", ""input05.txt"", ""input06.txt"", ""input07.txt"", ""input08.txt"", ""input09.txt"", ""input10.txt"", ""input11.txt"", ""input12.txt"", ""input13.txt"", ""input14.txt"", ""input15.txt"", ""input16.txt"", ""input17.txt"", ""input18.txt"", ""input19.txt"", ""input20.txt""]","[""input03.txt""]",[],4.857715,0.220805,3.0
gigel-si-telefonul,1314235507,user_0060,7.5,java,dynamic_programming,1314236793,0.450216,0.881938,0.15,0.549711,0.0,0.549711,medium,22,5,17,22.73,0,17,0,False,"[""input00.txt"", ""input01.txt"", ""input02.txt"", ""input19.txt"", ""input21.txt""]","[""input03.txt"", ""input04.txt"", ""input05.txt"", ""input06.txt"", ""input07.txt"", ""input08.txt"", ""input09.txt"", ""input10.txt"", ""input11.txt"", ""input12.txt"", ""input13.txt"", ""input14.txt"", ""input15.txt"", ""input16.txt"", ""input17.txt"", ""input18.txt"", ""input20.txt""]","[""input03.txt"", ""input04.txt"", ""input05.txt"", ""input06.txt"", ""input07.txt"", ""input08.txt"", ""input09.txt"", ""input10.txt"", ""input11.txt"", ""input12.txt"", ""input13.txt"", ""input14.txt"", ""input15.txt"", ""input16.txt"", ""input17.txt"", ""input18.txt"", ""input20.txt""]",[],51.672413,2.348746,3.0
gigel-si-telefonul,1314235971,user_0004,7.5,cpp,unknown,1344719237,0.0,0.896176,0.9,0.358853,0.342099,0.016754,low,22,5,17,22.73,17,0,0,False,"[""input00.txt"", ""input01.txt"", ""input02.txt"", ""input19.txt"", ""input21.txt""]","[""input03.txt"", ""input04.txt"", ""input05.txt"", ""input06.txt"", ""input07.txt"", ""input08.txt"", ""input09.txt"", ""input10.txt"", ""input11.txt"", ""input12.txt"", ""input13.txt"", ""input14.txt"", ""input15.txt"", ""input16.txt"", ""input17.txt"", ""input18.txt"", ""input20.txt""]",[],[],2.744953,0.124771,0.451611
gigel-si-telefonul,1314237066,user_0004,7.5,cpp,unknown,1344719237,0.0,0.916874,0.9,0.365062,0.346611,0.018451,low,22,5,17,22.73,17,0,0,False,"[""input00.txt"", ""input01.txt"", ""input02.txt"", ""input19.txt"", ""input21.txt""]","[""input03.txt"", ""input04.txt"", ""input05.txt"", ""input06.txt"", ""input07.txt"", ""input08.txt"", ""input09.txt"", ""input10.txt"", ""input11.txt"", ""input12.txt"", ""input13.txt"", ""input14.txt"", ""input15.txt"", ""input16.txt"", ""input17.txt"", ""input18.txt"", ""input20.txt""]",[],[],2.265487,0.102977,0.352876
gigel-si-telefonul,1314237343,user_0053,7.5,java,dynamic_programming,1314236793,0.600939,0.905676,0.15,0.647266,0.0,0.647266,medium,22,4,18,18.18,18,0,0,False,"[""input00.txt"", ""input02.txt"", ""input19.txt"", ""input21.txt""]","[""input01.txt"", ""input03.txt"", ""input04.txt"", ""input05.txt"", ""input06.txt"", ""input07.txt"", ""input08.txt"", ""input09.txt"", ""input10.txt"", ""input11.txt"", ""input12.txt"", ""input13.txt"", ""input14.txt"", ""input15.txt"", ""input16.txt"", ""input17.txt"", ""input18.txt"", ""input20.txt""]",[],[],3.277126,0.14896,0.436747
gigel-si-telefonul,1323400261,user_0127,7.5,cpp,unknown,1408559415,0.271845,0.984892,0.25,0.483575,0.308365,0.17521,low,0,0,0,0.0,0,0,0,True,[],[],[],[],0.0,0.0,0.0
gigel-si-telefonul,1323404295,user_0114,7.5,java,dynamic_programming,1314236793,0.479263,0.894989,0.15,0.571054,0.0,0.571054,medium,22,5,17,22.73,17,0,0,False,"[""input00.txt"", ""input01.txt"", ""input02.txt"", ""input19.txt"", ""input21.txt""]","[""input03.txt"", ""input04.txt"", ""input05.txt"", ""input06.txt"", ""input07.txt"", ""input08.txt"", ""input09.txt"", ""input10.txt"", ""input11.txt"", ""input12.txt"", ""input13.txt"", ""input14.txt"", ""input15.txt"", ""input16.txt"", ""input17.txt"", ""input18.txt"", ""input20.txt""]",[],[],2.993657,0.136075,0.167705
gigel-si-telefonul,1323427658,user_0018,7.5,cpp,unknown,1344719237,0.0,0.925806,0.9,0.367742,0.343043,0.024699,low,22,5,17,22.73,17,0,0,False,"[""input00.txt"", ""input01.txt"", ""input02.txt"", ""input19.txt"", ""input21.txt""]","[""input03.txt"", ""input04.txt"", ""input05.txt"", ""input06.txt"", ""input07.txt"", ""input08.txt"", ""input09.txt"", ""input10.txt"", ""input11.txt"", ""input12.txt"", ""input13.txt"", ""input14.txt"", ""input15.txt"", ""input16.txt"", ""input17.txt"", ""input18.txt"", ""input20.txt""]",[],[],1.868468,0.08493,0.224614
gigel-si-telefonul,1323432332,user_0018,7.5,cpp,unknown,1344719237,0.0,0.925758,0.9,0.367727,0.342907,0.02482,low,22,5,17,22.73,17,0,0,False,"[""input00.txt"", ""input01.txt"", ""input02.txt"", ""input19.txt"", ""input21.txt""]","[""input03.txt"", ""input04.txt"", ""input05.txt"", ""input06.txt"", ""input07.txt"", ""input08.txt"", ""input09.txt"", ""input10.txt"", ""input11.txt"", ""input12.txt"", ""input13.txt"", ""input14.txt"", ""input15.txt"", ""input16.txt"", ""input17.txt"", ""input18.txt"", ""input20.txt""]",[],[],1.915366,0.087062,0.504988
gigel-si-telefonul,1323432379,user_0018,7.5,cpp,unknown,1344719237,0.0,0.839775,0.9,0.341932,0.319634,0.022299,low,22,5,17,22.73,17,0,0,False,"[""input00.txt"", ""input01.txt"", ""input02.txt"", ""input19.txt"", ""input21.txt""]","[""input03.txt"", ""input04.txt"", ""input05.txt"", ""input06.txt"", ""input07.txt"", ""input08.txt"", ""input09.txt"", ""input10.txt"", ""input11.txt"", ""input12.txt"", ""input13.txt"", ""input14.txt"", ""input15.txt"", ""input16.txt"", ""input17.txt"", ""input18.txt"", ""input20.txt""]",[],[],1.840737,0.08367,0.188876
gigel-si-telefonul,1332755515,user_0049,7.5,cpp,unknown,1344719237,0.0,0.929226,0.9,0.368768,0.350115,0.018652,low,22,5,17,22.73,17,0,0,False,"[""input00.txt"", ""input01.txt"", ""input02.txt"", ""input20.txt"", ""input21.txt""]","[""input03.txt"", ""input04.txt"", ""input05.txt"", ""input06.txt"", ""input07.txt"", ""input08.txt"", ""input09.txt"", ""input10.txt"", ""input11.txt"", ""input12.txt"", ""input13.txt"", ""input14.txt"", ""input15.txt"", ""input16.txt"", ""input17.txt"", ""input18.txt"", ""input19.txt""]",[],[],1.673379,0.076063,0.342106
gigel-si-telefonul,1378064904,user_0055,7.5,cpp,unknown,1408462797,0.0,0.928096,0.9,0.368429,0.349356,0.019073,low,22,4,18,18.18,0,2,16,False,"[""input00.txt"", ""input01.txt"", ""input02.txt"", ""input20.txt""]","[""input03.txt"", ""input04.txt"", ""input05.txt"", ""input06.txt"", ""input07.txt"", ""input08.txt"", ""input09.txt"", ""input10.txt"", ""input11.txt"", ""input12.txt"", ""input13.txt"", ""input14.txt"", ""input15.txt"", ""input16.txt"", ""input17.txt"", ""input18.txt"", ""input19.txt"", ""input21.txt""]","[""input05.txt"", ""input21.txt""]","[""input03.txt"", ""input04.txt"", ""input06.txt"", ""input07.txt"", ""input08.txt"", ""input09.txt"", ""input10.txt"", ""input11.txt"", ""input12.txt"", ""input13.txt"", ""input14.txt"", ""input15.txt"", ""input16.txt"", ""input17.txt"", ""input18.txt"", ""input19.txt""]",10.310795,0.468673,3.0
gigel-si-telefonul,1378145178,user_0180,7.5,cpp,dynamic_programming,1378145191,0.983051,0.996181,0.65,0.953685,0.320022,0.633663,high,22,3,19,13.64,19,0,0,False,"[""input02.txt"", ""input19.txt"", ""input21.txt""]","[""input00.txt"", ""input01.txt"", ""input03.txt"", ""input04.txt"", ""input05.txt"", ""input06.txt"", ""input07.txt"", ""input08.txt"", ""input09.txt"", ""input10.txt"", ""input11.txt"", ""input12.txt"", ""input13.txt"", ""input14.txt"", ""input15.txt"", ""input16.txt"", ""input17.txt"", ""input18.txt"", ""input20.txt""]",[],[],1.735215,0.078873,0.322081
gigel-si-telefonul,1378156203,user_0105,7.5,cpp,unknown,1344719237,0.0,0.891231,0.9,0.357369,0.325426,0.031943,low,0,0,0,0.0,0,0,0,True,[],[],[],[],0.0,0.0,0.0
gigel-si-telefonul,1391863607,user_0083,7.5,cpp,unknown,1408462797,0.0,0.869903,0.9,0.350971,0.350455,0.000516,low,22,5,17,22.73,17,0,0,False,"[""input00.txt"", ""input01.txt"", ""input02.txt"", ""input06.txt"", ""input21.txt""]","[""input03.txt"", ""input04.txt"", ""input05.txt"", ""input07.txt"", ""input08.txt"", ""input09.txt"", ""input10.txt"", ""input11.txt"", ""input12.txt"", ""input13.txt"", ""input14.txt"", ""input15.txt"", ""input16.txt"", ""input17.txt"", ""input18.txt"", ""input19.txt"", ""input20.txt""]",[],[],1.879375,0.085426,0.451815
gigel-si-telefonul,1391931580,user_0069,7.5,cpp,unknown,1408462797,0.0,0.993017,0.9,0.387905,0.340407,0.047498,low,22,5,17,22.73,17,0,0,False,"[""input00.txt"", ""input01.txt"", ""input02.txt"", ""input20.txt"", ""input21.txt""]","[""input03.txt"", ""input04.txt"", ""input05.txt"", ""input06.txt"", ""input07.txt"", ""input08.txt"", ""input09.txt"", ""input10.txt"", ""input11.txt"", ""input12.txt"", ""input13.txt"", ""input14.txt"", ""input15.txt"", ""input16.txt"", ""input17.txt"", ""input18.txt"", ""input19.txt""]",[],[],2.153486,0.097886,0.594853
gigel-si-telefonul,1391931654,user_0069,7.5,cpp,unknown,1408462797,0.0,0.993013,0.9,0.387904,0.340815,0.047089,low,22,5,17,22.73,17,0,0,False,"[""input00.txt"", ""input01.txt"", ""input02.txt"", ""input20.txt"", ""input21.txt""]","[""input03.txt"", ""input04.txt"", ""input05.txt"", ""input06.txt"", ""input07.txt"", ""input08.txt"", ""input09.txt"", ""input10.txt"", ""input11.txt"", ""input12.txt"", ""input13.txt"", ""input14.txt"", ""input15.txt"", ""input16.txt"", ""input17.txt"", ""input18.txt"", ""input19.txt""]",[],[],1.980287,0.090013,0.420133
gigel-si-telefonul,1391969470,user_0098,7.5,cpp,dynamic_programming,1323427915,0.303797,0.783018,0.9,0.507184,0.368485,0.138699,medium,22,4,18,18.18,18,0,0,False,"[""input00.txt"", ""input02.txt"", ""input19.txt"", ""input21.txt""]","[""input01.txt"", ""input03.txt"", ""input04.txt"", ""input05.txt"", ""input06.txt"", ""input07.txt"", ""input08.txt"", ""input09.txt"", ""input10.txt"", ""input11.txt"", ""input12.txt"", ""input13.txt"", ""input14.txt"", ""input15.txt"", ""input16.txt"", ""input17.txt"", ""input18.txt"", ""input20.txt""]",[],[],3.656262,0.166194,0.437177
gigel-si-telefonul,1392019086,user_0086,7.5,java,dynamic_programming,1314236793,0.454148,0.897965,0.15,0.556879,0.0,0.556879,medium,22,4,18,18.18,18,0,0,False,"[""input00.txt"", ""input02.txt"", ""input19.txt"", ""input21.txt""]","[""input01.txt"", ""input03.txt"", ""input04.txt"", ""input05.txt"", ""input06.txt"", ""input07.txt"", ""input08.txt"", ""input09.txt"", ""input10.txt"", ""input11.txt"", ""input12.txt"", ""input13.txt"", ""input14.txt"", ""input15.txt"", ""input16.txt"", ""input17.txt"", ""input18.txt"", ""input20.txt""]",[],[],3.475018,0.157955,0.246581
gigel-si-telefonul,1408530786,user_0149,7.5,cpp,unknown,1344719237,0.0,0.92432,0.9,0.367296,0.36728,1.6e-05,low,22,5,17,22.73,0,17,0,False,"[""input00.txt"", ""input01.txt"", ""input02.txt"", ""input19.txt"", ""input21.txt""]","[""input03.txt"", ""input04.txt"", ""input05.txt"", ""input06.txt"", ""input07.txt"", ""input08.txt"", ""input09.txt"", ""input10.txt"", ""input11.txt"", ""input12.txt"", ""input13.txt"", ""input14.txt"", ""input15.txt"", ""input16.txt"", ""input17.txt"", ""input18.txt"", ""input20.txt""]","[""input03.txt"", ""input04.txt"", ""input05.txt"", ""input06.txt"", ""input07.txt"", ""input08.txt"", ""input09.txt"", ""input10.txt"", ""input11.txt"", ""input12.txt"", ""input13.txt"", ""input14.txt"", ""input15.txt"", ""input16.txt"", ""input17.txt"", ""input18.txt"", ""input20.txt""]",[],51.565217,2.343873,3.0
gigel-si-telefonul,1408530802,user_0149,7.5,cpp,unknown,1344719237,0.0,0.920696,0.9,0.366209,0.36208,0.004129,low,22,5,17,22.73,0,17,0,False,"[""input00.txt"", ""input01.txt"", ""input02.txt"", ""input19.txt"", ""input21.txt""]","[""input03.txt"", ""input04.txt"", ""input05.txt"", ""input06.txt"", ""input07.txt"", ""input08.txt"", ""input09.txt"", ""input10.txt"", ""input11.txt"", ""input12.txt"", ""input13.txt"", ""input14.txt"", ""input15.txt"", ""input16.txt"", ""input17.txt"", ""input18.txt"", ""input20.txt""]","[""input03.txt"", ""input04.txt"", ""input05.txt"", ""input06.txt"", ""input07.txt"", ""input08.txt"", ""input09.txt"", ""input10.txt"", ""input11.txt"", ""input12.txt"", ""input13.txt"", ""input14.txt"", ""input15.txt"", ""input16.txt"", ""input17.txt"", ""input18.txt"", ""input20.txt""]",[],51.792114,2.354187,3.0
gigel-si-telefonul,1314215252,user_0154,10.0,cpp,unknown,1408462797,0.0,0.920075,0.85,0.361022,0.356683,0.004339,low,22,12,10,54.55,0,10,0,False,"[""input00.txt"", ""input01.txt"", ""input02.txt"", ""input03.txt"", ""input04.txt"", ""input07.txt"", ""input10.txt"", ""input13.txt"", ""input15.txt"", ""input16.txt"", ""input19.txt"", ""input21.txt""]","[""input05.txt"", ""input06.txt"", ""input08.txt"", ""input09.txt"", ""input11.txt"", ""input12.txt"", ""input14.txt"", ""input17.txt"", ""input18.txt"", ""input20.txt""]","[""input05.txt"", ""input06.txt"", ""input08.txt"", ""input09.txt"", ""input11.txt"", ""input12.txt"", ""input14.txt"", ""input17.txt"", ""input18.txt"", ""input20.txt""]",[],35.540525,1.615478,3.0
gigel-si-telefonul,1314237599,user_0039,10.0,java,dynamic_programming,1314236793,0.495935,0.826148,0.2,0.565405,0.0,0.565405,medium,22,6,16,27.27,0,0,16,False,"[""input00.txt"", ""input01.txt"", ""input02.txt"", ""input19.txt"", ""input20.txt"", ""input21.txt""]","[""input03.txt"", ""input04.txt"", ""input05.txt"", ""input06.txt"", ""input07.txt"", ""input08.txt"", ""input09.txt"", ""input10.txt"", ""input11.txt"", ""input12.txt"", ""input13.txt"", ""input14.txt"", ""input15.txt"", ""input16.txt"", ""input17.txt"", ""input18.txt""]",[],"[""input03.txt"", ""input04.txt"", ""input05.txt"", ""input06.txt"", ""input07.txt"", ""input08.txt"", ""input09.txt"", ""input10.txt"", ""input11.txt"", ""input12.txt"", ""input13.txt"", ""input14.txt"", ""input15.txt"", ""input16.txt"", ""input17.txt"", ""input18.txt""]",3.128152,0.142189,0.199074
gigel-si-telefonul,1323427412,user_0057,10.0,java,dynamic_programming,1314236793,0.462222,0.918516,0.2,0.572888,0.0,0.572888,medium,22,6,16,27.27,16,0,0,False,"[""input00.txt"", ""input01.txt"", ""input02.txt"", ""input05.txt"", ""input06.txt"", ""input21.txt""]","[""input03.txt"", ""input04.txt"", ""input07.txt"", ""input08.txt"", ""input09.txt"", ""input10.txt"", ""input11.txt"", ""input12.txt"", ""input13.txt"", ""input14.txt"", ""input15.txt"", ""input16.txt"", ""input17.txt"", ""input18.txt"", ""input19.txt"", ""input20.txt""]",[],[],2.505063,0.113866,0.163866
gigel-si-telefonul,1323427513,user_0057,10.0,java,dynamic_programming,1314236793,0.460177,0.918576,0.2,0.571679,0.0,0.571679,medium,22,6,16,27.27,16,0,0,False,"[""input00.txt"", ""input01.txt"", ""input02.txt"", ""input05.txt"", ""input06.txt"", ""input21.txt""]","[""input03.txt"", ""input04.txt"", ""input07.txt"", ""input08.txt"", ""input09.txt"", ""input10.txt"", ""input11.txt"", ""input12.txt"", ""input13.txt"", ""input14.txt"", ""input15.txt"", ""input16.txt"", ""input17.txt"", ""input18.txt"", ""input19.txt"", ""input20.txt""]",[],[],2.403319,0.109242,0.124916
gigel-si-telefonul,1332755934,user_0049,10.0,cpp,unknown,1344719237,0.0,0.93877,0.85,0.366631,0.351269,0.015362,low,22,6,16,27.27,16,0,0,False,"[""input00.txt"", ""input01.txt"", ""input02.txt"", ""input19.txt"", ""input20.txt"", ""input21.txt""]","[""input03.txt"", ""input04.txt"", ""input05.txt"", ""input06.txt"", ""input07.txt"", ""input08.txt"", ""input09.txt"", ""input10.txt"", ""input11.txt"", ""input12.txt"", ""input13.txt"", ""input14.txt"", ""input15.txt"", ""input16.txt"", ""input17.txt"", ""input18.txt""]",[],[],1.634685,0.074304,0.285888
gigel-si-telefonul,1378093199,user_0101,10.0,cpp,unknown,1344719237,0.0,0.941692,0.85,0.367508,0.34132,0.026188,low,22,6,16,27.27,16,0,0,False,"[""input00.txt"", ""input01.txt"", ""input02.txt"", ""input19.txt"", ""input20.txt"", ""input21.txt""]","[""input03.txt"", ""input04.txt"", ""input05.txt"", ""input06.txt"", ""input07.txt"", ""input08.txt"", ""input09.txt"", ""input10.txt"", ""input11.txt"", ""input12.txt"", ""input13.txt"", ""input14.txt"", ""input15.txt"", ""input16.txt"", ""input17.txt"", ""input18.txt""]",[],[],3.712129,0.168733,2.165497
gigel-si-telefonul,1391996009,user_0128,10.0,java,dynamic_programming,1314236793,0.448276,0.883572,0.2,0.554037,0.0,0.554037,medium,22,6,16,27.27,16,0,0,False,"[""input00.txt"", ""input01.txt"", ""input02.txt"", ""input05.txt"", ""input06.txt"", ""input20.txt""]","[""input03.txt"", ""input04.txt"", ""input07.txt"", ""input08.txt"", ""input09.txt"", ""input10.txt"", ""input11.txt"", ""input12.txt"", ""input13.txt"", ""input14.txt"", ""input15.txt"", ""input16.txt"", ""input17.txt"", ""input18.txt"", ""input19.txt"", ""input21.txt""]",[],[],3.724885,0.169313,0.625144
gigel-si-telefonul,1408543326,user_0132,10.0,cpp,unknown,1344719237,0.0,0.917937,0.85,0.360381,0.336896,0.023485,low,22,6,16,27.27,16,0,0,False,"[""input00.txt"", ""input01.txt"", ""input02.txt"", ""input19.txt"", ""input20.txt"", ""input21.txt""]","[""input03.txt"", ""input04.txt"", ""input05.txt"", ""input06.txt"", ""input07.txt"", ""input08.txt"", ""input09.txt"", ""input10.txt"", ""input11.txt"", ""input12.txt"", ""input13.txt"", ""input14.txt"", ""input15.txt"", ""input16.txt"", ""input17.txt"", ""input18.txt""]",[],[],1.575088,0.071595,0.290651
gigel-si-telefonul,1391996048,user_0128,12.5,java,dynamic_programming,1314236793,0.446352,0.883772,0.25,0.557943,0.0,0.557943,medium,22,7,15,31.82,15,0,0,False,"[""input00.txt"", ""input01.txt"", ""input02.txt"", ""input05.txt"", ""input06.txt"", ""input20.txt"", ""input21.txt""]","[""input03.txt"", ""input04.txt"", ""input07.txt"", ""input08.txt"", ""input09.txt"", ""input10.txt"", ""input11.txt"", ""input12.txt"", ""input13.txt"", ""input14.txt"", ""input15.txt"", ""input16.txt"", ""input17.txt"", ""input18.txt"", ""input19.txt""]",[],[],3.215558,0.146162,0.195236
gigel-si-telefonul,1391996094,user_0128,15.0,java,dynamic_programming,1314236793,0.448276,0.883572,0.3,0.564037,0.0,0.564037,medium,22,8,14,36.36,14,0,0,False,"[""input00.txt"", ""input01.txt"", ""input02.txt"", ""input05.txt"", ""input06.txt"", ""input19.txt"", ""input20.txt"", ""input21.txt""]","[""input03.txt"", ""input04.txt"", ""input07.txt"", ""input08.txt"", ""input09.txt"", ""input10.txt"", ""input11.txt"", ""input12.txt"", ""input13.txt"", ""input14.txt"", ""input15.txt"", ""input16.txt"", ""input17.txt"", ""input18.txt""]",[],[],3.302129,0.150097,0.235371
gigel-si-telefonul,1314215227,user_0154,17.5,cpp,unknown,1378145191,0.0,0.874749,0.85,0.347425,0.328464,0.018961,low,22,22,0,100.0,0,0,0,False,"[""input00.txt"", ""input01.txt"", ""input02.txt"", ""input03.txt"", ""input04.txt"", ""input05.txt"", ""input06.txt"", ""input07.txt"", ""input08.txt"", ""input09.txt"", ""input10.txt"", ""input11.txt"", ""input12.txt"", ""input13.txt"", ""input14.txt"", ""input15.txt"", ""input16.txt"", ""input17.txt"", ""input18.txt"", ""input19.txt"", ""input20.txt"", ""input21.txt""]",[],[],[],10.721101,0.487323,1.511184
gigel-si-telefonul,1323456140,user_0034,17.5,cpp,dynamic_programming,1408559415,0.571429,0.781733,0.45,0.622377,0.339708,0.282669,medium,22,9,13,40.91,13,0,0,False,"[""input00.txt"", ""input01.txt"", ""input04.txt"", ""input05.txt"", ""input06.txt"", ""input08.txt"", ""input09.txt"", ""input11.txt"", ""input20.txt""]","[""input02.txt"", ""input03.txt"", ""input07.txt"", ""input10.txt"", ""input12.txt"", ""input13.txt"", ""input14.txt"", ""input15.txt"", ""input16.txt"", ""input17.txt"", ""input18.txt"", ""input19.txt"", ""input21.txt""]",[],[],1.542789,0.070127,0.20312
gigel-si-telefonul,1332180910,user_0045,17.5,cpp,unknown,1408462797,0.0,0.980498,0.7,0.364149,0.333403,0.030746,low,22,9,13,40.91,12,1,0,False,"[""input00.txt"", ""input01.txt"", ""input04.txt"", ""input05.txt"", ""input06.txt"", ""input08.txt"", ""input09.txt"", ""input11.txt"", ""input20.txt""]","[""input02.txt"", ""input03.txt"", ""input07.txt"", ""input10.txt"", ""input12.txt"", ""input13.txt"", ""input14.txt"", ""input15.txt"", ""input16.txt"", ""input17.txt"", ""input18.txt"", ""input19.txt"", ""input21.txt""]","[""input03.txt""]",[],5.576886,0.253495,3.0
gigel-si-telefonul,1332755545,user_0019,17.5,cpp,unknown,1378145191,0.0,0.938971,0.85,0.366691,0.326465,0.040226,low,22,9,13,40.91,13,0,0,False,"[""input00.txt"", ""input01.txt"", ""input04.txt"", ""input05.txt"", ""input06.txt"", ""input08.txt"", ""input09.txt"", ""input11.txt"", ""input20.txt""]","[""input02.txt"", ""input03.txt"", ""input07.txt"", ""input10.txt"", ""input12.txt"", ""input13.txt"", ""input14.txt"", ""input15.txt"", ""input16.txt"", ""input17.txt"", ""input18.txt"", ""input19.txt"", ""input21.txt""]",[],[],1.623665,0.073803,0.3185
gigel-si-telefonul,1408462841,user_0139,17.5,cpp,dynamic_programming,1408462797,0.733333,0.996287,0.7,0.808886,0.32009,0.488796,high,22,9,13,40.91,13,0,0,False,"[""input00.txt"", ""input01.txt"", ""input02.txt"", ""input04.txt"", ""input05.txt"", ""input06.txt"", ""input08.txt"", ""input09.txt"", ""input20.txt""]","[""input03.txt"", ""input07.txt"", ""input10.txt"", ""input11.txt"", ""input12.txt"", ""input13.txt"", ""input14.txt"", ""input15.txt"", ""input16.txt"", ""input17.txt"", ""input18.txt"", ""input19.txt"", ""input21.txt""]",[],[],1.858238,0.084465,0.413921
gigel-si-telefonul,1408485926,user_0079,17.5,cpp,unknown,1378145191,0.0,0.93799,0.85,0.366397,0.31177,0.054627,low,22,9,13,40.91,13,0,0,False,"[""input00.txt"", ""input01.txt"", ""input04.txt"", ""input05.txt"", ""input06.txt"", ""input08.txt"", ""input09.txt"", ""input11.txt"", ""input20.txt""]","[""input02.txt"", ""input03.txt"", ""input07.txt"", ""input10.txt"", ""input12.txt"", ""input13.txt"", ""input14.txt"", ""input15.txt"", ""input16.txt"", ""input17.txt"", ""input18.txt"", ""input19.txt"", ""input21.txt""]",[],[],1.669635,0.075892,0.338603
gigel-si-telefonul,1408569671,user_0062,17.5,cpp,dynamic_programming,1359951515,0.622222,0.92208,0.35,0.684957,0.304295,0.380662,medium,22,9,13,40.91,13,0,0,False,"[""input00.txt"", ""input01.txt"", ""input04.txt"", ""input05.txt"", ""input06.txt"", ""input08.txt"", ""input09.txt"", ""input11.txt"", ""input20.txt""]","[""input02.txt"", ""input03.txt"", ""input07.txt"", ""input10.txt"", ""input12.txt"", ""input13.txt"", ""input14.txt"", ""input15.txt"", ""input16.txt"", ""input17.txt"", ""input18.txt"", ""input19.txt"", ""input21.txt""]",[],[],4.623993,0.210182,0.514069
gigel-si-telefonul,1314237405,user_0078,20.0,cpp,unknown,1323427915,0.0,0.851941,0.65,0.320582,0.299965,0.020618,low,22,10,12,45.45,12,0,0,False,"[""input00.txt"", ""input01.txt"", ""input02.txt"", ""input04.txt"", ""input05.txt"", ""input06.txt"", ""input08.txt"", ""input09.txt"", ""input11.txt"", ""input20.txt""]","[""input03.txt"", ""input07.txt"", ""input10.txt"", ""input12.txt"", ""input13.txt"", ""input14.txt"", ""input15.txt"", ""input16.txt"", ""input17.txt"", ""input18.txt"", ""input19.txt"", ""input21.txt""]",[],[],2.480639,0.112756,0.376245
gigel-si-telefonul,1314237410,user_0179,20.0,cpp,unknown,1344719237,0.0,0.9082,0.65,0.33746,0.334502,0.002958,low,22,10,12,45.45,12,0,0,False,"[""input00.txt"", ""input01.txt"", ""input04.txt"", ""input05.txt"", ""input06.txt"", ""input08.txt"", ""input09.txt"", ""input11.txt"", ""input20.txt"", ""input21.txt""]","[""input02.txt"", ""input03.txt"", ""input07.txt"", ""input10.txt"", ""input12.txt"", ""input13.txt"", ""input14.txt"", ""input15.txt"", ""input16.txt"", ""input17.txt"", ""input18.txt"", ""input19.txt""]",[],[],2.570418,0.116837,0.314998
gigel-si-telefonul,1314237835,user_0107,20.0,java,dynamic_programming,1314236793,0.470588,0.911823,0.4,0.5959,0.0,0.5959,medium,22,10,12,45.45,12,0,0,False,"[""input00.txt"", ""input01.txt"", ""input02.txt"", ""input04.txt"", ""input05.txt"", ""input06.txt"", ""input08.txt"", ""input09.txt"", ""input11.txt"", ""input20.txt""]","[""input03.txt"", ""input07.txt"", ""input10.txt"", ""input12.txt"", ""input13.txt"", ""input14.txt"", ""input15.txt"", ""input16.txt"", ""input17.txt"", ""input18.txt"", ""input19.txt"", ""input21.txt""]",[],[],3.040181,0.13819,0.192407
gigel-si-telefonul,1323386334,user_0003,20.0,cpp,dynamic_programming,1408559415,0.314607,0.985424,0.5,0.534391,0.297106,0.237285,medium,22,10,12,45.45,12,0,0,False,"[""input00.txt"", ""input01.txt"", ""input02.txt"", ""input04.txt"", ""input05.txt"", ""input06.txt"", ""input08.txt"", ""input09.txt"", ""input11.txt"", ""input20.txt""]","[""input03.txt"", ""input07.txt"", ""input10.txt"", ""input12.txt"", ""input13.txt"", ""input14.txt"", ""input15.txt"", ""input16.txt"", ""input17.txt"", ""input18.txt"", ""input19.txt"", ""input21.txt""]",[],[],1.893827,0.086083,0.454046
gigel-si-telefonul,1323432645,user_0018,20.0,cpp,unknown,1344719237,0.0,0.916648,0.65,0.339994,0.31546,0.024535,low,22,10,12,45.45,12,0,0,False,"[""input00.txt"", ""input01.txt"", ""input02.txt"", ""input04.txt"", ""input05.txt"", ""input06.txt"", ""input08.txt"", ""input09.txt"", ""input11.txt"", ""input20.txt""]","[""input03.txt"", ""input07.txt"", ""input10.txt"", ""input12.txt"", ""input13.txt"", ""input14.txt"", ""input15.txt"", ""input16.txt"", ""input17.txt"", ""input18.txt"", ""input19.txt"", ""input21.txt""]",[],[],1.892978,0.086044,0.333319
gigel-si-telefonul,1323453254,user_0028,20.0,java,dynamic_programming,1314236793,0.45815,0.92604,0.4,0.592702,0.0,0.592702,medium,22,10,12,45.45,12,0,0,False,"[""input00.txt"", ""input01.txt"", ""input02.txt"", ""input05.txt"", ""input06.txt"", ""input08.txt"", ""input09.txt"", ""input11.txt"", ""input20.txt"", ""input21.txt""]","[""input03.txt"", ""input04.txt"", ""input07.txt"", ""input10.txt"", ""input12.txt"", ""input13.txt"", ""input14.txt"", ""input15.txt"", ""input16.txt"", ""input17.txt"", ""input18.txt"", ""input19.txt""]",[],[],3.95788,0.179904,0.302562
gigel-si-telefonul,1331965339,user_0052,20.0,cpp,unknown,1344719237,0.0,0.943435,0.65,0.348031,0.318187,0.029843,low,22,10,12,45.45,12,0,0,False,"[""input00.txt"", ""input01.txt"", ""input02.txt"", ""input04.txt"", ""input05.txt"", ""input06.txt"", ""input08.txt"", ""input09.txt"", ""input11.txt"", ""input20.txt""]","[""input03.txt"", ""input07.txt"", ""input10.txt"", ""input12.txt"", ""input13.txt"", ""input14.txt"", ""input15.txt"", ""input16.txt"", ""input17.txt"", ""input18.txt"", ""input19.txt"", ""input21.txt""]",[],[],2.128458,0.096748,0.369034
gigel-si-telefonul,1332757539,user_0049,20.0,cpp,unknown,1344719237,0.0,0.944057,0.65,0.348217,0.332967,0.015251,low,22,10,12,45.45,12,0,0,False,"[""input00.txt"", ""input01.txt"", ""input02.txt"", ""input04.txt"", ""input05.txt"", ""input06.txt"", ""input08.txt"", ""input09.txt"", ""input11.txt"", ""input20.txt""]","[""input03.txt"", ""input07.txt"", ""input10.txt"", ""input12.txt"", ""input13.txt"", ""input14.txt"", ""input15.txt"", ""input16.txt"", ""input17.txt"", ""input18.txt"", ""input19.txt"", ""input21.txt""]",[],[],1.659403,0.075427,0.386995
gigel-si-telefonul,1361904834,user_0063,20.0,cpp,unknown,1344719237,0.0,0.940026,0.65,0.347008,0.327854,0.019154,low,22,10,12,45.45,12,0,0,False,"[""input00.txt"", ""input01.txt"", ""input02.txt"", ""input04.txt"", ""input05.txt"", ""input06.txt"", ""input08.txt"", ""input09.txt"", ""input11.txt"", ""input20.txt""]","[""input03.txt"", ""input07.txt"", ""input10.txt"", ""input12.txt"", ""input13.txt"", ""input14.txt"", ""input15.txt"", ""input16.txt"", ""input17.txt"", ""input18.txt"", ""input19.txt"", ""input21.txt""]",[],[],1.603348,0.072879,0.268571
gigel-si-telefonul,1314235538,user_0107,22.5,java,dynamic_programming,1314236793,0.497608,0.922758,0.45,0.620392,0.0,0.620392,medium,22,11,11,50.0,11,0,0,False,"[""input00.txt"", ""input01.txt"", ""input02.txt"", ""input04.txt"", ""input05.txt"", ""input06.txt"", ""input08.txt"", ""input09.txt"", ""input11.txt"", ""input20.txt"", ""input21.txt""]","[""input03.txt"", ""input07.txt"", ""input10.txt"", ""input12.txt"", ""input13.txt"", ""input14.txt"", ""input15.txt"", ""input16.txt"", ""input17.txt"", ""input18.txt"", ""input19.txt""]",[],[],2.731997,0.124182,0.144617
gigel-si-telefonul,1314235903,user_0051,22.5,java,dynamic_programming,1314236793,0.711111,0.99116,0.45,0.769015,0.0,0.769015,high,22,11,11,50.0,11,0,0,False,"[""input00.txt"", ""input01.txt"", ""input02.txt"", ""input04.txt"", ""input05.txt"", ""input06.txt"", ""input08.txt"", ""input09.txt"", ""input11.txt"", ""input20.txt"", ""input21.txt""]","[""input03.txt"", ""input07.txt"", ""input10.txt"", ""input12.txt"", ""input13.txt"", ""input14.txt"", ""input15.txt"", ""input16.txt"", ""input17.txt"", ""input18.txt"", ""input19.txt""]",[],[],2.673335,0.121515,0.143432
gigel-si-telefonul,1314236009,user_0051,22.5,java,dynamic_programming,1314236793,0.761506,0.988065,0.45,0.798323,0.0,0.798323,high,22,11,11,50.0,11,0,0,False,"[""input00.txt"", ""input01.txt"", ""input02.txt"", ""input04.txt"", ""input05.txt"", ""input06.txt"", ""input08.txt"", ""input09.txt"", ""input11.txt"", ""input20.txt"", ""input21.txt""]","[""input03.txt"", ""input07.txt"", ""input10.txt"", ""input12.txt"", ""input13.txt"", ""input14.txt"", ""input15.txt"", ""input16.txt"", ""input17.txt"", ""input18.txt"", ""input19.txt""]",[],[],2.568245,0.116738,0.128335
gigel-si-telefonul,1314236440,user_0051,22.5,java,dynamic_programming,1314236793,1.0,0.999998,0.45,0.944999,0.0,0.944999,high,22,11,11,50.0,11,0,0,False,"[""input00.txt"", ""input01.txt"", ""input02.txt"", ""input04.txt"", ""input05.txt"", ""input06.txt"", ""input08.txt"", ""input09.txt"", ""input11.txt"", ""input20.txt"", ""input21.txt""]","[""input03.txt"", ""input07.txt"", ""input10.txt"", ""input12.txt"", ""input13.txt"", ""input14.txt"", ""input15.txt"", ""input16.txt"", ""input17.txt"", ""input18.txt"", ""input19.txt""]",[],[],3.265115,0.148414,0.347074
gigel-si-telefonul,1314236469,user_0172,22.5,cpp,unknown,1378145191,0.0,0.863809,0.95,0.354143,0.305321,0.048822,low,22,11,11,50.0,11,0,0,False,"[""input00.txt"", ""input01.txt"", ""input02.txt"", ""input04.txt"", ""input05.txt"", ""input06.txt"", ""input08.txt"", ""input09.txt"", ""input11.txt"", ""input20.txt"", ""input21.txt""]","[""input03.txt"", ""input07.txt"", ""input10.txt"", ""input12.txt"", ""input13.txt"", ""input14.txt"", ""input15.txt"", ""input16.txt"", ""input17.txt"", ""input18.txt"", ""input19.txt""]",[],[],3.101921,0.140996,0.38762
gigel-si-telefonul,1314236551,user_0021,22.5,java,dynamic_programming,1314236793,0.450216,0.902714,0.45,0.585944,0.0,0.585944,medium,22,11,11,50.0,11,0,0,False,"[""input00.txt"", ""input01.txt"", ""input02.txt"", ""input04.txt"", ""input05.txt"", ""input06.txt"", ""input08.txt"", ""input09.txt"", ""input11.txt"", ""input20.txt"", ""input21.txt""]","[""input03.txt"", ""input07.txt"", ""input10.txt"", ""input12.txt"", ""input13.txt"", ""input14.txt"", ""input15.txt"", ""input16.txt"", ""input17.txt"", ""input18.txt"", ""input19.txt""]",[],[],3.252275,0.147831,0.497988
gigel-si-telefonul,1314236840,user_0179,22.5,cpp,unknown,1378145191,0.0,0.830483,0.95,0.344145,0.289805,0.05434,low,22,11,11,50.0,11,0,0,False,"[""input00.txt"", ""input01.txt"", ""input02.txt"", ""input04.txt"", ""input05.txt"", ""input06.txt"", ""input08.txt"", ""input09.txt"", ""input11.txt"", ""input20.txt"", ""input21.txt""]","[""input03.txt"", ""input07.txt"", ""input10.txt"", ""input12.txt"", ""input13.txt"", ""input14.txt"", ""input15.txt"", ""input16.txt"", ""input17.txt"", ""input18.txt"", ""input19.txt""]",[],[],8.897213,0.404419,0.768379
gigel-si-telefonul,1314236992,user_0131,22.5,java,dynamic_programming,1314236793,0.440678,0.871944,0.45,0.57099,0.0,0.57099,medium,22,11,11,50.0,11,0,0,False,"[""input00.txt"", ""input01.txt"", ""input02.txt"", ""input04.txt"", ""input05.txt"", ""input06.txt"", ""input08.txt"", ""input09.txt"", ""input11.txt"", ""input20.txt"", ""input21.txt""]","[""input03.txt"", ""input07.txt"", ""input10.txt"", ""input12.txt"", ""input13.txt"", ""input14.txt"", ""input15.txt"", ""input16.txt"", ""input17.txt"", ""input18.txt"", ""input19.txt""]",[],[],3.758388,0.170836,0.341142
gigel-si-telefonul,1314237174,user_0131,22.5,java,dynamic_programming,1314236793,0.436975,0.872609,0.45,0.568968,0.0,0.568968,medium,22,11,11,50.0,11,0,0,False,"[""input00.txt"", ""input01.txt"", ""input02.txt"", ""input04.txt"", ""input05.txt"", ""input06.txt"", ""input08.txt"", ""input09.txt"", ""input11.txt"", ""input20.txt"", ""input21.txt""]","[""input03.txt"", ""input07.txt"", ""input10.txt"", ""input12.txt"", ""input13.txt"", ""input14.txt"", ""input15.txt"", ""input16.txt"", ""input17.txt"", ""input18.txt"", ""input19.txt""]",[],[],3.347009,0.152137,0.204229
gigel-si-telefonul,1314237662,user_0107,22.5,java,dynamic_programming,1314236793,0.474886,0.917918,0.45,0.605307,0.0,0.605307,medium,22,11,11,50.0,11,0,0,False,"[""input00.txt"", ""input01.txt"", ""input02.txt"", ""input04.txt"", ""input05.txt"", ""input06.txt"", ""input08.txt"", ""input09.txt"", ""input11.txt"", ""input20.txt"", ""input21.txt""]","[""input03.txt"", ""input07.txt"", ""input10.txt"", ""input12.txt"", ""input13.txt"", ""input14.txt"", ""input15.txt"", ""input16.txt"", ""input17.txt"", ""input18.txt"", ""input19.txt""]",[],[],3.24609,0.14755,0.235543
gigel-si-telefonul,1314237768,user_0078,22.5,cpp,unknown,1323427915,0.0,0.851961,0.6,0.315588,0.295727,0.019861,low,22,11,11,50.0,11,0,0,False,"[""input00.txt"", ""input01.txt"", ""input02.txt"", ""input04.txt"", ""input05.txt"", ""input06.txt"", ""input08.txt"", ""input09.txt"", ""input11.txt"", ""input20.txt"", ""input21.txt""]","[""input03.txt"", ""input07.txt"", ""input10.txt"", ""input12.txt"", ""input13.txt"", ""input14.txt"", ""input15.txt"", ""input16.txt"", ""input17.txt"", ""input18.txt"", ""input19.txt""]",[],[],1.840384,0.083654,0.339394
gigel-si-telefonul,1323426935,user_0006,22.5,cpp,unknown,1408559415,0.0,0.969433,0.55,0.34583,0.299163,0.046667,low,22,11,11,50.0,11,0,0,False,"[""input00.txt"", ""input01.txt"", ""input02.txt"", ""input04.txt"", ""input05.txt"", ""input06.txt"", ""input08.txt"", ""input09.txt"", ""input11.txt"", ""input20.txt"", ""input21.txt""]","[""input03.txt"", ""input07.txt"", ""input10.txt"", ""input12.txt"", ""input13.txt"", ""input14.txt"", ""input15.txt"", ""input16.txt"", ""input17.txt"", ""input18.txt"", ""input19.txt""]",[],[],1.901913,0.086451,0.370424
gigel-si-telefonul,1323427109,user_0006,22.5,cpp,unknown,1408559415,0.0,0.964344,0.55,0.344303,0.305741,0.038562,low,22,11,11,50.0,11,0,0,False,"[""input00.txt"", ""input01.txt"", ""input02.txt"", ""input04.txt"", ""input05.txt"", ""input06.txt"", ""input08.txt"", ""input09.txt"", ""input11.txt"", ""input20.txt"", ""input21.txt""]","[""input03.txt"", ""input07.txt"", ""input10.txt"", ""input12.txt"", ""input13.txt"", ""input14.txt"", ""input15.txt"", ""input16.txt"", ""input17.txt"", ""input18.txt"", ""input19.txt""]",[],[],2.599568,0.118162,0.56283
gigel-si-telefonul,1323427555,user_0057,22.5,java,dynamic_programming,1314236793,0.460177,0.918576,0.45,0.596679,0.0,0.596679,medium,22,11,11,50.0,11,0,0,False,"[""input00.txt"", ""input01.txt"", ""input02.txt"", ""input04.txt"", ""input05.txt"", ""input06.txt"", ""input08.txt"", ""input09.txt"", ""input11.txt"", ""input20.txt"", ""input21.txt""]","[""input03.txt"", ""input07.txt"", ""input10.txt"", ""input12.txt"", ""input13.txt"", ""input14.txt"", ""input15.txt"", ""input16.txt"", ""input17.txt"", ""input18.txt"", ""input19.txt""]",[],[],2.516747,0.114398,0.144665
gigel-si-telefonul,1323428499,user_0057,22.5,java,dynamic_programming,1314236793,0.45815,0.910344,0.45,0.592993,0.0,0.592993,medium,22,11,11,50.0,11,0,0,False,"[""input00.txt"", ""input01.txt"", ""input02.txt"", ""input04.txt"", ""input05.txt"", ""input06.txt"", ""input08.txt"", ""input09.txt"", ""input11.txt"", ""input20.txt"", ""input21.txt""]","[""input03.txt"", ""input07.txt"", ""input10.txt"", ""input12.txt"", ""input13.txt"", ""input14.txt"", ""input15.txt"", ""input16.txt"", ""input17.txt"", ""input18.txt"", ""input19.txt""]",[],[],2.18049,0.099113,0.107393
gigel-si-telefonul,1323432709,user_0018,22.5,cpp,unknown,1344719237,0.0,0.915433,0.6,0.33463,0.316719,0.017911,low,22,11,11,50.0,11,0,0,False,"[""input00.txt"", ""input01.txt"", ""input02.txt"", ""input04.txt"", ""input05.txt"", ""input06.txt"", ""input08.txt"", ""input09.txt"", ""input11.txt"", ""input20.txt"", ""input21.txt""]","[""input03.txt"", ""input07.txt"", ""input10.txt"", ""input12.txt"", ""input13.txt"", ""input14.txt"", ""input15.txt"", ""input16.txt"", ""input17.txt"", ""input18.txt"", ""input19.txt""]",[],[],2.317853,0.105357,0.299025
gigel-si-telefonul,1323452771,user_0054,22.5,java,dynamic_programming,1314236793,0.416,0.872137,0.45,0.556241,0.0,0.556241,medium,22,11,11,50.0,11,0,0,False,"[""input00.txt"", ""input01.txt"", ""input02.txt"", ""input04.txt"", ""input05.txt"", ""input06.txt"", ""input08.txt"", ""input09.txt"", ""input11.txt"", ""input20.txt"", ""input21.txt""]","[""input03.txt"", ""input07.txt"", ""input10.txt"", ""input12.txt"", ""input13.txt"", ""input14.txt"", ""input15.txt"", ""input16.txt"", ""input17.txt"", ""input18.txt"", ""input19.txt""]",[],[],3.651794,0.165991,0.227448
gigel-si-telefonul,1323452822,user_0054,22.5,java,dynamic_programming,1314236793,0.417671,0.872137,0.45,0.557244,0.0,0.557244,medium,22,11,11,50.0,11,0,0,False,"[""input00.txt"", ""input01.txt"", ""input02.txt"", ""input04.txt"", ""input05.txt"", ""input06.txt"", ""input08.txt"", ""input09.txt"", ""input11.txt"", ""input20.txt"", ""input21.txt""]","[""input03.txt"", ""input07.txt"", ""input10.txt"", ""input12.txt"", ""input13.txt"", ""input14.txt"", ""input15.txt"", ""input16.txt"", ""input17.txt"", ""input18.txt"", ""input19.txt""]",[],[],3.605817,0.163901,0.28111
gigel-si-telefonul,1323453155,user_0028,22.5,java,dynamic_programming,1314236793,0.472727,0.932322,0.45,0.608333,0.0,0.608333,medium,22,11,11,50.0,11,0,0,False,"[""input00.txt"", ""input01.txt"", ""input02.txt"", ""input04.txt"", ""input05.txt"", ""input06.txt"", ""input08.txt"", ""input09.txt"", ""input11.txt"", ""input20.txt"", ""input21.txt""]","[""input03.txt"", ""input07.txt"", ""input10.txt"", ""input12.txt"", ""input13.txt"", ""input14.txt"", ""input15.txt"", ""input16.txt"", ""input17.txt"", ""input18.txt"", ""input19.txt""]",[],[],3.40365,0.154711,0.28776
gigel-si-telefonul,1323453212,user_0028,22.5,java,dynamic_programming,1314236793,0.45815,0.92604,0.45,0.597702,0.0,0.597702,medium,22,11,11,50.0,11,0,0,False,"[""input00.txt"", ""input01.txt"", ""input02.txt"", ""input04.txt"", ""input05.txt"", ""input06.txt"", ""input08.txt"", ""input09.txt"", ""input11.txt"", ""input20.txt"", ""input21.txt""]","[""input03.txt"", ""input07.txt"", ""input10.txt"", ""input12.txt"", ""input13.txt"", ""input14.txt"", ""input15.txt"", ""input16.txt"", ""input17.txt"", ""input18.txt"", ""input19.txt""]",[],[],3.530809,0.160491,0.208002
gigel-si-telefonul,1323455893,user_0005,22.5,java,dynamic_programming,1314236793,0.575221,0.928528,0.45,0.668691,0.0,0.668691,medium,22,0,22,0.0,0,0,22,False,[],"[""input00.txt"", ""input01.txt"", ""input02.txt"", ""input03.txt"", ""input04.txt"", ""input05.txt"", ""input06.txt"", ""input07.txt"", ""input08.txt"", ""input09.txt"", ""input10.txt"", ""input11.txt"", ""input12.txt"", ""input13.txt"", ""input14.txt"", ""input15.txt"", ""input16.txt"", ""input17.txt"", ""input18.txt"", ""input19.txt"", ""input20.txt"", ""input21.txt""]",[],"[""input00.txt"", ""input01.txt"", ""input02.txt"", ""input03.txt"", ""input04.txt"", ""input05.txt"", ""input06.txt"", ""input07.txt"", ""input08.txt"", ""input09.txt"", ""input10.txt"", ""input11.txt"", ""input12.txt"", ""input13.txt"", ""input14.txt"", ""input15.txt"", ""input16.txt"", ""input17.txt"", ""input18.txt"", ""input19.txt"", ""input20.txt"", ""input21.txt""]",9.099213,0.413601,0.563073
gigel-si-telefonul,1331760663,user_0084,22.5,cpp,unknown,1378145191,0.0,0.933298,0.95,0.374989,0.290972,0.084017,low,22,11,11,50.0,11,0,0,False,"[""input00.txt"", ""input01.txt"", ""input02.txt"", ""input04.txt"", ""input05.txt"", ""input06.txt"", ""input08.txt"", ""input09.txt"", ""input11.txt"", ""input20.txt"", ""input21.txt""]","[""input03.txt"", ""input07.txt"", ""input10.txt"", ""input12.txt"", ""input13.txt"", ""input14.txt"", ""input15.txt"", ""input16.txt"", ""input17.txt"", ""input18.txt"", ""input19.txt""]",[],[],2.126594,0.096663,0.497633
gigel-si-telefonul,1331760896,user_0084,22.5,cpp,dynamic_programming,1408559415,0.340909,0.96109,0.55,0.547872,0.272066,0.275806,medium,22,11,11,50.0,11,0,0,False,"[""input00.txt"", ""input01.txt"", ""input02.txt"", ""input04.txt"", ""input05.txt"", ""input06.txt"", ""input08.txt"", ""input09.txt"", ""input11.txt"", ""input20.txt"", ""input21.txt""]","[""input03.txt"", ""input07.txt"", ""input10.txt"", ""input12.txt"", ""input13.txt"", ""input14.txt"", ""input15.txt"", ""input16.txt"", ""input17.txt"", ""input18.txt"", ""input19.txt""]",[],[],12.193828,0.554265,1.533057
gigel-si-telefonul,1331965868,user_0052,22.5,cpp,unknown,1344719237,0.0,0.947881,0.6,0.344364,0.3272,0.017164,low,22,11,11,50.0,11,0,0,False,"[""input00.txt"", ""input01.txt"", ""input02.txt"", ""input04.txt"", ""input05.txt"", ""input06.txt"", ""input08.txt"", ""input09.txt"", ""input11.txt"", ""input20.txt"", ""input21.txt""]","[""input03.txt"", ""input07.txt"", ""input10.txt"", ""input12.txt"", ""input13.txt"", ""input14.txt"", ""input15.txt"", ""input16.txt"", ""input17.txt"", ""input18.txt"", ""input19.txt""]",[],[],1.801774,0.081899,0.261691
gigel-si-telefonul,1331968093,user_0095,22.5,java,dynamic_programming,1314236793,0.462222,0.924304,0.45,0.599624,0.0,0.599624,medium,22,11,11,50.0,11,0,0,False,"[""input00.txt"", ""input01.txt"", ""input02.txt"", ""input04.txt"", ""input05.txt"", ""input06.txt"", ""input08.txt"", ""input09.txt"", ""input11.txt"", ""input20.txt"", ""input21.txt""]","[""input03.txt"", ""input07.txt"", ""input10.txt"", ""input12.txt"", ""input13.txt"", ""input14.txt"", ""input15.txt"", ""input16.txt"", ""input17.txt"", ""input18.txt"", ""input19.txt""]",[],[],3.884126,0.176551,0.236449
gigel-si-telefonul,1331968170,user_0095,22.5,java,dynamic_programming,1314236793,0.45815,0.918659,0.45,0.595488,0.0,0.595488,medium,22,11,11,50.0,11,0,0,False,"[""input00.txt"", ""input01.txt"", ""input02.txt"", ""input04.txt"", ""input05.txt"", ""input06.txt"", ""input08.txt"", ""input09.txt"", ""input11.txt"", ""input20.txt"", ""input21.txt""]","[""input03.txt"", ""input07.txt"", ""input10.txt"", ""input12.txt"", ""input13.txt"", ""input14.txt"", ""input15.txt"", ""input16.txt"", ""input17.txt"", ""input18.txt"", ""input19.txt""]",[],[],3.811726,0.17326,0.209927
gigel-si-telefonul,1332180233,user_0045,22.5,cpp,unknown,1378145191,0.0,0.902587,0.95,0.365776,0.319601,0.046175,low,22,11,11,50.0,11,0,0,False,"[""input00.txt"", ""input01.txt"", ""input02.txt"", ""input04.txt"", ""input05.txt"", ""input06.txt"", ""input08.txt"", ""input09.txt"", ""input11.txt"", ""input20.txt"", ""input21.txt""]","[""input03.txt"", ""input07.txt"", ""input10.txt"", ""input12.txt"", ""input13.txt"", ""input14.txt"", ""input15.txt"", ""input16.txt"", ""input17.txt"", ""input18.txt"", ""input19.txt""]",[],[],1.518773,0.069035,0.290097
gigel-si-telefonul,1332180897,user_0045,22.5,cpp,unknown,1378145191,0.0,0.890028,0.95,0.362008,0.323403,0.038605,low,22,11,11,50.0,10,1,0,False,"[""input00.txt"", ""input01.txt"", ""input02.txt"", ""input04.txt"", ""input05.txt"", ""input06.txt"", ""input08.txt"", ""input09.txt"", ""input11.txt"", ""input20.txt"", ""input21.txt""]","[""input03.txt"", ""input07.txt"", ""input10.txt"", ""input12.txt"", ""input13.txt"", ""input14.txt"", ""input15.txt"", ""input16.txt"", ""input17.txt"", ""input18.txt"", ""input19.txt""]","[""input03.txt""]",[],5.021392,0.228245,3.0
gigel-si-telefonul,1332203404,user_0007,22.5,cpp,unknown,1378145191,0.0,0.955366,0.95,0.38161,0.309987,0.071622,low,22,11,11,50.0,11,0,0,False,"[""input00.txt"", ""input01.txt"", ""input02.txt"", ""input04.txt"", ""input05.txt"", ""input06.txt"", ""input08.txt"", ""input09.txt"", ""input11.txt"", ""input20.txt"", ""input21.txt""]","[""input03.txt"", ""input07.txt"", ""input10.txt"", ""input12.txt"", ""input13.txt"", ""input14.txt"", ""input15.txt"", ""input16.txt"", ""input17.txt"", ""input18.txt"", ""input19.txt""]",[],[],2.158497,0.098114,0.422746
gigel-si-telefonul,1332755494,user_0019,22.5,cpp,unknown,1378145191,0.0,0.947772,0.95,0.379332,0.3074,0.071931,low,22,11,11,50.0,11,0,0,False,"[""input00.txt"", ""input01.txt"", ""input02.txt"", ""input04.txt"", ""input05.txt"", ""input06.txt"", ""input08.txt"", ""input09.txt"", ""input11.txt"", ""input20.txt"", ""input21.txt""]","[""input03.txt"", ""input07.txt"", ""input10.txt"", ""input12.txt"", ""input13.txt"", ""input14.txt"", ""input15.txt"", ""input16.txt"", ""input17.txt"", ""input18.txt"", ""input19.txt""]",[],[],1.720893,0.078222,0.299864
gigel-si-telefonul,1332756306,user_0049,22.5,cpp,unknown,1344719237,0.0,0.92422,0.6,0.337266,0.327641,0.009625,low,22,11,11,50.0,11,0,0,False,"[""input00.txt"", ""input01.txt"", ""input02.txt"", ""input04.txt"", ""input05.txt"", ""input06.txt"", ""input08.txt"", ""input09.txt"", ""input11.txt"", ""input20.txt"", ""input21.txt""]","[""input03.txt"", ""input07.txt"", ""input10.txt"", ""input12.txt"", ""input13.txt"", ""input14.txt"", ""input15.txt"", ""input16.txt"", ""input17.txt"", ""input18.txt"", ""input19.txt""]",[],[],1.725172,0.078417,0.324605
gigel-si-telefonul,1332756905,user_0049,22.5,cpp,unknown,1344719237,0.0,0.945286,0.6,0.343586,0.335182,0.008404,low,22,11,11,50.0,11,0,0,False,"[""input00.txt"", ""input01.txt"", ""input02.txt"", ""input04.txt"", ""input05.txt"", ""input06.txt"", ""input08.txt"", ""input09.txt"", ""input11.txt"", ""input20.txt"", ""input21.txt""]","[""input03.txt"", ""input07.txt"", ""input10.txt"", ""input12.txt"", ""input13.txt"", ""input14.txt"", ""input15.txt"", ""input16.txt"", ""input17.txt"", ""input18.txt"", ""input19.txt""]",[],[],1.743666,0.079258,0.288074
gigel-si-telefonul,1332757093,user_0026,22.5,cpp,dynamic_programming,1323427915,0.314607,0.96784,0.6,0.539116,0.302824,0.236292,medium,22,9,13,40.91,3,10,0,False,"[""input00.txt"", ""input01.txt"", ""input02.txt"", ""input03.txt"", ""input04.txt"", ""input07.txt"", ""input13.txt"", ""input15.txt"", ""input16.txt""]","[""input05.txt"", ""input06.txt"", ""input08.txt"", ""input09.txt"", ""input10.txt"", ""input11.txt"", ""input12.txt"", ""input14.txt"", ""input17.txt"", ""input18.txt"", ""input19.txt"", ""input20.txt"", ""input21.txt""]","[""input05.txt"", ""input06.txt"", ""input08.txt"", ""input09.txt"", ""input11.txt"", ""input12.txt"", ""input14.txt"", ""input17.txt"", ""input18.txt"", ""input20.txt""]",[],34.837486,1.583522,3.0
gigel-si-telefonul,1361903669,user_0077,22.5,cpp,unknown,1378145191,0.0,0.834499,0.95,0.34535,0.331798,0.013552,low,22,11,11,50.0,11,0,0,False,"[""input00.txt"", ""input01.txt"", ""input02.txt"", ""input04.txt"", ""input05.txt"", ""input06.txt"", ""input08.txt"", ""input09.txt"", ""input11.txt"", ""input20.txt"", ""input21.txt""]","[""input03.txt"", ""input07.txt"", ""input10.txt"", ""input12.txt"", ""input13.txt"", ""input14.txt"", ""input15.txt"", ""input16.txt"", ""input17.txt"", ""input18.txt"", ""input19.txt""]",[],[],1.589554,0.072252,0.330579
gigel-si-telefonul,1378142928,user_0102,22.5,cpp,unknown,1378145191,0.0,0.82422,0.95,0.342266,0.336229,0.006037,low,22,11,11,50.0,11,0,0,False,"[""input00.txt"", ""input01.txt"", ""input02.txt"", ""input04.txt"", ""input05.txt"", ""input06.txt"", ""input08.txt"", ""input09.txt"", ""input11.txt"", ""input20.txt"", ""input21.txt""]","[""input03.txt"", ""input07.txt"", ""input10.txt"", ""input12.txt"", ""input13.txt"", ""input14.txt"", ""input15.txt"", ""input16.txt"", ""input17.txt"", ""input18.txt"", ""input19.txt""]",[],[],1.775993,0.080727,0.388774
gigel-si-telefonul,1378145122,user_0180,22.5,cpp,dynamic_programming,1378145191,0.983051,0.996181,0.95,0.983685,0.290022,0.693663,high,22,11,11,50.0,11,0,0,False,"[""input00.txt"", ""input01.txt"", ""input02.txt"", ""input04.txt"", ""input05.txt"", ""input06.txt"", ""input08.txt"", ""input09.txt"", ""input11.txt"", ""input20.txt"", ""input21.txt""]","[""input03.txt"", ""input07.txt"", ""input10.txt"", ""input12.txt"", ""input13.txt"", ""input14.txt"", ""input15.txt"", ""input16.txt"", ""input17.txt"", ""input18.txt"", ""input19.txt""]",[],[],2.057175,0.093508,0.427282
gigel-si-telefonul,1378159495,user_0106,22.5,cpp,unknown,1344719237,0.0,0.910236,0.6,0.333071,0.327954,0.005116,low,22,11,11,50.0,11,0,0,False,"[""input00.txt"", ""input01.txt"", ""input02.txt"", ""input04.txt"", ""input05.txt"", ""input06.txt"", ""input08.txt"", ""input09.txt"", ""input11.txt"", ""input20.txt"", ""input21.txt""]","[""input03.txt"", ""input07.txt"", ""input10.txt"", ""input12.txt"", ""input13.txt"", ""input14.txt"", ""input15.txt"", ""input16.txt"", ""input17.txt"", ""input18.txt"", ""input19.txt""]",[],[],2.751445,0.125066,0.408362
gigel-si-telefonul,1391685724,user_0177,22.5,cpp,unknown,1344719237,0.0,0.911102,0.6,0.333331,0.325299,0.008031,low,22,11,11,50.0,11,0,0,False,"[""input00.txt"", ""input01.txt"", ""input02.txt"", ""input04.txt"", ""input05.txt"", ""input06.txt"", ""input08.txt"", ""input09.txt"", ""input11.txt"", ""input20.txt"", ""input21.txt""]","[""input03.txt"", ""input07.txt"", ""input10.txt"", ""input12.txt"", ""input13.txt"", ""input14.txt"", ""input15.txt"", ""input16.txt"", ""input17.txt"", ""input18.txt"", ""input19.txt""]",[],[],1.834711,0.083396,0.404632
gigel-si-telefonul,1391778985,user_0152,22.5,cpp,unknown,1378145191,0.0,0.934603,0.95,0.375381,0.312863,0.062518,low,22,11,11,50.0,11,0,0,False,"[""input00.txt"", ""input01.txt"", ""input02.txt"", ""input04.txt"", ""input05.txt"", ""input06.txt"", ""input08.txt"", ""input09.txt"", ""input11.txt"", ""input19.txt"", ""input20.txt""]","[""input03.txt"", ""input07.txt"", ""input10.txt"", ""input12.txt"", ""input13.txt"", ""input14.txt"", ""input15.txt"", ""input16.txt"", ""input17.txt"", ""input18.txt"", ""input21.txt""]",[],[],2.475013,0.112501,0.404891
gigel-si-telefonul,1391863583,user_0076,22.5,cpp,unknown,1344719237,0.0,0.915854,0.6,0.334756,0.333208,0.001548,low,22,11,11,50.0,11,0,0,False,"[""input00.txt"", ""input01.txt"", ""input02.txt"", ""input04.txt"", ""input05.txt"", ""input06.txt"", ""input08.txt"", ""input09.txt"", ""input11.txt"", ""input20.txt"", ""input21.txt""]","[""input03.txt"", ""input07.txt"", ""input10.txt"", ""input12.txt"", ""input13.txt"", ""input14.txt"", ""input15.txt"", ""input16.txt"", ""input17.txt"", ""input18.txt"", ""input19.txt""]",[],[],1.651479,0.075067,0.303845
gigel-si-telefonul,1391931169,user_0069,22.5,cpp,unknown,1378145191,0.0,0.896533,0.95,0.36396,0.312078,0.051882,low,22,11,11,50.0,11,0,0,False,"[""input00.txt"", ""input01.txt"", ""input02.txt"", ""input04.txt"", ""input05.txt"", ""input06.txt"", ""input08.txt"", ""input09.txt"", ""input11.txt"", ""input20.txt"", ""input21.txt""]","[""input03.txt"", ""input07.txt"", ""input10.txt"", ""input12.txt"", ""input13.txt"", ""input14.txt"", ""input15.txt"", ""input16.txt"", ""input17.txt"", ""input18.txt"", ""input19.txt""]",[],[],1.995944,0.090725,0.301605
gigel-si-telefonul,1391931719,user_0069,22.5,cpp,unknown,1378145191,0.0,0.890782,0.95,0.362235,0.310815,0.05142,low,22,11,11,50.0,11,0,0,False,"[""input00.txt"", ""input01.txt"", ""input02.txt"", ""input04.txt"", ""input05.txt"", ""input06.txt"", ""input08.txt"", ""input09.txt"", ""input11.txt"", ""input20.txt"", ""input21.txt""]","[""input03.txt"", ""input07.txt"", ""input10.txt"", ""input12.txt"", ""input13.txt"", ""input14.txt"", ""input15.txt"", ""input16.txt"", ""input17.txt"", ""input18.txt"", ""input19.txt""]",[],[],1.983927,0.090179,0.322965
gigel-si-telefonul,1391936216,user_0168,22.5,cpp,unknown,1378145191,0.0,0.821792,0.95,0.341538,0.336525,0.005012,low,22,11,11,50.0,11,0,0,False,"[""input00.txt"", ""input01.txt"", ""input02.txt"", ""input04.txt"", ""input05.txt"", ""input06.txt"", ""input08.txt"", ""input09.txt"", ""input11.txt"", ""input20.txt"", ""input21.txt""]","[""input03.txt"", ""input07.txt"", ""input10.txt"", ""input12.txt"", ""input13.txt"", ""input14.txt"", ""input15.txt"", ""input16.txt"", ""input17.txt"", ""input18.txt"", ""input19.txt""]",[],[],3.067114,0.139414,0.408474
gigel-si-telefonul,1408347418,user_0146,22.5,cpp,unknown,1378145191,0.0,0.85279,0.95,0.350837,0.319669,0.031168,low,22,11,11,50.0,11,0,0,False,"[""input00.txt"", ""input01.txt"", ""input02.txt"", ""input04.txt"", ""input05.txt"", ""input06.txt"", ""input08.txt"", ""input09.txt"", ""input11.txt"", ""input20.txt"", ""input21.txt""]","[""input03.txt"", ""input07.txt"", ""input10.txt"", ""input12.txt"", ""input13.txt"", ""input14.txt"", ""input15.txt"", ""input16.txt"", ""input17.txt"", ""input18.txt"", ""input19.txt""]",[],[],1.846677,0.08394,0.328905
gigel-si-telefonul,1408435329,user_0093,22.5,cpp,unknown,1344719237,0.0,0.837674,0.6,0.311302,0.291791,0.019511,low,22,11,11,50.0,11,0,0,False,"[""input00.txt"", ""input01.txt"", ""input02.txt"", ""input04.txt"", ""input05.txt"", ""input06.txt"", ""input08.txt"", ""input09.txt"", ""input11.txt"", ""input20.txt"", ""input21.txt""]","[""input03.txt"", ""input07.txt"", ""input10.txt"", ""input12.txt"", ""input13.txt"", ""input14.txt"", ""input15.txt"", ""input16.txt"", ""input17.txt"", ""input18.txt"", ""input19.txt""]",[],[],1.938863,0.08813,0.250756
gigel-si-telefonul,1408486016,user_0079,22.5,cpp,unknown,1378145191,0.0,0.93799,0.95,0.376397,0.30177,0.074627,low,22,11,11,50.0,11,0,0,False,"[""input00.txt"", ""input01.txt"", ""input02.txt"", ""input04.txt"", ""input05.txt"", ""input06.txt"", ""input08.txt"", ""input09.txt"", ""input11.txt"", ""input20.txt"", ""input21.txt""]","[""input03.txt"", ""input07.txt"", ""input10.txt"", ""input12.txt"", ""input13.txt"", ""input14.txt"", ""input15.txt"", ""input16.txt"", ""input17.txt"", ""input18.txt"", ""input19.txt""]",[],[],1.843029,0.083774,0.362227
gigel-si-telefonul,1408490867,user_0113,22.5,cpp,unknown,1378145191,0.0,0.845184,0.95,0.348555,0.338492,0.010063,low,22,11,11,50.0,11,0,0,False,"[""input00.txt"", ""input01.txt"", ""input02.txt"", ""input04.txt"", ""input05.txt"", ""input06.txt"", ""input08.txt"", ""input09.txt"", ""input11.txt"", ""input20.txt"", ""input21.txt""]","[""input03.txt"", ""input07.txt"", ""input10.txt"", ""input12.txt"", ""input13.txt"", ""input14.txt"", ""input15.txt"", ""input16.txt"", ""input17.txt"", ""input18.txt"", ""input19.txt""]",[],[],1.743783,0.079263,0.362834
gigel-si-telefonul,1408490895,user_0113,22.5,cpp,unknown,1378145191,0.0,0.845184,0.95,0.348555,0.338492,0.010063,low,22,11,11,50.0,11,0,0,False,"[""input00.txt"", ""input01.txt"", ""input02.txt"", ""input04.txt"", ""input05.txt"", ""input06.txt"", ""input08.txt"", ""input09.txt"", ""input11.txt"", ""input20.txt"", ""input21.txt""]","[""input03.txt"", ""input07.txt"", ""input10.txt"", ""input12.txt"", ""input13.txt"", ""input14.txt"", ""input15.txt"", ""input16.txt"", ""input17.txt"", ""input18.txt"", ""input19.txt""]",[],[],1.638444,0.074475,0.294929
gigel-si-telefonul,1408525900,user_0110,22.5,cpp,unknown,1344719237,0.0,0.933464,0.6,0.340039,0.321647,0.018392,low,22,11,11,50.0,11,0,0,False,"[""input00.txt"", ""input01.txt"", ""input02.txt"", ""input04.txt"", ""input05.txt"", ""input06.txt"", ""input08.txt"", ""input09.txt"", ""input11.txt"", ""input20.txt"", ""input21.txt""]","[""input03.txt"", ""input07.txt"", ""input10.txt"", ""input12.txt"", ""input13.txt"", ""input14.txt"", ""input15.txt"", ""input16.txt"", ""input17.txt"", ""input18.txt"", ""input19.txt""]",[],[],1.6859,0.076632,0.395628
gigel-si-telefonul,1408525956,user_0110,22.5,cpp,unknown,1344719237,0.0,0.921799,0.6,0.33654,0.313629,0.022911,low,22,11,11,50.0,11,0,0,False,"[""input00.txt"", ""input01.txt"", ""input02.txt"", ""input04.txt"", ""input05.txt"", ""input06.txt"", ""input08.txt"", ""input09.txt"", ""input11.txt"", ""input20.txt"", ""input21.txt""]","[""input03.txt"", ""input07.txt"", ""input10.txt"", ""input12.txt"", ""input13.txt"", ""input14.txt"", ""input15.txt"", ""input16.txt"", ""input17.txt"", ""input18.txt"", ""input19.txt""]",[],[],1.494941,0.067952,0.30092
gigel-si-telefonul,1408526002,user_0110,22.5,cpp,unknown,1344719237,0.0,0.921631,0.6,0.336489,0.313514,0.022975,low,22,11,11,50.0,11,0,0,False,"[""input00.txt"", ""input01.txt"", ""input02.txt"", ""input04.txt"", ""input05.txt"", ""input06.txt"", ""input08.txt"", ""input09.txt"", ""input11.txt"", ""input20.txt"", ""input21.txt""]","[""input03.txt"", ""input07.txt"", ""input10.txt"", ""input12.txt"", ""input13.txt"", ""input14.txt"", ""input15.txt"", ""input16.txt"", ""input17.txt"", ""input18.txt"", ""input19.txt""]",[],[],1.455067,0.066139,0.269923
gigel-si-telefonul,1408526498,user_0170,22.5,cpp,dynamic_programming,1408559415,0.373626,0.990432,0.55,0.576306,0.277543,0.298762,medium,22,11,11,50.0,11,0,0,False,"[""input00.txt"", ""input01.txt"", ""input04.txt"", ""input05.txt"", ""input06.txt"", ""input08.txt"", ""input09.txt"", ""input11.txt"", ""input19.txt"", ""input20.txt"", ""input21.txt""]","[""input02.txt"", ""input03.txt"", ""input07.txt"", ""input10.txt"", ""input12.txt"", ""input13.txt"", ""input14.txt"", ""input15.txt"", ""input16.txt"", ""input17.txt"", ""input18.txt""]",[],[],2.246536,0.102115,0.348042
gigel-si-telefonul,1408527632,user_0160,22.5,cpp,unknown,1344719237,0.0,0.930144,0.6,0.339043,0.329631,0.009413,low,22,11,11,50.0,11,0,0,False,"[""input00.txt"", ""input01.txt"", ""input02.txt"", ""input04.txt"", ""input05.txt"", ""input06.txt"", ""input08.txt"", ""input09.txt"", ""input11.txt"", ""input20.txt"", ""input21.txt""]","[""input03.txt"", ""input07.txt"", ""input10.txt"", ""input12.txt"", ""input13.txt"", ""input14.txt"", ""input15.txt"", ""input16.txt"", ""input17.txt"", ""input18.txt"", ""input19.txt""]",[],[],1.605209,0.072964,0.301499
gigel-si-telefonul,1408571473,user_0144,22.5,cpp,unknown,1344719237,0.0,0.952399,0.6,0.34572,0.338595,0.007125,low,22,11,11,50.0,11,0,0,False,"[""input00.txt"", ""input01.txt"", ""input02.txt"", ""input04.txt"", ""input05.txt"", ""input06.txt"", ""input08.txt"", ""input09.txt"", ""input11.txt"", ""input20.txt"", ""input21.txt""]","[""input03.txt"", ""input07.txt"", ""input10.txt"", ""input12.txt"", ""input13.txt"", ""input14.txt"", ""input15.txt"", ""input16.txt"", ""input17.txt"", ""input18.txt"", ""input19.txt""]",[],[],1.891768,0.085989,0.393269
gigel-si-telefonul,1314235933,user_0172,25.0,cpp,unknown,1378145191,0.0,0.863324,1.0,0.358997,0.300115,0.058882,low,22,12,10,54.55,10,0,0,False,"[""input00.txt"", ""input01.txt"", ""input02.txt"", ""input04.txt"", ""input05.txt"", ""input06.txt"", ""input08.txt"", ""input09.txt"", ""input11.txt"", ""input19.txt"", ""input20.txt"", ""input21.txt""]","[""input03.txt"", ""input07.txt"", ""input10.txt"", ""input12.txt"", ""input13.txt"", ""input14.txt"", ""input15.txt"", ""input16.txt"", ""input17.txt"", ""input18.txt""]",[],[],2.318091,0.105368,0.470984
gigel-si-telefonul,1314236040,user_0140,25.0,java,dynamic_programming,1314236793,0.468468,0.936862,0.5,0.61214,0.0,0.61214,medium,22,12,10,54.55,10,0,0,False,"[""input00.txt"", ""input01.txt"", ""input02.txt"", ""input04.txt"", ""input05.txt"", ""input06.txt"", ""input08.txt"", ""input09.txt"", ""input11.txt"", ""input19.txt"", ""input20.txt"", ""input21.txt""]","[""input03.txt"", ""input07.txt"", ""input10.txt"", ""input12.txt"", ""input13.txt"", ""input14.txt"", ""input15.txt"", ""input16.txt"", ""input17.txt"", ""input18.txt""]",[],[],2.570955,0.116862,0.126194
gigel-si-telefonul,1314236684,user_0015,25.0,java,dynamic_programming,1314236793,0.462222,0.919842,0.5,0.603286,0.0,0.603286,medium,22,12,10,54.55,10,0,0,False,"[""input00.txt"", ""input01.txt"", ""input02.txt"", ""input04.txt"", ""input05.txt"", ""input06.txt"", ""input08.txt"", ""input09.txt"", ""input11.txt"", ""input19.txt"", ""input20.txt"", ""input21.txt""]","[""input03.txt"", ""input07.txt"", ""input10.txt"", ""input12.txt"", ""input13.txt"", ""input14.txt"", ""input15.txt"", ""input16.txt"", ""input17.txt"", ""input18.txt""]",[],[],3.298431,0.149929,0.458721
gigel-si-telefonul,1314236785,user_0015,25.0,java,dynamic_programming,1314236793,0.583333,0.998988,0.5,0.699696,0.0,0.699696,medium,22,12,10,54.55,10,0,0,False,"[""input00.txt"", ""input01.txt"", ""input02.txt"", ""input04.txt"", ""input05.txt"", ""input06.txt"", ""input08.txt"", ""input09.txt"", ""input11.txt"", ""input19.txt"", ""input20.txt"", ""input21.txt""]","[""input03.txt"", ""input07.txt"", ""input10.txt"", ""input12.txt"", ""input13.txt"", ""input14.txt"", ""input15.txt"", ""input16.txt"", ""input17.txt"", ""input18.txt""]",[],[],3.753649,0.17062,0.288046
gigel-si-telefonul,1314237355,user_0179,25.0,cpp,unknown,1378145191,0.0,0.815007,1.0,0.344502,0.32746,0.017042,low,22,12,10,54.55,10,0,0,False,"[""input00.txt"", ""input01.txt"", ""input02.txt"", ""input04.txt"", ""input05.txt"", ""input06.txt"", ""input08.txt"", ""input09.txt"", ""input11.txt"", ""input19.txt"", ""input20.txt"", ""input21.txt""]","[""input03.txt"", ""input07.txt"", ""input10.txt"", ""input12.txt"", ""input13.txt"", ""input14.txt"", ""input15.txt"", ""input16.txt"", ""input17.txt"", ""input18.txt""]",[],[],1.848401,0.084018,0.331264
gigel-si-telefonul,1314237439,user_0058,25.0,java,dynamic_programming,1314236793,0.464286,0.986949,0.5,0.624656,0.0,0.624656,medium,22,12,10,54.55,10,0,0,False,"[""input00.txt"", ""input01.txt"", ""input02.txt"", ""input04.txt"", ""input05.txt"", ""input06.txt"", ""input08.txt"", ""input09.txt"", ""input11.txt"", ""input19.txt"", ""input20.txt"", ""input21.txt""]","[""input03.txt"", ""input07.txt"", ""input10.txt"", ""input12.txt"", ""input13.txt"", ""input14.txt"", ""input15.txt"", ""input16.txt"", ""input17.txt"", ""input18.txt""]",[],[],2.920779,0.132763,0.179592
gigel-si-telefonul,1314237704,user_0039,25.0,java,dynamic_programming,1314236793,0.497959,0.816221,0.5,0.593642,0.0,0.593642,medium,22,12,10,54.55,10,0,0,False,"[""input00.txt"", ""input01.txt"", ""input02.txt"", ""input04.txt"", ""input05.txt"", ""input06.txt"", ""input08.txt"", ""input09.txt"", ""input11.txt"", ""input19.txt"", ""input20.txt"", ""input21.txt""]","[""input03.txt"", ""input07.txt"", ""input10.txt"", ""input12.txt"", ""input13.txt"", ""input14.txt"", ""input15.txt"", ""input16.txt"", ""input17.txt"", ""input18.txt""]",[],[],3.061509,0.139159,0.187684
gigel-si-telefonul,1323386957,user_0003,25.0,cpp,unknown,1408559415,0.0,0.973141,0.6,0.351942,0.288602,0.06334,low,22,12,10,54.55,10,0,0,False,"[""input00.txt"", ""input01.txt"", ""input02.txt"", ""input04.txt"", ""input05.txt"", ""input06.txt"", ""input08.txt"", ""input09.txt"", ""input11.txt"", ""input19.txt"", ""input20.txt"", ""input21.txt""]","[""input03.txt"", ""input07.txt"", ""input10.txt"", ""input12.txt"", ""input13.txt"", ""input14.txt"", ""input15.txt"", ""input16.txt"", ""input17.txt"", ""input18.txt""]",[],[],1.619747,0.073625,0.154847
gigel-si-telefonul,1323387233,user_0003,25.0,cpp,unknown,1408559415,0.0,0.970486,0.6,0.351146,0.282795,0.068351,low,22,12,10,54.55,10,0,0,False,"[""input00.txt"", ""input01.txt"", ""input02.txt"", ""input04.txt"", ""input05.txt"", ""input06.txt"", ""input08.txt"", ""input09.txt"", ""input11.txt"", ""input19.txt"", ""input20.txt"", ""input21.txt""]","[""input03.txt"", ""input07.txt"", ""input10.txt"", ""input12.txt"", ""input13.txt"", ""input14.txt"", ""input15.txt"", ""input16.txt"", ""input17.txt"", ""input18.txt""]",[],[],2.059573,0.093617,0.341348
gigel-si-telefonul,1323404577,user_0114,25.0,java,dynamic_programming,1314236793,0.479263,0.894989,0.5,0.606054,0.0,0.606054,medium,22,12,10,54.55,10,0,0,False,"[""input00.txt"", ""input01.txt"", ""input02.txt"", ""input04.txt"", ""input05.txt"", ""input06.txt"", ""input08.txt"", ""input09.txt"", ""input11.txt"", ""input19.txt"", ""input20.txt"", ""input21.txt""]","[""input03.txt"", ""input07.txt"", ""input10.txt"", ""input12.txt"", ""input13.txt"", ""input14.txt"", ""input15.txt"", ""input16.txt"", ""input17.txt"", ""input18.txt""]",[],[],2.994941,0.136134,0.156182
gigel-si-telefonul,1323432495,user_0018,25.0,cpp,unknown,1344719237,0.0,0.834224,0.55,0.305267,0.304242,0.001025,low,22,12,10,54.55,10,0,0,False,"[""input00.txt"", ""input01.txt"", ""input02.txt"", ""input04.txt"", ""input05.txt"", ""input06.txt"", ""input08.txt"", ""input09.txt"", ""input11.txt"", ""input19.txt"", ""input20.txt"", ""input21.txt""]","[""input03.txt"", ""input07.txt"", ""input10.txt"", ""input12.txt"", ""input13.txt"", ""input14.txt"", ""input15.txt"", ""input16.txt"", ""input17.txt"", ""input18.txt""]",[],[],2.022634,0.091938,0.425207
gigel-si-telefonul,1323432586,user_0018,25.0,cpp,unknown,1344719237,0.0,0.90789,0.55,0.327367,0.321585,0.005781,low,22,12,10,54.55,10,0,0,False,"[""input00.txt"", ""input01.txt"", ""input02.txt"", ""input04.txt"", ""input05.txt"", ""input06.txt"", ""input08.txt"", ""input09.txt"", ""input11.txt"", ""input19.txt"", ""input20.txt"", ""input21.txt""]","[""input03.txt"", ""input07.txt"", ""input10.txt"", ""input12.txt"", ""input13.txt"", ""input14.txt"", ""input15.txt"", ""input16.txt"", ""input17.txt"", ""input18.txt""]",[],[],2.342391,0.106472,0.615631
gigel-si-telefonul,1323432665,user_0018,25.0,cpp,unknown,1344719237,0.0,0.916648,0.55,0.329994,0.323616,0.006379,low,22,12,10,54.55,10,0,0,False,"[""input00.txt"", ""input01.txt"", ""input02.txt"", ""input04.txt"", ""input05.txt"", ""input06.txt"", ""input08.txt"", ""input09.txt"", ""input11.txt"", ""input19.txt"", ""input20.txt"", ""input21.txt""]","[""input03.txt"", ""input07.txt"", ""input10.txt"", ""input12.txt"", ""input13.txt"", ""input14.txt"", ""input15.txt"", ""input16.txt"", ""input17.txt"", ""input18.txt""]",[],[],2.039331,0.092697,0.363575
gigel-si-telefonul,1323445074,user_0033,25.0,java,dynamic_programming,1314236793,0.472727,0.897799,0.5,0.602976,0.0,0.602976,medium,22,12,10,54.55,10,0,0,False,"[""input00.txt"", ""input01.txt"", ""input02.txt"", ""input04.txt"", ""input05.txt"", ""input06.txt"", ""input08.txt"", ""input09.txt"", ""input11.txt"", ""input19.txt"", ""input20.txt"", ""input21.txt""]","[""input03.txt"", ""input07.txt"", ""input10.txt"", ""input12.txt"", ""input13.txt"", ""input14.txt"", ""input15.txt"", ""input16.txt"", ""input17.txt"", ""input18.txt""]",[],[],2.305988,0.104818,0.170871
gigel-si-telefonul,1323446269,user_0003,25.0,cpp,unknown,1408559415,0.0,0.983509,0.6,0.355053,0.292427,0.062626,low,22,12,10,54.55,10,0,0,False,"[""input00.txt"", ""input01.txt"", ""input02.txt"", ""input04.txt"", ""input05.txt"", ""input06.txt"", ""input08.txt"", ""input09.txt"", ""input11.txt"", ""input19.txt"", ""input20.txt"", ""input21.txt""]","[""input03.txt"", ""input07.txt"", ""input10.txt"", ""input12.txt"", ""input13.txt"", ""input14.txt"", ""input15.txt"", ""input16.txt"", ""input17.txt"", ""input18.txt""]",[],[],4.733002,0.215136,0.48419
gigel-si-telefonul,1323446283,user_0003,25.0,cpp,unknown,1378145191,0.0,0.85928,1.0,0.357784,0.297035,0.060749,low,22,12,10,54.55,10,0,0,False,"[""input00.txt"", ""input01.txt"", ""input02.txt"", ""input04.txt"", ""input05.txt"", ""input06.txt"", ""input08.txt"", ""input09.txt"", ""input11.txt"", ""input19.txt"", ""input20.txt"", ""input21.txt""]","[""input03.txt"", ""input07.txt"", ""input10.txt"", ""input12.txt"", ""input13.txt"", ""input14.txt"", ""input15.txt"", ""input16.txt"", ""input17.txt"", ""input18.txt""]",[],[],5.973951,0.271543,0.637385
gigel-si-telefonul,1323453010,user_0054,25.0,java,dynamic_programming,1314236793,0.417671,0.872137,0.5,0.562244,0.0,0.562244,medium,22,12,10,54.55,10,0,0,False,"[""input00.txt"", ""input01.txt"", ""input02.txt"", ""input04.txt"", ""input05.txt"", ""input06.txt"", ""input08.txt"", ""input09.txt"", ""input11.txt"", ""input19.txt"", ""input20.txt"", ""input21.txt""]","[""input03.txt"", ""input07.txt"", ""input10.txt"", ""input12.txt"", ""input13.txt"", ""input14.txt"", ""input15.txt"", ""input16.txt"", ""input17.txt"", ""input18.txt""]",[],[],3.610801,0.164127,0.290797
gigel-si-telefonul,1323456041,user_0034,25.0,cpp,dynamic_programming,1408559415,0.571429,0.781733,0.6,0.637377,0.324708,0.312669,medium,22,12,10,54.55,10,0,0,False,"[""input00.txt"", ""input01.txt"", ""input02.txt"", ""input04.txt"", ""input05.txt"", ""input06.txt"", ""input08.txt"", ""input09.txt"", ""input11.txt"", ""input19.txt"", ""input20.txt"", ""input21.txt""]","[""input03.txt"", ""input07.txt"", ""input10.txt"", ""input12.txt"", ""input13.txt"", ""input14.txt"", ""input15.txt"", ""input16.txt"", ""input17.txt"", ""input18.txt""]",[],[],1.643818,0.074719,0.303346
gigel-si-telefonul,1331760951,user_0084,25.0,cpp,unknown,1359951515,0.305882,0.861294,0.5,0.491918,0.293635,0.198283,low,22,12,10,54.55,10,0,0,False,"[""input00.txt"", ""input01.txt"", ""input02.txt"", ""input04.txt"", ""input05.txt"", ""input06.txt"", ""input08.txt"", ""input09.txt"", ""input11.txt"", ""input19.txt"", ""input20.txt"", ""input21.txt""]","[""input03.txt"", ""input07.txt"", ""input10.txt"", ""input12.txt"", ""input13.txt"", ""input14.txt"", ""input15.txt"", ""input16.txt"", ""input17.txt"", ""input18.txt""]",[],[],4.236388,0.192563,0.664971
gigel-si-telefonul,1332180294,user_0045,25.0,cpp,unknown,1378145191,0.0,0.88916,1.0,0.366748,0.317952,0.048796,low,22,12,10,54.55,9,1,0,False,"[""input00.txt"", ""input01.txt"", ""input02.txt"", ""input04.txt"", ""input05.txt"", ""input06.txt"", ""input08.txt"", ""input09.txt"", ""input11.txt"", ""input19.txt"", ""input20.txt"", ""input21.txt""]","[""input03.txt"", ""input07.txt"", ""input10.txt"", ""input12.txt"", ""input13.txt"", ""input14.txt"", ""input15.txt"", ""input16.txt"", ""input17.txt"", ""input18.txt""]","[""input03.txt""]",[],5.200048,0.236366,3.0
gigel-si-telefonul,1332321524,user_0009,25.0,java,dynamic_programming,1314236793,0.431535,0.867678,0.5,0.569225,0.0,0.569225,medium,22,12,10,54.55,10,0,0,False,"[""input00.txt"", ""input01.txt"", ""input02.txt"", ""input04.txt"", ""input05.txt"", ""input06.txt"", ""input08.txt"", ""input09.txt"", ""input11.txt"", ""input19.txt"", ""input20.txt"", ""input21.txt""]","[""input03.txt"", ""input07.txt"", ""input10.txt"", ""input12.txt"", ""input13.txt"", ""input14.txt"", ""input15.txt"", ""input16.txt"", ""input17.txt"", ""input18.txt""]",[],[],3.767302,0.171241,0.331705
gigel-si-telefonul,1332755677,user_0019,25.0,cpp,unknown,1378145191,0.0,0.938971,1.0,0.381691,0.311465,0.070226,low,22,12,10,54.55,10,0,0,False,"[""input00.txt"", ""input01.txt"", ""input02.txt"", ""input04.txt"", ""input05.txt"", ""input06.txt"", ""input08.txt"", ""input09.txt"", ""input11.txt"", ""input19.txt"", ""input20.txt"", ""input21.txt""]","[""input03.txt"", ""input07.txt"", ""input10.txt"", ""input12.txt"", ""input13.txt"", ""input14.txt"", ""input15.txt"", ""input16.txt"", ""input17.txt"", ""input18.txt""]",[],[],1.535221,0.069783,0.230991
gigel-si-telefonul,1332755714,user_0049,25.0,cpp,unknown,1378145191,0.0,0.789391,1.0,0.336817,0.333806,0.003011,low,22,12,10,54.55,10,0,0,False,"[""input00.txt"", ""input01.txt"", ""input02.txt"", ""input04.txt"", ""input05.txt"", ""input06.txt"", ""input08.txt"", ""input09.txt"", ""input11.txt"", ""input19.txt"", ""input20.txt"", ""input21.txt""]","[""input03.txt"", ""input07.txt"", ""input10.txt"", ""input12.txt"", ""input13.txt"", ""input14.txt"", ""input15.txt"", ""input16.txt"", ""input17.txt"", ""input18.txt""]",[],[],1.658936,0.075406,0.320595
gigel-si-telefonul,1332756021,user_0019,25.0,cpp,unknown,1378145191,0.0,0.945792,1.0,0.383738,0.303602,0.080136,low,22,12,10,54.55,10,0,0,False,"[""input00.txt"", ""input01.txt"", ""input02.txt"", ""input04.txt"", ""input05.txt"", ""input06.txt"", ""input08.txt"", ""input09.txt"", ""input11.txt"", ""input19.txt"", ""input20.txt"", ""input21.txt""]","[""input03.txt"", ""input07.txt"", ""input10.txt"", ""input12.txt"", ""input13.txt"", ""input14.txt"", ""input15.txt"", ""input16.txt"", ""input17.txt"", ""input18.txt""]",[],[],1.850093,0.084095,0.417955
gigel-si-telefonul,1332756043,user_0019,25.0,cpp,unknown,1378145191,0.0,0.949391,1.0,0.384817,0.304419,0.080398,low,22,12,10,54.55,10,0,0,False,"[""input00.txt"", ""input01.txt"", ""input02.txt"", ""input04.txt"", ""input05.txt"", ""input06.txt"", ""input08.txt"", ""input09.txt"", ""input11.txt"", ""input19.txt"", ""input20.txt"", ""input21.txt""]","[""input03.txt"", ""input07.txt"", ""input10.txt"", ""input12.txt"", ""input13.txt"", ""input14.txt"", ""input15.txt"", ""input16.txt"", ""input17.txt"", ""input18.txt""]",[],[],1.75669,0.07985,0.311498
gigel-si-telefonul,1332756171,user_0049,25.0,cpp,unknown,1378145191,0.0,0.779682,1.0,0.333905,0.332474,0.001431,low,22,12,10,54.55,10,0,0,False,"[""input00.txt"", ""input01.txt"", ""input02.txt"", ""input04.txt"", ""input05.txt"", ""input06.txt"", ""input08.txt"", ""input09.txt"", ""input11.txt"", ""input19.txt"", ""input20.txt"", ""input21.txt""]","[""input03.txt"", ""input07.txt"", ""input10.txt"", ""input12.txt"", ""input13.txt"", ""input14.txt"", ""input15.txt"", ""input16.txt"", ""input17.txt"", ""input18.txt""]",[],[],1.67344,0.076065,0.302589
gigel-si-telefonul,1342820510,user_0038,25.0,cpp,unknown,1378145191,0.0,0.747214,1.0,0.324164,0.312312,0.011853,low,22,12,10,54.55,10,0,0,False,"[""input00.txt"", ""input01.txt"", ""input02.txt"", ""input04.txt"", ""input05.txt"", ""input06.txt"", ""input08.txt"", ""input09.txt"", ""input11.txt"", ""input15.txt"", ""input17.txt"", ""input20.txt""]","[""input03.txt"", ""input07.txt"", ""input10.txt"", ""input12.txt"", ""input13.txt"", ""input14.txt"", ""input16.txt"", ""input18.txt"", ""input19.txt"", ""input21.txt""]",[],[],1.992116,0.090551,0.452762
gigel-si-telefonul,1344346526,user_0022,25.0,cpp,unknown,1344719237,0.0,0.937783,0.55,0.336335,0.322243,0.014092,low,22,12,10,54.55,10,0,0,False,"[""input00.txt"", ""input01.txt"", ""input02.txt"", ""input04.txt"", ""input05.txt"", ""input06.txt"", ""input08.txt"", ""input09.txt"", ""input11.txt"", ""input19.txt"", ""input20.txt"", ""input21.txt""]","[""input03.txt"", ""input07.txt"", ""input10.txt"", ""input12.txt"", ""input13.txt"", ""input14.txt"", ""input15.txt"", ""input16.txt"", ""input17.txt"", ""input18.txt""]",[],[],1.796034,0.081638,0.271846
gigel-si-telefonul,1378145191,user_0180,25.0,cpp,dynamic_programming,1378145191,1.0,1.0,1.0,1.0,1.0,0.0,reference,22,12,10,54.55,10,0,0,False,"[""input00.txt"", ""input01.txt"", ""input02.txt"", ""input04.txt"", ""input05.txt"", ""input06.txt"", ""input08.txt"", ""input09.txt"", ""input11.txt"", ""input19.txt"", ""input20.txt"", ""input21.txt""]","[""input03.txt"", ""input07.txt"", ""input10.txt"", ""input12.txt"", ""input13.txt"", ""input14.txt"", ""input15.txt"", ""input16.txt"", ""input17.txt"", ""input18.txt""]",[],[],1.848796,0.084036,0.242172
gigel-si-telefonul,1378157223,user_0100,25.0,cpp,unknown,1378145191,0.0,0.938207,1.0,0.381462,0.301105,0.080358,low,22,12,10,54.55,10,0,0,False,"[""input00.txt"", ""input01.txt"", ""input02.txt"", ""input04.txt"", ""input05.txt"", ""input06.txt"", ""input08.txt"", ""input09.txt"", ""input11.txt"", ""input19.txt"", ""input20.txt"", ""input21.txt""]","[""input03.txt"", ""input07.txt"", ""input10.txt"", ""input12.txt"", ""input13.txt"", ""input14.txt"", ""input15.txt"", ""input16.txt"", ""input17.txt"", ""input18.txt""]",[],[],1.814267,0.082467,0.326102
gigel-si-telefonul,1378157514,user_0103,25.0,cpp,unknown,1378145191,0.0,0.791378,1.0,0.337413,0.334747,0.002667,low,22,12,10,54.55,10,0,0,False,"[""input00.txt"", ""input01.txt"", ""input02.txt"", ""input04.txt"", ""input05.txt"", ""input06.txt"", ""input08.txt"", ""input09.txt"", ""input11.txt"", ""input19.txt"", ""input20.txt"", ""input21.txt""]","[""input03.txt"", ""input07.txt"", ""input10.txt"", ""input12.txt"", ""input13.txt"", ""input14.txt"", ""input15.txt"", ""input16.txt"", ""input17.txt"", ""input18.txt""]",[],[],1.698762,0.077216,0.329657
gigel-si-telefonul,1378159834,user_0106,25.0,cpp,unknown,1344719237,0.0,0.910101,0.55,0.32803,0.325825,0.002206,low,22,12,10,54.55,0,10,0,False,"[""input00.txt"", ""input01.txt"", ""input02.txt"", ""input04.txt"", ""input05.txt"", ""input06.txt"", ""input08.txt"", ""input09.txt"", ""input11.txt"", ""input19.txt"", ""input20.txt"", ""input21.txt""]","[""input03.txt"", ""input07.txt"", ""input10.txt"", ""input12.txt"", ""input13.txt"", ""input14.txt"", ""input15.txt"", ""input16.txt"", ""input17.txt"", ""input18.txt""]","[""input03.txt"", ""input07.txt"", ""input10.txt"", ""input12.txt"", ""input13.txt"", ""input14.txt"", ""input15.txt"", ""input16.txt"", ""input17.txt"", ""input18.txt""]",[],31.700223,1.440919,3.0
gigel-si-telefonul,1391802530,user_0068,25.0,cpp,dynamic_programming,1378145191,0.631579,0.976077,1.0,0.771771,0.29379,0.477981,high,22,12,10,54.55,10,0,0,False,"[""input00.txt"", ""input01.txt"", ""input02.txt"", ""input04.txt"", ""input05.txt"", ""input06.txt"", ""input08.txt"", ""input09.txt"", ""input11.txt"", ""input19.txt"", ""input20.txt"", ""input21.txt""]","[""input03.txt"", ""input07.txt"", ""input10.txt"", ""input12.txt"", ""input13.txt"", ""input14.txt"", ""input15.txt"", ""input16.txt"", ""input17.txt"", ""input18.txt""]",[],[],2.763677,0.125622,0.809099
gigel-si-telefonul,1391836330,user_0099,25.0,cpp,unknown,1378145191,0.0,0.89731,1.0,0.369193,0.304764,0.064429,low,0,0,0,0.0,0,0,0,True,[],[],[],[],0.0,0.0,0.0
gigel-si-telefonul,1391863884,user_0076,25.0,cpp,unknown,1344719237,0.0,0.901301,0.55,0.32539,0.306431,0.01896,low,22,12,10,54.55,10,0,0,False,"[""input00.txt"", ""input01.txt"", ""input02.txt"", ""input04.txt"", ""input05.txt"", ""input06.txt"", ""input08.txt"", ""input09.txt"", ""input11.txt"", ""input19.txt"", ""input20.txt"", ""input21.txt""]","[""input03.txt"", ""input07.txt"", ""input10.txt"", ""input12.txt"", ""input13.txt"", ""input14.txt"", ""input15.txt"", ""input16.txt"", ""input17.txt"", ""input18.txt""]",[],[],1.720422,0.078201,0.318389
gigel-si-telefonul,1391863997,user_0083,25.0,cpp,unknown,1378145191,0.0,0.83912,1.0,0.351736,0.337791,0.013945,low,22,12,10,54.55,10,0,0,False,"[""input00.txt"", ""input01.txt"", ""input02.txt"", ""input04.txt"", ""input05.txt"", ""input06.txt"", ""input08.txt"", ""input09.txt"", ""input11.txt"", ""input19.txt"", ""input20.txt"", ""input21.txt""]","[""input03.txt"", ""input07.txt"", ""input10.txt"", ""input12.txt"", ""input13.txt"", ""input14.txt"", ""input15.txt"", ""input16.txt"", ""input17.txt"", ""input18.txt""]",[],[],1.440901,0.065495,0.210905
gigel-si-telefonul,1391864011,user_0083,25.0,cpp,unknown,1378145191,0.0,0.951414,1.0,0.385424,0.295507,0.089917,low,22,12,10,54.55,10,0,0,False,"[""input00.txt"", ""input01.txt"", ""input02.txt"", ""input04.txt"", ""input05.txt"", ""input06.txt"", ""input08.txt"", ""input09.txt"", ""input11.txt"", ""input19.txt"", ""input20.txt"", ""input21.txt""]","[""input03.txt"", ""input07.txt"", ""input10.txt"", ""input12.txt"", ""input13.txt"", ""input14.txt"", ""input15.txt"", ""input16.txt"", ""input17.txt"", ""input18.txt""]",[],[],1.339019,0.060864,0.180091
gigel-si-telefonul,1391864055,user_0076,25.0,cpp,dynamic_programming,1378145191,0.464286,0.957467,1.0,0.665811,0.298801,0.36701,medium,22,12,10,54.55,10,0,0,False,"[""input00.txt"", ""input01.txt"", ""input02.txt"", ""input04.txt"", ""input05.txt"", ""input06.txt"", ""input08.txt"", ""input09.txt"", ""input11.txt"", ""input19.txt"", ""input20.txt"", ""input21.txt""]","[""input03.txt"", ""input07.txt"", ""input10.txt"", ""input12.txt"", ""input13.txt"", ""input14.txt"", ""input15.txt"", ""input16.txt"", ""input17.txt"", ""input18.txt""]",[],[],1.468325,0.066742,0.219253
gigel-si-telefonul,1391864073,user_0076,25.0,cpp,dynamic_programming,1378145191,0.45614,0.941174,1.0,0.656036,0.300805,0.355231,medium,22,12,10,54.55,10,0,0,False,"[""input00.txt"", ""input01.txt"", ""input02.txt"", ""input04.txt"", ""input05.txt"", ""input06.txt"", ""input08.txt"", ""input09.txt"", ""input11.txt"", ""input19.txt"", ""input20.txt"", ""input21.txt""]","[""input03.txt"", ""input07.txt"", ""input10.txt"", ""input12.txt"", ""input13.txt"", ""input14.txt"", ""input15.txt"", ""input16.txt"", ""input17.txt"", ""input18.txt""]",[],[],1.329298,0.060423,0.206127
gigel-si-telefonul,1391864074,user_0083,25.0,cpp,unknown,1378145191,0.0,0.950769,1.0,0.385231,0.294889,0.090342,low,22,12,10,54.55,10,0,0,False,"[""input00.txt"", ""input01.txt"", ""input02.txt"", ""input04.txt"", ""input05.txt"", ""input06.txt"", ""input08.txt"", ""input09.txt"", ""input11.txt"", ""input19.txt"", ""input20.txt"", ""input21.txt""]","[""input03.txt"", ""input07.txt"", ""input10.txt"", ""input12.txt"", ""input13.txt"", ""input14.txt"", ""input15.txt"", ""input16.txt"", ""input17.txt"", ""input18.txt""]",[],[],1.799736,0.081806,0.25663
gigel-si-telefonul,1391905984,user_0176,25.0,cpp,unknown,1344719237,0.0,0.952128,0.55,0.340639,0.340591,4.8e-05,low,22,12,10,54.55,10,0,0,False,"[""input00.txt"", ""input01.txt"", ""input02.txt"", ""input04.txt"", ""input05.txt"", ""input06.txt"", ""input08.txt"", ""input09.txt"", ""input11.txt"", ""input19.txt"", ""input20.txt"", ""input21.txt""]","[""input03.txt"", ""input07.txt"", ""input10.txt"", ""input12.txt"", ""input13.txt"", ""input14.txt"", ""input15.txt"", ""input16.txt"", ""input17.txt"", ""input18.txt""]",[],[],1.703391,0.077427,0.337721
gigel-si-telefonul,1391995587,user_0128,25.0,java,dynamic_programming,1314236793,0.488263,0.900793,0.5,0.613196,0.0,0.613196,medium,22,12,10,54.55,10,0,0,False,"[""input00.txt"", ""input01.txt"", ""input02.txt"", ""input04.txt"", ""input05.txt"", ""input06.txt"", ""input08.txt"", ""input09.txt"", ""input11.txt"", ""input19.txt"", ""input20.txt"", ""input21.txt""]","[""input03.txt"", ""input07.txt"", ""input10.txt"", ""input12.txt"", ""input13.txt"", ""input14.txt"", ""input15.txt"", ""input16.txt"", ""input17.txt"", ""input18.txt""]",[],[],3.491621,0.15871,0.298245
gigel-si-telefonul,1391995799,user_0128,25.0,java,dynamic_programming,1314236793,0.488263,0.901052,0.5,0.613273,0.0,0.613273,medium,22,12,10,54.55,10,0,0,False,"[""input00.txt"", ""input01.txt"", ""input02.txt"", ""input04.txt"", ""input05.txt"", ""input06.txt"", ""input08.txt"", ""input09.txt"", ""input11.txt"", ""input19.txt"", ""input20.txt"", ""input21.txt""]","[""input03.txt"", ""input07.txt"", ""input10.txt"", ""input12.txt"", ""input13.txt"", ""input14.txt"", ""input15.txt"", ""input16.txt"", ""input17.txt"", ""input18.txt""]",[],[],3.470422,0.157746,0.276865
gigel-si-telefonul,1408435063,user_0093,25.0,cpp,unknown,1344719237,0.0,0.811306,0.55,0.298392,0.290232,0.008159,low,22,12,10,54.55,10,0,0,False,"[""input00.txt"", ""input01.txt"", ""input02.txt"", ""input04.txt"", ""input05.txt"", ""input06.txt"", ""input08.txt"", ""input09.txt"", ""input11.txt"", ""input19.txt"", ""input20.txt"", ""input21.txt""]","[""input03.txt"", ""input07.txt"", ""input10.txt"", ""input12.txt"", ""input13.txt"", ""input14.txt"", ""input15.txt"", ""input16.txt"", ""input17.txt"", ""input18.txt""]",[],[],2.171943,0.098725,0.222057
gigel-si-telefonul,1408435214,user_0093,25.0,cpp,unknown,1378145191,0.0,0.689266,1.0,0.30678,0.306538,0.000242,low,22,0,22,0.0,22,0,0,False,[],"[""input00.txt"", ""input01.txt"", ""input02.txt"", ""input03.txt"", ""input04.txt"", ""input05.txt"", ""input06.txt"", ""input07.txt"", ""input08.txt"", ""input09.txt"", ""input10.txt"", ""input11.txt"", ""input12.txt"", ""input13.txt"", ""input14.txt"", ""input15.txt"", ""input16.txt"", ""input17.txt"", ""input18.txt"", ""input19.txt"", ""input20.txt"", ""input21.txt""]",[],[],1.978066,0.089912,0.27629
gigel-si-telefonul,1408462843,user_0139,25.0,cpp,dynamic_programming,1408462797,0.733333,0.996287,0.55,0.793886,0.30509,0.488796,high,22,0,22,0.0,22,0,0,False,[],"[""input00.txt"", ""input01.txt"", ""input02.txt"", ""input03.txt"", ""input04.txt"", ""input05.txt"", ""input06.txt"", ""input07.txt"", ""input08.txt"", ""input09.txt"", ""input10.txt"", ""input11.txt"", ""input12.txt"", ""input13.txt"", ""input14.txt"", ""input15.txt"", ""input16.txt"", ""input17.txt"", ""input18.txt"", ""input19.txt"", ""input20.txt"", ""input21.txt""]",[],[],1.722061,0.078275,0.267044
gigel-si-telefonul,1408462847,user_0139,25.0,cpp,dynamic_programming,1408462797,0.52459,0.996287,0.55,0.66864,0.30509,0.36355,medium,22,0,22,0.0,22,0,0,False,[],"[""input00.txt"", ""input01.txt"", ""input02.txt"", ""input03.txt"", ""input04.txt"", ""input05.txt"", ""input06.txt"", ""input07.txt"", ""input08.txt"", ""input09.txt"", ""input10.txt"", ""input11.txt"", ""input12.txt"", ""input13.txt"", ""input14.txt"", ""input15.txt"", ""input16.txt"", ""input17.txt"", ""input18.txt"", ""input19.txt"", ""input20.txt"", ""input21.txt""]",[],[],1.75584,0.079811,0.246051
gigel-si-telefonul,1408485379,user_0079,25.0,cpp,unknown,1378145191,0.0,0.93799,1.0,0.381397,0.29677,0.084627,low,22,12,10,54.55,10,0,0,False,"[""input00.txt"", ""input01.txt"", ""input02.txt"", ""input04.txt"", ""input05.txt"", ""input06.txt"", ""input08.txt"", ""input09.txt"", ""input11.txt"", ""input19.txt"", ""input20.txt"", ""input21.txt""]","[""input03.txt"", ""input07.txt"", ""input10.txt"", ""input12.txt"", ""input13.txt"", ""input14.txt"", ""input15.txt"", ""input16.txt"", ""input17.txt"", ""input18.txt""]",[],[],1.617942,0.073543,0.303613
gigel-si-telefonul,1408486147,user_0079,25.0,cpp,unknown,1378145191,0.0,0.936934,1.0,0.38108,0.299972,0.081109,low,22,12,10,54.55,10,0,0,False,"[""input00.txt"", ""input01.txt"", ""input02.txt"", ""input04.txt"", ""input05.txt"", ""input06.txt"", ""input08.txt"", ""input09.txt"", ""input11.txt"", ""input19.txt"", ""input20.txt"", ""input21.txt""]","[""input03.txt"", ""input07.txt"", ""input10.txt"", ""input12.txt"", ""input13.txt"", ""input14.txt"", ""input15.txt"", ""input16.txt"", ""input17.txt"", ""input18.txt""]",[],[],1.766955,0.080316,0.39721
gigel-si-telefonul,1408486537,user_0079,25.0,cpp,dynamic_programming,1323427915,0.434783,0.906903,0.55,0.58794,0.300371,0.28757,medium,22,12,10,54.55,10,0,0,False,"[""input00.txt"", ""input01.txt"", ""input02.txt"", ""input04.txt"", ""input05.txt"", ""input06.txt"", ""input08.txt"", ""input09.txt"", ""input11.txt"", ""input19.txt"", ""input20.txt"", ""input21.txt""]","[""input03.txt"", ""input07.txt"", ""input10.txt"", ""input12.txt"", ""input13.txt"", ""input14.txt"", ""input15.txt"", ""input16.txt"", ""input17.txt"", ""input18.txt""]",[],[],1.768976,0.080408,0.392108
gigel-si-telefonul,1408519031,user_0080,25.0,cpp,unknown,1344719237,0.0,0.902663,0.55,0.325799,0.318877,0.006922,low,22,12,10,54.55,10,0,0,False,"[""input00.txt"", ""input01.txt"", ""input02.txt"", ""input04.txt"", ""input05.txt"", ""input06.txt"", ""input08.txt"", ""input09.txt"", ""input11.txt"", ""input19.txt"", ""input20.txt"", ""input21.txt""]","[""input03.txt"", ""input07.txt"", ""input10.txt"", ""input12.txt"", ""input13.txt"", ""input14.txt"", ""input15.txt"", ""input16.txt"", ""input17.txt"", ""input18.txt""]",[],[],1.875873,0.085267,0.442622
gigel-si-telefonul,1408521656,user_0071,25.0,cpp,unknown,1378145191,0.0,0.944995,1.0,0.383498,0.310324,0.073175,low,22,12,10,54.55,10,0,0,False,"[""input00.txt"", ""input01.txt"", ""input02.txt"", ""input04.txt"", ""input05.txt"", ""input06.txt"", ""input08.txt"", ""input09.txt"", ""input11.txt"", ""input19.txt"", ""input20.txt"", ""input21.txt""]","[""input03.txt"", ""input07.txt"", ""input10.txt"", ""input12.txt"", ""input13.txt"", ""input14.txt"", ""input15.txt"", ""input16.txt"", ""input17.txt"", ""input18.txt""]",[],[],1.589634,0.072256,0.331814
gigel-si-telefonul,1408522525,user_0088,25.0,cpp,unknown,1378145191,0.0,0.92802,1.0,0.378406,0.310504,0.067902,low,22,12,10,54.55,10,0,0,False,"[""input00.txt"", ""input01.txt"", ""input02.txt"", ""input04.txt"", ""input05.txt"", ""input06.txt"", ""input08.txt"", ""input09.txt"", ""input11.txt"", ""input19.txt"", ""input20.txt"", ""input21.txt""]","[""input03.txt"", ""input07.txt"", ""input10.txt"", ""input12.txt"", ""input13.txt"", ""input14.txt"", ""input15.txt"", ""input16.txt"", ""input17.txt"", ""input18.txt""]",[],[],1.589239,0.072238,0.303839
gigel-si-telefonul,1408530882,user_0135,25.0,cpp,dynamic_programming,1359951515,0.416667,0.749727,0.5,0.524918,0.273981,0.250938,medium,22,12,10,54.55,10,0,0,False,"[""input00.txt"", ""input01.txt"", ""input02.txt"", ""input04.txt"", ""input05.txt"", ""input06.txt"", ""input08.txt"", ""input09.txt"", ""input11.txt"", ""input19.txt"", ""input20.txt"", ""input21.txt""]","[""input03.txt"", ""input07.txt"", ""input10.txt"", ""input12.txt"", ""input13.txt"", ""input14.txt"", ""input15.txt"", ""input16.txt"", ""input17.txt"", ""input18.txt""]",[],[],7.943453,0.361066,0.707457
gigel-si-telefonul,1408530992,user_0135,25.0,cpp,unknown,1378145191,0.0,0.705453,1.0,0.311636,0.301761,0.009875,low,22,12,10,54.55,10,0,0,False,"[""input00.txt"", ""input01.txt"", ""input02.txt"", ""input04.txt"", ""input05.txt"", ""input06.txt"", ""input08.txt"", ""input09.txt"", ""input11.txt"", ""input19.txt"", ""input20.txt"", ""input21.txt""]","[""input03.txt"", ""input07.txt"", ""input10.txt"", ""input12.txt"", ""input13.txt"", ""input14.txt"", ""input15.txt"", ""input16.txt"", ""input17.txt"", ""input18.txt""]",[],[],1.901484,0.086431,0.342817
gigel-si-telefonul,1408563409,user_0109,25.0,cpp,unknown,1378145191,0.0,0.783154,1.0,0.334946,0.333888,0.001059,low,22,12,10,54.55,10,0,0,False,"[""input00.txt"", ""input01.txt"", ""input02.txt"", ""input04.txt"", ""input05.txt"", ""input06.txt"", ""input08.txt"", ""input09.txt"", ""input11.txt"", ""input19.txt"", ""input20.txt"", ""input21.txt""]","[""input03.txt"", ""input07.txt"", ""input10.txt"", ""input12.txt"", ""input13.txt"", ""input14.txt"", ""input15.txt"", ""input16.txt"", ""input17.txt"", ""input18.txt""]",[],[],1.836829,0.083492,0.426179
gigel-si-telefonul,1408568689,user_0174,25.0,cpp,unknown,1378145191,0.0,0.779068,1.0,0.333721,0.327929,0.005791,low,22,12,10,54.55,10,0,0,False,"[""input00.txt"", ""input01.txt"", ""input02.txt"", ""input04.txt"", ""input05.txt"", ""input06.txt"", ""input08.txt"", ""input09.txt"", ""input11.txt"", ""input19.txt"", ""input20.txt"", ""input21.txt""]","[""input03.txt"", ""input07.txt"", ""input10.txt"", ""input12.txt"", ""input13.txt"", ""input14.txt"", ""input15.txt"", ""input16.txt"", ""input17.txt"", ""input18.txt""]",[],[],1.616187,0.073463,0.309175
gigel-si-telefonul,1323453501,user_0028,27.5,java,dynamic_programming,1314236793,0.450216,0.919485,0.55,0.600975,0.0,0.600975,medium,22,13,9,59.09,7,0,2,False,"[""input00.txt"", ""input01.txt"", ""input02.txt"", ""input04.txt"", ""input05.txt"", ""input06.txt"", ""input08.txt"", ""input09.txt"", ""input11.txt"", ""input12.txt"", ""input14.txt"", ""input18.txt"", ""input20.txt""]","[""input03.txt"", ""input07.txt"", ""input10.txt"", ""input13.txt"", ""input15.txt"", ""input16.txt"", ""input17.txt"", ""input19.txt"", ""input21.txt""]",[],"[""input19.txt"", ""input21.txt""]",3.859113,0.175414,0.273534
gigel-si-telefonul,1314236597,user_0167,30.0,java,dynamic_programming,1314236793,0.414343,0.83929,0.6,0.560393,0.0,0.560393,medium,22,14,8,63.64,8,0,0,False,"[""input00.txt"", ""input01.txt"", ""input02.txt"", ""input04.txt"", ""input05.txt"", ""input06.txt"", ""input08.txt"", ""input09.txt"", ""input11.txt"", ""input12.txt"", ""input14.txt"", ""input19.txt"", ""input20.txt"", ""input21.txt""]","[""input03.txt"", ""input07.txt"", ""input10.txt"", ""input13.txt"", ""input15.txt"", ""input16.txt"", ""input17.txt"", ""input18.txt""]",[],[],3.048021,0.138546,0.183521
gigel-si-telefonul,1323453404,user_0028,30.0,java,dynamic_programming,1314236793,0.45815,0.925957,0.6,0.612677,0.0,0.612677,medium,22,14,8,63.64,8,0,0,False,"[""input00.txt"", ""input01.txt"", ""input02.txt"", ""input04.txt"", ""input05.txt"", ""input06.txt"", ""input08.txt"", ""input09.txt"", ""input11.txt"", ""input12.txt"", ""input14.txt"", ""input18.txt"", ""input20.txt"", ""input21.txt""]","[""input03.txt"", ""input07.txt"", ""input10.txt"", ""input13.txt"", ""input15.txt"", ""input16.txt"", ""input17.txt"", ""input19.txt""]",[],[],3.757637,0.170802,0.332221
gigel-si-telefonul,1323453456,user_0028,30.0,java,dynamic_programming,1314236793,0.45614,0.92604,0.6,0.611496,0.0,0.611496,medium,22,14,8,63.64,7,0,1,False,"[""input00.txt"", ""input01.txt"", ""input02.txt"", ""input04.txt"", ""input05.txt"", ""input06.txt"", ""input08.txt"", ""input09.txt"", ""input11.txt"", ""input12.txt"", ""input14.txt"", ""input18.txt"", ""input20.txt"", ""input21.txt""]","[""input03.txt"", ""input07.txt"", ""input10.txt"", ""input13.txt"", ""input15.txt"", ""input16.txt"", ""input17.txt"", ""input19.txt""]",[],"[""input10.txt""]",3.591253,0.163239,0.223502
gigel-si-telefonul,1323453484,user_0028,30.0,java,dynamic_programming,1314236793,0.452174,0.919371,0.6,0.607116,0.0,0.607116,medium,22,14,8,63.64,8,0,0,False,"[""input00.txt"", ""input01.txt"", ""input02.txt"", ""input04.txt"", ""input05.txt"", ""input06.txt"", ""input08.txt"", ""input09.txt"", ""input11.txt"", ""input12.txt"", ""input14.txt"", ""input18.txt"", ""input20.txt"", ""input21.txt""]","[""input03.txt"", ""input07.txt"", ""input10.txt"", ""input13.txt"", ""input15.txt"", ""input16.txt"", ""input17.txt"", ""input19.txt""]",[],[],3.876695,0.176213,0.274489
gigel-si-telefonul,1323453822,user_0028,30.0,java,dynamic_programming,1314236793,0.452174,0.919596,0.6,0.607183,0.0,0.607183,medium,22,14,8,63.64,8,0,0,False,"[""input00.txt"", ""input01.txt"", ""input02.txt"", ""input04.txt"", ""input05.txt"", ""input06.txt"", ""input08.txt"", ""input09.txt"", ""input11.txt"", ""input12.txt"", ""input14.txt"", ""input18.txt"", ""input20.txt"", ""input21.txt""]","[""input03.txt"", ""input07.txt"", ""input10.txt"", ""input13.txt"", ""input15.txt"", ""input16.txt"", ""input17.txt"", ""input19.txt""]",[],[],3.66334,0.166515,0.214923
gigel-si-telefonul,1332143427,user_0030,30.0,java,dynamic_programming,1314236793,0.462222,0.872292,0.6,0.599021,0.0,0.599021,medium,22,14,8,63.64,8,0,0,False,"[""input00.txt"", ""input01.txt"", ""input02.txt"", ""input03.txt"", ""input04.txt"", ""input06.txt"", ""input09.txt"", ""input11.txt"", ""input14.txt"", ""input15.txt"", ""input16.txt"", ""input17.txt"", ""input18.txt"", ""input20.txt""]","[""input05.txt"", ""input07.txt"", ""input08.txt"", ""input10.txt"", ""input12.txt"", ""input13.txt"", ""input19.txt"", ""input21.txt""]",[],[],5.093085,0.231504,0.394573
gigel-si-telefonul,1332550515,user_0012,30.0,java,dynamic_programming,1314236793,0.446352,0.919548,0.6,0.603675,0.0,0.603675,medium,22,14,8,63.64,8,0,0,False,"[""input00.txt"", ""input01.txt"", ""input02.txt"", ""input04.txt"", ""input05.txt"", ""input06.txt"", ""input08.txt"", ""input09.txt"", ""input11.txt"", ""input12.txt"", ""input14.txt"", ""input19.txt"", ""input20.txt"", ""input21.txt""]","[""input03.txt"", ""input07.txt"", ""input10.txt"", ""input13.txt"", ""input15.txt"", ""input16.txt"", ""input17.txt"", ""input18.txt""]",[],[],3.49548,0.158885,0.206263
gigel-si-telefonul,1332551583,user_0012,30.0,java,dynamic_programming,1314236793,0.436975,0.918957,0.6,0.597872,0.0,0.597872,medium,22,14,8,63.64,8,0,0,False,"[""input00.txt"", ""input01.txt"", ""input02.txt"", ""input04.txt"", ""input05.txt"", ""input06.txt"", ""input08.txt"", ""input09.txt"", ""input11.txt"", ""input12.txt"", ""input14.txt"", ""input19.txt"", ""input20.txt"", ""input21.txt""]","[""input03.txt"", ""input07.txt"", ""input10.txt"", ""input13.txt"", ""input15.txt"", ""input16.txt"", ""input17.txt"", ""input18.txt""]",[],[],3.395772,0.154353,0.201352
gigel-si-telefonul,1332757327,user_0049,30.0,cpp,unknown,1378145191,0.0,0.809889,0.9,0.332967,0.328217,0.004749,low,22,14,8,63.64,8,0,0,False,"[""input00.txt"", ""input01.txt"", ""input02.txt"", ""input04.txt"", ""input05.txt"", ""input06.txt"", ""input08.txt"", ""input09.txt"", ""input11.txt"", ""input12.txt"", ""input13.txt"", ""input14.txt"", ""input18.txt"", ""input20.txt""]","[""input03.txt"", ""input07.txt"", ""input10.txt"", ""input15.txt"", ""input16.txt"", ""input17.txt"", ""input19.txt"", ""input21.txt""]",[],[],1.863728,0.084715,0.323331
gigel-si-telefonul,1391942742,user_0145,30.0,java,dynamic_programming,1314236793,0.450216,0.892543,0.6,0.597893,0.0,0.597893,medium,22,14,8,63.64,8,0,0,False,"[""input00.txt"", ""input01.txt"", ""input02.txt"", ""input04.txt"", ""input05.txt"", ""input06.txt"", ""input08.txt"", ""input09.txt"", ""input11.txt"", ""input13.txt"", ""input18.txt"", ""input19.txt"", ""input20.txt"", ""input21.txt""]","[""input03.txt"", ""input07.txt"", ""input10.txt"", ""input12.txt"", ""input14.txt"", ""input15.txt"", ""input16.txt"", ""input17.txt""]",[],[],3.067643,0.139438,0.215953
gigel-si-telefonul,1408462931,user_0139,30.0,cpp,unknown,1359951515,0.201681,0.930156,0.6,0.460055,0.285393,0.174662,low,22,11,11,50.0,0,11,0,False,"[""input00.txt"", ""input01.txt"", ""input02.txt"", ""input03.txt"", ""input04.txt"", ""input07.txt"", ""input10.txt"", ""input13.txt"", ""input16.txt"", ""input19.txt"", ""input21.txt""]","[""input05.txt"", ""input06.txt"", ""input08.txt"", ""input09.txt"", ""input11.txt"", ""input12.txt"", ""input14.txt"", ""input15.txt"", ""input17.txt"", ""input18.txt"", ""input20.txt""]","[""input05.txt"", ""input06.txt"", ""input08.txt"", ""input09.txt"", ""input11.txt"", ""input12.txt"", ""input14.txt"", ""input15.txt"", ""input17.txt"", ""input18.txt"", ""input20.txt""]",[],35.936869,1.633494,3.0
gigel-si-telefonul,1408543676,user_0132,30.0,cpp,unknown,1344719237,0.0,0.899442,0.45,0.314833,0.305386,0.009446,low,22,14,8,63.64,8,0,0,False,"[""input00.txt"", ""input01.txt"", ""input02.txt"", ""input04.txt"", ""input05.txt"", ""input06.txt"", ""input08.txt"", ""input09.txt"", ""input11.txt"", ""input12.txt"", ""input14.txt"", ""input19.txt"", ""input20.txt"", ""input21.txt""]","[""input03.txt"", ""input07.txt"", ""input10.txt"", ""input13.txt"", ""input15.txt"", ""input16.txt"", ""input17.txt"", ""input18.txt""]",[],[],1.630181,0.074099,0.355578
gigel-si-telefonul,1408571026,user_0171,30.0,cpp,dynamic_programming,1359951515,0.28125,0.906185,0.6,0.500606,0.270115,0.23049,medium,22,20,2,90.91,0,2,0,False,"[""input00.txt"", ""input01.txt"", ""input02.txt"", ""input03.txt"", ""input04.txt"", ""input05.txt"", ""input06.txt"", ""input07.txt"", ""input08.txt"", ""input09.txt"", ""input10.txt"", ""input12.txt"", ""input13.txt"", ""input14.txt"", ""input15.txt"", ""input16.txt"", ""input17.txt"", ""input18.txt"", ""input19.txt"", ""input21.txt""]","[""input11.txt"", ""input20.txt""]","[""input11.txt"", ""input20.txt""]",[],25.56631,1.162105,3.0
gigel-si-telefonul,1314236248,user_0051,32.5,java,dynamic_programming,1314236793,0.856031,0.915244,0.65,0.853192,0.0,0.853192,high,22,15,7,68.18,7,0,0,False,"[""input00.txt"", ""input01.txt"", ""input02.txt"", ""input04.txt"", ""input05.txt"", ""input06.txt"", ""input08.txt"", ""input09.txt"", ""input11.txt"", ""input12.txt"", ""input13.txt"", ""input14.txt"", ""input18.txt"", ""input20.txt"", ""input21.txt""]","[""input03.txt"", ""input07.txt"", ""input10.txt"", ""input15.txt"", ""input16.txt"", ""input17.txt"", ""input19.txt""]",[],[],3.455031,0.157047,0.231917
gigel-si-telefonul,1314237306,user_0107,32.5,java,dynamic_programming,1314236793,0.466368,0.911455,0.65,0.618257,0.0,0.618257,medium,22,15,7,68.18,7,0,0,False,"[""input00.txt"", ""input01.txt"", ""input02.txt"", ""input04.txt"", ""input05.txt"", ""input06.txt"", ""input08.txt"", ""input09.txt"", ""input11.txt"", ""input12.txt"", ""input14.txt"", ""input18.txt"", ""input19.txt"", ""input20.txt"", ""input21.txt""]","[""input03.txt"", ""input07.txt"", ""input10.txt"", ""input13.txt"", ""input15.txt"", ""input16.txt"", ""input17.txt""]",[],[],3.053038,0.138774,0.188008
gigel-si-telefonul,1323429754,user_0006,32.5,cpp,dynamic_programming,1408559415,0.386364,0.998187,0.75,0.606274,0.269856,0.336418,medium,22,15,7,68.18,1,6,0,False,"[""input00.txt"", ""input01.txt"", ""input03.txt"", ""input04.txt"", ""input05.txt"", ""input06.txt"", ""input07.txt"", ""input08.txt"", ""input09.txt"", ""input13.txt"", ""input14.txt"", ""input15.txt"", ""input16.txt"", ""input18.txt"", ""input20.txt""]","[""input02.txt"", ""input10.txt"", ""input11.txt"", ""input12.txt"", ""input17.txt"", ""input19.txt"", ""input21.txt""]","[""input02.txt"", ""input11.txt"", ""input12.txt"", ""input17.txt"", ""input19.txt"", ""input21.txt""]",[],20.473657,0.930621,3.0
gigel-si-telefonul,1332758469,user_0049,32.5,cpp,unknown,1378145191,0.0,0.80788,0.85,0.327364,0.324638,0.002726,low,22,15,7,68.18,7,0,0,False,"[""input00.txt"", ""input01.txt"", ""input02.txt"", ""input04.txt"", ""input05.txt"", ""input06.txt"", ""input08.txt"", ""input09.txt"", ""input11.txt"", ""input12.txt"", ""input13.txt"", ""input14.txt"", ""input18.txt"", ""input20.txt"", ""input21.txt""]","[""input03.txt"", ""input07.txt"", ""input10.txt"", ""input15.txt"", ""input16.txt"", ""input17.txt"", ""input19.txt""]",[],[],1.694669,0.07703,0.326908
gigel-si-telefonul,1408571021,user_0171,32.5,cpp,dynamic_programming,1359951515,0.28125,0.906185,0.65,0.505606,0.265115,0.24049,medium,22,22,0,100.0,0,0,0,False,"[""input00.txt"", ""input01.txt"", ""input02.txt"", ""input03.txt"", ""input04.txt"", ""input05.txt"", ""input06.txt"", ""input07.txt"", ""input08.txt"", ""input09.txt"", ""input10.txt"", ""input11.txt"", ""input12.txt"", ""input13.txt"", ""input14.txt"", ""input15.txt"", ""input16.txt"", ""input17.txt"", ""input18.txt"", ""input19.txt"", ""input20.txt"", ""input21.txt""]",[],[],[],18.829867,0.855903,2.852969
gigel-si-telefonul,1408571039,user_0171,32.5,cpp,unknown,1408559415,0.234234,0.858768,0.75,0.473171,0.26413,0.209041,low,22,21,1,95.45,0,1,0,False,"[""input00.txt"", ""input01.txt"", ""input02.txt"", ""input03.txt"", ""input04.txt"", ""input05.txt"", ""input06.txt"", ""input07.txt"", ""input08.txt"", ""input09.txt"", ""input10.txt"", ""input12.txt"", ""input13.txt"", ""input14.txt"", ""input15.txt"", ""input16.txt"", ""input17.txt"", ""input18.txt"", ""input19.txt"", ""input20.txt"", ""input21.txt""]","[""input11.txt""]","[""input11.txt""]",[],18.958445,0.861747,3.0
gigel-si-telefonul,1332757956,user_0049,35.0,cpp,unknown,1378145191,0.0,0.799446,0.8,0.319834,0.318666,0.001168,low,22,16,6,72.73,6,0,0,False,"[""input00.txt"", ""input01.txt"", ""input02.txt"", ""input04.txt"", ""input05.txt"", ""input06.txt"", ""input08.txt"", ""input09.txt"", ""input11.txt"", ""input12.txt"", ""input13.txt"", ""input14.txt"", ""input18.txt"", ""input19.txt"", ""input20.txt"", ""input21.txt""]","[""input03.txt"", ""input07.txt"", ""input10.txt"", ""input15.txt"", ""input16.txt"", ""input17.txt""]",[],[],1.535357,0.069789,0.257557
gigel-si-telefonul,1332758186,user_0049,35.0,cpp,unknown,1378145191,0.0,0.807521,0.8,0.322256,0.319616,0.002641,low,22,16,6,72.73,6,0,0,False,"[""input00.txt"", ""input01.txt"", ""input02.txt"", ""input04.txt"", ""input05.txt"", ""input06.txt"", ""input08.txt"", ""input09.txt"", ""input11.txt"", ""input12.txt"", ""input13.txt"", ""input14.txt"", ""input18.txt"", ""input19.txt"", ""input20.txt"", ""input21.txt""]","[""input03.txt"", ""input07.txt"", ""input10.txt"", ""input15.txt"", ""input16.txt"", ""input17.txt""]",[],[],1.729801,0.078627,0.334893
gigel-si-telefonul,1391907728,user_0023,35.0,cpp,unknown,1344719237,0.0,0.935298,0.35,0.315589,0.30761,0.00798,low,22,16,6,72.73,6,0,0,False,"[""input00.txt"", ""input01.txt"", ""input02.txt"", ""input04.txt"", ""input05.txt"", ""input06.txt"", ""input08.txt"", ""input09.txt"", ""input11.txt"", ""input12.txt"", ""input13.txt"", ""input14.txt"", ""input18.txt"", ""input19.txt"", ""input20.txt"", ""input21.txt""]","[""input03.txt"", ""input07.txt"", ""input10.txt"", ""input15.txt"", ""input16.txt"", ""input17.txt""]",[],[],1.829746,0.08317,0.242858
gigel-si-telefonul,1391996596,user_0128,35.0,java,dynamic_programming,1314236793,0.440678,0.879007,0.7,0.598109,0.0,0.598109,medium,22,16,6,72.73,6,0,0,False,"[""input00.txt"", ""input01.txt"", ""input02.txt"", ""input03.txt"", ""input04.txt"", ""input05.txt"", ""input06.txt"", ""input08.txt"", ""input09.txt"", ""input11.txt"", ""input12.txt"", ""input14.txt"", ""input18.txt"", ""input19.txt"", ""input20.txt"", ""input21.txt""]","[""input07.txt"", ""input10.txt"", ""input13.txt"", ""input15.txt"", ""input16.txt"", ""input17.txt""]",[],[],3.444375,0.156562,0.253175
gigel-si-telefonul,1323405388,user_0130,40.0,cpp,dynamic_programming,1408559415,0.321839,0.962482,0.9,0.571848,0.264851,0.306997,medium,22,18,4,81.82,4,0,0,False,"[""input00.txt"", ""input01.txt"", ""input02.txt"", ""input03.txt"", ""input04.txt"", ""input05.txt"", ""input06.txt"", ""input08.txt"", ""input09.txt"", ""input10.txt"", ""input12.txt"", ""input13.txt"", ""input14.txt"", ""input15.txt"", ""input16.txt"", ""input17.txt"", ""input18.txt"", ""input20.txt""]","[""input07.txt"", ""input11.txt"", ""input19.txt"", ""input21.txt""]",[],[],2.963832,0.13472,0.43159
gigel-si-telefonul,1323427765,user_0006,42.5,cpp,dynamic_programming,1378145191,0.4,0.85263,0.65,0.560789,0.25715,0.303639,medium,22,19,3,86.36,3,0,0,False,"[""input00.txt"", ""input01.txt"", ""input02.txt"", ""input03.txt"", ""input04.txt"", ""input05.txt"", ""input06.txt"", ""input07.txt"", ""input08.txt"", ""input09.txt"", ""input11.txt"", ""input12.txt"", ""input13.txt"", ""input14.txt"", ""input15.txt"", ""input16.txt"", ""input17.txt"", ""input18.txt"", ""input20.txt""]","[""input10.txt"", ""input19.txt"", ""input21.txt""]",[],[],3.04547,0.13843,0.294423
gigel-si-telefonul,1332143610,user_0030,42.5,java,dynamic_programming,1314236793,0.462222,0.872292,0.85,0.624021,0.0,0.624021,medium,22,19,3,86.36,3,0,0,False,"[""input00.txt"", ""input01.txt"", ""input02.txt"", ""input03.txt"", ""input04.txt"", ""input05.txt"", ""input06.txt"", ""input07.txt"", ""input08.txt"", ""input09.txt"", ""input11.txt"", ""input12.txt"", ""input13.txt"", ""input14.txt"", ""input15.txt"", ""input16.txt"", ""input17.txt"", ""input18.txt"", ""input20.txt""]","[""input10.txt"", ""input19.txt"", ""input21.txt""]",[],[],5.337769,0.242626,0.508508
gigel-si-telefonul,1332757506,user_0026,42.5,cpp,unknown,1408559415,0.0,0.967713,0.95,0.385314,0.268863,0.116451,low,22,19,3,86.36,3,0,0,False,"[""input00.txt"", ""input01.txt"", ""input02.txt"", ""input03.txt"", ""input04.txt"", ""input05.txt"", ""input06.txt"", ""input07.txt"", ""input08.txt"", ""input09.txt"", ""input11.txt"", ""input12.txt"", ""input13.txt"", ""input14.txt"", ""input15.txt"", ""input16.txt"", ""input17.txt"", ""input18.txt"", ""input20.txt""]","[""input10.txt"", ""input19.txt"", ""input21.txt""]",[],[],3.058148,0.139007,0.267319
gigel-si-telefonul,1391860494,user_0169,42.5,java,dynamic_programming,1314236793,0.466368,0.867958,0.85,0.625208,0.0,0.625208,medium,22,19,3,86.36,3,0,0,False,"[""input00.txt"", ""input01.txt"", ""input02.txt"", ""input03.txt"", ""input04.txt"", ""input05.txt"", ""input06.txt"", ""input07.txt"", ""input08.txt"", ""input09.txt"", ""input11.txt"", ""input12.txt"", ""input13.txt"", ""input14.txt"", ""input15.txt"", ""input16.txt"", ""input17.txt"", ""input18.txt"", ""input20.txt""]","[""input10.txt"", ""input19.txt"", ""input21.txt""]",[],[],3.477293,0.158059,0.240402
gigel-si-telefonul,1391860619,user_0169,42.5,java,dynamic_programming,1314236793,0.442553,0.857125,0.85,0.607669,0.0,0.607669,medium,22,19,3,86.36,3,0,0,False,"[""input00.txt"", ""input01.txt"", ""input02.txt"", ""input03.txt"", ""input04.txt"", ""input05.txt"", ""input06.txt"", ""input07.txt"", ""input08.txt"", ""input09.txt"", ""input11.txt"", ""input12.txt"", ""input13.txt"", ""input14.txt"", ""input15.txt"", ""input16.txt"", ""input17.txt"", ""input18.txt"", ""input20.txt""]","[""input10.txt"", ""input19.txt"", ""input21.txt""]",[],[],4.911055,0.22323,0.415077
gigel-si-telefonul,1314237460,user_0078,45.0,cpp,unknown,1408559415,0.0,0.821504,1.0,0.346451,0.249008,0.097443,low,22,20,2,90.91,2,0,0,False,"[""input00.txt"", ""input01.txt"", ""input02.txt"", ""input03.txt"", ""input04.txt"", ""input05.txt"", ""input06.txt"", ""input07.txt"", ""input08.txt"", ""input09.txt"", ""input11.txt"", ""input12.txt"", ""input13.txt"", ""input14.txt"", ""input15.txt"", ""input16.txt"", ""input17.txt"", ""input18.txt"", ""input20.txt"", ""input21.txt""]","[""input10.txt"", ""input19.txt""]",[],[],2.370116,0.107733,0.346426
gigel-si-telefonul,1314237519,user_0078,45.0,cpp,unknown,1408559415,0.0,0.822835,1.0,0.346851,0.250727,0.096123,low,22,20,2,90.91,2,0,0,False,"[""input00.txt"", ""input01.txt"", ""input02.txt"", ""input03.txt"", ""input04.txt"", ""input05.txt"", ""input06.txt"", ""input07.txt"", ""input08.txt"", ""input09.txt"", ""input11.txt"", ""input12.txt"", ""input13.txt"", ""input14.txt"", ""input15.txt"", ""input16.txt"", ""input17.txt"", ""input18.txt"", ""input20.txt"", ""input21.txt""]","[""input10.txt"", ""input19.txt""]",[],[],2.379149,0.108143,0.341734
gigel-si-telefonul,1314237700,user_0107,45.0,java,dynamic_programming,1314236793,0.472727,0.918243,0.9,0.649109,0.0,0.649109,medium,22,20,2,90.91,2,0,0,False,"[""input00.txt"", ""input01.txt"", ""input02.txt"", ""input03.txt"", ""input04.txt"", ""input05.txt"", ""input06.txt"", ""input07.txt"", ""input08.txt"", ""input09.txt"", ""input11.txt"", ""input12.txt"", ""input13.txt"", ""input14.txt"", ""input15.txt"", ""input16.txt"", ""input17.txt"", ""input18.txt"", ""input20.txt"", ""input21.txt""]","[""input10.txt"", ""input19.txt""]",[],[],3.282798,0.149218,0.265976
gigel-si-telefonul,1323429910,user_0006,45.0,cpp,dynamic_programming,1323427915,1.0,0.999997,0.15,0.914999,0.238649,0.67635,high,22,20,2,90.91,2,0,0,False,"[""input00.txt"", ""input01.txt"", ""input02.txt"", ""input03.txt"", ""input04.txt"", ""input05.txt"", ""input06.txt"", ""input07.txt"", ""input08.txt"", ""input09.txt"", ""input10.txt"", ""input11.txt"", ""input12.txt"", ""input13.txt"", ""input14.txt"", ""input15.txt"", ""input16.txt"", ""input17.txt"", ""input18.txt"", ""input20.txt""]","[""input19.txt"", ""input21.txt""]",[],[],3.802342,0.172834,0.59348
gigel-si-telefonul,1378158787,user_0104,45.0,cpp,dynamic_programming,1408559415,0.447368,0.969048,1.0,0.659135,0.216175,0.442961,medium,22,20,2,90.91,2,0,0,False,"[""input00.txt"", ""input01.txt"", ""input02.txt"", ""input03.txt"", ""input04.txt"", ""input05.txt"", ""input06.txt"", ""input07.txt"", ""input08.txt"", ""input09.txt"", ""input10.txt"", ""input11.txt"", ""input12.txt"", ""input13.txt"", ""input14.txt"", ""input15.txt"", ""input16.txt"", ""input17.txt"", ""input18.txt"", ""input20.txt""]","[""input19.txt"", ""input21.txt""]",[],[],1.879503,0.085432,0.276601
gigel-si-telefonul,1378158929,user_0104,45.0,cpp,dynamic_programming,1408559415,0.447368,0.969048,1.0,0.659135,0.216175,0.442961,medium,22,20,2,90.91,2,0,0,False,"[""input00.txt"", ""input01.txt"", ""input02.txt"", ""input03.txt"", ""input04.txt"", ""input05.txt"", ""input06.txt"", ""input07.txt"", ""input08.txt"", ""input09.txt"", ""input10.txt"", ""input11.txt"", ""input12.txt"", ""input13.txt"", ""input14.txt"", ""input15.txt"", ""input16.txt"", ""input17.txt"", ""input18.txt"", ""input20.txt""]","[""input19.txt"", ""input21.txt""]",[],[],1.981774,0.090081,0.32545
gigel-si-telefonul,1408559415,user_0161,45.0,cpp,dynamic_programming,1408559415,1.0,1.0,1.0,1.0,1.0,0.0,reference,22,20,2,90.91,2,0,0,False,"[""input00.txt"", ""input01.txt"", ""input02.txt"", ""input03.txt"", ""input04.txt"", ""input05.txt"", ""input06.txt"", ""input07.txt"", ""input08.txt"", ""input09.txt"", ""input10.txt"", ""input11.txt"", ""input12.txt"", ""input13.txt"", ""input14.txt"", ""input15.txt"", ""input16.txt"", ""input17.txt"", ""input18.txt"", ""input20.txt""]","[""input19.txt"", ""input21.txt""]",[],[],1.660038,0.075456,0.256042
gigel-si-telefonul,1323403394,user_0127,47.5,cpp,dynamic_programming,1408559415,0.269231,0.983692,0.95,0.551646,0.225673,0.325973,medium,0,0,0,0.0,0,0,0,True,[],[],[],[],0.0,0.0,0.0
gigel-si-telefonul,1314224063,user_0154,50.0,cpp,unknown,1359951515,0.0,0.911617,1.0,0.373485,0.263464,0.110022,low,22,22,0,100.0,0,0,0,False,"[""input00.txt"", ""input01.txt"", ""input02.txt"", ""input03.txt"", ""input04.txt"", ""input05.txt"", ""input06.txt"", ""input07.txt"", ""input08.txt"", ""input09.txt"", ""input10.txt"", ""input11.txt"", ""input12.txt"", ""input13.txt"", ""input14.txt"", ""input15.txt"", ""input16.txt"", ""input17.txt"", ""input18.txt"", ""input19.txt"", ""input20.txt"", ""input21.txt""]",[],[],[],10.738924,0.488133,1.579184
gigel-si-telefonul,1314224415,user_0173,50.0,cpp,dynamic_programming,1359951515,0.416667,0.989459,1.0,0.646838,0.213575,0.433263,medium,22,22,0,100.0,0,0,0,False,"[""input00.txt"", ""input01.txt"", ""input02.txt"", ""input03.txt"", ""input04.txt"", ""input05.txt"", ""input06.txt"", ""input07.txt"", ""input08.txt"", ""input09.txt"", ""input10.txt"", ""input11.txt"", ""input12.txt"", ""input13.txt"", ""input14.txt"", ""input15.txt"", ""input16.txt"", ""input17.txt"", ""input18.txt"", ""input19.txt"", ""input20.txt"", ""input21.txt""]",[],[],[],2.702709,0.12285,0.461703
gigel-si-telefonul,1314225955,user_0166,50.0,cpp,dynamic_programming,1359951515,0.265306,0.970802,1.0,0.550424,0.218988,0.331436,medium,22,22,0,100.0,0,0,0,False,"[""input00.txt"", ""input01.txt"", ""input02.txt"", ""input03.txt"", ""input04.txt"", ""input05.txt"", ""input06.txt"", ""input07.txt"", ""input08.txt"", ""input09.txt"", ""input10.txt"", ""input11.txt"", ""input12.txt"", ""input13.txt"", ""input14.txt"", ""input15.txt"", ""input16.txt"", ""input17.txt"", ""input18.txt"", ""input19.txt"", ""input20.txt"", ""input21.txt""]",[],[],[],3.687855,0.16763,0.581318
gigel-si-telefonul,1314235002,user_0061,50.0,java,dynamic_programming,1314236793,0.42623,0.861625,1.0,0.614225,0.0,0.614225,medium,22,22,0,100.0,0,0,0,False,"[""input00.txt"", ""input01.txt"", ""input02.txt"", ""input03.txt"", ""input04.txt"", ""input05.txt"", ""input06.txt"", ""input07.txt"", ""input08.txt"", ""input09.txt"", ""input10.txt"", ""input11.txt"", ""input12.txt"", ""input13.txt"", ""input14.txt"", ""input15.txt"", ""input16.txt"", ""input17.txt"", ""input18.txt"", ""input19.txt"", ""input20.txt"", ""input21.txt""]",[],[],[],3.236761,0.147126,0.177317
gigel-si-telefonul,1314235184,user_0017,50.0,cpp,dynamic_programming,1408559415,0.27027,0.858054,0.9,0.509578,0.252738,0.25684,medium,22,22,0,100.0,0,0,0,False,"[""input00.txt"", ""input01.txt"", ""input02.txt"", ""input03.txt"", ""input04.txt"", ""input05.txt"", ""input06.txt"", ""input07.txt"", ""input08.txt"", ""input09.txt"", ""input10.txt"", ""input11.txt"", ""input12.txt"", ""input13.txt"", ""input14.txt"", ""input15.txt"", ""input16.txt"", ""input17.txt"", ""input18.txt"", ""input19.txt"", ""input20.txt"", ""input21.txt""]",[],[],[],4.604524,0.209297,1.011024
gigel-si-telefonul,1314236106,user_0082,50.0,cpp,unknown,1359951515,0.0,0.822797,1.0,0.346839,0.241943,0.104897,low,22,22,0,100.0,0,0,0,False,"[""input00.txt"", ""input01.txt"", ""input02.txt"", ""input03.txt"", ""input04.txt"", ""input05.txt"", ""input06.txt"", ""input07.txt"", ""input08.txt"", ""input09.txt"", ""input10.txt"", ""input11.txt"", ""input12.txt"", ""input13.txt"", ""input14.txt"", ""input15.txt"", ""input16.txt"", ""input17.txt"", ""input18.txt"", ""input19.txt"", ""input20.txt"", ""input21.txt""]",[],[],[],2.91846,0.132657,0.383802
gigel-si-telefonul,1314236206,user_0040,50.0,java,dynamic_programming,1314236793,0.56,0.835283,1.0,0.686585,0.0,0.686585,medium,22,22,0,100.0,0,0,0,False,"[""input00.txt"", ""input01.txt"", ""input02.txt"", ""input03.txt"", ""input04.txt"", ""input05.txt"", ""input06.txt"", ""input07.txt"", ""input08.txt"", ""input09.txt"", ""input10.txt"", ""input11.txt"", ""input12.txt"", ""input13.txt"", ""input14.txt"", ""input15.txt"", ""input16.txt"", ""input17.txt"", ""input18.txt"", ""input19.txt"", ""input20.txt"", ""input21.txt""]",[],[],[],4.21904,0.191775,0.474818
gigel-si-telefonul,1314236642,user_0021,50.0,java,dynamic_programming,1314236793,0.444444,0.90029,1.0,0.636754,0.0,0.636754,medium,22,22,0,100.0,0,0,0,False,"[""input00.txt"", ""input01.txt"", ""input02.txt"", ""input03.txt"", ""input04.txt"", ""input05.txt"", ""input06.txt"", ""input07.txt"", ""input08.txt"", ""input09.txt"", ""input10.txt"", ""input11.txt"", ""input12.txt"", ""input13.txt"", ""input14.txt"", ""input15.txt"", ""input16.txt"", ""input17.txt"", ""input18.txt"", ""input19.txt"", ""input20.txt"", ""input21.txt""]",[],[],[],2.925994,0.133,0.184076
gigel-si-telefonul,1314236793,user_0051,50.0,java,dynamic_programming,1314236793,1.0,1.0,1.0,1.0,1.0,0.0,reference,22,22,0,100.0,0,0,0,False,"[""input00.txt"", ""input01.txt"", ""input02.txt"", ""input03.txt"", ""input04.txt"", ""input05.txt"", ""input06.txt"", ""input07.txt"", ""input08.txt"", ""input09.txt"", ""input10.txt"", ""input11.txt"", ""input12.txt"", ""input13.txt"", ""input14.txt"", ""input15.txt"", ""input16.txt"", ""input17.txt"", ""input18.txt"", ""input19.txt"", ""input20.txt"", ""input21.txt""]",[],[],[],3.696848,0.168039,0.257435
gigel-si-telefonul,1323396504,user_0059,50.0,java,dynamic_programming,1314236793,0.452174,0.875328,1.0,0.633903,0.0,0.633903,medium,22,22,0,100.0,0,0,0,False,"[""input00.txt"", ""input01.txt"", ""input02.txt"", ""input03.txt"", ""input04.txt"", ""input05.txt"", ""input06.txt"", ""input07.txt"", ""input08.txt"", ""input09.txt"", ""input10.txt"", ""input11.txt"", ""input12.txt"", ""input13.txt"", ""input14.txt"", ""input15.txt"", ""input16.txt"", ""input17.txt"", ""input18.txt"", ""input19.txt"", ""input20.txt"", ""input21.txt""]",[],[],[],4.709858,0.214084,0.421938
gigel-si-telefonul,1323403431,user_0127,50.0,cpp,dynamic_programming,1408559415,0.269231,0.984133,0.9,0.546779,0.221495,0.325283,medium,0,0,0,0.0,0,0,0,True,[],[],[],[],0.0,0.0,0.0
gigel-si-telefonul,1323404867,user_0036,50.0,cpp,unknown,1359951515,0.0,0.885247,1.0,0.365574,0.238407,0.127167,low,22,22,0,100.0,0,0,0,False,"[""input00.txt"", ""input01.txt"", ""input02.txt"", ""input03.txt"", ""input04.txt"", ""input05.txt"", ""input06.txt"", ""input07.txt"", ""input08.txt"", ""input09.txt"", ""input10.txt"", ""input11.txt"", ""input12.txt"", ""input13.txt"", ""input14.txt"", ""input15.txt"", ""input16.txt"", ""input17.txt"", ""input18.txt"", ""input19.txt"", ""input20.txt"", ""input21.txt""]",[],[],[],4.774284,0.217013,0.551097
gigel-si-telefonul,1323405414,user_0130,50.0,cpp,dynamic_programming,1408559415,0.321839,0.962482,0.9,0.571848,0.244851,0.326997,medium,22,22,0,100.0,0,0,0,False,"[""input00.txt"", ""input01.txt"", ""input02.txt"", ""input03.txt"", ""input04.txt"", ""input05.txt"", ""input06.txt"", ""input07.txt"", ""input08.txt"", ""input09.txt"", ""input10.txt"", ""input11.txt"", ""input12.txt"", ""input13.txt"", ""input14.txt"", ""input15.txt"", ""input16.txt"", ""input17.txt"", ""input18.txt"", ""input19.txt"", ""input20.txt"", ""input21.txt""]",[],[],[],2.726813,0.123946,0.377693
gigel-si-telefonul,1323427973,user_0014,50.0,cpp,dynamic_programming,1323427915,0.974359,0.999989,0.05,0.889612,0.228915,0.660697,high,22,22,0,100.0,0,0,0,False,"[""input00.txt"", ""input01.txt"", ""input02.txt"", ""input03.txt"", ""input04.txt"", ""input05.txt"", ""input06.txt"", ""input07.txt"", ""input08.txt"", ""input09.txt"", ""input10.txt"", ""input11.txt"", ""input12.txt"", ""input13.txt"", ""input14.txt"", ""input15.txt"", ""input16.txt"", ""input17.txt"", ""input18.txt"", ""input19.txt"", ""input20.txt"", ""input21.txt""]",[],[],[],3.062123,0.139187,0.365022
gigel-si-telefonul,1323429935,user_0006,50.0,cpp,dynamic_programming,1323427915,1.0,0.999997,0.05,0.904999,0.228649,0.67635,high,22,22,0,100.0,0,0,0,False,"[""input00.txt"", ""input01.txt"", ""input02.txt"", ""input03.txt"", ""input04.txt"", ""input05.txt"", ""input06.txt"", ""input07.txt"", ""input08.txt"", ""input09.txt"", ""input10.txt"", ""input11.txt"", ""input12.txt"", ""input13.txt"", ""input14.txt"", ""input15.txt"", ""input16.txt"", ""input17.txt"", ""input18.txt"", ""input19.txt"", ""input20.txt"", ""input21.txt""]",[],[],[],3.987476,0.181249,0.457384
gigel-si-telefonul,1323432642,user_0116,50.0,java,dynamic_programming,1314236793,0.481481,0.886667,1.0,0.654889,0.0,0.654889,medium,22,22,0,100.0,0,0,0,False,"[""input00.txt"", ""input01.txt"", ""input02.txt"", ""input03.txt"", ""input04.txt"", ""input05.txt"", ""input06.txt"", ""input07.txt"", ""input08.txt"", ""input09.txt"", ""input10.txt"", ""input11.txt"", ""input12.txt"", ""input13.txt"", ""input14.txt"", ""input15.txt"", ""input16.txt"", ""input17.txt"", ""input18.txt"", ""input19.txt"", ""input20.txt"", ""input21.txt""]",[],[],[],2.29988,0.10454,0.116612
gigel-si-telefonul,1323445893,user_0037,50.0,cpp,dynamic_programming,1408559415,0.321839,0.962482,0.9,0.571848,0.244851,0.326997,medium,22,22,0,100.0,0,0,0,False,"[""input00.txt"", ""input01.txt"", ""input02.txt"", ""input03.txt"", ""input04.txt"", ""input05.txt"", ""input06.txt"", ""input07.txt"", ""input08.txt"", ""input09.txt"", ""input10.txt"", ""input11.txt"", ""input12.txt"", ""input13.txt"", ""input14.txt"", ""input15.txt"", ""input16.txt"", ""input17.txt"", ""input18.txt"", ""input19.txt"", ""input20.txt"", ""input21.txt""]",[],[],[],3.723625,0.169256,0.330632
gigel-si-telefonul,1323446304,user_0003,50.0,cpp,dynamic_programming,1359951515,0.267857,0.939555,1.0,0.542581,0.246828,0.295753,medium,22,22,0,100.0,0,0,0,False,"[""input00.txt"", ""input01.txt"", ""input02.txt"", ""input03.txt"", ""input04.txt"", ""input05.txt"", ""input06.txt"", ""input07.txt"", ""input08.txt"", ""input09.txt"", ""input10.txt"", ""input11.txt"", ""input12.txt"", ""input13.txt"", ""input14.txt"", ""input15.txt"", ""input16.txt"", ""input17.txt"", ""input18.txt"", ""input19.txt"", ""input20.txt"", ""input21.txt""]",[],[],[],9.820046,0.446366,1.027557
gigel-si-telefonul,1323450369,user_0162,50.0,java,dynamic_programming,1314236793,0.419355,0.882218,1.0,0.616278,0.0,0.616278,medium,22,22,0,100.0,0,0,0,False,"[""input00.txt"", ""input01.txt"", ""input02.txt"", ""input03.txt"", ""input04.txt"", ""input05.txt"", ""input06.txt"", ""input07.txt"", ""input08.txt"", ""input09.txt"", ""input10.txt"", ""input11.txt"", ""input12.txt"", ""input13.txt"", ""input14.txt"", ""input15.txt"", ""input16.txt"", ""input17.txt"", ""input18.txt"", ""input19.txt"", ""input20.txt"", ""input21.txt""]",[],[],[],2.907861,0.132175,0.198194
gigel-si-telefonul,1323451990,user_0048,50.0,java,dynamic_programming,1314236793,0.421053,0.864609,1.0,0.612014,0.0,0.612014,medium,22,22,0,100.0,0,0,0,False,"[""input00.txt"", ""input01.txt"", ""input02.txt"", ""input03.txt"", ""input04.txt"", ""input05.txt"", ""input06.txt"", ""input07.txt"", ""input08.txt"", ""input09.txt"", ""input10.txt"", ""input11.txt"", ""input12.txt"", ""input13.txt"", ""input14.txt"", ""input15.txt"", ""input16.txt"", ""input17.txt"", ""input18.txt"", ""input19.txt"", ""input20.txt"", ""input21.txt""]",[],[],[],3.621165,0.164598,0.392821
gigel-si-telefonul,1323454954,user_0094,50.0,cpp,dynamic_programming,1359951515,0.560748,0.987585,1.0,0.732724,0.233216,0.499508,high,22,22,0,100.0,0,0,0,False,"[""input00.txt"", ""input01.txt"", ""input02.txt"", ""input03.txt"", ""input04.txt"", ""input05.txt"", ""input06.txt"", ""input07.txt"", ""input08.txt"", ""input09.txt"", ""input10.txt"", ""input11.txt"", ""input12.txt"", ""input13.txt"", ""input14.txt"", ""input15.txt"", ""input16.txt"", ""input17.txt"", ""input18.txt"", ""input19.txt"", ""input20.txt"", ""input21.txt""]",[],[],[],4.634351,0.210652,0.5412
gigel-si-telefonul,1323455040,user_0056,50.0,cpp,dynamic_programming,1323427915,0.439024,0.953219,0.05,0.55438,0.206676,0.347705,medium,22,22,0,100.0,0,0,0,False,"[""input00.txt"", ""input01.txt"", ""input02.txt"", ""input03.txt"", ""input04.txt"", ""input05.txt"", ""input06.txt"", ""input07.txt"", ""input08.txt"", ""input09.txt"", ""input10.txt"", ""input11.txt"", ""input12.txt"", ""input13.txt"", ""input14.txt"", ""input15.txt"", ""input16.txt"", ""input17.txt"", ""input18.txt"", ""input19.txt"", ""input20.txt"", ""input21.txt""]",[],[],[],3.171529,0.14416,0.311913
gigel-si-telefonul,1323455455,user_0006,50.0,cpp,dynamic_programming,1323427915,0.638889,0.996236,0.05,0.687204,0.234691,0.452513,medium,22,22,0,100.0,0,0,0,False,"[""input00.txt"", ""input01.txt"", ""input02.txt"", ""input03.txt"", ""input04.txt"", ""input05.txt"", ""input06.txt"", ""input07.txt"", ""input08.txt"", ""input09.txt"", ""input10.txt"", ""input11.txt"", ""input12.txt"", ""input13.txt"", ""input14.txt"", ""input15.txt"", ""input16.txt"", ""input17.txt"", ""input18.txt"", ""input19.txt"", ""input20.txt"", ""input21.txt""]",[],[],[],3.107471,0.141249,0.373118
gigel-si-telefonul,1323455462,user_0006,50.0,cpp,dynamic_programming,1323427915,0.638889,0.994607,0.05,0.686715,0.238725,0.44799,medium,22,22,0,100.0,0,0,0,False,"[""input00.txt"", ""input01.txt"", ""input02.txt"", ""input03.txt"", ""input04.txt"", ""input05.txt"", ""input06.txt"", ""input07.txt"", ""input08.txt"", ""input09.txt"", ""input10.txt"", ""input11.txt"", ""input12.txt"", ""input13.txt"", ""input14.txt"", ""input15.txt"", ""input16.txt"", ""input17.txt"", ""input18.txt"", ""input19.txt"", ""input20.txt"", ""input21.txt""]",[],[],[],3.003685,0.136531,0.270605
gigel-si-telefonul,1323455682,user_0061,50.0,cpp,unknown,1359951515,0.0,0.909642,1.0,0.372893,0.227835,0.145057,low,22,22,0,100.0,0,0,0,False,"[""input00.txt"", ""input01.txt"", ""input02.txt"", ""input03.txt"", ""input04.txt"", ""input05.txt"", ""input06.txt"", ""input07.txt"", ""input08.txt"", ""input09.txt"", ""input10.txt"", ""input11.txt"", ""input12.txt"", ""input13.txt"", ""input14.txt"", ""input15.txt"", ""input16.txt"", ""input17.txt"", ""input18.txt"", ""input19.txt"", ""input20.txt"", ""input21.txt""]",[],[],[],1.615849,0.073448,0.218688
gigel-si-telefonul,1323455841,user_0074,50.0,cpp,dynamic_programming,1359951515,0.606061,0.991044,1.0,0.76095,0.228917,0.532033,high,0,0,0,0.0,0,0,0,True,[],[],[],[],0.0,0.0,0.0
gigel-si-telefonul,1323455889,user_0025,50.0,cpp,unknown,1359951515,0.0,0.757631,1.0,0.327289,0.276106,0.051183,low,22,22,0,100.0,0,0,0,False,"[""input00.txt"", ""input01.txt"", ""input02.txt"", ""input03.txt"", ""input04.txt"", ""input05.txt"", ""input06.txt"", ""input07.txt"", ""input08.txt"", ""input09.txt"", ""input10.txt"", ""input11.txt"", ""input12.txt"", ""input13.txt"", ""input14.txt"", ""input15.txt"", ""input16.txt"", ""input17.txt"", ""input18.txt"", ""input19.txt"", ""input20.txt"", ""input21.txt""]",[],[],[],2.063878,0.093813,0.483566
gigel-si-telefonul,1324922821,user_0051,50.0,java,dynamic_programming,1314236793,0.892704,0.999753,1.0,0.935548,0.0,0.935548,high,22,22,0,100.0,0,0,0,False,"[""input00.txt"", ""input01.txt"", ""input02.txt"", ""input03.txt"", ""input04.txt"", ""input05.txt"", ""input06.txt"", ""input07.txt"", ""input08.txt"", ""input09.txt"", ""input10.txt"", ""input11.txt"", ""input12.txt"", ""input13.txt"", ""input14.txt"", ""input15.txt"", ""input16.txt"", ""input17.txt"", ""input18.txt"", ""input19.txt"", ""input20.txt"", ""input21.txt""]",[],[],[],4.023109,0.182869,0.360459
gigel-si-telefonul,1331966085,user_0052,50.0,cpp,unknown,1408559415,0.0,0.761679,0.9,0.318504,0.289364,0.029139,low,22,22,0,100.0,0,0,0,False,"[""input00.txt"", ""input01.txt"", ""input02.txt"", ""input03.txt"", ""input04.txt"", ""input05.txt"", ""input06.txt"", ""input07.txt"", ""input08.txt"", ""input09.txt"", ""input10.txt"", ""input11.txt"", ""input12.txt"", ""input13.txt"", ""input14.txt"", ""input15.txt"", ""input16.txt"", ""input17.txt"", ""input18.txt"", ""input19.txt"", ""input20.txt"", ""input21.txt""]",[],[],[],1.953041,0.088775,0.321053
gigel-si-telefonul,1331968391,user_0095,50.0,java,dynamic_programming,1314236793,0.554545,0.933042,1.0,0.71264,0.0,0.71264,high,22,22,0,100.0,0,0,0,False,"[""input00.txt"", ""input01.txt"", ""input02.txt"", ""input03.txt"", ""input04.txt"", ""input05.txt"", ""input06.txt"", ""input07.txt"", ""input08.txt"", ""input09.txt"", ""input10.txt"", ""input11.txt"", ""input12.txt"", ""input13.txt"", ""input14.txt"", ""input15.txt"", ""input16.txt"", ""input17.txt"", ""input18.txt"", ""input19.txt"", ""input20.txt"", ""input21.txt""]",[],[],[],4.039421,0.18361,0.283276
gigel-si-telefonul,1332143661,user_0030,50.0,java,dynamic_programming,1314236793,0.462222,0.872292,1.0,0.639021,0.0,0.639021,medium,22,22,0,100.0,0,0,0,False,"[""input00.txt"", ""input01.txt"", ""input02.txt"", ""input03.txt"", ""input04.txt"", ""input05.txt"", ""input06.txt"", ""input07.txt"", ""input08.txt"", ""input09.txt"", ""input10.txt"", ""input11.txt"", ""input12.txt"", ""input13.txt"", ""input14.txt"", ""input15.txt"", ""input16.txt"", ""input17.txt"", ""input18.txt"", ""input19.txt"", ""input20.txt"", ""input21.txt""]",[],[],[],5.312698,0.241486,0.416933
gigel-si-telefonul,1332183204,user_0045,50.0,cpp,unknown,1408559415,0.0,0.900922,0.9,0.360277,0.261538,0.098738,low,22,22,0,100.0,0,0,0,False,"[""input00.txt"", ""input01.txt"", ""input02.txt"", ""input03.txt"", ""input04.txt"", ""input05.txt"", ""input06.txt"", ""input07.txt"", ""input08.txt"", ""input09.txt"", ""input10.txt"", ""input11.txt"", ""input12.txt"", ""input13.txt"", ""input14.txt"", ""input15.txt"", ""input16.txt"", ""input17.txt"", ""input18.txt"", ""input19.txt"", ""input20.txt"", ""input21.txt""]",[],[],[],1.560541,0.070934,0.219523
gigel-si-telefonul,1332203430,user_0007,50.0,cpp,unknown,1408559415,0.0,0.908646,0.9,0.362594,0.254748,0.107846,low,22,22,0,100.0,0,0,0,False,"[""input00.txt"", ""input01.txt"", ""input02.txt"", ""input03.txt"", ""input04.txt"", ""input05.txt"", ""input06.txt"", ""input07.txt"", ""input08.txt"", ""input09.txt"", ""input10.txt"", ""input11.txt"", ""input12.txt"", ""input13.txt"", ""input14.txt"", ""input15.txt"", ""input16.txt"", ""input17.txt"", ""input18.txt"", ""input19.txt"", ""input20.txt"", ""input21.txt""]",[],[],[],3.035303,0.137968,1.018986
gigel-si-telefonul,1332376143,user_0009,50.0,java,dynamic_programming,1314236793,0.433333,0.913024,1.0,0.633907,0.0,0.633907,medium,22,22,0,100.0,0,0,0,False,"[""input00.txt"", ""input01.txt"", ""input02.txt"", ""input03.txt"", ""input04.txt"", ""input05.txt"", ""input06.txt"", ""input07.txt"", ""input08.txt"", ""input09.txt"", ""input10.txt"", ""input11.txt"", ""input12.txt"", ""input13.txt"", ""input14.txt"", ""input15.txt"", ""input16.txt"", ""input17.txt"", ""input18.txt"", ""input19.txt"", ""input20.txt"", ""input21.txt""]",[],[],[],3.713487,0.168795,0.361741
gigel-si-telefonul,1332399715,user_0137,50.0,cpp,dynamic_programming,1359951515,0.323232,0.967664,1.0,0.584238,0.218521,0.365717,medium,22,22,0,100.0,0,0,0,False,"[""input00.txt"", ""input01.txt"", ""input02.txt"", ""input03.txt"", ""input04.txt"", ""input05.txt"", ""input06.txt"", ""input07.txt"", ""input08.txt"", ""input09.txt"", ""input10.txt"", ""input11.txt"", ""input12.txt"", ""input13.txt"", ""input14.txt"", ""input15.txt"", ""input16.txt"", ""input17.txt"", ""input18.txt"", ""input19.txt"", ""input20.txt"", ""input21.txt""]",[],[],[],3.117928,0.141724,0.605081
gigel-si-telefonul,1332551689,user_0012,50.0,java,dynamic_programming,1314236793,0.427984,0.917866,1.0,0.63215,0.0,0.63215,medium,22,22,0,100.0,0,0,0,False,"[""input00.txt"", ""input01.txt"", ""input02.txt"", ""input03.txt"", ""input04.txt"", ""input05.txt"", ""input06.txt"", ""input07.txt"", ""input08.txt"", ""input09.txt"", ""input10.txt"", ""input11.txt"", ""input12.txt"", ""input13.txt"", ""input14.txt"", ""input15.txt"", ""input16.txt"", ""input17.txt"", ""input18.txt"", ""input19.txt"", ""input20.txt"", ""input21.txt""]",[],[],[],3.697561,0.168071,0.456781
gigel-si-telefonul,1332551848,user_0090,50.0,java,dynamic_programming,1314236793,0.440678,0.881119,1.0,0.628743,0.0,0.628743,medium,22,22,0,100.0,0,0,0,False,"[""input00.txt"", ""input01.txt"", ""input02.txt"", ""input03.txt"", ""input04.txt"", ""input05.txt"", ""input06.txt"", ""input07.txt"", ""input08.txt"", ""input09.txt"", ""input10.txt"", ""input11.txt"", ""input12.txt"", ""input13.txt"", ""input14.txt"", ""input15.txt"", ""input16.txt"", ""input17.txt"", ""input18.txt"", ""input19.txt"", ""input20.txt"", ""input21.txt""]",[],[],[],4.951914,0.225087,0.467781
gigel-si-telefonul,1332581141,user_0061,50.0,cpp,unknown,1323427915,0.222222,0.938863,0.05,0.419992,0.250176,0.169816,low,22,22,0,100.0,0,0,0,False,"[""input00.txt"", ""input01.txt"", ""input02.txt"", ""input03.txt"", ""input04.txt"", ""input05.txt"", ""input06.txt"", ""input07.txt"", ""input08.txt"", ""input09.txt"", ""input10.txt"", ""input11.txt"", ""input12.txt"", ""input13.txt"", ""input14.txt"", ""input15.txt"", ""input16.txt"", ""input17.txt"", ""input18.txt"", ""input19.txt"", ""input20.txt"", ""input21.txt""]",[],[],[],3.98278,0.181035,0.474158
gigel-si-telefonul,1332621520,user_0031,50.0,cpp,dynamic_programming,1408559415,0.321839,0.968902,0.9,0.573774,0.241631,0.332143,medium,22,22,0,100.0,0,0,0,False,"[""input00.txt"", ""input01.txt"", ""input02.txt"", ""input03.txt"", ""input04.txt"", ""input05.txt"", ""input06.txt"", ""input07.txt"", ""input08.txt"", ""input09.txt"", ""input10.txt"", ""input11.txt"", ""input12.txt"", ""input13.txt"", ""input14.txt"", ""input15.txt"", ""input16.txt"", ""input17.txt"", ""input18.txt"", ""input19.txt"", ""input20.txt"", ""input21.txt""]",[],[],[],2.726522,0.123933,0.4489
gigel-si-telefonul,1332720368,user_0010,50.0,cpp,dynamic_programming,1408559415,0.345679,0.983117,0.9,0.592343,0.231765,0.360578,medium,0,0,0,0.0,0,0,0,True,[],[],[],[],0.0,0.0,0.0
gigel-si-telefonul,1332720451,user_0115,50.0,cpp,unknown,1408559415,0.0,0.972144,0.9,0.381643,0.222807,0.158836,low,22,22,0,100.0,0,0,0,False,"[""input00.txt"", ""input01.txt"", ""input02.txt"", ""input03.txt"", ""input04.txt"", ""input05.txt"", ""input06.txt"", ""input07.txt"", ""input08.txt"", ""input09.txt"", ""input10.txt"", ""input11.txt"", ""input12.txt"", ""input13.txt"", ""input14.txt"", ""input15.txt"", ""input16.txt"", ""input17.txt"", ""input18.txt"", ""input19.txt"", ""input20.txt"", ""input21.txt""]",[],[],[],2.188987,0.099499,0.554448
gigel-si-telefonul,1332721047,user_0124,50.0,cpp,unknown,1408559415,0.0,0.905029,0.9,0.361509,0.264106,0.097403,low,22,22,0,100.0,0,0,0,False,"[""input00.txt"", ""input01.txt"", ""input02.txt"", ""input03.txt"", ""input04.txt"", ""input05.txt"", ""input06.txt"", ""input07.txt"", ""input08.txt"", ""input09.txt"", ""input10.txt"", ""input11.txt"", ""input12.txt"", ""input13.txt"", ""input14.txt"", ""input15.txt"", ""input16.txt"", ""input17.txt"", ""input18.txt"", ""input19.txt"", ""input20.txt"", ""input21.txt""]",[],[],[],1.864402,0.084746,0.42061
gigel-si-telefonul,1332752301,user_0096,50.0,cpp,dynamic_programming,1408559415,0.242991,0.988359,0.9,0.532302,0.242026,0.290276,medium,0,0,0,0.0,0,0,0,True,[],[],[],[],0.0,0.0,0.0
gigel-si-telefonul,1332760662,user_0016,50.0,cpp,dynamic_programming,1408559415,0.288462,0.955843,0.9,0.54983,0.229915,0.319915,medium,22,22,0,100.0,0,0,0,False,"[""input00.txt"", ""input01.txt"", ""input02.txt"", ""input03.txt"", ""input04.txt"", ""input05.txt"", ""input06.txt"", ""input07.txt"", ""input08.txt"", ""input09.txt"", ""input10.txt"", ""input11.txt"", ""input12.txt"", ""input13.txt"", ""input14.txt"", ""input15.txt"", ""input16.txt"", ""input17.txt"", ""input18.txt"", ""input19.txt"", ""input20.txt"", ""input21.txt""]",[],[],[],2.757386,0.125336,0.290751
gigel-si-telefonul,1332763872,user_0020,50.0,cpp,dynamic_programming,1359951515,0.788462,0.959462,1.0,0.860916,0.237134,0.623782,high,22,22,0,100.0,0,0,0,False,"[""input00.txt"", ""input01.txt"", ""input02.txt"", ""input03.txt"", ""input04.txt"", ""input05.txt"", ""input06.txt"", ""input07.txt"", ""input08.txt"", ""input09.txt"", ""input10.txt"", ""input11.txt"", ""input12.txt"", ""input13.txt"", ""input14.txt"", ""input15.txt"", ""input16.txt"", ""input17.txt"", ""input18.txt"", ""input19.txt"", ""input20.txt"", ""input21.txt""]",[],[],[],4.447983,0.202181,0.697412
gigel-si-telefonul,1332764112,user_0087,50.0,cpp,dynamic_programming,1359951515,0.232143,0.966101,1.0,0.529116,0.215996,0.31312,medium,22,22,0,100.0,0,0,0,False,"[""input00.txt"", ""input01.txt"", ""input02.txt"", ""input03.txt"", ""input04.txt"", ""input05.txt"", ""input06.txt"", ""input07.txt"", ""input08.txt"", ""input09.txt"", ""input10.txt"", ""input11.txt"", ""input12.txt"", ""input13.txt"", ""input14.txt"", ""input15.txt"", ""input16.txt"", ""input17.txt"", ""input18.txt"", ""input19.txt"", ""input20.txt"", ""input21.txt""]",[],[],[],2.755569,0.125253,0.371588
gigel-si-telefonul,1342820740,user_0038,50.0,cpp,unknown,1359951515,0.0,0.742235,1.0,0.322671,0.264747,0.057924,low,22,22,0,100.0,0,0,0,False,"[""input00.txt"", ""input01.txt"", ""input02.txt"", ""input03.txt"", ""input04.txt"", ""input05.txt"", ""input06.txt"", ""input07.txt"", ""input08.txt"", ""input09.txt"", ""input10.txt"", ""input11.txt"", ""input12.txt"", ""input13.txt"", ""input14.txt"", ""input15.txt"", ""input16.txt"", ""input17.txt"", ""input18.txt"", ""input19.txt"", ""input20.txt"", ""input21.txt""]",[],[],[],1.709647,0.077711,0.306159
gigel-si-telefonul,1344528286,user_0047,50.0,cpp,dynamic_programming,1408559415,0.341463,0.898155,0.9,0.564325,0.260857,0.303468,medium,22,22,0,100.0,0,0,0,False,"[""input00.txt"", ""input01.txt"", ""input02.txt"", ""input03.txt"", ""input04.txt"", ""input05.txt"", ""input06.txt"", ""input07.txt"", ""input08.txt"", ""input09.txt"", ""input10.txt"", ""input11.txt"", ""input12.txt"", ""input13.txt"", ""input14.txt"", ""input15.txt"", ""input16.txt"", ""input17.txt"", ""input18.txt"", ""input19.txt"", ""input20.txt"", ""input21.txt""]",[],[],[],2.767425,0.125792,0.316712
gigel-si-telefonul,1344571199,user_0044,50.0,cpp,dynamic_programming,1408559415,0.307692,0.996215,0.9,0.57348,0.217208,0.356272,medium,22,22,0,100.0,0,0,0,False,"[""input00.txt"", ""input01.txt"", ""input02.txt"", ""input03.txt"", ""input04.txt"", ""input05.txt"", ""input06.txt"", ""input07.txt"", ""input08.txt"", ""input09.txt"", ""input10.txt"", ""input11.txt"", ""input12.txt"", ""input13.txt"", ""input14.txt"", ""input15.txt"", ""input16.txt"", ""input17.txt"", ""input18.txt"", ""input19.txt"", ""input20.txt"", ""input21.txt""]",[],[],[],1.673414,0.076064,0.366105
gigel-si-telefonul,1344623009,user_0043,50.0,cpp,unknown,1359951515,0.0,0.822797,1.0,0.346839,0.241943,0.104897,low,22,22,0,100.0,0,0,0,False,"[""input00.txt"", ""input01.txt"", ""input02.txt"", ""input03.txt"", ""input04.txt"", ""input05.txt"", ""input06.txt"", ""input07.txt"", ""input08.txt"", ""input09.txt"", ""input10.txt"", ""input11.txt"", ""input12.txt"", ""input13.txt"", ""input14.txt"", ""input15.txt"", ""input16.txt"", ""input17.txt"", ""input18.txt"", ""input19.txt"", ""input20.txt"", ""input21.txt""]",[],[],[],1.819626,0.08271,0.301953
gigel-si-telefonul,1344631096,user_0141,50.0,cpp,dynamic_programming,1408559415,0.304348,0.965639,0.9,0.5623,0.247089,0.315211,medium,22,22,0,100.0,0,0,0,False,"[""input00.txt"", ""input01.txt"", ""input02.txt"", ""input03.txt"", ""input04.txt"", ""input05.txt"", ""input06.txt"", ""input07.txt"", ""input08.txt"", ""input09.txt"", ""input10.txt"", ""input11.txt"", ""input12.txt"", ""input13.txt"", ""input14.txt"", ""input15.txt"", ""input16.txt"", ""input17.txt"", ""input18.txt"", ""input19.txt"", ""input20.txt"", ""input21.txt""]",[],[],[],1.55431,0.07065,0.247839
gigel-si-telefonul,1344635291,user_0013,50.0,cpp,dynamic_programming,1408559415,0.27027,0.858054,0.9,0.509578,0.252738,0.25684,medium,22,22,0,100.0,0,0,0,False,"[""input00.txt"", ""input01.txt"", ""input02.txt"", ""input03.txt"", ""input04.txt"", ""input05.txt"", ""input06.txt"", ""input07.txt"", ""input08.txt"", ""input09.txt"", ""input10.txt"", ""input11.txt"", ""input12.txt"", ""input13.txt"", ""input14.txt"", ""input15.txt"", ""input16.txt"", ""input17.txt"", ""input18.txt"", ""input19.txt"", ""input20.txt"", ""input21.txt""]",[],[],[],3.429504,0.155887,0.649542
gigel-si-telefonul,1344637802,user_0117,50.0,cpp,dynamic_programming,1359951515,0.759259,0.994209,1.0,0.853818,0.220639,0.633179,high,22,22,0,100.0,0,0,0,False,"[""input00.txt"", ""input01.txt"", ""input02.txt"", ""input03.txt"", ""input04.txt"", ""input05.txt"", ""input06.txt"", ""input07.txt"", ""input08.txt"", ""input09.txt"", ""input10.txt"", ""input11.txt"", ""input12.txt"", ""input13.txt"", ""input14.txt"", ""input15.txt"", ""input16.txt"", ""input17.txt"", ""input18.txt"", ""input19.txt"", ""input20.txt"", ""input21.txt""]",[],[],[],3.62781,0.1649,0.468861
gigel-si-telefonul,1344720163,user_0027,50.0,cpp,greedy,1344719237,0.725664,0.97321,0.05,0.732361,0.32419,0.408171,high,22,22,0,100.0,0,0,0,False,"[""input00.txt"", ""input01.txt"", ""input02.txt"", ""input03.txt"", ""input04.txt"", ""input05.txt"", ""input06.txt"", ""input07.txt"", ""input08.txt"", ""input09.txt"", ""input10.txt"", ""input11.txt"", ""input12.txt"", ""input13.txt"", ""input14.txt"", ""input15.txt"", ""input16.txt"", ""input17.txt"", ""input18.txt"", ""input19.txt"", ""input20.txt"", ""input21.txt""]",[],[],[],1.619585,0.073618,0.298692
gigel-si-telefonul,1359951515,user_0001,50.0,cpp,dynamic_programming,1359951515,1.0,1.0,1.0,1.0,1.0,0.0,reference,22,22,0,100.0,0,0,0,False,"[""input00.txt"", ""input01.txt"", ""input02.txt"", ""input03.txt"", ""input04.txt"", ""input05.txt"", ""input06.txt"", ""input07.txt"", ""input08.txt"", ""input09.txt"", ""input10.txt"", ""input11.txt"", ""input12.txt"", ""input13.txt"", ""input14.txt"", ""input15.txt"", ""input16.txt"", ""input17.txt"", ""input18.txt"", ""input19.txt"", ""input20.txt"", ""input21.txt""]",[],[],[],4.369272,0.198603,0.514285
gigel-si-telefonul,1361756817,user_0097,50.0,cpp,dynamic_programming,1359951515,1.0,0.999994,1.0,0.999998,0.21574,0.784259,high,22,22,0,100.0,0,0,0,False,"[""input00.txt"", ""input01.txt"", ""input02.txt"", ""input03.txt"", ""input04.txt"", ""input05.txt"", ""input06.txt"", ""input07.txt"", ""input08.txt"", ""input09.txt"", ""input10.txt"", ""input11.txt"", ""input12.txt"", ""input13.txt"", ""input14.txt"", ""input15.txt"", ""input16.txt"", ""input17.txt"", ""input18.txt"", ""input19.txt"", ""input20.txt"", ""input21.txt""]",[],[],[],4.18207,0.190094,0.527341
gigel-si-telefonul,1361903931,user_0077,50.0,cpp,unknown,1408559415,0.0,0.804739,0.9,0.331422,0.277134,0.054288,low,22,22,0,100.0,0,0,0,False,"[""input00.txt"", ""input01.txt"", ""input02.txt"", ""input03.txt"", ""input04.txt"", ""input05.txt"", ""input06.txt"", ""input07.txt"", ""input08.txt"", ""input09.txt"", ""input10.txt"", ""input11.txt"", ""input12.txt"", ""input13.txt"", ""input14.txt"", ""input15.txt"", ""input16.txt"", ""input17.txt"", ""input18.txt"", ""input19.txt"", ""input20.txt"", ""input21.txt""]",[],[],[],1.567623,0.071256,0.280485
gigel-si-telefonul,1361911498,user_0126,50.0,cpp,dynamic_programming,1359951515,1.0,0.999814,1.0,0.999944,0.212347,0.787598,high,22,22,0,100.0,0,0,0,False,"[""input00.txt"", ""input01.txt"", ""input02.txt"", ""input03.txt"", ""input04.txt"", ""input05.txt"", ""input06.txt"", ""input07.txt"", ""input08.txt"", ""input09.txt"", ""input10.txt"", ""input11.txt"", ""input12.txt"", ""input13.txt"", ""input14.txt"", ""input15.txt"", ""input16.txt"", ""input17.txt"", ""input18.txt"", ""input19.txt"", ""input20.txt"", ""input21.txt""]",[],[],[],4.696683,0.213486,0.54458
gigel-si-telefonul,1361911519,user_0126,50.0,cpp,dynamic_programming,1359951515,0.888889,0.997428,1.0,0.932562,0.211127,0.721434,high,22,22,0,100.0,0,0,0,False,"[""input00.txt"", ""input01.txt"", ""input02.txt"", ""input03.txt"", ""input04.txt"", ""input05.txt"", ""input06.txt"", ""input07.txt"", ""input08.txt"", ""input09.txt"", ""input10.txt"", ""input11.txt"", ""input12.txt"", ""input13.txt"", ""input14.txt"", ""input15.txt"", ""input16.txt"", ""input17.txt"", ""input18.txt"", ""input19.txt"", ""input20.txt"", ""input21.txt""]",[],[],[],5.213443,0.236975,0.630252
gigel-si-telefonul,1370604628,user_0178,50.0,cpp,unknown,1359951515,0.0,0.942036,1.0,0.382611,0.246222,0.136389,low,22,22,0,100.0,0,0,0,False,"[""input00.txt"", ""input01.txt"", ""input02.txt"", ""input03.txt"", ""input04.txt"", ""input05.txt"", ""input06.txt"", ""input07.txt"", ""input08.txt"", ""input09.txt"", ""input10.txt"", ""input11.txt"", ""input12.txt"", ""input13.txt"", ""input14.txt"", ""input15.txt"", ""input16.txt"", ""input17.txt"", ""input18.txt"", ""input19.txt"", ""input20.txt"", ""input21.txt""]",[],[],[],8.843686,0.401986,1.163531
gigel-si-telefonul,1378132878,user_0089,50.0,java,dynamic_programming,1314236793,0.622407,0.906775,1.0,0.745477,0.0,0.745477,high,0,0,0,0.0,0,0,0,True,[],[],[],[],0.0,0.0,0.0
gigel-si-telefonul,1378159111,user_0104,50.0,cpp,dynamic_programming,1408559415,0.275862,0.966998,0.9,0.545617,0.220087,0.32553,medium,22,22,0,100.0,0,0,0,False,"[""input00.txt"", ""input01.txt"", ""input02.txt"", ""input03.txt"", ""input04.txt"", ""input05.txt"", ""input06.txt"", ""input07.txt"", ""input08.txt"", ""input09.txt"", ""input10.txt"", ""input11.txt"", ""input12.txt"", ""input13.txt"", ""input14.txt"", ""input15.txt"", ""input16.txt"", ""input17.txt"", ""input18.txt"", ""input19.txt"", ""input20.txt"", ""input21.txt""]",[],[],[],2.582844,0.117402,0.606297
gigel-si-telefonul,1391614198,user_0035,50.0,cpp,unknown,1408559415,0.0,0.734635,0.9,0.31039,0.287423,0.022967,low,22,22,0,100.0,0,0,0,False,"[""input00.txt"", ""input01.txt"", ""input02.txt"", ""input03.txt"", ""input04.txt"", ""input05.txt"", ""input06.txt"", ""input07.txt"", ""input08.txt"", ""input09.txt"", ""input10.txt"", ""input11.txt"", ""input12.txt"", ""input13.txt"", ""input14.txt"", ""input15.txt"", ""input16.txt"", ""input17.txt"", ""input18.txt"", ""input19.txt"", ""input20.txt"", ""input21.txt""]",[],[],[],2.209931,0.100451,0.429141
gigel-si-telefonul,1391686215,user_0177,50.0,cpp,dynamic_programming,1359951515,0.216216,0.939429,1.0,0.511558,0.24064,0.270918,medium,22,22,0,100.0,0,0,0,False,"[""input00.txt"", ""input01.txt"", ""input02.txt"", ""input03.txt"", ""input04.txt"", ""input05.txt"", ""input06.txt"", ""input07.txt"", ""input08.txt"", ""input09.txt"", ""input10.txt"", ""input11.txt"", ""input12.txt"", ""input13.txt"", ""input14.txt"", ""input15.txt"", ""input16.txt"", ""input17.txt"", ""input18.txt"", ""input19.txt"", ""input20.txt"", ""input21.txt""]",[],[],[],1.939479,0.088158,0.387587
gigel-si-telefonul,1391740457,user_0169,50.0,java,dynamic_programming,1314236793,0.56,0.834775,1.0,0.686432,0.0,0.686432,medium,22,22,0,100.0,0,0,0,False,"[""input00.txt"", ""input01.txt"", ""input02.txt"", ""input03.txt"", ""input04.txt"", ""input05.txt"", ""input06.txt"", ""input07.txt"", ""input08.txt"", ""input09.txt"", ""input10.txt"", ""input11.txt"", ""input12.txt"", ""input13.txt"", ""input14.txt"", ""input15.txt"", ""input16.txt"", ""input17.txt"", ""input18.txt"", ""input19.txt"", ""input20.txt"", ""input21.txt""]",[],[],[],6.037793,0.274445,0.702586
gigel-si-telefonul,1391802591,user_0068,50.0,cpp,dynamic_programming,1323427915,0.477612,0.918154,0.05,0.567013,0.247559,0.319455,medium,22,22,0,100.0,0,0,0,False,"[""input00.txt"", ""input01.txt"", ""input02.txt"", ""input03.txt"", ""input04.txt"", ""input05.txt"", ""input06.txt"", ""input07.txt"", ""input08.txt"", ""input09.txt"", ""input10.txt"", ""input11.txt"", ""input12.txt"", ""input13.txt"", ""input14.txt"", ""input15.txt"", ""input16.txt"", ""input17.txt"", ""input18.txt"", ""input19.txt"", ""input20.txt"", ""input21.txt""]",[],[],[],2.6784,0.121745,0.649149
gigel-si-telefonul,1391830924,user_0157,50.0,java,dynamic_programming,1314236793,0.477064,0.818945,1.0,0.631922,0.0,0.631922,medium,22,22,0,100.0,0,0,0,False,"[""input00.txt"", ""input01.txt"", ""input02.txt"", ""input03.txt"", ""input04.txt"", ""input05.txt"", ""input06.txt"", ""input07.txt"", ""input08.txt"", ""input09.txt"", ""input10.txt"", ""input11.txt"", ""input12.txt"", ""input13.txt"", ""input14.txt"", ""input15.txt"", ""input16.txt"", ""input17.txt"", ""input18.txt"", ""input19.txt"", ""input20.txt"", ""input21.txt""]",[],[],[],3.264441,0.148384,0.210568
gigel-si-telefonul,1391831234,user_0157,50.0,java,dynamic_programming,1314236793,0.479263,0.833293,1.0,0.637545,0.0,0.637545,medium,22,22,0,100.0,0,0,0,False,"[""input00.txt"", ""input01.txt"", ""input02.txt"", ""input03.txt"", ""input04.txt"", ""input05.txt"", ""input06.txt"", ""input07.txt"", ""input08.txt"", ""input09.txt"", ""input10.txt"", ""input11.txt"", ""input12.txt"", ""input13.txt"", ""input14.txt"", ""input15.txt"", ""input16.txt"", ""input17.txt"", ""input18.txt"", ""input19.txt"", ""input20.txt"", ""input21.txt""]",[],[],[],3.511105,0.159596,0.26939
gigel-si-telefonul,1391831288,user_0157,50.0,java,dynamic_programming,1314236793,0.481481,0.832134,1.0,0.638529,0.0,0.638529,medium,22,22,0,100.0,0,0,0,False,"[""input00.txt"", ""input01.txt"", ""input02.txt"", ""input03.txt"", ""input04.txt"", ""input05.txt"", ""input06.txt"", ""input07.txt"", ""input08.txt"", ""input09.txt"", ""input10.txt"", ""input11.txt"", ""input12.txt"", ""input13.txt"", ""input14.txt"", ""input15.txt"", ""input16.txt"", ""input17.txt"", ""input18.txt"", ""input19.txt"", ""input20.txt"", ""input21.txt""]",[],[],[],3.827286,0.173968,0.253447
gigel-si-telefonul,1391836785,user_0099,50.0,cpp,dynamic_programming,1359951515,0.242424,0.934056,1.0,0.525671,0.236809,0.288862,medium,22,0,22,0.0,0,12,10,False,[],"[""input00.txt"", ""input01.txt"", ""input02.txt"", ""input03.txt"", ""input04.txt"", ""input05.txt"", ""input06.txt"", ""input07.txt"", ""input08.txt"", ""input09.txt"", ""input10.txt"", ""input11.txt"", ""input12.txt"", ""input13.txt"", ""input14.txt"", ""input15.txt"", ""input16.txt"", ""input17.txt"", ""input18.txt"", ""input19.txt"", ""input20.txt"", ""input21.txt""]","[""input00.txt"", ""input01.txt"", ""input02.txt"", ""input03.txt"", ""input04.txt"", ""input05.txt"", ""input06.txt"", ""input08.txt"", ""input14.txt"", ""input15.txt"", ""input16.txt"", ""input17.txt""]","[""input07.txt"", ""input09.txt"", ""input10.txt"", ""input11.txt"", ""input12.txt"", ""input13.txt"", ""input18.txt"", ""input19.txt"", ""input20.txt"", ""input21.txt""]",40.430881,1.837767,3.0
gigel-si-telefonul,1391860780,user_0169,50.0,java,dynamic_programming,1314236793,0.56,0.907627,1.0,0.708288,0.0,0.708288,high,22,22,0,100.0,0,0,0,False,"[""input00.txt"", ""input01.txt"", ""input02.txt"", ""input03.txt"", ""input04.txt"", ""input05.txt"", ""input06.txt"", ""input07.txt"", ""input08.txt"", ""input09.txt"", ""input10.txt"", ""input11.txt"", ""input12.txt"", ""input13.txt"", ""input14.txt"", ""input15.txt"", ""input16.txt"", ""input17.txt"", ""input18.txt"", ""input19.txt"", ""input20.txt"", ""input21.txt""]",[],[],[],5.614298,0.255195,0.507272
gigel-si-telefonul,1391906126,user_0176,50.0,cpp,unknown,1408559415,0.0,0.734023,0.9,0.310207,0.270014,0.040193,low,22,22,0,100.0,0,0,0,False,"[""input00.txt"", ""input01.txt"", ""input02.txt"", ""input03.txt"", ""input04.txt"", ""input05.txt"", ""input06.txt"", ""input07.txt"", ""input08.txt"", ""input09.txt"", ""input10.txt"", ""input11.txt"", ""input12.txt"", ""input13.txt"", ""input14.txt"", ""input15.txt"", ""input16.txt"", ""input17.txt"", ""input18.txt"", ""input19.txt"", ""input20.txt"", ""input21.txt""]",[],[],[],1.740858,0.07913,0.341678
gigel-si-telefonul,1391906154,user_0176,50.0,cpp,dynamic_programming,1408462797,0.459016,0.886254,0.05,0.546286,0.28587,0.260416,medium,22,22,0,100.0,0,0,0,False,"[""input00.txt"", ""input01.txt"", ""input02.txt"", ""input03.txt"", ""input04.txt"", ""input05.txt"", ""input06.txt"", ""input07.txt"", ""input08.txt"", ""input09.txt"", ""input10.txt"", ""input11.txt"", ""input12.txt"", ""input13.txt"", ""input14.txt"", ""input15.txt"", ""input16.txt"", ""input17.txt"", ""input18.txt"", ""input19.txt"", ""input20.txt"", ""input21.txt""]",[],[],[],1.945083,0.088413,0.360331
gigel-si-telefonul,1391907768,user_0023,50.0,cpp,unknown,1408559415,0.0,0.743267,0.9,0.31298,0.288865,0.024115,low,22,22,0,100.0,0,0,0,False,"[""input00.txt"", ""input01.txt"", ""input02.txt"", ""input03.txt"", ""input04.txt"", ""input05.txt"", ""input06.txt"", ""input07.txt"", ""input08.txt"", ""input09.txt"", ""input10.txt"", ""input11.txt"", ""input12.txt"", ""input13.txt"", ""input14.txt"", ""input15.txt"", ""input16.txt"", ""input17.txt"", ""input18.txt"", ""input19.txt"", ""input20.txt"", ""input21.txt""]",[],[],[],2.1158,0.096173,0.344152
gigel-si-telefonul,1391931891,user_0069,50.0,cpp,unknown,1408462797,0.366197,0.858909,0.05,0.482391,0.285039,0.197352,low,22,22,0,100.0,0,0,0,False,"[""input00.txt"", ""input01.txt"", ""input02.txt"", ""input03.txt"", ""input04.txt"", ""input05.txt"", ""input06.txt"", ""input07.txt"", ""input08.txt"", ""input09.txt"", ""input10.txt"", ""input11.txt"", ""input12.txt"", ""input13.txt"", ""input14.txt"", ""input15.txt"", ""input16.txt"", ""input17.txt"", ""input18.txt"", ""input19.txt"", ""input20.txt"", ""input21.txt""]",[],[],[],3.689169,0.16769,0.595659
gigel-si-telefonul,1391942752,user_0145,50.0,java,dynamic_programming,1314236793,0.460177,0.874721,1.0,0.638522,0.0,0.638522,medium,22,22,0,100.0,0,0,0,False,"[""input00.txt"", ""input01.txt"", ""input02.txt"", ""input03.txt"", ""input04.txt"", ""input05.txt"", ""input06.txt"", ""input07.txt"", ""input08.txt"", ""input09.txt"", ""input10.txt"", ""input11.txt"", ""input12.txt"", ""input13.txt"", ""input14.txt"", ""input15.txt"", ""input16.txt"", ""input17.txt"", ""input18.txt"", ""input19.txt"", ""input20.txt"", ""input21.txt""]",[],[],[],3.075425,0.139792,0.188418
gigel-si-telefonul,1391996749,user_0128,50.0,java,dynamic_programming,1314236793,0.440678,0.879007,1.0,0.628109,0.0,0.628109,medium,22,22,0,100.0,0,0,0,False,"[""input00.txt"", ""input01.txt"", ""input02.txt"", ""input03.txt"", ""input04.txt"", ""input05.txt"", ""input06.txt"", ""input07.txt"", ""input08.txt"", ""input09.txt"", ""input10.txt"", ""input11.txt"", ""input12.txt"", ""input13.txt"", ""input14.txt"", ""input15.txt"", ""input16.txt"", ""input17.txt"", ""input18.txt"", ""input19.txt"", ""input20.txt"", ""input21.txt""]",[],[],[],3.37078,0.153217,0.207425
gigel-si-telefonul,1392018875,user_0086,50.0,java,dynamic_programming,1314236793,0.442553,0.877714,1.0,0.628846,0.0,0.628846,medium,22,22,0,100.0,0,0,0,False,"[""input00.txt"", ""input01.txt"", ""input02.txt"", ""input03.txt"", ""input04.txt"", ""input05.txt"", ""input06.txt"", ""input07.txt"", ""input08.txt"", ""input09.txt"", ""input10.txt"", ""input11.txt"", ""input12.txt"", ""input13.txt"", ""input14.txt"", ""input15.txt"", ""input16.txt"", ""input17.txt"", ""input18.txt"", ""input19.txt"", ""input20.txt"", ""input21.txt""]",[],[],[],3.785572,0.172071,0.261746
gigel-si-telefonul,1404837345,user_0083,50.0,cpp,unknown,1359951515,0.0,0.648857,1.0,0.294657,0.256811,0.037846,low,22,22,0,100.0,0,0,0,False,"[""input00.txt"", ""input01.txt"", ""input02.txt"", ""input03.txt"", ""input04.txt"", ""input05.txt"", ""input06.txt"", ""input07.txt"", ""input08.txt"", ""input09.txt"", ""input10.txt"", ""input11.txt"", ""input12.txt"", ""input13.txt"", ""input14.txt"", ""input15.txt"", ""input16.txt"", ""input17.txt"", ""input18.txt"", ""input19.txt"", ""input20.txt"", ""input21.txt""]",[],[],[],1.957278,0.088967,0.335707
gigel-si-telefonul,1404837393,user_0083,50.0,cpp,unknown,1359951515,0.0,0.646712,1.0,0.294014,0.256162,0.037851,low,22,22,0,100.0,0,0,0,False,"[""input00.txt"", ""input01.txt"", ""input02.txt"", ""input03.txt"", ""input04.txt"", ""input05.txt"", ""input06.txt"", ""input07.txt"", ""input08.txt"", ""input09.txt"", ""input10.txt"", ""input11.txt"", ""input12.txt"", ""input13.txt"", ""input14.txt"", ""input15.txt"", ""input16.txt"", ""input17.txt"", ""input18.txt"", ""input19.txt"", ""input20.txt"", ""input21.txt""]",[],[],[],1.729725,0.078624,0.357149
gigel-si-telefonul,1408347459,user_0146,50.0,cpp,unknown,1408559415,0.0,0.668263,0.9,0.290479,0.247195,0.043284,low,22,22,0,100.0,0,0,0,False,"[""input00.txt"", ""input01.txt"", ""input02.txt"", ""input03.txt"", ""input04.txt"", ""input05.txt"", ""input06.txt"", ""input07.txt"", ""input08.txt"", ""input09.txt"", ""input10.txt"", ""input11.txt"", ""input12.txt"", ""input13.txt"", ""input14.txt"", ""input15.txt"", ""input16.txt"", ""input17.txt"", ""input18.txt"", ""input19.txt"", ""input20.txt"", ""input21.txt""]",[],[],[],1.644554,0.074752,0.28442
gigel-si-telefonul,1408406046,user_0075,50.0,cpp,unknown,1359951515,0.0,0.93541,1.0,0.380623,0.236501,0.144122,low,22,22,0,100.0,0,0,0,False,"[""input00.txt"", ""input01.txt"", ""input02.txt"", ""input03.txt"", ""input04.txt"", ""input05.txt"", ""input06.txt"", ""input07.txt"", ""input08.txt"", ""input09.txt"", ""input10.txt"", ""input11.txt"", ""input12.txt"", ""input13.txt"", ""input14.txt"", ""input15.txt"", ""input16.txt"", ""input17.txt"", ""input18.txt"", ""input19.txt"", ""input20.txt"", ""input21.txt""]",[],[],[],2.082378,0.094654,0.402849
gigel-si-telefonul,1408421101,user_0073,50.0,cpp,unknown,1408559415,0.0,0.918302,0.9,0.365491,0.260055,0.105436,low,22,22,0,100.0,0,0,0,False,"[""input00.txt"", ""input01.txt"", ""input02.txt"", ""input03.txt"", ""input04.txt"", ""input05.txt"", ""input06.txt"", ""input07.txt"", ""input08.txt"", ""input09.txt"", ""input10.txt"", ""input11.txt"", ""input12.txt"", ""input13.txt"", ""input14.txt"", ""input15.txt"", ""input16.txt"", ""input17.txt"", ""input18.txt"", ""input19.txt"", ""input20.txt"", ""input21.txt""]",[],[],[],2.077813,0.094446,0.454902
gigel-si-telefonul,1408432303,user_0081,50.0,cpp,unknown,1408559415,0.0,0.917372,0.9,0.365211,0.252576,0.112635,low,22,22,0,100.0,0,0,0,False,"[""input00.txt"", ""input01.txt"", ""input02.txt"", ""input03.txt"", ""input04.txt"", ""input05.txt"", ""input06.txt"", ""input07.txt"", ""input08.txt"", ""input09.txt"", ""input10.txt"", ""input11.txt"", ""input12.txt"", ""input13.txt"", ""input14.txt"", ""input15.txt"", ""input16.txt"", ""input17.txt"", ""input18.txt"", ""input19.txt"", ""input20.txt"", ""input21.txt""]",[],[],[],1.960295,0.089104,0.357238
gigel-si-telefonul,1408434824,user_0150,50.0,cpp,dynamic_programming,1359951515,0.349515,0.952797,1.0,0.595548,0.243121,0.352427,medium,22,4,18,18.18,0,5,13,False,"[""input00.txt"", ""input01.txt"", ""input02.txt"", ""input03.txt""]","[""input04.txt"", ""input05.txt"", ""input06.txt"", ""input07.txt"", ""input08.txt"", ""input09.txt"", ""input10.txt"", ""input11.txt"", ""input12.txt"", ""input13.txt"", ""input14.txt"", ""input15.txt"", ""input16.txt"", ""input17.txt"", ""input18.txt"", ""input19.txt"", ""input20.txt"", ""input21.txt""]","[""input04.txt"", ""input16.txt"", ""input18.txt"", ""input20.txt"", ""input21.txt""]","[""input05.txt"", ""input06.txt"", ""input07.txt"", ""input08.txt"", ""input09.txt"", ""input10.txt"", ""input11.txt"", ""input12.txt"", ""input13.txt"", ""input14.txt"", ""input15.txt"", ""input17.txt"", ""input19.txt""]",20.388496,0.92675,3.0
gigel-si-telefonul,1408434905,user_0150,50.0,cpp,dynamic_programming,1359951515,0.563107,0.952832,1.0,0.723714,0.244068,0.479645,high,22,4,18,18.18,0,2,16,False,"[""input00.txt"", ""input01.txt"", ""input02.txt"", ""input03.txt""]","[""input04.txt"", ""input05.txt"", ""input06.txt"", ""input07.txt"", ""input08.txt"", ""input09.txt"", ""input10.txt"", ""input11.txt"", ""input12.txt"", ""input13.txt"", ""input14.txt"", ""input15.txt"", ""input16.txt"", ""input17.txt"", ""input18.txt"", ""input19.txt"", ""input20.txt"", ""input21.txt""]","[""input10.txt"", ""input20.txt""]","[""input04.txt"", ""input05.txt"", ""input06.txt"", ""input07.txt"", ""input08.txt"", ""input09.txt"", ""input11.txt"", ""input12.txt"", ""input13.txt"", ""input14.txt"", ""input15.txt"", ""input16.txt"", ""input17.txt"", ""input18.txt"", ""input19.txt"", ""input21.txt""]",12.06072,0.548215,3.0
gigel-si-telefonul,1408435338,user_0093,50.0,cpp,unknown,1359951515,0.0,0.625846,1.0,0.287754,0.256302,0.031452,low,22,22,0,100.0,0,0,0,False,"[""input00.txt"", ""input01.txt"", ""input02.txt"", ""input03.txt"", ""input04.txt"", ""input05.txt"", ""input06.txt"", ""input07.txt"", ""input08.txt"", ""input09.txt"", ""input10.txt"", ""input11.txt"", ""input12.txt"", ""input13.txt"", ""input14.txt"", ""input15.txt"", ""input16.txt"", ""input17.txt"", ""input18.txt"", ""input19.txt"", ""input20.txt"", ""input21.txt""]",[],[],[],2.015096,0.091595,0.30714
gigel-si-telefonul,1408435379,user_0093,50.0,cpp,unknown,1408559415,0.0,0.665664,0.9,0.289699,0.25883,0.030869,low,22,22,0,100.0,0,0,0,False,"[""input00.txt"", ""input01.txt"", ""input02.txt"", ""input03.txt"", ""input04.txt"", ""input05.txt"", ""input06.txt"", ""input07.txt"", ""input08.txt"", ""input09.txt"", ""input10.txt"", ""input11.txt"", ""input12.txt"", ""input13.txt"", ""input14.txt"", ""input15.txt"", ""input16.txt"", ""input17.txt"", ""input18.txt"", ""input19.txt"", ""input20.txt"", ""input21.txt""]",[],[],[],1.768213,0.080373,0.25079
gigel-si-telefonul,1408448996,user_0121,50.0,cpp,unknown,1359951515,0.0,0.984036,1.0,0.395211,0.239027,0.156184,low,22,22,0,100.0,0,0,0,False,"[""input00.txt"", ""input01.txt"", ""input02.txt"", ""input03.txt"", ""input04.txt"", ""input05.txt"", ""input06.txt"", ""input07.txt"", ""input08.txt"", ""input09.txt"", ""input10.txt"", ""input11.txt"", ""input12.txt"", ""input13.txt"", ""input14.txt"", ""input15.txt"", ""input16.txt"", ""input17.txt"", ""input18.txt"", ""input19.txt"", ""input20.txt"", ""input21.txt""]",[],[],[],2.572228,0.116919,0.319752
gigel-si-telefonul,1408461301,user_0156,50.0,cpp,unknown,1359951515,0.0,0.942243,1.0,0.382673,0.23844,0.144233,low,22,22,0,100.0,0,0,0,False,"[""input00.txt"", ""input01.txt"", ""input02.txt"", ""input03.txt"", ""input04.txt"", ""input05.txt"", ""input06.txt"", ""input07.txt"", ""input08.txt"", ""input09.txt"", ""input10.txt"", ""input11.txt"", ""input12.txt"", ""input13.txt"", ""input14.txt"", ""input15.txt"", ""input16.txt"", ""input17.txt"", ""input18.txt"", ""input19.txt"", ""input20.txt"", ""input21.txt""]",[],[],[],1.901526,0.086433,0.242467
gigel-si-telefonul,1408462941,user_0139,50.0,cpp,dynamic_programming,1359951515,0.432432,0.949719,1.0,0.644375,0.25299,0.391385,medium,22,22,0,100.0,0,0,0,False,"[""input00.txt"", ""input01.txt"", ""input02.txt"", ""input03.txt"", ""input04.txt"", ""input05.txt"", ""input06.txt"", ""input07.txt"", ""input08.txt"", ""input09.txt"", ""input10.txt"", ""input11.txt"", ""input12.txt"", ""input13.txt"", ""input14.txt"", ""input15.txt"", ""input16.txt"", ""input17.txt"", ""input18.txt"", ""input19.txt"", ""input20.txt"", ""input21.txt""]",[],[],[],3.530889,0.160495,0.360047
gigel-si-telefonul,1408462944,user_0139,50.0,cpp,dynamic_programming,1359951515,0.444444,0.941781,1.0,0.649201,0.253226,0.395975,medium,22,22,0,100.0,0,0,0,False,"[""input00.txt"", ""input01.txt"", ""input02.txt"", ""input03.txt"", ""input04.txt"", ""input05.txt"", ""input06.txt"", ""input07.txt"", ""input08.txt"", ""input09.txt"", ""input10.txt"", ""input11.txt"", ""input12.txt"", ""input13.txt"", ""input14.txt"", ""input15.txt"", ""input16.txt"", ""input17.txt"", ""input18.txt"", ""input19.txt"", ""input20.txt"", ""input21.txt""]",[],[],[],3.26288,0.148313,0.37991
gigel-si-telefonul,1408462947,user_0139,50.0,cpp,dynamic_programming,1359951515,0.214286,0.943175,1.0,0.511524,0.251959,0.259565,medium,22,22,0,100.0,0,0,0,False,"[""input00.txt"", ""input01.txt"", ""input02.txt"", ""input03.txt"", ""input04.txt"", ""input05.txt"", ""input06.txt"", ""input07.txt"", ""input08.txt"", ""input09.txt"", ""input10.txt"", ""input11.txt"", ""input12.txt"", ""input13.txt"", ""input14.txt"", ""input15.txt"", ""input16.txt"", ""input17.txt"", ""input18.txt"", ""input19.txt"", ""input20.txt"", ""input21.txt""]",[],[],[],3.620868,0.164585,0.392669
gigel-si-telefonul,1408483343,user_0112,50.0,cpp,unknown,1359951515,0.0,0.663408,1.0,0.299022,0.232481,0.066542,low,22,22,0,100.0,0,0,0,False,"[""input00.txt"", ""input01.txt"", ""input02.txt"", ""input03.txt"", ""input04.txt"", ""input05.txt"", ""input06.txt"", ""input07.txt"", ""input08.txt"", ""input09.txt"", ""input10.txt"", ""input11.txt"", ""input12.txt"", ""input13.txt"", ""input14.txt"", ""input15.txt"", ""input16.txt"", ""input17.txt"", ""input18.txt"", ""input19.txt"", ""input20.txt"", ""input21.txt""]",[],[],[],2.616509,0.118932,0.445542
gigel-si-telefonul,1408487459,user_0079,50.0,cpp,dynamic_programming,1323427915,0.434783,0.906903,0.05,0.53794,0.250371,0.28757,medium,22,22,0,100.0,0,0,0,False,"[""input00.txt"", ""input01.txt"", ""input02.txt"", ""input03.txt"", ""input04.txt"", ""input05.txt"", ""input06.txt"", ""input07.txt"", ""input08.txt"", ""input09.txt"", ""input10.txt"", ""input11.txt"", ""input12.txt"", ""input13.txt"", ""input14.txt"", ""input15.txt"", ""input16.txt"", ""input17.txt"", ""input18.txt"", ""input19.txt"", ""input20.txt"", ""input21.txt""]",[],[],[],1.798591,0.081754,0.302974
gigel-si-telefonul,1408489680,user_0155,50.0,cpp,dynamic_programming,1408559415,0.27027,0.858054,0.9,0.509578,0.252738,0.25684,medium,22,22,0,100.0,0,0,0,False,"[""input00.txt"", ""input01.txt"", ""input02.txt"", ""input03.txt"", ""input04.txt"", ""input05.txt"", ""input06.txt"", ""input07.txt"", ""input08.txt"", ""input09.txt"", ""input10.txt"", ""input11.txt"", ""input12.txt"", ""input13.txt"", ""input14.txt"", ""input15.txt"", ""input16.txt"", ""input17.txt"", ""input18.txt"", ""input19.txt"", ""input20.txt"", ""input21.txt""]",[],[],[],2.887891,0.131268,0.464063
gigel-si-telefonul,1408490320,user_0159,50.0,cpp,dynamic_programming,1408559415,0.341463,0.990319,0.9,0.591974,0.239164,0.352809,medium,22,22,0,100.0,0,0,0,False,"[""input00.txt"", ""input01.txt"", ""input02.txt"", ""input03.txt"", ""input04.txt"", ""input05.txt"", ""input06.txt"", ""input07.txt"", ""input08.txt"", ""input09.txt"", ""input10.txt"", ""input11.txt"", ""input12.txt"", ""input13.txt"", ""input14.txt"", ""input15.txt"", ""input16.txt"", ""input17.txt"", ""input18.txt"", ""input19.txt"", ""input20.txt"", ""input21.txt""]",[],[],[],3.034434,0.137929,0.357373
gigel-si-telefonul,1408490781,user_0064,50.0,cpp,dynamic_programming,1408559415,0.375,0.998724,0.9,0.614617,0.229026,0.385592,medium,22,22,0,100.0,0,0,0,False,"[""input00.txt"", ""input01.txt"", ""input02.txt"", ""input03.txt"", ""input04.txt"", ""input05.txt"", ""input06.txt"", ""input07.txt"", ""input08.txt"", ""input09.txt"", ""input10.txt"", ""input11.txt"", ""input12.txt"", ""input13.txt"", ""input14.txt"", ""input15.txt"", ""input16.txt"", ""input17.txt"", ""input18.txt"", ""input19.txt"", ""input20.txt"", ""input21.txt""]",[],[],[],2.927203,0.133055,0.28238
gigel-si-telefonul,1408490925,user_0113,50.0,cpp,unknown,1408462797,0.333333,0.871454,0.05,0.466436,0.284886,0.18155,low,22,22,0,100.0,0,0,0,False,"[""input00.txt"", ""input01.txt"", ""input02.txt"", ""input03.txt"", ""input04.txt"", ""input05.txt"", ""input06.txt"", ""input07.txt"", ""input08.txt"", ""input09.txt"", ""input10.txt"", ""input11.txt"", ""input12.txt"", ""input13.txt"", ""input14.txt"", ""input15.txt"", ""input16.txt"", ""input17.txt"", ""input18.txt"", ""input19.txt"", ""input20.txt"", ""input21.txt""]",[],[],[],1.693908,0.076996,0.380978
gigel-si-telefonul,1408492505,user_0067,50.0,cpp,unknown,1359951515,0.0,0.742095,1.0,0.322628,0.266549,0.056079,low,22,22,0,100.0,0,0,0,False,"[""input00.txt"", ""input01.txt"", ""input02.txt"", ""input03.txt"", ""input04.txt"", ""input05.txt"", ""input06.txt"", ""input07.txt"", ""input08.txt"", ""input09.txt"", ""input10.txt"", ""input11.txt"", ""input12.txt"", ""input13.txt"", ""input14.txt"", ""input15.txt"", ""input16.txt"", ""input17.txt"", ""input18.txt"", ""input19.txt"", ""input20.txt"", ""input21.txt""]",[],[],[],1.562099,0.071004,0.200522
gigel-si-telefonul,1408493768,user_0164,50.0,cpp,unknown,1408559415,0.0,0.960422,0.9,0.378127,0.244251,0.133875,low,22,22,0,100.0,0,0,0,False,"[""input00.txt"", ""input01.txt"", ""input02.txt"", ""input03.txt"", ""input04.txt"", ""input05.txt"", ""input06.txt"", ""input07.txt"", ""input08.txt"", ""input09.txt"", ""input10.txt"", ""input11.txt"", ""input12.txt"", ""input13.txt"", ""input14.txt"", ""input15.txt"", ""input16.txt"", ""input17.txt"", ""input18.txt"", ""input19.txt"", ""input20.txt"", ""input21.txt""]",[],[],[],1.91114,0.08687,0.469258
gigel-si-telefonul,1408502806,user_0120,50.0,cpp,unknown,1408462797,0.366197,0.867666,0.05,0.485018,0.284304,0.200714,low,22,22,0,100.0,0,0,0,False,"[""input00.txt"", ""input01.txt"", ""input02.txt"", ""input03.txt"", ""input04.txt"", ""input05.txt"", ""input06.txt"", ""input07.txt"", ""input08.txt"", ""input09.txt"", ""input10.txt"", ""input11.txt"", ""input12.txt"", ""input13.txt"", ""input14.txt"", ""input15.txt"", ""input16.txt"", ""input17.txt"", ""input18.txt"", ""input19.txt"", ""input20.txt"", ""input21.txt""]",[],[],[],1.64801,0.07491,0.345649
gigel-si-telefonul,1408513544,user_0156,50.0,cpp,dynamic_programming,1408559415,0.294737,0.982934,0.9,0.561722,0.228977,0.332745,medium,22,21,1,95.45,1,0,0,False,"[""input00.txt"", ""input01.txt"", ""input03.txt"", ""input04.txt"", ""input05.txt"", ""input06.txt"", ""input07.txt"", ""input08.txt"", ""input09.txt"", ""input10.txt"", ""input11.txt"", ""input12.txt"", ""input13.txt"", ""input14.txt"", ""input15.txt"", ""input16.txt"", ""input17.txt"", ""input18.txt"", ""input19.txt"", ""input20.txt"", ""input21.txt""]","[""input02.txt""]",[],[],1.935239,0.087965,0.26745
gigel-si-telefonul,1408520167,user_0080,50.0,cpp,unknown,1408559415,0.0,0.676315,0.9,0.292894,0.262891,0.030003,low,22,22,0,100.0,0,0,0,False,"[""input00.txt"", ""input01.txt"", ""input02.txt"", ""input03.txt"", ""input04.txt"", ""input05.txt"", ""input06.txt"", ""input07.txt"", ""input08.txt"", ""input09.txt"", ""input10.txt"", ""input11.txt"", ""input12.txt"", ""input13.txt"", ""input14.txt"", ""input15.txt"", ""input16.txt"", ""input17.txt"", ""input18.txt"", ""input19.txt"", ""input20.txt"", ""input21.txt""]",[],[],[],1.58262,0.071937,0.284081
gigel-si-telefonul,1408521697,user_0108,50.0,cpp,unknown,1408559415,0.0,0.921761,0.9,0.366528,0.254506,0.112022,low,22,22,0,100.0,0,0,0,False,"[""input00.txt"", ""input01.txt"", ""input02.txt"", ""input03.txt"", ""input04.txt"", ""input05.txt"", ""input06.txt"", ""input07.txt"", ""input08.txt"", ""input09.txt"", ""input10.txt"", ""input11.txt"", ""input12.txt"", ""input13.txt"", ""input14.txt"", ""input15.txt"", ""input16.txt"", ""input17.txt"", ""input18.txt"", ""input19.txt"", ""input20.txt"", ""input21.txt""]",[],[],[],2.115323,0.096151,0.352935
gigel-si-telefonul,1408521978,user_0122,50.0,java,dynamic_programming,1314236793,0.444444,0.881878,1.0,0.63123,0.0,0.63123,medium,22,22,0,100.0,0,0,0,False,"[""input00.txt"", ""input01.txt"", ""input02.txt"", ""input03.txt"", ""input04.txt"", ""input05.txt"", ""input06.txt"", ""input07.txt"", ""input08.txt"", ""input09.txt"", ""input10.txt"", ""input11.txt"", ""input12.txt"", ""input13.txt"", ""input14.txt"", ""input15.txt"", ""input16.txt"", ""input17.txt"", ""input18.txt"", ""input19.txt"", ""input20.txt"", ""input21.txt""]",[],[],[],3.50606,0.159366,0.278531
gigel-si-telefonul,1408523025,user_0088,50.0,cpp,dynamic_programming,1359951515,0.444444,0.937798,1.0,0.648006,0.249252,0.398754,medium,22,22,0,100.0,0,0,0,False,"[""input00.txt"", ""input01.txt"", ""input02.txt"", ""input03.txt"", ""input04.txt"", ""input05.txt"", ""input06.txt"", ""input07.txt"", ""input08.txt"", ""input09.txt"", ""input10.txt"", ""input11.txt"", ""input12.txt"", ""input13.txt"", ""input14.txt"", ""input15.txt"", ""input16.txt"", ""input17.txt"", ""input18.txt"", ""input19.txt"", ""input20.txt"", ""input21.txt""]",[],[],[],2.968279,0.134922,0.313602
gigel-si-telefonul,1408526853,user_0170,50.0,cpp,dynamic_programming,1408559415,0.373626,0.990432,0.9,0.611306,0.222543,0.388762,medium,22,22,0,100.0,0,0,0,False,"[""input00.txt"", ""input01.txt"", ""input02.txt"", ""input03.txt"", ""input04.txt"", ""input05.txt"", ""input06.txt"", ""input07.txt"", ""input08.txt"", ""input09.txt"", ""input10.txt"", ""input11.txt"", ""input12.txt"", ""input13.txt"", ""input14.txt"", ""input15.txt"", ""input16.txt"", ""input17.txt"", ""input18.txt"", ""input19.txt"", ""input20.txt"", ""input21.txt""]",[],[],[],2.178814,0.099037,0.332807
gigel-si-telefonul,1408527096,user_0070,50.0,cpp,dynamic_programming,1359951515,0.436364,0.941412,1.0,0.644242,0.246692,0.39755,medium,22,22,0,100.0,0,0,0,False,"[""input00.txt"", ""input01.txt"", ""input02.txt"", ""input03.txt"", ""input04.txt"", ""input05.txt"", ""input06.txt"", ""input07.txt"", ""input08.txt"", ""input09.txt"", ""input10.txt"", ""input11.txt"", ""input12.txt"", ""input13.txt"", ""input14.txt"", ""input15.txt"", ""input16.txt"", ""input17.txt"", ""input18.txt"", ""input19.txt"", ""input20.txt"", ""input21.txt""]",[],[],[],3.418936,0.155406,0.507536
gigel-si-telefonul,1408527797,user_0160,50.0,cpp,unknown,1408559415,0.0,0.805274,0.9,0.331582,0.285921,0.045662,low,22,22,0,100.0,0,0,0,False,"[""input00.txt"", ""input01.txt"", ""input02.txt"", ""input03.txt"", ""input04.txt"", ""input05.txt"", ""input06.txt"", ""input07.txt"", ""input08.txt"", ""input09.txt"", ""input10.txt"", ""input11.txt"", ""input12.txt"", ""input13.txt"", ""input14.txt"", ""input15.txt"", ""input16.txt"", ""input17.txt"", ""input18.txt"", ""input19.txt"", ""input20.txt"", ""input21.txt""]",[],[],[],1.58375,0.071989,0.342807
gigel-si-telefonul,1408528181,user_0066,50.0,cpp,unknown,1408462797,0.361111,0.858146,0.05,0.47911,0.285801,0.193309,low,22,22,0,100.0,0,0,0,False,"[""input00.txt"", ""input01.txt"", ""input02.txt"", ""input03.txt"", ""input04.txt"", ""input05.txt"", ""input06.txt"", ""input07.txt"", ""input08.txt"", ""input09.txt"", ""input10.txt"", ""input11.txt"", ""input12.txt"", ""input13.txt"", ""input14.txt"", ""input15.txt"", ""input16.txt"", ""input17.txt"", ""input18.txt"", ""input19.txt"", ""input20.txt"", ""input21.txt""]",[],[],[],1.525106,0.069323,0.280693
gigel-si-telefonul,1408530438,user_0110,50.0,cpp,dynamic_programming,1359951515,0.266667,0.9365,1.0,0.54095,0.248867,0.292083,medium,22,22,0,100.0,0,0,0,False,"[""input00.txt"", ""input01.txt"", ""input02.txt"", ""input03.txt"", ""input04.txt"", ""input05.txt"", ""input06.txt"", ""input07.txt"", ""input08.txt"", ""input09.txt"", ""input10.txt"", ""input11.txt"", ""input12.txt"", ""input13.txt"", ""input14.txt"", ""input15.txt"", ""input16.txt"", ""input17.txt"", ""input18.txt"", ""input19.txt"", ""input20.txt"", ""input21.txt""]",[],[],[],5.472774,0.248762,0.597133
gigel-si-telefonul,1408530834,user_0149,50.0,cpp,unknown,1408559415,0.0,0.928555,0.9,0.368566,0.258528,0.110039,low,22,22,0,100.0,0,0,0,False,"[""input00.txt"", ""input01.txt"", ""input02.txt"", ""input03.txt"", ""input04.txt"", ""input05.txt"", ""input06.txt"", ""input07.txt"", ""input08.txt"", ""input09.txt"", ""input10.txt"", ""input11.txt"", ""input12.txt"", ""input13.txt"", ""input14.txt"", ""input15.txt"", ""input16.txt"", ""input17.txt"", ""input18.txt"", ""input19.txt"", ""input20.txt"", ""input21.txt""]",[],[],[],4.93332,0.224242,0.722196
gigel-si-telefonul,1408531003,user_0148,50.0,cpp,unknown,1408559415,0.0,0.72246,0.9,0.306738,0.268617,0.038121,low,22,22,0,100.0,0,0,0,False,"[""input00.txt"", ""input01.txt"", ""input02.txt"", ""input03.txt"", ""input04.txt"", ""input05.txt"", ""input06.txt"", ""input07.txt"", ""input08.txt"", ""input09.txt"", ""input10.txt"", ""input11.txt"", ""input12.txt"", ""input13.txt"", ""input14.txt"", ""input15.txt"", ""input16.txt"", ""input17.txt"", ""input18.txt"", ""input19.txt"", ""input20.txt"", ""input21.txt""]",[],[],[],2.163863,0.098357,0.3815
gigel-si-telefonul,1408531010,user_0135,50.0,cpp,unknown,1408559415,0.0,0.729474,0.9,0.308842,0.280872,0.02797,low,22,22,0,100.0,0,0,0,False,"[""input00.txt"", ""input01.txt"", ""input02.txt"", ""input03.txt"", ""input04.txt"", ""input05.txt"", ""input06.txt"", ""input07.txt"", ""input08.txt"", ""input09.txt"", ""input10.txt"", ""input11.txt"", ""input12.txt"", ""input13.txt"", ""input14.txt"", ""input15.txt"", ""input16.txt"", ""input17.txt"", ""input18.txt"", ""input19.txt"", ""input20.txt"", ""input21.txt""]",[],[],[],1.930591,0.087754,0.373991
gigel-si-telefonul,1408532058,user_0072,50.0,java,dynamic_programming,1314236793,0.583333,0.923526,1.0,0.727058,0.0,0.727058,high,22,22,0,100.0,0,0,0,False,"[""input00.txt"", ""input01.txt"", ""input02.txt"", ""input03.txt"", ""input04.txt"", ""input05.txt"", ""input06.txt"", ""input07.txt"", ""input08.txt"", ""input09.txt"", ""input10.txt"", ""input11.txt"", ""input12.txt"", ""input13.txt"", ""input14.txt"", ""input15.txt"", ""input16.txt"", ""input17.txt"", ""input18.txt"", ""input19.txt"", ""input20.txt"", ""input21.txt""]",[],[],[],3.273618,0.148801,0.24034
gigel-si-telefonul,1408543997,user_0132,50.0,cpp,unknown,1359951515,0.0,0.774497,1.0,0.332349,0.284794,0.047555,low,22,22,0,100.0,0,0,0,False,"[""input00.txt"", ""input01.txt"", ""input02.txt"", ""input03.txt"", ""input04.txt"", ""input05.txt"", ""input06.txt"", ""input07.txt"", ""input08.txt"", ""input09.txt"", ""input10.txt"", ""input11.txt"", ""input12.txt"", ""input13.txt"", ""input14.txt"", ""input15.txt"", ""input16.txt"", ""input17.txt"", ""input18.txt"", ""input19.txt"", ""input20.txt"", ""input21.txt""]",[],[],[],1.63372,0.07426,0.276702
gigel-si-telefonul,1408544006,user_0132,50.0,cpp,unknown,1359951515,0.0,0.862593,1.0,0.358778,0.264389,0.094389,low,22,22,0,100.0,0,0,0,False,"[""input00.txt"", ""input01.txt"", ""input02.txt"", ""input03.txt"", ""input04.txt"", ""input05.txt"", ""input06.txt"", ""input07.txt"", ""input08.txt"", ""input09.txt"", ""input10.txt"", ""input11.txt"", ""input12.txt"", ""input13.txt"", ""input14.txt"", ""input15.txt"", ""input16.txt"", ""input17.txt"", ""input18.txt"", ""input19.txt"", ""input20.txt"", ""input21.txt""]",[],[],[],2.50237,0.113744,0.312312
gigel-si-telefonul,1408544513,user_0175,50.0,cpp,dynamic_programming,1408559415,0.436782,0.986525,0.9,0.648026,0.218438,0.429589,medium,22,22,0,100.0,0,0,0,False,"[""input00.txt"", ""input01.txt"", ""input02.txt"", ""input03.txt"", ""input04.txt"", ""input05.txt"", ""input06.txt"", ""input07.txt"", ""input08.txt"", ""input09.txt"", ""input10.txt"", ""input11.txt"", ""input12.txt"", ""input13.txt"", ""input14.txt"", ""input15.txt"", ""input16.txt"", ""input17.txt"", ""input18.txt"", ""input19.txt"", ""input20.txt"", ""input21.txt""]",[],[],[],4.326219,0.196646,0.512923
gigel-si-telefonul,1408548585,user_0133,50.0,cpp,unknown,1408559415,0.0,0.716287,0.9,0.304886,0.266419,0.038467,low,22,22,0,100.0,0,0,0,False,"[""input00.txt"", ""input01.txt"", ""input02.txt"", ""input03.txt"", ""input04.txt"", ""input05.txt"", ""input06.txt"", ""input07.txt"", ""input08.txt"", ""input09.txt"", ""input10.txt"", ""input11.txt"", ""input12.txt"", ""input13.txt"", ""input14.txt"", ""input15.txt"", ""input16.txt"", ""input17.txt"", ""input18.txt"", ""input19.txt"", ""input20.txt"", ""input21.txt""]",[],[],[],2.536512,0.115296,0.353983
gigel-si-telefonul,1408555579,user_0158,50.0,cpp,unknown,1408559415,0.0,0.670029,0.9,0.291009,0.260693,0.030316,low,22,22,0,100.0,0,0,0,False,"[""input00.txt"", ""input01.txt"", ""input02.txt"", ""input03.txt"", ""input04.txt"", ""input05.txt"", ""input06.txt"", ""input07.txt"", ""input08.txt"", ""input09.txt"", ""input10.txt"", ""input11.txt"", ""input12.txt"", ""input13.txt"", ""input14.txt"", ""input15.txt"", ""input16.txt"", ""input17.txt"", ""input18.txt"", ""input19.txt"", ""input20.txt"", ""input21.txt""]",[],[],[],2.236979,0.101681,0.305375
gigel-si-telefonul,1408560698,user_0134,50.0,java,dynamic_programming,1314236793,0.433333,0.900857,1.0,0.630257,0.0,0.630257,medium,22,22,0,100.0,0,0,0,False,"[""input00.txt"", ""input01.txt"", ""input02.txt"", ""input03.txt"", ""input04.txt"", ""input05.txt"", ""input06.txt"", ""input07.txt"", ""input08.txt"", ""input09.txt"", ""input10.txt"", ""input11.txt"", ""input12.txt"", ""input13.txt"", ""input14.txt"", ""input15.txt"", ""input16.txt"", ""input17.txt"", ""input18.txt"", ""input19.txt"", ""input20.txt"", ""input21.txt""]",[],[],[],3.650992,0.165954,0.385036
gigel-si-telefonul,1408564202,user_0109,50.0,cpp,dynamic_programming,1359951515,0.247788,0.952165,1.0,0.534322,0.238478,0.295844,medium,22,22,0,100.0,0,0,0,False,"[""input00.txt"", ""input01.txt"", ""input02.txt"", ""input03.txt"", ""input04.txt"", ""input05.txt"", ""input06.txt"", ""input07.txt"", ""input08.txt"", ""input09.txt"", ""input10.txt"", ""input11.txt"", ""input12.txt"", ""input13.txt"", ""input14.txt"", ""input15.txt"", ""input16.txt"", ""input17.txt"", ""input18.txt"", ""input19.txt"", ""input20.txt"", ""input21.txt""]",[],[],[],2.886809,0.131219,0.342943
gigel-si-telefonul,1408564568,user_0091,50.0,cpp,dynamic_programming,1323427915,0.578313,0.991739,0.05,0.64951,0.230475,0.419035,medium,22,22,0,100.0,0,0,0,False,"[""input00.txt"", ""input01.txt"", ""input02.txt"", ""input03.txt"", ""input04.txt"", ""input05.txt"", ""input06.txt"", ""input07.txt"", ""input08.txt"", ""input09.txt"", ""input10.txt"", ""input11.txt"", ""input12.txt"", ""input13.txt"", ""input14.txt"", ""input15.txt"", ""input16.txt"", ""input17.txt"", ""input18.txt"", ""input19.txt"", ""input20.txt"", ""input21.txt""]",[],[],[],2.943335,0.133788,0.501459
gigel-si-telefonul,1408564702,user_0165,50.0,cpp,unknown,1359951515,0.0,0.946744,1.0,0.384023,0.239273,0.144751,low,22,22,0,100.0,0,0,0,False,"[""input00.txt"", ""input01.txt"", ""input02.txt"", ""input03.txt"", ""input04.txt"", ""input05.txt"", ""input06.txt"", ""input07.txt"", ""input08.txt"", ""input09.txt"", ""input10.txt"", ""input11.txt"", ""input12.txt"", ""input13.txt"", ""input14.txt"", ""input15.txt"", ""input16.txt"", ""input17.txt"", ""input18.txt"", ""input19.txt"", ""input20.txt"", ""input21.txt""]",[],[],[],1.704657,0.077484,0.344065
gigel-si-telefonul,1408565472,user_0151,50.0,cpp,unknown,1408559415,0.0,0.702945,0.9,0.300884,0.268254,0.03263,low,22,22,0,100.0,0,0,0,False,"[""input00.txt"", ""input01.txt"", ""input02.txt"", ""input03.txt"", ""input04.txt"", ""input05.txt"", ""input06.txt"", ""input07.txt"", ""input08.txt"", ""input09.txt"", ""input10.txt"", ""input11.txt"", ""input12.txt"", ""input13.txt"", ""input14.txt"", ""input15.txt"", ""input16.txt"", ""input17.txt"", ""input18.txt"", ""input19.txt"", ""input20.txt"", ""input21.txt""]",[],[],[],1.589318,0.072242,0.306832
gigel-si-telefonul,1408567387,user_0065,50.0,cpp,unknown,1359951515,0.0,0.660951,1.0,0.298285,0.237846,0.060439,low,22,22,0,100.0,0,0,0,False,"[""input00.txt"", ""input01.txt"", ""input02.txt"", ""input03.txt"", ""input04.txt"", ""input05.txt"", ""input06.txt"", ""input07.txt"", ""input08.txt"", ""input09.txt"", ""input10.txt"", ""input11.txt"", ""input12.txt"", ""input13.txt"", ""input14.txt"", ""input15.txt"", ""input16.txt"", ""input17.txt"", ""input18.txt"", ""input19.txt"", ""input20.txt"", ""input21.txt""]",[],[],[],2.107259,0.095784,0.369962
gigel-si-telefonul,1408569744,user_0062,50.0,cpp,dynamic_programming,1359951515,0.622222,0.92208,1.0,0.749957,0.239295,0.510662,high,22,22,0,100.0,0,0,0,False,"[""input00.txt"", ""input01.txt"", ""input02.txt"", ""input03.txt"", ""input04.txt"", ""input05.txt"", ""input06.txt"", ""input07.txt"", ""input08.txt"", ""input09.txt"", ""input10.txt"", ""input11.txt"", ""input12.txt"", ""input13.txt"", ""input14.txt"", ""input15.txt"", ""input16.txt"", ""input17.txt"", ""input18.txt"", ""input19.txt"", ""input20.txt"", ""input21.txt""]",[],[],[],4.935931,0.224361,0.65802
gigel-si-telefonul,1408569749,user_0142,50.0,cpp,unknown,1359951515,0.0,0.760434,1.0,0.32813,0.263762,0.064369,low,22,22,0,100.0,0,0,0,False,"[""input00.txt"", ""input01.txt"", ""input02.txt"", ""input03.txt"", ""input04.txt"", ""input05.txt"", ""input06.txt"", ""input07.txt"", ""input08.txt"", ""input09.txt"", ""input10.txt"", ""input11.txt"", ""input12.txt"", ""input13.txt"", ""input14.txt"", ""input15.txt"", ""input16.txt"", ""input17.txt"", ""input18.txt"", ""input19.txt"", ""input20.txt"", ""input21.txt""]",[],[],[],1.982364,0.090107,0.314776
gigel-si-telefonul,1408569946,user_0143,50.0,cpp,unknown,1359951515,0.0,0.77889,1.0,0.333667,0.281314,0.052353,low,22,22,0,100.0,0,0,0,False,"[""input00.txt"", ""input01.txt"", ""input02.txt"", ""input03.txt"", ""input04.txt"", ""input05.txt"", ""input06.txt"", ""input07.txt"", ""input08.txt"", ""input09.txt"", ""input10.txt"", ""input11.txt"", ""input12.txt"", ""input13.txt"", ""input14.txt"", ""input15.txt"", ""input16.txt"", ""input17.txt"", ""input18.txt"", ""input19.txt"", ""input20.txt"", ""input21.txt""]",[],[],[],2.350009,0.106819,0.371605
gigel-si-telefonul,1408569974,user_0143,50.0,cpp,dynamic_programming,1359951515,0.481481,0.948338,1.0,0.67339,0.242262,0.431128,medium,22,22,0,100.0,0,0,0,False,"[""input00.txt"", ""input01.txt"", ""input02.txt"", ""input03.txt"", ""input04.txt"", ""input05.txt"", ""input06.txt"", ""input07.txt"", ""input08.txt"", ""input09.txt"", ""input10.txt"", ""input11.txt"", ""input12.txt"", ""input13.txt"", ""input14.txt"", ""input15.txt"", ""input16.txt"", ""input17.txt"", ""input18.txt"", ""input19.txt"", ""input20.txt"", ""input21.txt""]",[],[],[],3.440085,0.156367,0.336941
gigel-si-telefonul,1408570686,user_0163,50.0,java,dynamic_programming,1314236793,0.438819,0.906285,1.0,0.635177,0.0,0.635177,medium,22,22,0,100.0,0,0,0,False,"[""input00.txt"", ""input01.txt"", ""input02.txt"", ""input03.txt"", ""input04.txt"", ""input05.txt"", ""input06.txt"", ""input07.txt"", ""input08.txt"", ""input09.txt"", ""input10.txt"", ""input11.txt"", ""input12.txt"", ""input13.txt"", ""input14.txt"", ""input15.txt"", ""input16.txt"", ""input17.txt"", ""input18.txt"", ""input19.txt"", ""input20.txt"", ""input21.txt""]",[],[],[],7.094238,0.322465,0.868067
gigel-si-telefonul,1408570844,user_0119,50.0,cpp,dynamic_programming,1408559415,0.329412,0.962003,0.9,0.576248,0.236091,0.340158,medium,22,22,0,100.0,0,0,0,False,"[""input00.txt"", ""input01.txt"", ""input02.txt"", ""input03.txt"", ""input04.txt"", ""input05.txt"", ""input06.txt"", ""input07.txt"", ""input08.txt"", ""input09.txt"", ""input10.txt"", ""input11.txt"", ""input12.txt"", ""input13.txt"", ""input14.txt"", ""input15.txt"", ""input16.txt"", ""input17.txt"", ""input18.txt"", ""input19.txt"", ""input20.txt"", ""input21.txt""]",[],[],[],1.913727,0.086988,0.545598
gigel-si-telefonul,1408570906,user_0171,50.0,cpp,dynamic_programming,1359951515,0.283019,0.979777,1.0,0.563744,0.233856,0.329889,medium,22,22,0,100.0,0,0,0,False,"[""input00.txt"", ""input01.txt"", ""input02.txt"", ""input03.txt"", ""input04.txt"", ""input05.txt"", ""input06.txt"", ""input07.txt"", ""input08.txt"", ""input09.txt"", ""input10.txt"", ""input11.txt"", ""input12.txt"", ""input13.txt"", ""input14.txt"", ""input15.txt"", ""input16.txt"", ""input17.txt"", ""input18.txt"", ""input19.txt"", ""input20.txt"", ""input21.txt""]",[],[],[],2.731889,0.124177,0.366764
gigel-si-telefonul,1408570968,user_0111,50.0,cpp,unknown,1359951515,0.0,0.687629,1.0,0.306289,0.276071,0.030218,low,22,22,0,100.0,0,0,0,False,"[""input00.txt"", ""input01.txt"", ""input02.txt"", ""input03.txt"", ""input04.txt"", ""input05.txt"", ""input06.txt"", ""input07.txt"", ""input08.txt"", ""input09.txt"", ""input10.txt"", ""input11.txt"", ""input12.txt"", ""input13.txt"", ""input14.txt"", ""input15.txt"", ""input16.txt"", ""input17.txt"", ""input18.txt"", ""input19.txt"", ""input20.txt"", ""input21.txt""]",[],[],[],1.877288,0.085331,0.50814
gigel-si-telefonul,1408571052,user_0171,50.0,cpp,dynamic_programming,1359951515,0.233333,0.891949,1.0,0.507585,0.228531,0.279054,medium,22,22,0,100.0,0,0,0,False,"[""input00.txt"", ""input01.txt"", ""input02.txt"", ""input03.txt"", ""input04.txt"", ""input05.txt"", ""input06.txt"", ""input07.txt"", ""input08.txt"", ""input09.txt"", ""input10.txt"", ""input11.txt"", ""input12.txt"", ""input13.txt"", ""input14.txt"", ""input15.txt"", ""input16.txt"", ""input17.txt"", ""input18.txt"", ""input19.txt"", ""input20.txt"", ""input21.txt""]",[],[],[],2.114223,0.096101,0.288517
gigel-si-telefonul,1408571128,user_0109,50.0,cpp,dynamic_programming,1359951515,0.254545,0.93243,1.0,0.532456,0.239349,0.293108,medium,22,22,0,100.0,0,0,0,False,"[""input00.txt"", ""input01.txt"", ""input02.txt"", ""input03.txt"", ""input04.txt"", ""input05.txt"", ""input06.txt"", ""input07.txt"", ""input08.txt"", ""input09.txt"", ""input10.txt"", ""input11.txt"", ""input12.txt"", ""input13.txt"", ""input14.txt"", ""input15.txt"", ""input16.txt"", ""input17.txt"", ""input18.txt"", ""input19.txt"", ""input20.txt"", ""input21.txt""]",[],[],[],2.644464,0.120203,0.285653
gigel-si-telefonul,1408571350,user_0129,50.0,cpp,dynamic_programming,1408559415,0.307692,0.979064,0.9,0.568334,0.241772,0.326562,medium,22,22,0,100.0,0,0,0,False,"[""input00.txt"", ""input01.txt"", ""input02.txt"", ""input03.txt"", ""input04.txt"", ""input05.txt"", ""input06.txt"", ""input07.txt"", ""input08.txt"", ""input09.txt"", ""input10.txt"", ""input11.txt"", ""input12.txt"", ""input13.txt"", ""input14.txt"", ""input15.txt"", ""input16.txt"", ""input17.txt"", ""input18.txt"", ""input19.txt"", ""input20.txt"", ""input21.txt""]",[],[],[],1.693238,0.076965,0.322239
gigel-si-telefonul,1408571484,user_0144,50.0,cpp,unknown,1359951515,0.0,0.756302,1.0,0.326891,0.282732,0.044159,low,22,22,0,100.0,0,0,0,False,"[""input00.txt"", ""input01.txt"", ""input02.txt"", ""input03.txt"", ""input04.txt"", ""input05.txt"", ""input06.txt"", ""input07.txt"", ""input08.txt"", ""input09.txt"", ""input10.txt"", ""input11.txt"", ""input12.txt"", ""input13.txt"", ""input14.txt"", ""input15.txt"", ""input16.txt"", ""input17.txt"", ""input18.txt"", ""input19.txt"", ""input20.txt"", ""input21.txt""]",[],[],[],3.001218,0.136419,0.327468
gigel-si-telefonul,1408575962,user_0138,50.0,cpp,unknown,1359951515,0.0,0.746529,1.0,0.323959,0.283414,0.040545,low,22,22,0,100.0,0,0,0,False,"[""input00.txt"", ""input01.txt"", ""input02.txt"", ""input03.txt"", ""input04.txt"", ""input05.txt"", ""input06.txt"", ""input07.txt"", ""input08.txt"", ""input09.txt"", ""input10.txt"", ""input11.txt"", ""input12.txt"", ""input13.txt"", ""input14.txt"", ""input15.txt"", ""input16.txt"", ""input17.txt"", ""input18.txt"", ""input19.txt"", ""input20.txt"", ""input21.txt""]",[],[],[],1.677329,0.076242,0.208098
gigel-si-telefonul,1409032711,user_0085,50.0,cpp,dynamic_programming,1408559415,0.337349,0.94438,0.9,0.575724,0.233399,0.342325,medium,22,22,0,100.0,0,0,0,False,"[""input00.txt"", ""input01.txt"", ""input02.txt"", ""input03.txt"", ""input04.txt"", ""input05.txt"", ""input06.txt"", ""input07.txt"", ""input08.txt"", ""input09.txt"", ""input10.txt"", ""input11.txt"", ""input12.txt"", ""input13.txt"", ""input14.txt"", ""input15.txt"", ""input16.txt"", ""input17.txt"", ""input18.txt"", ""input19.txt"", ""input20.txt"", ""input21.txt""]",[],[],[],2.472109,0.112369,0.421558
