submission_id,score,language,code_algorithm,text_algorithm,same,code_probability,code_second_algorithm,code_second_probability,text_probability,text_second_algorithm,text_second_probability,description
1314234563,1.79,cpp,RING_SCAN,BOUNDING_BOX_SCAN,NO,0.40234375,BOUNDING_BOX_SCAN,0.35546875,0.828125,MANHATTAN_SCAN,0.0986328125,"The program reads the size of a rectangular grid (N rows, M columns), the maximum number of moves P, and the starting position (L, C). It then reads the integer value of each cell into a 2‑dimensional array indexed from 1. 

If P is zero the answer is simply the value in the starting cell. 
Otherwise the program first sets the current best value to the value at the starting position. It then scans a sub‑rectangle that is offset by one from the full Manhattan‑distance‑P diamond: the outer loop runs `i` from `L‑P+1` up to `L+P‑2`, and the inner loop runs `j` from `C‑P+1` up to `C+P‑2`. For every cell `(i, j)` inside this inner rectangle it updates the best value if the cell’s value is larger. 

After the rectangle scan the program explicitly checks the four cells that lie exactly P steps north, south, east, and west of the start: `(L‑P, C)`, `(L+P, C)`, `(L, C‑P)`, and `(L, C+P)`. If any of these cells contains a larger value, the best value is updated accordingly. Finally, the program outputs the maximum value found. 

The algorithm therefore considers only cells that are at most P steps away in Manhattan distance, but it does so by examining a rectangular region plus the four extreme points, without performing any path‑finding or boundary checks."
1314234605,35.71,java,ROW_BOUNDS_SCAN,RING_SCAN,NO,0.5859375,RING_SCAN,0.2431640625,0.765625,MANHATTAN_SCAN,0.1171875,"The program reads the grid dimensions \(N\) and \(M\), the maximum number of moves \(P\), and the starting coordinates \(L\) and \(C\). It then reads an \(N \times M\) matrix of integer diamond values, storing it in a 1‑based array `mat`. 

The core routine begins by setting `bestDiamond` to the value of the starting cell. It treats the allowed number of moves as a Manhattan radius: any cell whose row‑difference plus column‑difference from the start is at most \(P\) is considered reachable. To enumerate these cells, the code defines a square window from \((L-P,\,C-P)\) to \((L+P,\,C+P)\). For each row \(i\) in this window it computes an `offset` equal to \(P - |i-L|\); this offset is the maximum column distance allowed for that row. It then iterates over columns \(j\) from \(C-\text{offset}\) to \(C+\text{offset}\). For every such \((i,j)\) that lies inside the grid (the code only checks that \(i>0\) and \(j>0\), but does not guard against exceeding \(N\) or \(M\)), it compares the diamond value `mat[i][j]` with the current best and updates `bestDiamond` if a larger value is found. 

After scanning all cells within the Manhattan distance \(P\), the program outputs the maximum diamond value discovered. The algorithm is essentially a bounded diamond‑shaped scan around the starting position, implemented with nested loops and simple arithmetic to limit the column range per row."
1314234632,42.86,cpp,MANHATTAN_SCAN,RING_SCAN,NO,0.58984375,BOUNDING_BOX_SCAN,0.279296875,0.66015625,MANHATTAN_SCAN,0.275390625,"The program reads the grid dimensions \(N\) and \(M\), the maximum number of moves \(P\), and the starting position \((L,C)\). It then reads an \(N\times M\) matrix of integer diamond values, storing them in a 1‑based array `matrix`. 

A `Point` structure holds a row and column. The starting point `p1` is set to \((L,C)\) and its value is immediately added to a vector `values`. The program then iterates over all rows `i` from 1 to `N` and, mistakenly, over all columns `j` from 1 to `N` (instead of 1 to `M`). For each cell \((i,j)\) it computes the Manhattan distance to the start using `distancer(p1,p2)` and, if this distance is at most `P`, it appends the cell’s value to `values`. 

After collecting all reachable values, the program scans the `values` vector to find the maximum element, storing it in `maxim`. Finally, it prints this maximum value. Thus the program outputs the largest diamond value that lies within Manhattan distance `P` from the starting cell, albeit with a bug that limits column iteration to `N` instead of `M`."
1314234680,1.79,cpp,MANHATTAN_SCAN,GREEDY_NEIGHBOR_WALK,NO,0.1884765625,RING_SCAN,0.1669921875,1.0,UNKNOWN,0.000431060791015625,"The program reads the grid dimensions \(N\) and \(M\), the maximum number of moves \(P\), and the starting position \((L,C)\). It then reads the \(N\times M\) matrix of diamond values into a 2‑D array `v`. If no moves are allowed (\(P=0\)) it simply outputs the value at the starting cell.

Otherwise the code pads the array with a border of zeros so that every neighbor access is safe. It then simulates a walk of exactly \(P\) steps. At each step it looks at the four orthogonal neighbours of the current cell (north, west, south, east) and selects the one with the largest value. The current position is updated to that neighbour, and the maximum value seen so far (`frum_max`) is updated if the chosen neighbour’s value is larger. This greedy choice is repeated until \(P\) steps have been taken. Finally the program prints the largest diamond value that was encountered during the walk.

Thus the implementation follows a simple greedy path: always move to the adjacent cell with the highest value, keeping track of the best value seen along the way."
1314234735,39.29,cpp,ROW_BOUNDS_SCAN,RING_SCAN,NO,0.42578125,RING_SCAN,0.33203125,0.75,ROW_BOUNDS_SCAN,0.1904296875,"The program reads the grid dimensions `n` and `m`, the maximum number of moves `mutari`, and the starting position `(l, c)` (1‑based indices). It then reads the `n × m` matrix of diamond values into a 1‑based vector `mat`. 

To find the best diamond reachable in at most `mutari` steps, the code iterates over rows `i` from `l‑mutari` to `l+mutari`. For each row it keeps a variable `aux` that represents the horizontal reach allowed at that row: it starts at 0 and is increased by one for each row above the start and decreased for each row below. Inside the row loop it scans columns `j` from `c‑aux` to `c+aux`. For every cell that lies inside the grid bounds (the code mistakenly checks the row limit `n` for columns as well), it updates a running maximum `max` with the value of `mat[i][j]`. 

After processing all rows within the diamond, the program prints the maximum value found. The algorithm therefore attempts to examine all cells within a Manhattan‑distance diamond around the starting position, but it contains off‑by‑one errors in the bounds checks and uses the wrong dimension for column limits."
1314234782,1.79,java,GREEDY_NEIGHBOR_WALK,UNKNOWN,NO,0.80078125,UNKNOWN,0.1787109375,0.84375,MANHATTAN_SCAN,0.0888671875,"The program reads the grid dimensions, the maximum number of moves P, and the starting position (L, C). It stores the grid in a 1‑based array `matrix`. It then initializes `max` to the value at the starting cell and keeps two variables `L1` and `C1` that will hold the coordinates of the best cell found.

In a loop that runs exactly P times, the code looks at the four orthogonal neighbours of the starting cell (north, south, west, east). For each neighbour it checks whether its value is larger than the current `max`. If so, it updates `max` and records that neighbour’s coordinates in `L1` and `C1`. The loop does **not** change the current position `L` and `C`; it repeatedly compares the same four neighbours, so after the first iteration the values of `max`, `L1`, and `C1` will never change again.

After the loop finishes, the program outputs the value stored in `matrix[L1][C1]`, which is the maximum value among the starting cell and its four immediate neighbours (or the starting cell itself if all neighbours are smaller). The number of allowed moves P has no effect beyond the redundant iterations."
1314234803,41.07,cpp,RING_SCAN,ROW_BOUNDS_SCAN,NO,0.384765625,ROW_BOUNDS_SCAN,0.33984375,0.9609375,RING_SCAN,0.025634765625,"The program reads the grid dimensions \(N\) and \(M\), the maximum number of moves \(P\), and the starting position \((L,C)\). It then reads the \(N\times M\) matrix of diamond values into a 1‑based vector `mat`. 

To find the largest value reachable in at most \(P\) steps, the code iterates over all rows \(i\) from \(L-P\) to \(L+P\). For each such row it keeps a variable `aux` that represents the horizontal reach allowed at that row: `aux` starts at 0, increases by one for each row above the start until the start row, then decreases by one for each row below. Thus for a given row \(i\) the code scans columns \(j\) from \(C-aux\) to \(C+aux\). During the scan it checks that the indices stay within the grid bounds (although the bounds checks are slightly off because the matrix is 1‑based). Whenever a cell’s value exceeds the current maximum, the maximum is updated. 

After all rows in the diamond‑shaped region have been examined, the program prints the maximum value found. This approach effectively explores all cells whose Manhattan distance from the starting position is no greater than \(P\)."
1314234838,8.93,java,DP_RADIUS,DFS_RADIUS,NO,0.640625,DFS_RADIUS,0.1259765625,0.8359375,UNKNOWN,0.11328125,"The program reads the grid dimensions \(N\) and \(M\), the maximum number of moves \(P\), and the starting position \((L,C)\). The grid values are stored in a 1‑indexed array `matrice`. A second array `dp` of the same size is used to cache results of subproblems; every entry is initially set to `Integer.MIN_VALUE` to indicate “not yet computed”.

The core routine is the recursive method `helperDiamond(i,j,ramase)`. It returns the largest diamond value that can be reached from cell \((i,j)\) when exactly `ramase` moves remain. If no moves are left (`ramase==0`) the method simply returns the value stored in `matrice[i][j]`. Otherwise the method explores the four orthogonal neighbours (north, west, south, east) that stay inside the grid. For each neighbour it first checks whether the result for that neighbour with one fewer remaining move has already been computed and stored in `dp`. If not, it recursively calls itself for that neighbour with `ramase-1` and then stores the returned value in `dp`. The maximum of the four neighbour results is kept in a local variable `max`. After all neighbours are processed, the current cell’s value in `matrice` is overwritten with this maximum, and the maximum is returned.

The initial call is `helperDiamond(L,C,P)`. The returned value is printed as the answer. The algorithm therefore performs a depth‑first search with memoisation over all paths of length up to `P`, but it does not correctly account for the fact that the same cell may be visited multiple times with different remaining‑move counts; it simply keeps the best value found for each cell regardless of the remaining steps. The recursion depth is bounded by `P`, and the program uses the two 2‑D arrays to store intermediate results."
1314234877,1.79,java,MANHATTAN_SCAN,GREEDY_NEIGHBOR_WALK,NO,0.474609375,UNKNOWN,0.1748046875,1.0,UNKNOWN,0.00075531005859375,"The program reads the size of a rectangular grid (N rows, M columns), the maximum number of moves P, and the starting position (L, C) – converted to 0‑based indices. It then reads the N × M matrix of integer diamond values. 

For each of the P moves it calls the helper `getMax`, which examines the four cells that are directly north, east, south, and west of the current position. It starts by assuming the south neighbour (row + 1, same column) is the best, then compares that value with the east neighbour, the west neighbour, and finally the north neighbour, updating the candidate coordinates whenever a larger value is found. The function returns the coordinates of the neighbour with the largest value among those four. The main loop updates the current position to these coordinates for the next iteration. 

After performing up to P such greedy steps, the program outputs the value of the diamond located at the final position. The algorithm therefore moves the piece greedily to the locally highest adjacent diamond at each step, without any boundary checks or consideration of the overall path."
1314234881,3.57,java,UNKNOWN,RING_SCAN,NO,0.4453125,MANHATTAN_SCAN,0.34765625,0.5703125,MANHATTAN_SCAN,0.26953125,"The program reads the size of a rectangular grid, the maximum number of moves P, and the starting position (L, C). It stores the grid values in a 1‑based array `table`. 

It then scans up to P cells in each of the four cardinal directions from the start. For each step i it compares the value of the cell directly north (`table[L‑i][C]`), directly west (`table[L][C‑1]`), directly east (`table[L][C+i]`), and directly south (`table[L+i][C]`) with the current best value found in that direction, keeping the maximum for each direction in the variables `nord`, `vest`, `est`, and `sud`. (Note that the west and east checks use a fixed offset of 1 and 0 + i respectively, and the east value is mistakenly stored in `vest`.)

After the loop, the program starts with `max` equal to the value at the starting cell. It then checks each direction in turn: if a direction’s maximum is strictly greater than the other three direction maxima, it updates `max` to that value. Finally it prints `max`.

Thus the output is the value of the starting cell or, if one of the four direction maxima is strictly the largest among them, that direction’s maximum value. The program does not consider any path that turns or uses more than one step in a direction; it only looks at the farthest cell in each straight line up to P steps."
1314234882,35.71,cpp,MANHATTAN_SCAN,BOUNDING_BOX_SCAN,NO,0.56640625,ROW_BOUNDS_SCAN,0.18359375,0.7578125,MANHATTAN_SCAN,0.216796875,"The program reads the grid dimensions \(N\) and \(M\), the maximum number of moves \(P\), and the starting position \((L,C)\). It then reads the \(N \times M\) matrix of diamond values into an array of vectors, one vector per row. 

To find the best diamond reachable in at most \(P\) steps, the code iterates over a square window centered at the start: rows from \(L-P\) to \(L+P\) and columns from \(C-P\) to \(C+P\). For each cell \((i,j)\) inside this window it first checks that the cell lies inside the grid bounds. It then computes the Manhattan distance \(|L-i|+|C-j|\); if this distance exceeds \(P\) the cell is skipped. Otherwise the value stored in that cell is compared with a running maximum, which is updated whenever a larger value is found. 

After scanning all eligible cells, the maximum value found is printed as the result. The algorithm therefore examines only those cells whose Manhattan distance from the starting position does not exceed the allowed number of moves, and selects the largest diamond value among them."
1314234886,1.79,cpp,RING_SCAN,GREEDY_NEIGHBOR_WALK,NO,0.2177734375,MANHATTAN_SCAN,0.19140625,1.0,UNKNOWN,0.00040435791015625,"The program reads the grid dimensions \(N\) and \(M\), the maximum number of moves \(P\), and the starting position \((L,C)\). It then reads the \(N\times M\) matrix of diamond values into a 1‑based array `v`. If no moves are allowed (\(P=0\)), it simply outputs the value at the starting cell.

Otherwise the code pads the array with a sentinel value of `-INT_MAX` on all four borders so that any attempt to move outside the grid will be ignored. It then performs a greedy walk for exactly \(P\) steps: at each step it looks at the four orthogonal neighbours of the current cell, chooses the neighbour with the largest value, moves the current position to that neighbour, and records the largest value seen so far (`frum_max`). After completing the loop it prints this maximum value.

Thus the program implements a simple “always step to the locally highest neighbour” strategy, tracking the highest diamond value encountered along that deterministic path of up to \(P\) moves."
1314234890,41.07,cpp,RING_SCAN,ROW_BOUNDS_SCAN,NO,0.41796875,ROW_BOUNDS_SCAN,0.32421875,0.6328125,RING_SCAN,0.298828125,"The program reads the grid dimensions \(N\) and \(M\), the maximum number of moves \(P\), and the starting position \((L,C)\). It then reads an \(N\times M\) matrix of long‑long values, storing it in a 1‑based vector `mat`. 

To find the largest diamond‑shaped region reachable in at most \(P\) steps, the code iterates over rows \(i\) from \(L-P\) to \(L+P\). For each row it keeps a variable `aux` that represents the horizontal radius allowed at that row. Initially `aux` is 0; it is increased by one for each row above the start and decreased for each row below, so that the horizontal span grows as the row index moves away from \(L\). For each valid row \(i\) (within the grid bounds) the inner loop scans columns \(j\) from \(C-aux\) to \(C+aux\), again checking that \(j\) lies inside the grid. During this scan the program keeps track of the maximum value seen in `max`. 

After all rows have been processed, the program prints the maximum value found. The algorithm therefore examines all cells that lie within a Manhattan distance of at most \(P\) from the starting cell, using a simple nested loop with a growing horizontal window."
1314234901,3.57,cpp,UNKNOWN,RING_SCAN,NO,0.56640625,RING_SCAN,0.267578125,0.95703125,UNKNOWN,0.017578125,"The program reads the grid dimensions `n` and `m`, the maximum number of moves `k`, and the starting position `(x, y)` (converted to 0‑based indices). It then reads the `n × m` matrix of diamond values into `mat`. An auxiliary `visited` array is created but never used.

The core of the algorithm is a double loop that tries to examine cells that are a fixed Manhattan distance `k` away from the start. The outer loop iterates `level` from `0` to `k`. For each `level`, the inner loop iterates `i` from `0` to `level` and sets `j = k - i`. Four conditional checks are performed, each intended to look at one of the four “quadrants” relative to the start: north‑west, north‑east, south‑west, and south‑east. In each case the code verifies that the target coordinates are inside the grid (using `> 0` or `< m`/`< n` comparisons) and then updates the maximum result `res` with the value at `mat[x-i][y-j]`. Note that all four branches mistakenly use the same index expression `mat[x-i][y-j]` instead of adjusting the row or column for the other directions.

After the loops finish, the program outputs the maximum value found in `res`. The algorithm therefore attempts to find the largest diamond value among cells that lie exactly `k` steps away in Manhattan distance from the starting position, but due to the indexing errors it actually only considers a subset of those cells and may miss the true maximum."
1314234943,8.93,java,DP_RADIUS,DFS_RADIUS,NO,0.474609375,DFS_RADIUS,0.25390625,0.953125,RING_SCAN,0.0174560546875,"The program reads a rectangular grid of integers and a starting position (L, C) together with a maximum number of moves P. All indices are treated as 1‑based. It keeps two 2‑D arrays of size (N+1)×(M+1): `matrice`, which initially holds the diamond values, and `dp`, which is filled with `Integer.MIN_VALUE` to mark cells whose best reachable value has not yet been computed.

The core routine is the recursive method `helperDiamond(i, j, ramase)`. It is called with the starting coordinates and the remaining number of moves. If no moves are left (`ramase==0`) the method simply returns the value stored in `matrice[i][j]`. Otherwise it looks at the four orthogonal neighbours (north, west, south, east) that stay inside the grid. For each neighbour it first checks whether `dp` already contains a computed result; if not it recurses into that neighbour with one fewer remaining move. The maximum value returned from any neighbour is kept in `max`. After examining all valid neighbours, the method writes this maximum into `matrice[i][j]` (overwriting the original value) and returns it. The `dp` array is never updated after the initial fill, so the memoisation check is ineffective and the same subproblems are recomputed many times.

Finally, `getSolution()` simply calls `helperDiamond(L, C, P)` and the main method prints the returned integer. Thus the program attempts to determine the largest diamond value that can be reached from the starting cell in exactly P moves by exploring all possible paths recursively, but it does so with an ineffective memoisation scheme and by corrupting the original grid values during the search."
1314234950,41.07,cpp,MANHATTAN_SCAN,RING_SCAN,NO,0.431640625,ROW_BOUNDS_SCAN,0.26171875,0.94921875,MANHATTAN_SCAN,0.0252685546875,"The program reads the grid dimensions \(N\) and \(M\), the maximum number of moves \(P\), and the starting position \((L,C)\). It then stores the \(N \times M\) matrix of diamond values in a vector of vectors, indexed from 1 for convenience. 

To find the best diamond reachable in at most \(P\) steps, the code iterates over every cell whose row index lies between \(L-P\) and \(L+P\) and whose column index lies between \(C-P\) and \(C+P\). For each candidate cell it first checks that the coordinates are inside the grid, then verifies that the Manhattan distance \(|L-i|+|C-j|\) does not exceed \(P\). If both conditions hold, the value of that cell is compared with a running maximum, which is initially set to the smallest 32‑bit integer. After scanning all eligible cells, the maximum value found is returned and printed. 

Thus the solution simply enumerates all cells within the diamond‑shaped region centered at the start and bounded by the move limit, selecting the highest diamond value among them."
1314235007,5.36,java,MANHATTAN_SCAN,GREEDY_NEIGHBOR_WALK,NO,0.455078125,BOUNDING_BOX_SCAN,0.115234375,0.99609375,UNKNOWN,0.002471923828125,"The program reads the grid dimensions \(N\) and \(M\), the maximum number of moves \(P\), and the starting position \((L,C)\). It stores the diamond values in a 1‑based array `matrix`. After reading the grid it scans all cells once to determine the overall maximum value `max1`.

Starting from the initial cell, the program repeatedly performs up to \(P\) steps. In each step it looks at the four orthogonal neighbours (north, south, west, east) of the current position and selects the neighbour with the largest diamond value. It updates the current coordinates to that neighbour and decreases the remaining move count. If at any point the selected neighbour already contains the global maximum value, the loop terminates early. The algorithm does not check for grid boundaries; it assumes the neighbours exist.

When the loop ends, the program outputs the value of the diamond at the last chosen position (`matrix[L1][C1]`). Thus the program greedily walks from the start cell, always moving to the locally highest adjacent cell, up to \(P\) moves or until the global maximum is reached."
1314235016,41.07,cpp,MANHATTAN_SCAN,RING_SCAN,NO,0.5546875,ROW_BOUNDS_SCAN,0.1806640625,0.69921875,MANHATTAN_SCAN,0.2001953125,"The program reads the grid dimensions \(N\) and \(M\), the maximum number of moves \(P\), and the starting position \((L,C)\). It then reads the \(N \times M\) matrix of diamond values into an array of vectors, one vector per row. 

To find the best diamond reachable in at most \(P\) steps, the code iterates over all cells whose row index lies between \(L-P\) and \(L+P\) and whose column index lies between \(C-P\) and \(C+P\). For each candidate cell it first checks that the coordinates are inside the grid, then verifies that the Manhattan distance \(|L-i|+|C-j|\) does not exceed \(P\). If both conditions hold, the value of that cell is compared with the current maximum and the maximum is updated if necessary. 

After scanning all eligible cells, the program outputs the largest diamond value found. The algorithm is a straightforward brute‑force search over the diamond‑shaped region of radius \(P\) centered at the starting position."
1314235033,12.5,java,DP_RADIUS,DFS_RADIUS,NO,0.83203125,UNKNOWN,0.09912109375,0.98828125,UNKNOWN,0.0040283203125,"The program reads the grid dimensions \(N\) and \(M\), the maximum number of moves \(P\), and the starting position \((L,C)\). It stores the diamond values in a 1‑based array `matrice` and initializes a second array `dp` with the sentinel value `Integer.MIN_VALUE`. 

The core routine is the recursive method `helperDiamond(i,j,ramase)`. When the remaining steps `ramase` reach zero, the method simply returns the value stored in `matrice[i][j]` and records it in `dp[i][j]`. For any other case it explores each of the four orthogonal neighbours (north, west, south, east) that stay inside the grid, recursively calling itself with `ramase‑1`. It keeps the maximum value returned from these neighbours in a local variable `max`. After evaluating all valid neighbours, the method overwrites `matrice[i][j]` with this maximum and returns it. The `dp` array is never used to memoise results beyond the base case, so the recursion recomputes many subproblems repeatedly.

The `solve()` method simply calls `helperDiamond(L,C,P)` and prints the returned value, which is intended to be the highest diamond value reachable from the start within at most \(P\) moves. The algorithm therefore performs a depth‑first search of all paths of length exactly \(P\) from the starting cell, propagating the maximum value found along each path back to the start."
1314235040,50.0,cpp,RING_SCAN,MANHATTAN_SCAN,NO,0.36328125,MANHATTAN_SCAN,0.283203125,0.361328125,RING_SCAN,0.361328125,"The program begins by reading five integers: the number of rows N, the number of columns M, the maximum number of moves P, and the starting position of the piece given by row L and column C. It then reads the N × M grid of diamond values, one integer per cell.

While reading the grid it immediately evaluates a geometric test for each cell. For a cell at coordinates (i, j) (with i and j zero‑based indices), the test checks whether the following inequality holds:

```
abs((j + i + 2) - (L + C)) ≤ P
and
abs(j - C + 1) ≤ P
and
abs(i - L + 1) ≤ P - abs(j - C + 1)
```

If the cell satisfies this condition, its diamond value is appended to a vector called `diamonds`. The test is intended to approximate a Manhattan‑distance constraint from the starting position, but the arithmetic is off by constant offsets and the nested conditions are redundant.

After all cells have been processed, the program calls a helper function `maximum` that scans the `diamonds` vector and returns the largest value found. This maximum is then printed as the result.

Thus, the code collects all diamond values that meet the (incorrect) distance‑like condition and outputs the highest among them. If no cell satisfies the condition, the program will attempt to access the first element of an empty vector, leading to undefined behaviour."
1314235042,42.86,cpp,RING_SCAN,MANHATTAN_SCAN,NO,0.53125,ROW_BOUNDS_SCAN,0.283203125,0.46875,RING_SCAN,0.4140625,"The program reads the grid dimensions \(N\) and \(M\), the maximum number of moves \(P\), and the starting position \((L,C)\). It then allocates a 1‑based two‑dimensional array and fills it with the diamond values from the input. 

The variable `val` is initialized with the value of the starting cell. 
To find the best diamond reachable in at most \(P\) steps, the code scans all cells whose Manhattan distance from \((L,C)\) is no larger than \(P\). It does this in two parts:

1. **Upper half (rows above the start)** – For each row \(i\) from `max(L-P,1)` up to \(L-1\), the horizontal range that satisfies the distance constraint is \([C-(i-low),\, C+(i-low)]\). The code iterates over this range and updates `val` with the maximum encountered value.

2. **Lower half (rows at or below the start)** – For each row \(i\) from \(L\) up to `min(L+P,N)`, the horizontal range is \([C-(high-i),\, C+(high-i)]\). Again, the code scans this range and updates `val`.

After both loops, `val` holds the maximum diamond value reachable within \(P\) moves, and the program outputs this value. The algorithm essentially enumerates all cells inside the diamond-shaped region centered at the starting position, achieving a time complexity proportional to the area of that region."
1314235171,16.07,java,DP_RADIUS,DFS_RADIUS,NO,0.66015625,RING_SCAN,0.0791015625,0.94140625,UNKNOWN,0.0283203125,"The program reads the grid dimensions \(N\) and \(M\), the maximum number of moves \(P\), and the starting position \((L,C)\). The grid values are stored in a 1‑indexed array `matrice`. A second 1‑indexed array `dp` is used for memoisation and is initially filled with `Integer.MIN_VALUE` to indicate that a cell’s value has not yet been computed.

The core routine is the recursive method `helperDiamond(i,j,ramase)`. It returns the maximum diamond value that can be reached from cell \((i,j)\) when at most `ramase` moves remain. If no moves are left (`ramase==0`) the method simply returns the value of the current cell. Otherwise the method explores each of the four orthogonal neighbours that stay inside the grid. For each neighbour it first checks whether its result has already been computed (`dp` not `MIN_VALUE`). If not, it recursively calls itself with one fewer remaining move and stores the result in `dp`. The maximum of the neighbour results and the current cell’s value is then stored in `dp[i][j]` and returned.

The `solve()` method reads the input, initializes the arrays, and prints the result of `helperDiamond(L,C,P)`. Thus the program outputs the highest diamond value that can be reached from the starting position within at most \(P\) steps, using a memoised depth‑first search over the grid."
1314235222,7.14,java,BOUNDING_BOX_SCAN,RING_SCAN,NO,0.482421875,MANHATTAN_SCAN,0.375,0.419921875,MANHATTAN_SCAN,0.2890625,"The program reads the grid dimensions \(N\) and \(M\), the maximum number of moves \(P\), and the starting position \((L,C)\). It then stores the diamond values in a 1‑based array `array`. If no moves are allowed (\(P=0\)), it simply outputs the value at the starting cell.

For \(P>0\) the code computes a variable `counter` as `p + 1 - l`. If this value is negative, the program interprets that the allowed moves are limited to a vertical corridor around the starting row. It then iterates over rows \(i\) from \(L-P\) to \(L+P\) (stopping if the row index exceeds \(N\)). For each such row it considers only the column \(C\) (the inner loop runs once because the bounds are identical). It checks that the column index is within the grid and updates a running maximum `max` with the largest diamond value found in this vertical strip. Finally, it prints this maximum.

Thus the implementation effectively searches only the cells directly above and below the starting position within a Manhattan distance of \(P\), ignoring any horizontal movement, and reports the highest diamond value reachable under that restricted interpretation."
1314235369,50.0,java,MANHATTAN_SCAN,SORTED_MANHATTAN,NO,0.55859375,RING_SCAN,0.205078125,0.97265625,RING_SCAN,0.0228271484375,"The program reads the grid dimensions \(N\) and \(M\), the maximum number of moves \(P\), and the starting position \((L,C)\). It then reads the \(N\times M\) matrix of diamond values, storing each cell’s coordinates and value in a list of `Cell` objects while also keeping the values in a 2‑D array for a fallback output.

After the input is collected, the list of cells is sorted in descending order of their diamond values. The program then scans this sorted list from the highest value downwards. For each cell it computes the Manhattan distance from the starting position \(|L - x| + |C - y|\). If this distance is at most \(P\), the cell is reachable within the allowed moves, so the program immediately prints that cell’s value and terminates. If no cell in the list satisfies the distance condition, the program outputs the value of the diamond at the starting position, which is the only reachable cell when no moves are possible.

Thus the algorithm simply selects the highest‑valued diamond that lies within a Manhattan distance of \(P\) from the start, defaulting to the starting cell’s value if none are reachable."
1314235395,41.07,cpp,ROW_BOUNDS_SCAN,RING_SCAN,NO,0.412109375,RING_SCAN,0.3203125,0.65625,MANHATTAN_SCAN,0.310546875,"The program reads the size of a rectangular grid (N rows, M columns), the maximum number of moves P, and the starting position (L, C). It then reads the integer value of each cell into a 2‑dimensional array indexed from 1. If P is zero the answer is simply the value in the starting cell.

For P > 0 the code searches for the largest value that can be reached in at most P steps. It does this by iterating over all rows i from L − P to L + P. A variable j is used to keep track of the horizontal reach for the current row: it starts at −1, is incremented while the loop is moving upward (i ≤ L) and decremented after passing the starting row. Thus for each row i the code considers columns k from C − j to C + j, which exactly describes the diamond (Manhattan‑distance ≤ P) centered at (L, C). For every cell inside the grid bounds the program updates a running maximum `response` with the cell’s value if it is larger. After all rows are processed, the maximum found is printed.

The algorithm therefore scans a diamond-shaped region around the starting position, keeping the highest cell value within that region, and outputs it."
1314235413,50.0,cpp,MANHATTAN_SCAN,SORTED_MANHATTAN,NO,0.76171875,RING_SCAN,0.080078125,0.96484375,RING_SCAN,0.022705078125,"The program reads the grid dimensions \(N\) and \(M\), the maximum number of moves \(P\), and the starting position \((L,C)\). It then reads the \(N\times M\) matrix of diamond values into a 1‑based array `matrix`. While reading, it simultaneously fills a flat array of `point` structs, each holding the row, column, and value of a cell. 

After input, the array of points is sorted in descending order of the diamond value using a custom comparator. The program then scans this sorted list from the highest value downward. For each point it computes the Manhattan distance from the starting cell to the point’s coordinates; if this distance is less than or equal to \(P\), the point is reachable within the allowed moves. The first such point encountered (i.e., the highest‑valued reachable diamond) is printed and the program terminates. 

Thus the algorithm simply enumerates all cells, orders them by value, and selects the first cell whose Manhattan distance from the start does not exceed the move limit. The implementation runs in \(O(NM\log(NM))\) time due to the sort and uses \(O(NM)\) additional memory for the point array. (Note that the loop iterates one index past the last element, which would access an out‑of‑bounds entry.)"
1314235415,16.07,java,DP_RADIUS,DFS_RADIUS,NO,0.63671875,UNKNOWN,0.234375,0.5234375,DP_RADIUS,0.2470703125,"The program reads the grid dimensions, the maximum number of moves P, and the starting position (L, C). It stores the diamond values in a 1‑based array `matrice` and creates a second array `dp` initialized with `Integer.MIN_VALUE` to act as a memoisation table.

The core routine is the recursive method `helperDiamond(i, j, ramase, precedent)`. 
`ramase` represents how many moves are still allowed from the current cell, and `precedent` encodes the direction from which the call arrived (1 = north, 2 = west, 3 = south, 4 = east) so that the algorithm does not immediately step back in the same direction. 

When `ramase` reaches zero, the function simply returns the value of the current cell. Otherwise it considers each of the four orthogonal neighbours that stay inside the grid and are not the reverse of the previous step. For each such neighbour it either retrieves a previously computed result from `dp` or recursively calls itself with `ramase‑1` and the appropriate new `precedent`. The maximum value obtained from all valid neighbours is compared with the value of the current cell itself, and the larger of the two is stored in `dp[i][j]` and returned.

The initial call is made with the starting coordinates and the full move budget `P`. The value returned by this call is printed as the answer. Thus the program attempts to find the maximum diamond value that can be reached in at most `P` steps by exploring all possible paths up to that depth, while avoiding immediate backtracking, and caching intermediate results in a single‑dimension memoisation table."
1314235422,7.14,java,BOUNDING_BOX_SCAN,UNKNOWN,NO,0.4609375,UNKNOWN,0.408203125,0.73828125,BOUNDING_BOX_SCAN,0.099609375,"The program reads the grid dimensions `N` and `M`, the maximum number of moves `P`, and the starting position `(L, C)`. It then stores the diamond values in a 1‑based array `array`. If no moves are allowed (`P == 0`) it simply outputs the value at the starting cell.

For the general case the code computes a variable `counter` as `P + 1 - L`. If this value is negative it resets it to zero and then iterates over rows `i` from `L‑P` to `L+P`. For each such row it considers only a single column `j = C‑counter` (which is always the same because the inner loop bounds are identical) and, if that column lies within the grid, updates the current maximum with the value at `(i, j)`.

If `counter` is non‑negative the program attempts to scan a rectangular region. It first determines an upper bound `limitI` based on whether `L+P` exceeds `M`, and then loops `i` from `0` up to `limitI‑1`. For each row it chooses a starting column `j` that depends on whether `C` is less than `counter`, and an upper bound `limitJ` that depends on whether `C+P` exceeds `N`. It then iterates `j` from this start up to `limitJ‑1`, updating the maximum with the value at `(i, j)` if it is larger.

Finally the program prints the maximum value found during these scans. The loops and bounds used in the second branch are inconsistent with the intended grid coordinates, so the algorithm does not correctly explore all reachable cells within `P` moves."
1314235480,1.79,java,UNKNOWN,MANHATTAN_SCAN,NO,0.9765625,GREEDY_NEIGHBOR_WALK,0.0108642578125,0.435546875,RING_SCAN,0.181640625,"The program begins by reading the grid dimensions \(N\) and \(M\), the maximum number of moves \(P\), and the starting position \((L,C)\). It then stores the diamond values in a 1‑based 2‑dimensional array `numbers`. 

After the input, the code enters a nested loop that iterates over every cell of the grid, but the body of the loop never uses the loop indices `i` and `j`. Inside this loop it repeatedly attempts to move the piece from the starting cell \((L,C)\) toward a neighboring cell with a higher value. It keeps a counter `m` of how many moves have been considered and a variable `aux` that is intended to hold the best value found so far. In each iteration of the inner `while` loop it compares the values of the four orthogonal neighbors of the current cell (north, south, west, east) and updates `aux` to the largest of those neighbors. The loop stops when either `P` moves have been examined or the counter `m` exceeds `P`. If no moves are allowed (`P == 0`), `aux` is set to the value of the starting cell. 

Finally, the program prints the value stored in `aux`. In effect, the code attempts to simulate moving the piece up to `P` steps to a cell with a higher diamond value, but it does so only by looking at the immediate neighbors of the original starting position and does not actually update the current position after each move. The outer loops over all cells are redundant and have no effect on the result. The output is simply the maximum value found among the starting cell and its four neighbors, limited by the move count `P`."
1314235605,10.71,cpp,BOUNDING_BOX_SCAN,RING_SCAN,NO,0.49609375,RING_SCAN,0.1826171875,0.3515625,BOUNDING_BOX_SCAN,0.310546875,"The program reads the grid dimensions \(N\) and \(M\), the maximum number of moves \(P\), and the starting position \((L,C)\). It then reads an \(N\times M\) matrix of integer values, storing it in a 1‑based array `A`. 

If no moves are allowed (\(P=0\)), the program simply outputs the value in the starting cell. 
Otherwise it initializes a variable `mvd` with the value at the starting position and then attempts to examine a set of cells that are within a “diamond‑shaped” region centered at \((L,C)\) with radius \(P\). 

The code computes `startL = L-P` and iterates `i` from 0 up to `2*P` (subject to staying inside the grid). For each row offset `i`, it checks whether the current row index `startL+i` lies within the grid. If it does, it determines a column interval: when `i` equals `P` it uses the full horizontal span from `C-P` to `C+P`; otherwise it uses a narrower span from `C-(i%P)` to `C+(i%P)`. These bounds are clamped to the grid limits \([1,M]\). 

Within that column interval, the program scans every cell in the current row and updates `mvd` if a larger value is found. After all rows in the diamond have been processed, it outputs the maximum value found. 

Thus the implementation performs a brute‑force search over a set of cells that it believes to be reachable within at most \(P\) moves, keeping track of the largest diamond value encountered."
1314235622,5.36,cpp,MANHATTAN_SCAN,RING_SCAN,NO,0.26953125,RING_SCAN,0.26953125,0.8828125,MANHATTAN_SCAN,0.0301513671875,"The program reads the grid dimensions \(N\) and \(M\), the maximum number of moves \(P\), and the starting position \((L,C)\). It then reads an \(N\times M\) matrix of integer diamond values, storing it in a 1‑based vector of vectors.

Next, it builds a list called `moves`. For every integer \(i\) from \(0\) up to \(P\) inclusive, it appends four values to this list: the diamond at \((L+i,\,C)\), at \((L-i,\,C)\), at \((L,\,C-i)\), and at \((L,\,C+i)\). No bounds checking is performed, so indices that fall outside the grid are accessed, which is undefined behaviour in C++ but is what the code literally does.

After collecting these values, the program sorts the `moves` vector in descending order using a custom comparator. Finally, it outputs the first element of the sorted vector, which is the largest value among all the collected positions.

Thus the program attempts to find the maximum diamond value reachable within \(P\) steps by considering only the four cells that lie exactly \(i\) steps north, south, west, or east of the starting cell for each \(i\) from \(0\) to \(P\). It ignores diagonal moves and any cells that would be reached by a path of length less than \(P\) that is not directly along a cardinal direction. The result printed is the maximum value found among those selected cells."
1314235628,1.79,java,UNKNOWN,GREEDY_NEIGHBOR_WALK,NO,0.68359375,GREEDY_NEIGHBOR_WALK,0.28515625,0.9921875,UNKNOWN,0.005889892578125,"The program begins by reading the grid dimensions \(N\) and \(M\), the maximum number of moves \(P\), and the starting position \((L,C)\). It then reads the \(N \times M\) matrix of diamond values. If no moves are allowed (\(P=0\)), it simply outputs the value at the starting cell.

When moves are permitted, the code converts the 1‑based start coordinates to 0‑based indices \((x,y)\). It then enters a loop that iterates exactly \(P\) times. In each iteration it attempts to look up four values: the cell \(P\) steps north \((x-P,y)\), south \((x+P,y)\), east \((x,y+P)\), and west \((x,y-P)\). It stores these in variables \(N,S,E,V\). The program keeps a running maximum \(max\) of the values seen so far. After each comparison, if the current maximum equals one of the four candidate values, it updates the current position by moving \(P\) steps in that direction (e.g., if \(max==N\) it sets \(x=x-P\)). This process repeats for all \(P\) iterations, potentially moving the piece far outside the grid bounds (the code does not guard against out‑of‑range indices).

Finally, the program prints the maximum value encountered during the loop. The algorithm therefore greedily moves the piece \(P\) steps in the direction of the largest diamond value among the four cardinal directions at each step, and reports the largest diamond value seen along the way."
1314235667,5.36,cpp,MANHATTAN_SCAN,GREEDY_NEIGHBOR_WALK,NO,0.330078125,UNKNOWN,0.2001953125,1.0,UNKNOWN,0.00021648406982421875,"The program reads the size of a rectangular grid (N rows, M columns), a maximum number of moves P, and the starting position (L, C). It then reads the integer value of each cell into a 2‑dimensional array `v`. If no moves are allowed (`P == 0`) it simply outputs the value of the starting cell.

For the case where moves are permitted, the code first pads the array with a border of sentinel values (`-INT_MAX`) so that any attempt to access a neighbour outside the grid yields a very small number. It then performs a greedy walk for exactly `P` steps. At each step it examines the four orthogonal neighbours of the current cell, selects the neighbour with the largest stored value, moves the current position to that neighbour, and records the maximum value seen among all visited cells. After completing the `P` iterations it prints this maximum value.

Thus the algorithm is a simple deterministic walk that always steps to the locally highest adjacent cell, keeping track of the highest diamond value encountered during the walk."
1314235708,1.79,java,MANHATTAN_SCAN,RING_SCAN,NO,0.30859375,BOUNDING_BOX_SCAN,0.30859375,0.6875,UNKNOWN,0.173828125,"The program reads the grid dimensions `n` and `m`, the maximum number of moves `p`, and the starting position `(l, c)` (1‑based). It then reads an `n × m` matrix of integer diamond values into a 1‑indexed array `matrix`. 

It stores the value of the starting cell in `ceva`. A variable `max` is initialized to –10 000. The code then runs a loop `p` times, but inside the loop it never changes the current position `(l, c)`. In each iteration it simply compares the four orthogonal neighbors of the starting cell—left, right, up, and down—to `max`, updating `max` whenever a neighbor’s value is larger. Temporary local variables (`c1`, `c2`, `l1`, `l2`) are assigned when a new maximum is found, but they are never used afterwards. 

After the loop, if `p` is zero the program outputs the value of the starting cell (`ceva`); otherwise it outputs the maximum value found among the four adjacent cells. No bounds checking is performed, so the program may access out‑of‑range indices if the starting cell is on the grid edge. The algorithm therefore effectively reports the highest diamond value reachable in at most one move, regardless of the actual value of `p`."
1314235709,44.64,cpp,ROW_BOUNDS_SCAN,RING_SCAN,NO,0.4765625,RING_SCAN,0.37109375,0.69140625,MANHATTAN_SCAN,0.1982421875,"The program reads the grid dimensions \(N\) and \(M\), the maximum number of moves \(P\), and the starting position \((L,C)\). It then reads an \(N\times M\) matrix of integer diamond values into a 1‑indexed dynamic array `F`. 

To find the largest value reachable within at most \(P\) steps, the code scans a diamond‑shaped region centered at \((L,C)\). It first considers rows above or equal to the start row: for each row \(i\) from \(\max(L-P,1)\) up to \(L\), it iterates over columns \(j\) that satisfy \(|j-C|\le i-\max(L-P,1)\) and are within the grid bounds. The maximum value among these cells is stored in `val`. 

Next it processes rows below or equal to the start row: for each row \(i\) from \(L\) up to \(\min(L+P,N)\), it iterates over columns \(j\) with \(|j-C|\le \min(L+P,N)-i\), again respecting the grid limits, updating `val` with any larger diamond value found. 

After both loops, `val` holds the highest diamond value reachable in at most \(P\) moves, which the program outputs. Finally, it frees the allocated memory."
1314235715,5.36,cpp,DFS_RADIUS,GREEDY_NEIGHBOR_WALK,NO,0.306640625,BFS_RADIUS,0.1640625,0.99609375,UNKNOWN,0.00150299072265625,"The program first reads the grid dimensions `n` and `m`, then declares a 2‑D array `a` of size `(n+1) × (m+1)` (using 1‑based indexing). After that it reads the maximum number of moves `p`, the starting row `l` and the starting column `q`. It then fills the array with the diamond values from the input.

The algorithm keeps a variable `max` initialized to the value of the starting cell. In a loop that runs at most `p` times, it examines the four orthogonal neighbours of the current position `(l, q)` (north, west, south, east) that lie inside the grid. For each neighbour it checks whether its value is strictly greater than the current `max`. If so, it updates `max` to that neighbour’s value and records the direction to move (`chx`, `chy`). After inspecting all four neighbours, the program moves the current position by the recorded direction and decrements the remaining move counter `p`. If no neighbour has a higher value, the direction variables are left unchanged, so the position does not change in that iteration.

When the loop finishes (either because `p` moves have been made or no better neighbour exists), the program outputs the value stored in `max`, which is the highest diamond value that could be reached by following this greedy, step‑by‑step strategy."
1314235739,48.21,java,BOUNDING_BOX_SCAN,MANHATTAN_SCAN,NO,0.55859375,MANHATTAN_SCAN,0.33984375,0.6484375,RING_SCAN,0.1865234375,"The program reads the grid dimensions \(N\) and \(M\), the maximum number of moves \(P\), and the starting position \((L,C)\). It then reads an \(N\times M\) matrix of integer diamond values, storing them in a 1‑based array `grid` with an extra row and column of zeros for easier bounds handling. 

If no moves are allowed (\(P=0\)), the program simply outputs the value of the starting cell. Otherwise it scans every cell of the grid. For each cell \((i,j)\) it checks whether the Manhattan distance \(|L-i|+|C-j|\) is at most \(P\). If so, and if the cell’s value is at least as large as the current best (`max`), the program then verifies that the cell is **not** one of the four diagonal neighbours of the start (i.e., \((L\pm1,\,C\pm1)\)). If the cell passes this test, its value becomes the new maximum. 

After examining all cells, the program prints the largest value found that satisfies the distance constraint and is not a diagonal neighbour of the starting position. If no such cell exists, the printed value remains the initial `max` of 0."
1314235747,1.79,java,UNKNOWN,GREEDY_NEIGHBOR_WALK,NO,0.8046875,GREEDY_NEIGHBOR_WALK,0.1796875,0.984375,UNKNOWN,0.01092529296875,"The program begins by reading the grid dimensions \(N\) and \(M\), the maximum number of moves \(P\), and the starting position \((L,C)\) (1‑based). It then reads the \(N \times M\) matrix of diamond values into a 2‑dimensional array. The value at the starting cell is stored as the current best value.

If no moves are allowed (\(P=0\)), the program immediately outputs the starting cell’s value. Otherwise it enters a loop that will iterate at most \(P\) times. In each iteration it attempts to look at the four cells that are one step north, east, south, or west of the current position by accessing indices \((L-2,C-1)\), \((L-1,C)\), \((L,C-1)\), and \((L-1,C-2)\). It selects the maximum of these four values and then updates the current position to that cell by adjusting \(L\) and \(C\) according to which neighbor held the maximum. The best value seen so far is updated if the new cell’s value is larger. The loop continues until the move counter exceeds \(P\) or the indices would fall outside the array bounds.

After the loop terminates, the program prints the highest diamond value that was reached during the simulated moves. The implementation assumes that the four neighbor indices are always valid and does not handle boundary checks beyond a simple comparison of \(L-1\) and \(C-1\) against \(N\) and \(M\)."
1314235761,50.0,cpp,RING_SCAN,MANHATTAN_SCAN,NO,0.46484375,ROW_BOUNDS_SCAN,0.318359375,0.8203125,RING_SCAN,0.1611328125,"The program reads the grid dimensions \(N\) and \(M\), the maximum number of moves \(P\), and the starting position \((L,C)\). It then reads the \(N\times M\) matrix of diamond values into a 1‑indexed dynamic array `F`. 

To find the largest value reachable in at most \(P\) steps, the code scans every cell whose Manhattan distance from \((L,C)\) is no greater than \(P\). It does this with two nested loops that cover the upper and lower halves of the diamond-shaped region separately. 

For rows \(i\) from \(\max(L-P,1)\) up to \(L\), it iterates columns \(j\) from \(\max(C-(i-L+P),1)\) to \(\min(C+(i-L+P),M)\). For rows \(i\) from \(L\) up to \(\min(L+P,N)\), it iterates columns \(j\) from \(\max(C-(L+P-i),1)\) to \(\min(C+(L+P-i),M)\). In each iteration it updates a variable `val` with the maximum of its current value and `F[i][j]`. 

After the loops finish, `val` holds the maximum diamond value that can be reached within the allowed number of moves, and the program outputs this value. Finally, it frees the allocated memory before terminating."
1314235864,1.79,java,UNKNOWN,MANHATTAN_SCAN,NO,0.73828125,MANHATTAN_SCAN,0.1650390625,0.298828125,GREEDY_NEIGHBOR_WALK,0.298828125,"The program begins by reading five integers: the grid dimensions \(N\) and \(M\), the maximum number of moves \(P\), and the starting position \((L, C)\). It then allocates a two‑dimensional array of size \(10000 \times 10000\) and fills the sub‑matrix from indices \(1\) to \(N\) and \(1\) to \(M\) with the diamond values supplied in the input. 

The core routine `solveProblem` examines the value of \(P\). If no moves are allowed (\(P = 0\)), it simply outputs the value of the diamond at the starting cell. If at least one move is permitted (\(P > 0\)), the routine looks at the four orthogonally adjacent cells (north, east, south, west) relative to the starting position and selects the maximum value among them. This maximum is then printed. The code does not perform any bounds checking on the neighbor indices, so it assumes that the starting cell is not on the grid boundary when \(P > 0\). No further exploration or path calculation is performed."
1314235964,10.71,java,DFS_RADIUS,UNKNOWN,NO,0.90625,MANHATTAN_SCAN,0.057861328125,0.578125,DFS_RADIUS,0.2412109375,"The program reads the grid dimensions \(N\) and \(M\), the maximum number of moves \(P\), and the starting position \((L,C)\). It stores the diamond values in a 1‑based array `matrix`. The value at the starting cell is taken as an initial candidate for the answer.

The core of the program is the recursive method `cautare`. It receives the current coordinates (`start`, `end`), a list `sol` to collect candidate values, and the remaining number of moves `mutari`. If no moves are left, it simply returns the value of the current cell. Otherwise, it recursively explores two pairs of directions: first it compares the results of moving one step down (`start+1`) versus right (`end+1`), adding the larger of the two results to `sol`; then it does the same for moving up (`start-1`) versus left (`end-1`). The method finally returns the constant `1` (the return value is largely ignored except for the base case).

After the recursive search finishes, the main routine iterates over all values stored in `sol` and keeps the maximum, comparing it with the initial cell value. That maximum is printed as the result.

Thus the program attempts a brute‑force exploration of all paths of length up to \(P\) from the starting cell, collecting the values of the cells reached, and outputs the largest value found. It does not perform any bounds checking, so out‑of‑range accesses may occur, and the returned value of the recursive calls is largely ignored except for the base case."
1314236152,1.79,java,GREEDY_NEIGHBOR_WALK,RING_SCAN,NO,0.4765625,UNKNOWN,0.328125,0.36328125,UNKNOWN,0.283203125,"The program reads the grid dimensions \(N\) and \(M\), the maximum number of moves \(P\), and the starting position \((L,C)\). It then stores the diamond values in a 1‑based array `F`. 

In `getResult` it initializes the answer `res` with the value at the starting cell. It then enters a loop that runs at most `P` times, but inside the loop the current coordinates `i` and `j` are never changed. Each iteration simply compares `res` with the four orthogonal neighbours of the starting cell (`(i-1,j)`, `(i+1,j)`, `(i,j-1)`, `(i,j+1)`) and keeps the maximum. The loop terminates when the move counter reaches zero or the coordinates would go out of bounds (which never happens because `i` and `j` stay fixed). 

Thus the algorithm returns the maximum diamond value among the starting cell and its immediate north, south, east, and west neighbours, regardless of the value of \(P\). The result is printed to standard output."
1314236223,1.79,java,UNKNOWN,RING_SCAN,NO,0.60546875,MANHATTAN_SCAN,0.251953125,0.62109375,UNKNOWN,0.2021484375,"The program reads the grid dimensions, the maximum number of moves P, and the starting position (L, C). It stores the diamond values in a 1‑indexed 2‑D array. The core routine `minCost` is called with the matrix, the start coordinates, and P. Inside this routine a static counter `count` is compared to P. If P is zero, the result `maxim` is simply the value at the starting cell. If P is positive and the coordinates are still within the 1‑based bounds, the counter is incremented and `maxim` is set to the maximum of the value at the current cell and the values of its four orthogonal neighbours (up, down, left, right). No further recursion or iteration is performed; the routine returns immediately after this single comparison. Finally, the program prints the value stored in `maxim`. Thus the output is the largest diamond value among the starting cell and its immediate neighbours, provided the starting position is valid and P is at least one."
1314236225,1.79,java,GREEDY_NEIGHBOR_WALK,MANHATTAN_SCAN,NO,0.9140625,UNKNOWN,0.0751953125,0.67578125,RING_SCAN,0.150390625,"The program reads the grid dimensions \(N\) and \(M\), the maximum number of moves \(P\), and the starting coordinates \((L,C)\). It stores the diamond values in a 1‑based array `mat`. The variable `result` is initialized to the value at the starting cell.

If \(P=0\) the program simply prints this value. Otherwise it enters a loop that is intended to simulate up to \(P\) moves. In each iteration it calls `max_sum_neighbours`, passing the current coordinates (which are always the original \(L\) and \(C\)). That helper examines the four orthogonal neighbours of the given cell, chooses the largest neighbour value, and sets the global `max_elem` to that value. It also attempts to adjust the local `i` and `j` variables to point to the chosen neighbour, but these adjustments are local to the helper and do not affect the caller’s coordinates.

Back in the loop, if `max_elem` is larger than the current `result`, the program updates `result` and assigns the (unchanged) original coordinates to `l` and `c`. The loop then increments a move counter and repeats. Because the coordinates never change, the helper always inspects the same four neighbours, and the loop has no effect beyond the first iteration.

Finally the program prints `result`, which is the maximum of the starting cell’s value and the values of its four orthogonal neighbours (or the starting value if all neighbours are smaller). The code does not actually perform any path‑finding or use the allowed number of moves."
1314236321,1.79,java,UNKNOWN,RING_SCAN,NO,0.9296875,MANHATTAN_SCAN,0.028076171875,0.5234375,UNKNOWN,0.408203125,"The program reads the grid dimensions, the maximum number of moves `p`, and the starting position `(l,c)`. It stores the diamond values in a 2‑D array `mat`. If no moves are allowed (`p == 0`) it simply outputs the value at the starting cell.

When `p` is positive the code attempts to examine the four cells that are exactly `p` steps away from the start in the cardinal directions. It converts the 1‑based start coordinates to 0‑based indices `x` and `y`, then in a loop that runs `p` times it repeatedly reads the values at positions `(x‑p, y)`, `(x+p, y)`, `(x, y+p)`, and `(x, y‑p)`. It keeps a running maximum of these four values, but it never updates `x` or `y`, so the same four positions are considered on every iteration. After the loop it prints the maximum value found among those four cells.

Thus the program effectively outputs the largest diamond value that lies exactly `p` cells north, south, east, or west of the starting position (ignoring bounds checks and the fact that it repeats the same check `p` times)."
1314236326,41.07,cpp,ROW_BOUNDS_SCAN,RING_SCAN,NO,0.302734375,RING_SCAN,0.302734375,0.69921875,MANHATTAN_SCAN,0.2265625,"The program reads the grid dimensions `n` and `m`, the maximum number of moves `mutari`, and the starting position `(l, c)` (1‑based indices). It then reads the `n × m` matrix of diamond values into a 1‑based vector `mat`. 

The core of the algorithm is a single nested loop that attempts to examine all cells that are reachable from the start in at most `mutari` steps. A variable `aux` is used to keep track of the horizontal reach for each row: it starts at 0 and is increased when the loop index `i` is below the starting row `l`, and decreased when `i` is above `l`. For each row `i` in the range `[l‑mutari, l+mutari]` (subject to the grid’s upper bound), the inner loop iterates over columns `j` from `c‑aux` to `c+aux`. Out‑of‑bounds columns are skipped or break the loop when they exceed the grid width. For every in‑bounds cell `(i, j)` the program compares its value with a running maximum `max` and updates `max` if a larger value is found. 

After processing all relevant rows, the program prints the maximum value found. The implementation uses simple integer loops and a single scalar `max`; it does not perform any path‑finding or dynamic programming, merely scans a diamond‑shaped region around the starting cell."
1314236354,50.0,cpp,MANHATTAN_SCAN,RING_SCAN,NO,0.62890625,BOUNDING_BOX_SCAN,0.3359375,0.9453125,BOUNDING_BOX_SCAN,0.025146484375,"The program reads the grid dimensions \(N\) and \(M\), the maximum number of moves \(P\), and the starting position \((L,C)\). It then reads an \(N\times M\) matrix of integer diamond values, storing it in a 1‑based array `matrix`. 

A `Point` structure holds a row and column. The function `distancer` computes the Manhattan distance between two points, but it mistakenly uses `abs(p1.linie - p2.linie) + abs(p2.coloana - p1.coloana)` (the second absolute is applied to the difference in columns, which is correct, though the variable name `coloana` is misspelled in the function). 

The program creates a vector `values` and first pushes the value at the starting cell. It then iterates over every cell \((i,j)\) in the grid, constructs a `Point` for that cell, and if the Manhattan distance from the start is at most \(P\), it appends the cell’s value to `values`. 

After collecting all reachable values, it scans the vector to find the maximum value, initializing `maxim` to a large negative sentinel. Finally, it outputs this maximum value. The algorithm therefore simply enumerates all cells within a diamond‑shaped Manhattan radius around the start and reports the highest diamond value among them."
1314236366,50.0,cpp,MANHATTAN_SCAN,RING_SCAN,NO,0.2734375,RING_SCAN,0.2734375,0.83984375,MANHATTAN_SCAN,0.1005859375,"The program reads the grid dimensions \(N\) and \(M\), the maximum number of moves \(P\), and the starting position \((L,C)\). It then reads the \(N\times M\) matrix of diamond values into a 1‑based array `mat`. 

A variable `max` is initialized to the smallest 32‑bit integer. The code uses an integer `aux` to keep track of how far the current row is from the starting row. It iterates `i` from `L-P` up to `L+P` (but stops when `i` exceeds `n`). For each row it adjusts `aux` so that the horizontal range `j` runs from `C-aux` to `C+aux`. Inside the inner loop it clamps any negative column index to 0 (though the matrix is 1‑based, so this is a bug) and updates `max` if the current cell’s value is larger. After processing a row, `aux` is incremented or decremented depending on whether the current row is above or below the start row. 

Finally, the program prints the largest value found in the cells that lie within the diamond‑shaped region of Manhattan distance at most `P` from the starting position, ignoring out‑of‑bounds cells in a somewhat ad‑hoc manner. The output is the maximum diamond value reachable in at most `P` moves according to this traversal."
1314236430,41.07,java,BOUNDING_BOX_SCAN,MANHATTAN_SCAN,NO,0.421875,MANHATTAN_SCAN,0.328125,0.53125,RING_SCAN,0.322265625,"The program reads the grid dimensions \(N\) and \(M\), the maximum number of moves \(P\), and the starting position \((L,C)\). It stores the diamond values in a 1‑based array `table`. The variable `max` is initialized to the value at the starting cell.

It then iterates over all cells whose row index \(i\) lies between \(L-P\) and \(L+P\) and whose column index \(j\) lies between \(C-P\) and \(C+P\). For each candidate cell it first checks that the indices are inside the grid. The code splits the candidates into four quadrants relative to the start: upper‑left, lower‑left, upper‑right, and lower‑right. In each quadrant it computes the Manhattan distance from \((L,C)\) to \((i,j)\) using the appropriate sign of the differences, and if that distance is at most \(P\) it compares the cell’s value with `max`, updating `max` if a larger value is found.

After scanning all cells within the diamond‑shaped region of radius \(P\), the program outputs the maximum diamond value reachable in at most \(P\) moves."
1314236432,1.79,java,UNKNOWN,RING_SCAN,NO,0.96875,MANHATTAN_SCAN,0.015625,0.7421875,UNKNOWN,0.212890625,"The program reads the grid dimensions, the maximum number of moves P, and the starting position (L, C). It then stores the N × M matrix of diamond values. If no moves are allowed (P = 0) it simply outputs the value at the starting cell.

For P > 0 the code treats the starting coordinates as fixed (x = L‑1, y = C‑1). It iterates P times, but during each iteration it does not change the position. Instead it looks up the values of the cells that are exactly P steps away from the start in the four cardinal directions: north (x‑P, y), south (x+P, y), east (x, y+P), and west (x, y‑P). For iterations where i > 1 it also examines four diagonal cells that are offset by P‑1 from the start: (x‑P+1, y+P‑1), (x‑P+1, y‑P+1), (x+P‑1, y+P‑1), and (x+P‑1, y‑P+1). The maximum value among all these inspected cells is tracked in the variable `max`. After the loop, the program prints this maximum.

Thus the implementation effectively reports the largest diamond value that lies exactly P steps away from the starting position in any of the eight directions considered, ignoring any intermediate positions or actual movement paths."
1314236521,1.79,java,UNKNOWN,GREEDY_NEIGHBOR_WALK,NO,0.9921875,MANHATTAN_SCAN,0.003570556640625,0.65625,UNKNOWN,0.310546875,"The program begins by reading the grid dimensions \(N\) and \(M\), the maximum number of moves \(P\), and the starting position \((L,C)\). It stores the diamond values in a 1‑based 2‑dimensional array `numbers`. 

After the input, the code enters a loop that is intended to simulate up to \(P\) moves. The outer `while` loop runs while `P > 0` and a counter `m` is not larger than `P`. Inside this loop, two nested `for` loops iterate over every cell of the grid, but the body of the loops does not depend on the loop indices `i` and `j`. For each iteration it repeatedly sets `pos` to the value at the starting cell `numbers[L][C]`. It then examines the four orthogonal neighbours of the starting cell (north, south, west, east) and keeps the largest neighbour value in the variable `aux`. The neighbour checks use the original coordinates `L` and `C` and do not update the current position. 

After determining `aux`, the code scans the entire grid again with two nested loops (again using the loop variables `i` and `j` incorrectly) to find any cell whose value equals `aux`; when it finds one it assigns that value to `pos`. The counter `m` is incremented inside this inner block. If `P` has reached zero, `aux` is set to `pos`. 

When the loops finish, the program prints the value stored in `aux`. In effect, the program attempts to move from the starting cell to the neighbour with the highest value, then repeat this process up to `P` times, but it never actually updates the current position and repeatedly scans the whole grid for the maximum neighbour value. The final output is simply the value of the last maximum neighbour found during the simulated moves."
1314236524,41.07,java,BOUNDING_BOX_SCAN,MANHATTAN_SCAN,NO,0.494140625,MANHATTAN_SCAN,0.2333984375,0.81640625,BOUNDING_BOX_SCAN,0.16015625,"The program reads the grid dimensions \(N\) and \(M\), the maximum number of moves \(P\), and the starting position \((L,C)\). It then stores the diamond values in a 1‑based array `table`. The variable `max` is initialized with the value at the starting cell.

To find the best reachable diamond, the code iterates over a square window centered at \((L,C)\) with side length \(2P+1\). For each candidate cell \((i,j)\) inside this window it first checks that the indices lie within the grid bounds. It then evaluates whether the Manhattan distance \(|i-L|+|j-C|\) is no larger than \(P\). This distance check is performed by a series of nested `if` statements that separately handle the four quadrants relative to the start, but the condition ultimately reduces to the same inequality. If the cell is reachable, the program compares its diamond value with the current `max` and updates `max` if a larger value is found.

After scanning all cells that could be reached in at most \(P\) moves, the program outputs the maximum diamond value discovered. The algorithm is a straightforward brute‑force search over the reachable area, using only simple loops and conditional checks."
1314236529,3.57,cpp,UNKNOWN,RING_SCAN,NO,0.734375,MANHATTAN_SCAN,0.11279296875,0.62109375,UNKNOWN,0.15625,"The program reads the size of a grid (N rows, M columns), a maximum number of moves P, and the starting position (L, C). It then reads an N × M matrix of integer diamond values into a 1‑indexed array `a`. 

If no moves are allowed (`P==0`) the answer is simply the value at the starting cell. 
For exactly one move (`P==1`) the code compares the four orthogonal neighbours of the start cell (north, south, east, west) and also the start cell itself, selecting the largest of these four values. 

When more than one move is permitted (`P>1`) the program attempts to examine cells that lie a distance up to P from the start along the same row or column. It iterates `aux` from 0 to P‑1 and, for each `aux`, iterates `copie` from `aux+1` to P. Inside the inner loop it compares the values at positions `(L, C+aux)` and `(L, C+copie)` to keep the larger in `dr`, similarly for the left side in `st`, for the upward direction in `sus`, and for the downward direction in `jos` (though the code mistakenly overwrites `sus` twice). After the loops finish, it chooses the maximum among the four directional maxima (`st`, `dr`, `sus`, `jos`) and assigns that to `valdiam`. 

Finally the program outputs `valdiam`. The implementation therefore attempts a very limited, incorrect search of cells within a Manhattan distance P, using only straight‑line comparisons rather than a proper breadth‑first or dynamic‑programming approach."
1314236661,5.36,cpp,MANHATTAN_SCAN,GREEDY_NEIGHBOR_WALK,NO,0.34375,UNKNOWN,0.2353515625,0.99609375,UNKNOWN,0.0021820068359375,"The program reads the grid dimensions \(N,M\), the maximum number of moves \(P\), and the starting position \((L,C)\). It stores the diamond values in a 1‑based array `v` and creates a second array `v1` that is intended to mark visited cells but is never updated. The borders of `v` are padded with `LONG_MIN` so that moves that would leave the grid are automatically ignored.

If \(P=0\) the program simply outputs the value at the starting cell. Otherwise it initializes `frum_max` with the starting cell’s value and then iterates exactly \(P\) times. In each iteration it looks at the four orthogonal neighbours of the current position, selects the neighbour with the largest value that has not been marked visited (the check `v1[...] != 1` is always true because `v1` is never changed), and moves the current position to that neighbour. If the chosen neighbour’s value exceeds the current `frum_max`, the maximum is updated. After performing \(P\) such greedy steps, the program prints the highest diamond value encountered during the walk.

Thus the implementation follows a simple greedy path: at every step it moves to the adjacent cell with the largest value, repeating this for at most \(P\) steps, and reports the maximum value seen along that path."
1314236662,5.36,java,UNKNOWN,BOUNDING_BOX_SCAN,NO,0.765625,RING_SCAN,0.103515625,0.875,UNKNOWN,0.055908203125,"The program begins by reading the grid dimensions \(N\) and \(M\), the maximum number of moves \(P\), and the starting position \((L,C)\). It then reads the \(N \times M\) matrix of diamond values into a two‑dimensional array `mat`. 

If \(P\) is zero, the program simply outputs the value of the diamond at the starting cell. 
Otherwise the program sets the current coordinates `x = L-1` and `y = C-1` (converting to 0‑based indices) and initializes a variable `max` to zero. It then executes three nested loops, each iterating `p` times with indices `i`, `j`, and `k`. Inside the innermost loop the code evaluates eight expressions that access cells of the matrix at offsets `±j` in the row direction and `±k` in the column direction relative to the starting position. For each of these eight positions it updates `max` with the larger of its current value and the value found in the matrix. No bounds checking is performed, so if any of the computed indices fall outside the matrix the program will throw an exception. After the loops finish, the program prints the value stored in `max`.

In short, the code attempts to scan a square region centered at the starting cell with side length roughly \(2P\), taking the maximum diamond value found among the cells it visits, but it does so with incorrect bounds handling and an initial `max` of zero that ignores negative values."
1314236780,1.79,java,UNKNOWN,GREEDY_NEIGHBOR_WALK,NO,0.7421875,GREEDY_NEIGHBOR_WALK,0.240234375,0.98046875,UNKNOWN,0.0179443359375,"The program reads the grid dimensions \(N\) and \(M\), the maximum number of moves \(P\), and the starting position \((L,C)\) (1‑based). It then reads the \(N\times M\) matrix of diamond values into a 2‑dimensional array. The value at the starting cell is stored as the current best value `fmax`.

If no moves are allowed (\(P=0\)), the program immediately outputs the starting cell’s value. Otherwise it enters a loop that runs at most \(P\) times, but also stops early if the current coordinates would fall outside the grid according to a set of bounds checks (`L-2 <= N && C-2 <= M && L >= 2 && C >= 2`). Inside the loop the program examines four specific neighboring cells relative to the current position:

- `f1` = value at \((L-2, C-1)\) (one row up, same column),
- `f2` = value at \((L-1, C)\) (same row, one column right),
- `f3` = value at \((L, C-1)\) (one row down, same column),
- `f4` = value at \((L-1, C-2)\) (same row, one column left).

It selects the maximum of these four values (`fmax`). Depending on which neighbor supplied that maximum, the program updates the current coordinates in a somewhat inconsistent way: if the maximum came from `f1` or `f2`, it decrements `L` by one; if from `f3`, it decrements `C` by one; if from `f4`, it decrements both `L` by one and `C` by two. After moving, it updates the overall best value `max` if the new `fmax` is larger. The loop counter `moves` is incremented and the process repeats.

When the loop terminates, the program prints the largest diamond value encountered during this greedy walk. The algorithm therefore performs a simple, step‑by‑step greedy traversal of the grid, always moving to"
1314236923,3.57,java,UNKNOWN,RING_SCAN,NO,0.89453125,MANHATTAN_SCAN,0.0732421875,0.734375,UNKNOWN,0.1279296875,"The program reads the grid dimensions \(N\) and \(M\), the maximum number of moves \(P\), and the starting position \((L,C)\). It stores the grid values in a one‑based 2‑D array `numbers`. 

After reading the grid, the code enters a nested loop that iterates over every cell \((i,j)\) of the grid, but the body of the loop does not use \(i\) or \(j\) at all. Inside this loop it repeatedly sets `pos` to the value at the starting cell `numbers[L][C]`. Then, for each step count `m` from 1 to `P`, it compares the values of the four cells that lie exactly `m` steps north, south, west, and east of the start. For each direction it updates a temporary variable `aux` if the encountered value is larger than the current `aux`. The comparisons are performed with direct array accesses such as `numbers[L-m][C]`, `numbers[L+m][C]`, `numbers[L][C-m]`, and `numbers[L][C+m]`. (The last comparison mistakenly uses `numbers[L+m][C]` instead of the intended east cell.) No bounds checking is performed, so out‑of‑range accesses may occur. 

If `P` is zero, the code simply assigns `aux` the value of the starting cell. After the loops finish, the program prints the value stored in `aux`. In effect, the program attempts to report the maximum diamond value that lies on one of the four straight lines extending from the starting position up to `P` steps away, but due to the nested loops and indexing mistakes it does not correctly consider all reachable cells."
1314236971,3.57,java,UNKNOWN,RING_SCAN,NO,0.98046875,MANHATTAN_SCAN,0.00848388671875,0.8515625,UNKNOWN,0.06982421875,"The program reads the grid dimensions, the maximum number of moves P, and the starting position (L, C). It stores the diamond values in a 1‑based array `numbers`. 

After reading the grid it enters a double loop over every cell `(i, j)` of the grid, but the body of this loop does not use `i` or `j` at all. Inside the loop it repeatedly sets `pos` to the value at the starting cell. Then, for each step count `m` from 1 to P, it looks only at the four cells that are exactly `m` steps north, south, west, or east of the start (ignoring boundary checks). It keeps the largest of these four values in `aux`. 

Immediately after that, the code scans the entire grid again, looking for any cell whose value equals `aux`; when it finds one it assigns that value to `pos`. This scan is performed for every `m`. If `P` is zero, `aux` is set to the starting cell’s value. 

Finally the program prints the value stored in `aux`. In effect, the code attempts to find the maximum diamond value that can be reached by moving exactly `m` steps in a straight line from the start for some `m ≤ P`, but it does so with many unnecessary loops and without respecting grid boundaries."
1314236973,5.36,java,RING_SCAN,BOUNDING_BOX_SCAN,NO,0.30078125,BOUNDING_BOX_SCAN,0.265625,0.890625,MANHATTAN_SCAN,0.030517578125,"The program reads the grid dimensions, the maximum number of moves `P`, and the starting position `(L,C)`. It stores the diamond values in a 2‑D array `mat`. If no moves are allowed (`P==0`) it simply outputs the value at the starting cell.

For `P>0` the code sets the current coordinates to the starting cell and then enters a loop that iterates `P` times. Inside this loop it does **not** update the coordinates; instead it examines a set of cells relative to the original position. 
- If `P>1` it runs two nested loops with indices `j` and `k` ranging from `1` to `P-1`. For each pair it compares the value of the cell at offsets `(-j,0)`, `(0,+k)`, `(+j,0)`, `(0,-k)`, `(-j,-k)`, `(-j,+k)`, `(+j,-k)`, and `(+j,+k)` with the current maximum, updating the maximum when a larger value is found. 
- If `P==1` it simply checks the four orthogonal neighbours of the starting cell.

After the loops finish, the program prints the largest value found among those examined cells. The implementation therefore attempts to find the maximum diamond value within a square of side `2P-1` centered at the starting position, but it never actually moves the piece and does not perform bounds checking, so it may access invalid array indices."
1314237031,1.79,cpp,MANHATTAN_SCAN,UNKNOWN,NO,0.53125,UNKNOWN,0.220703125,0.34375,MANHATTAN_SCAN,0.267578125,"The program reads the grid dimensions \(N, M\), the maximum number of moves \(P\), and the starting position \((L, C)\). It then reads an \(N \times M\) matrix of integer diamond values into a 1‑indexed array `mat`. 

If \(P\) is zero, the program simply outputs the value of the diamond at the starting cell `mat[L][C]`. 
Otherwise (for any \(P>0\)) the program ignores the actual number of allowed moves and instead looks only at the four orthogonally adjacent cells: north (`mat[L-1][C]`), south (`mat[L+1][C]`), east (`mat[L][C+1]`), and west (`mat[L][C-1]`). It stores these four values in an array `v[1..4]`, then scans the array to find the maximum value among them, initializing the maximum to zero and updating it whenever a larger neighbor value is found. Finally, it prints this maximum neighbor value. 

The code does not perform any bounds checking on the neighbor indices, so it may access out‑of‑range memory if the starting position is on the grid boundary. The algorithm therefore returns the largest value among the four immediate neighbors (or the starting cell when no moves are allowed), regardless of the actual number of moves \(P\)."
1314237105,1.79,java,UNKNOWN,GREEDY_NEIGHBOR_WALK,NO,0.51953125,GREEDY_NEIGHBOR_WALK,0.45703125,0.97265625,UNKNOWN,0.0228271484375,"The program begins by reading the grid dimensions \(N\) and \(M\), the maximum number of moves \(P\), and the starting position \((L,C)\). It then reads the \(N \times M\) matrix of diamond values into a two‑dimensional array. The variable `fmax` is set to the value at the starting cell, and a variable `max` is initialized to the smallest possible integer.

If no moves are allowed (\(P=0\)), the program simply outputs the value of the starting cell. Otherwise it enters a loop that will iterate at most \(P\) times. In each iteration the program looks at four specific neighboring cells relative to the current position:

* `f1` – cell two rows above and one column left (`[L-2][C-1]`);
* `f2` – cell one row above (`[L-1][C]`);
* `f3` – cell one column left (`[L][C-1]`);
* `f4` – cell one row above and two columns left (`[L-1][C-2]`).

It selects the maximum of these four values (`fmax`) and then moves the current position to the cell that contained that maximum, updating `L` and `C` according to which of the four cases was chosen. After the move, if the new `fmax` is larger than the current `max`, it updates `max`. The loop continues until the move counter reaches \(P\) or the position checks in the loop condition fail.

Finally, the program prints the value stored in `max`, which is intended to be the highest diamond value reachable within the allowed number of moves."
1314237213,30.36,java,MANHATTAN_SCAN,RING_SCAN,NO,0.357421875,ROW_BOUNDS_SCAN,0.2158203125,0.73828125,MANHATTAN_SCAN,0.2109375,"The program reads the grid dimensions \(N\) and \(M\), the maximum number of moves \(P\), and the starting position \((L,C)\). It then reads an \(N\times M\) matrix of integer diamond values into a 1‑based array `a`. 

To find the best diamond reachable in at most \(P\) steps, the code iterates over a square window centered at \((L,C)\) with side length \(2P+1\). For each cell \((i,j)\) in this window it checks whether the Manhattan distance \(|i-L|+|j-C|\) is no larger than \(P\); if so, it compares the diamond value at that cell with a running maximum and updates the maximum when a larger value is found. The variable `max` is initially set to \(-100\) (a value lower than any possible diamond value). 

Finally, the program prints the maximum value found. The algorithm therefore scans all cells whose coordinates lie within the diamond-shaped region of radius \(P\) around the starting position and outputs the largest diamond value among them."
1314237582,1.79,java,UNKNOWN,RING_SCAN,NO,0.859375,MANHATTAN_SCAN,0.0703125,0.88671875,UNKNOWN,0.08251953125,"The program reads the grid dimensions \(N\) and \(M\), the maximum number of moves \(P\), and the starting position \((L,C)\). It then reads an \(N\times M\) matrix of integer values, storing it in a 1‑based array `numbers`. 

After the input, the code enters a double loop over all cells \((i,j)\) of the grid, but the body of the loop never uses \(i\) or \(j\); it repeatedly works only with the fixed start coordinates \((L,C)\). For each iteration it sets `pos` to the value at the starting cell and copies it to `aux`. It then iterates `m` from 1 to `P`. In each step it examines a set of cells that are exactly `m` steps away from the start in the four cardinal directions (north, south, east, west) and also four cells that are offset by a remaining distance `diff = P - m` in the diagonal directions. For every such cell it compares its value with the current maximum stored in `aux` and updates `aux` if a larger value is found. No bounds checking is performed, so the program may attempt to access indices outside the array when the start is near the border or when `P` is large. 

After completing the loops, the program prints the value stored in `aux`, which is intended to be the maximum diamond value reachable within at most `P` moves from the starting position. However, because the outer loops iterate over all cells unnecessarily and the index calculations are incorrect, the actual result may be undefined or incorrect for many inputs."
1314237633,1.79,java,UNKNOWN,RING_SCAN,NO,0.6171875,MANHATTAN_SCAN,0.291015625,0.482421875,MANHATTAN_SCAN,0.2578125,"The program reads the grid dimensions \(N\) and \(M\), the maximum number of moves \(P\), and the starting position \((L,C)\). It then reads an \(N \times M\) matrix of integer diamond values into a large 2‑D array `arr`, using 1‑based indices. 

In `solveProblem`, the code distinguishes only two cases. If no moves are allowed (\(P=0\)), it simply outputs the value of the diamond at the starting cell `arr[L][C]`. If at least one move is permitted (\(P>0\)), the program looks only at the four orthogonally adjacent cells (north, east, south, west) of the starting position and prints the maximum value among those four neighbors. No checks are performed to ensure the neighbors are inside the grid, and no further exploration or path‑finding is carried out. Thus the program effectively returns either the starting cell’s value or the best immediate neighbor’s value, regardless of the actual allowed number of moves."
1314237686,3.57,java,UNKNOWN,GREEDY_NEIGHBOR_WALK,NO,0.98046875,MANHATTAN_SCAN,0.00848388671875,0.98828125,UNKNOWN,0.008544921875,"The program begins by reading the grid dimensions, the maximum number of moves allowed, and the starting position of the piece. It stores the diamond values in a two‑dimensional integer array. After the input, it initializes a few variables: `max` (set to –999), `diam` (set to –9999), a flag `ok` to indicate whether a move has been made, and a flag `flag` to indicate that no moves are possible.

The core of the program is a nested loop that iterates over the sub‑matrix starting at the cell just above the starting position (`occ_x‑1`, `occ_y‑1`) and extending to the bottom‑right corner of the grid. For each cell `(i, j)` in this range, the code checks whether any moves are left and whether a move has already been performed. If no moves are left and no move has been made, it sets `flag` to 1. Otherwise, it compares the value of the current cell with the values of its four orthogonal neighbours (`i‑1, j`, `i+1, j`, `i, j‑1`, `i, j+1`). For the first neighbour that has a value greater than the current `max` and when moves remain, it decrements the remaining moves, records that neighbour’s value in `diam`, and marks that a move has been made by setting `ok` to 1. If none of the neighbours are better, it updates `max` to the current cell’s value.

After the loops finish, the program prints the value stored in `diam` if at least one move was made; otherwise, if `flag` was set (meaning no moves were possible from the start), it prints the value of the starting cell. The algorithm therefore attempts a greedy walk from the starting position, always stepping to a higher‑valued neighbour until the move limit is reached, but it only considers a single pass over a limited portion of the grid and does not explore all possible paths."
1314237710,50.0,cpp,MANHATTAN_SCAN,SORTED_MANHATTAN,NO,0.494140625,BOUNDING_BOX_SCAN,0.265625,0.671875,RING_SCAN,0.318359375,"The program reads the grid dimensions \(N\) and \(M\), the maximum number of moves \(P\), and the starting position \((L,C)\). It then reads the \(N\times M\) matrix of diamond values into a 2‑D array. 

All cells are copied into a one‑dimensional array `arr` of structures that store the cell’s coordinates and its diamond value. While filling this array a counter `i2` is incremented for each cell. After the copy, the program attempts to find the maximum value among a subset of the array (the loop bound `((n-l)*(m-c))` is incorrect and the result is never used). 

The array `arr` is then sorted in descending order of the diamond value using a custom comparator. Finally, the program scans the sorted array from the beginning and checks each cell’s Manhattan distance to the starting position. The first cell whose distance is at most \(P\) is considered reachable, its value is printed, and the search stops. 

Thus the program outputs the value of the highest‑valued diamond that lies within \(P\) steps (Manhattan distance) from the starting cell, ignoring any cells outside that distance. The earlier maximum‑search loop is redundant and has no effect on the result."
1314237745,1.79,java,MANHATTAN_SCAN,UNKNOWN,NO,0.4765625,UNKNOWN,0.419921875,0.9765625,MANHATTAN_SCAN,0.013916015625,"The program reads the grid dimensions \(N\) and \(M\), the maximum number of moves \(P\), and the starting position \((L,C)\). It then reads an \(N\times M\) matrix of integer values into a 2‑dimensional array that is indexed from 1 (the code allocates a 10 000 × 10 000 array but only uses the first \(N\) rows and \(M\) columns). 

The `solveProblem` routine handles three cases based on the value of \(P\):

1. **\(P = 0\)** – the piece does not move, so the program simply outputs the value at the starting cell `arr[L][C]`.
2. **\(P = 1\)** – the piece can move exactly one step. The code assumes the only possible move is north and outputs the value of the cell directly above the start, `arr[L-1][C]`. 
3. **\(P > 1\)** – the piece can move more than one step. The code ignores the exact number of steps and instead computes the maximum value among the four orthogonally adjacent cells: east `arr[L][C+1]`, south `arr[L+1][C]`, west `arr[L][C-1]`, and north `arr[L-1][C]`. It then prints this maximum.

No bounds checking is performed, so if the starting position is on the edge of the grid the program may access out‑of‑range array indices. The algorithm therefore does not actually explore all reachable cells within \(P\) moves; it merely returns a value based on a very limited, hard‑coded interpretation of the movement rules."
1323070546,8.93,cpp,MANHATTAN_SCAN,BOUNDING_BOX_SCAN,NO,0.6171875,BOUNDING_BOX_SCAN,0.330078125,0.73828125,MANHATTAN_SCAN,0.1279296875,"The program reads the grid dimensions \(N\) and \(M\), the maximum number of moves \(P\), and the starting position \((L,C)\). It then reads the \(N \times M\) matrix of diamond values into a 1‑based indexed vector `grid`, adding a dummy outer row and column so that indices 1…N and 1…M refer directly to the input cells.

To determine the best diamond reachable in at most \(P\) moves, the code iterates over every cell \((i,j)\) of the grid. For each cell it computes the Euclidean distance to the start using 
\[
\text{dist}(i,j)=\sqrt{(i-L)^2+(j-C)^2}.
\]
If this distance is less than or equal to \(P\) and the cell’s value exceeds the current maximum, the maximum is updated. After scanning all cells, the program outputs the largest value found.

Thus the solution simply checks every cell whose Euclidean distance from the start is within the allowed move limit and reports the maximum diamond value among those cells."
1323389180,3.57,cpp,UNKNOWN,GREEDY_NEIGHBOR_WALK,NO,0.9375,GREEDY_NEIGHBOR_WALK,0.046630859375,1.0,UNKNOWN,0.00070953369140625,"The program reads the grid dimensions `n` and `m`, the maximum number of moves `p`, and the starting position `(l,c)` (1‑based). It then reads an `n × m` matrix of diamond values into a fixed 10×10 array `a`. The current best value is initialized to the value at the starting cell.

For each of the `p` allowed moves the code attempts to examine the four neighbouring cells in a fixed order: north, south, east, and west. It does this by incrementing or decrementing the row or column indices, checking whether the new index is still within the grid bounds, and if so comparing the diamond value at that position with the current maximum. Whenever a larger value is found, the maximum is updated and a flag `exit` is set to indicate which direction produced the improvement (1 for north, 2 for south, 3 for east, 4 for west).

After the four directional checks, the code moves the current position one step in the direction that last produced a new maximum, as indicated by the `exit` flag. If no improvement was found in any direction, the last `else` clause moves the piece west by default. This process repeats for up to `p` iterations, potentially moving the piece out of bounds because the bounds checks are only performed when comparing values, not when updating the position.

Finally, the program outputs the largest diamond value that was encountered during these moves. The algorithm is essentially a greedy walk that always steps into the most valuable adjacent cell found in the current iteration, but it does not explore all possible paths and may step outside the grid."
1323404029,3.57,java,MANHATTAN_SCAN,GREEDY_NEIGHBOR_WALK,NO,0.453125,UNKNOWN,0.2138671875,0.99609375,UNKNOWN,0.00102996826171875,"The program reads the grid dimensions, the maximum number of moves P, and the starting position (L, C). It stores the diamond values in a 2‑D array `arr`. The current position is kept in variables `i` and `j`, initially set to the zero‑based coordinates of the start. The variable `best` is initialized to the value of the starting cell.

While at least one move remains, the program examines the four orthogonal neighbours of the current cell. For each direction it assigns the neighbour’s value if the neighbour exists; otherwise it assigns a very negative sentinel (`-INF`). These four values are collected into a `Vector<Integer>`, sorted, and the largest value (the element at index 3 after sorting) is chosen as the next target. The program then moves the current position to the neighbour that holds this largest value, decrementing the remaining move count. The variable `best` is updated to this neighbour’s value. If several neighbours share the same maximum value, the `if` chain checks north, south, west, then east, so the first matching direction in that order is taken.

After exhausting the allowed moves (or if no moves are allowed), the program outputs the value stored in `best`, which is the value of the diamond in the final cell reached by this greedy, step‑by‑step selection of the locally highest neighbour."
1323404045,5.36,java,MANHATTAN_SCAN,GREEDY_NEIGHBOR_WALK,NO,0.515625,UNKNOWN,0.1298828125,0.99609375,UNKNOWN,0.00150299072265625,"The program reads the size of a rectangular grid (N rows, M columns), the maximum number of moves P, and the starting position (L, C). It then reads the integer value of each cell into a 2‑dimensional array `arr`. The starting cell’s value is stored in `best` and also in `rez`, which will hold the maximum value encountered during the walk.

The main loop runs while at least one move remains. For the current position `(i, j)` it examines the four orthogonal neighbours: north, south, east, and west. If a neighbour lies outside the grid, its value is set to a large negative constant `-INF`. The four neighbour values are collected into a `Vector<Integer>`, sorted, and the largest value (`coord.get(3)`) is chosen as `best`. The program then moves the current position to the cell that holds this largest neighbour (updating `i` or `j` accordingly) and decrements the remaining move count. If this new cell’s value exceeds the current `rez`, `rez` is updated.

After exhausting the allowed moves, the program outputs `rez`, the highest diamond value that could be reached by following this greedy, one‑step‑at‑a‑time strategy. The algorithm is purely iterative, uses a small vector for neighbour comparison, and does not explore alternative paths."
1323404065,5.36,java,MANHATTAN_SCAN,GREEDY_NEIGHBOR_WALK,NO,0.59375,RING_SCAN,0.1171875,1.0,UNKNOWN,0.00096893310546875,"The program reads the grid dimensions \(N\) and \(M\), the maximum number of moves \(P\), and the starting position \((L,C)\). It then reads the \(N\times M\) matrix of diamond values, keeping track of the overall maximum value in the grid. The current position is stored as zero‑based indices \((i,j)\) and the best value seen so far, `rez`, is initialized to the value at the starting cell.

If the starting cell already contains the global maximum, the program prints that value and terminates. Otherwise it enters a loop that runs at most \(P\) times. In each iteration it examines the four orthogonal neighbours of the current cell, treating any neighbour that would fall outside the grid as \(-\text{INF}\). The four neighbour values are collected into a `Vector<Integer>`, sorted, and the largest value (the element at index 3 after sorting) is chosen as `best`. The program then moves the current position to the cell that holds this `best` value, decrements the remaining move count, and updates `rez` if `best` is larger than the current best. If `best` equals the global maximum value, the loop breaks early because no better value can be found.

After the loop finishes (either because \(P\) moves were used or the global maximum was reached), the program outputs `rez`, the maximum diamond value that can be reached within the allowed number of moves. The algorithm is a simple greedy walk that always steps to the neighbour with the highest value, using only basic arrays, a vector for temporary storage, and a single sorted list of four elements per step."
1323404104,41.07,cpp,MANHATTAN_SCAN,SORTED_MANHATTAN,NO,0.404296875,SORTED_MANHATTAN,0.357421875,0.9765625,RING_SCAN,0.01397705078125,"The program reads the grid dimensions \(N\) and \(M\), the maximum number of moves \(P\), and the starting position \((L,C)\). It then reads the value of every cell in the grid. For each cell it computes the Manhattan distance from the starting position, i.e. \(|L-i|+|C-j|\), and stores a pair consisting of this distance and the cell’s value in a vector.

After all cells have been processed, the vector is sorted by the distance component. The program then scans the sorted list from the beginning, keeping a running maximum of the cell values whose distance is at most \(P\). As soon as it encounters a pair whose distance exceeds \(P\), the scan stops. Finally, the maximum value found is printed.

Thus the algorithm simply collects all cells, orders them by how many steps are needed to reach them, and then selects the largest value among those reachable within the allowed number of moves."
1323404127,50.0,cpp,MANHATTAN_SCAN,SORTED_MANHATTAN,NO,0.50390625,RING_SCAN,0.2099609375,0.98828125,RING_SCAN,0.007537841796875,"The program reads the grid dimensions \(N\) and \(M\), the maximum number of moves \(P\), and the starting position \((L,C)\). It then reads the value of every cell in the grid. For each cell \((i,j)\) it computes the Manhattan distance from the starting cell, \(d = |L-i|+|C-j|\), and stores a pair \((d,\,\text{value})\) in a vector.

After all cells have been processed, the vector is sorted by the distance component. The program then scans the sorted list from the beginning, keeping a running maximum of the cell values whose distance is at most \(P\). The scan stops when it encounters a pair whose distance exceeds \(P\) or when the end of the vector is reached. Finally, it outputs the maximum value found.

Thus the algorithm simply collects all cells, orders them by how far they are from the start, and then selects the largest value among those reachable within the allowed number of moves."
1323405516,14.29,cpp,RING_SCAN,DFS_RADIUS,NO,0.318359375,DFS_RADIUS,0.150390625,0.64453125,RING_SCAN,0.1435546875,"The program reads the grid dimensions \(N\) and \(M\), the maximum number of moves \(P\), and the starting position \((L,C)\). The diamond values are stored in a 1‑based array `diamante`. A global variable `max` keeps the highest value seen so far.

The core of the algorithm is the recursive function `sol(k,t,nr_pasi)`. It is called initially with the starting cell and the full move budget. At each call the value of the current cell `diamante[k][t]` is compared with `max` and `max` is updated if necessary. If no moves remain (`nr_pasi==0`) the recursion stops.

Otherwise the function attempts to move in each of the four cardinal directions. For each direction it iterates over all possible step counts from 1 up to the remaining budget, bounded by the grid limits. For each step it calls itself recursively with the new coordinates and a reduced budget equal to the previous budget minus the number of steps taken in that direction. The loops are:

* **Down**: `i` from `k+1` to `min(k+nr_pasi, n)`; call `sol(i,t,nr_pasi-(i-k))`.
* **Right**: `i` from `t+1` to `min(t+nr_pasi, m)`; call `sol(k,i,nr_pasi-(i-t))`.
* **Up**: `i` from `k-1` down to `max(k-nr_pasi,1)`; call `sol(i,t,nr_pasi-(k-i))`.
* **Left**: `i` from `t-1` down to `max(t-nr_pasi,1)`; call `sol(k,i,nr_pasi-(k-1))` (note the subtraction uses `k-1` instead of `t-i`, which is a bug but reflects the actual code).

After all recursive calls finish, the program outputs the value stored in `max`, which is intended to be the maximum diamond value reachable within at most \(P\) moves. The algorithm explores all possible paths up to the move limit, updating the maximum value encountered along the way."
1323405532,8.93,cpp,RING_SCAN,DFS_RADIUS,NO,0.376953125,DFS_RADIUS,0.138671875,0.97265625,UNKNOWN,0.01385498046875,"The program reads the grid dimensions \(N\) and \(M\), the maximum number of moves \(P\), and the starting position \((L,C)\). The diamond values are stored in a 1‑indexed 2‑D array `diamante`. A global variable `max` keeps the highest value seen so far.

The core routine is the recursive function `sol(k,t,nr_pasi)`. It first updates `max` with the value at the current cell \((k,t)\). If no moves remain (`nr_pasi==0`) the recursion stops. Otherwise the function explores moves in the four cardinal directions. For each direction it iterates over all possible step lengths from 1 up to the remaining number of moves, bounded by the grid limits. For each chosen step length it calls itself recursively with the new coordinates and the remaining moves reduced by the number of steps just taken. Thus the routine explores every path that can be taken in at most \(P\) moves, where a single move may advance any number of cells in one direction (not just one cell). The recursion may revisit cells and does not prune already‑visited positions.

After the recursive search finishes, the program outputs the maximum diamond value found. The algorithm therefore performs a depth‑first search over all reachable positions within the move budget, updating the global maximum along the way."
1323415763,50.0,cpp,ROW_BOUNDS_SCAN,BOUNDING_BOX_SCAN,NO,0.3046875,BOUNDING_BOX_SCAN,0.2373046875,0.8203125,MANHATTAN_SCAN,0.1611328125,"The program reads the grid dimensions \(N\) and \(M\), the maximum number of moves \(P\), and the starting position \((L,C)\). It then reads the \(N\times M\) matrix of diamond values into a 1‑indexed array `diamante`. 

In `print_output` the variable `maxim` is first set to the value of the starting cell. The function `sol()` then scans a rectangular region that contains all cells whose Manhattan distance from \((L,C)\) is at most \(P\). 
It computes the lower bounds `x = max(0, L-P)` and `y = max(0, C-P)` and iterates `i` from `x` to `min(L+P, N)` and `j` from `y` to `min(C+P, M)`. For each cell it calculates `z = |i-L|` and `t = |j-C|`; if `P - (z+t) >= 0` the cell is within reach. If the diamond value at that cell exceeds the current `maxim`, it updates `maxim`. 

After the scan, `maxim` holds the largest diamond value reachable in at most \(P\) moves, and the program outputs this value. The algorithm is a straightforward brute‑force search over the diamond‑shaped area around the starting position."
1323421310,5.36,java,MANHATTAN_SCAN,GREEDY_NEIGHBOR_WALK,NO,0.365234375,UNKNOWN,0.283203125,1.0,UNKNOWN,0.0003795623779296875,"The program reads the grid dimensions, the maximum number of moves \(P\), and the starting position \((L,C)\). It stores the diamond values in a 1‑based 2‑D array. Then it performs exactly \(P\) iterations. In each iteration it examines the four orthogonal neighbours of the current cell (north, south, west, east) that lie inside the grid, collects their values, and selects the neighbour with the largest value. The current position is updated to that neighbour, and the global maximum `result` is updated if the chosen neighbour’s value is larger than any seen before. After all iterations the program prints the largest diamond value that was stepped on; if no moves were made the output remains \(-1\). The algorithm is a greedy walk that always steps to the locally highest adjacent diamond."
1323445852,50.0,cpp,MANHATTAN_SCAN,SORTED_MANHATTAN,NO,0.50390625,RING_SCAN,0.2099609375,0.98828125,RING_SCAN,0.007537841796875,"The program reads the grid dimensions \(N\) and \(M\), the maximum number of moves \(P\), and the starting position \((L,C)\). It then reads the value of every cell in the grid. For each cell \((i,j)\) it computes the Manhattan distance from the starting cell, \(d = |L-i|+|C-j|\), and stores a pair \((d,\,\text{value})\) in a vector.

After all cells have been processed, the vector is sorted by the distance component. The program then scans the sorted list from the beginning, keeping a running maximum of the cell values whose distance is at most \(P\). The scan stops when it encounters a pair whose distance exceeds \(P\) or when the end of the vector is reached. Finally, it outputs the maximum value found.

Thus the algorithm simply collects all cells, orders them by how far they are from the start, and then selects the largest value among those reachable within the allowed number of moves."
1323447222,30.36,cpp,RING_SCAN,BFS_RADIUS,NO,0.2431640625,BFS_RADIUS,0.21484375,0.75,RING_SCAN,0.11474609375,"The program reads the grid dimensions `n` and `m`, the maximum number of moves `no_move`, and the starting coordinates `initial`. It then reads the `n × m` matrix of diamond values into a 2‑D array `matrix`. 

A second 2‑D array `diamond` is used to keep, for each cell, the value of the diamond that the algorithm has “reached” there. The starting cell is initialized with its own value, and this value is pushed into a max‑heap priority queue `timp`. Two `std::set` containers, `future_pos` and `old_pos`, hold the coordinates that are to be processed in the next and current move, respectively. Initially the starting position is inserted into `future_pos`.

The main loop runs until `current_move` equals `no_move + 1`. If `old_pos` is non‑empty, the algorithm iterates over every position in `old_pos`. For each such position it examines its four orthogonal neighbours (north, south, east, west). If a neighbour’s value in `matrix` is strictly greater than the value stored in `diamond` for the current cell, the neighbour’s value is copied into `diamond` and pushed onto the priority queue. The neighbour’s coordinates are also inserted into `future_pos`. After all neighbours of a cell are processed, the cell is removed from `old_pos`. 

When `old_pos` becomes empty, the algorithm swaps `old_pos` and `future_pos` and increments `current_move`, thereby moving to the next step. This process repeats until the prescribed number of moves has been simulated. 

Finally, the program outputs the largest value that has ever been pushed onto the priority queue, which corresponds to the maximum diamond value that the algorithm has reached within the allowed number of moves. The implementation does not keep a visited set, so cells may be revisited and values may be re‑inserted into the queue, but the maximum value seen is still correctly reported."
1323447383,35.71,cpp,RING_SCAN,BFS_RADIUS,NO,0.2119140625,BFS_RADIUS,0.1865234375,0.75390625,RING_SCAN,0.1484375,"The program reads the grid size `N × M`, the maximum number of moves `P`, and the starting position `(L, C)`. 
It stores the diamond values in a 2‑D array `matrix`. 
A second array `diamond` is used to remember the best value that has been “reached” at each cell; it is initially set only for the starting cell. 
A max‑heap `timp` keeps all values that have been assigned to `diamond`; the heap’s top will eventually hold the largest value that can be reached.

The search is performed in a breadth‑first‑style loop that runs for `P` steps. 
Two `set<pair<int,int>>` containers, `old_pos` and `future_pos`, hold the frontier of cells to be processed at the current and next step, respectively. 
Initially `old_pos` contains only the starting cell. 
During each iteration the program processes every cell in `old_pos`: for each of its four orthogonal neighbours that lie inside the grid, it checks whether the neighbour’s diamond value is larger than the value stored in `diamond` for the current cell. 
If so, it updates `diamond` for that neighbour to the neighbour’s matrix value and pushes that value onto the heap. 
Regardless of the comparison, the neighbour’s coordinates are inserted into `future_pos`. 
After all cells in `old_pos` have been handled, `old_pos` is cleared, `future_pos` becomes the new"
1323451749,3.57,cpp,UNKNOWN,GREEDY_NEIGHBOR_WALK,NO,0.57421875,GREEDY_NEIGHBOR_WALK,0.396484375,0.9765625,UNKNOWN,0.0179443359375,"The program reads the grid dimensions \(N\) and \(M\), the maximum number of moves \(P\), and the starting position \((L,C)\). It stores the diamond values in a 2‑D array `a`. A queue of coordinate pairs is used to keep track of the current position; the start cell is inserted (converted to 0‑based indices).

For each of the \(P\) allowed moves the program removes the front element of the queue, treats it as the current cell, and looks at its four orthogonal neighbours. It keeps the largest value among the current cell and any neighbour that has a strictly larger value. Whenever a neighbour with a larger value is found, that neighbour’s coordinates are pushed onto the queue. After examining the four directions the variable `suma` is set to the largest value found in this step, and the current cell is removed from the queue. Thus the queue always contains at most one element – the cell that will be considered in the next iteration.

After performing up to \(P\) iterations, the program outputs the value stored in `suma`. If no larger neighbour was ever found (so `suma` remains 0), it outputs the value of the starting cell instead. The algorithm therefore attempts to move the piece step by step, each time moving to a neighbour with a higher diamond value if such a neighbour exists, and finally reports the highest value reached within the allowed number of moves."
1323454400,50.0,java,BOUNDING_BOX_SCAN,MANHATTAN_SCAN,NO,0.474609375,MANHATTAN_SCAN,0.419921875,0.953125,RING_SCAN,0.025390625,"The program reads the grid dimensions \(N\) and \(M\), the maximum number of moves \(P\), and the starting position \((L,C)\). It then reads an \(N \times M\) matrix of integer diamond values, storing it in a 1‑based array `mat`. 

The variable `result` is initialized to the value of the diamond at the starting cell. The program iterates over every cell \((i,j)\) of the grid, computing the Manhattan distance from the start as `Math.abs(i-l) + Math.abs(j-c)`. If this distance exceeds the allowed number of moves \(P\), the cell is skipped. Otherwise, if the diamond value at that cell is larger than the current `result`, `result` is updated. 

After examining all cells, the program outputs the maximum diamond value that can be reached within at most \(P\) moves. The algorithm is a simple exhaustive scan using the Manhattan distance condition."
1332321086,46.43,java,ROW_BOUNDS_SCAN,RING_SCAN,NO,0.384765625,RING_SCAN,0.384765625,0.46484375,ROW_BOUNDS_SCAN,0.361328125,"The program reads the grid dimensions \(N\) and \(M\), the maximum number of moves \(P\), and the starting position \((L,C)\). It then reads an \(N\times M\) matrix of integer diamond values into a 1‑indexed array `mat`. 

To find the highest value reachable within at most \(P\) steps, the code scans a diamond‑shaped region centered at \((L,C)\). It first determines the vertical bounds `begingI = max(1, L-P)` and `endI = min(N, L+P)`. For rows from `begingI` up to the starting row `L`, it computes a horizontal range that expands linearly with the distance from `begingI`: `beginJ = max(1, C-(i-begingI))` and `endJ = min(M, C+(i-begingI))`. It iterates over all columns in this range, updating `bestValue` with the maximum encountered cell value. 

A second loop handles rows below the start: for each row `i` from `L+1` to `endI`, it calculates the remaining steps `distance = P-(i-L)` and sets the horizontal bounds `beginJ = max(1, C-distance)` and `endJ = min(M, C+distance)`. Again it scans all columns in this range, updating `bestValue` as needed. 

After both loops finish, `bestValue` holds the maximum diamond value that can be reached in at most \(P\) moves, and the program prints this value. The algorithm relies on simple nested loops and boundary calculations to cover the reachable cells, without any recursion or advanced data structures."
1332321125,46.43,java,RING_SCAN,ROW_BOUNDS_SCAN,NO,0.404296875,ROW_BOUNDS_SCAN,0.314453125,0.953125,RING_SCAN,0.025390625,"The program reads the grid dimensions \(N\) and \(M\), the maximum number of moves \(P\) (stored in a long variable `LP`), and the starting position \((L,C)\). It then reads the \(N\times M\) matrix of diamond values into a 1‑based array `mat`. 
If the supplied \(P\) is larger than the total number of cells, it is capped to \(M\!\times\!N\); otherwise it is converted to an `int`. 

The algorithm then scans all cells that can be reached within at most \(P\) steps from the start. It does this by iterating over rows from `begingI = max(1, L-P)` up to `endI = min(N, L+P)`. For each row it computes a horizontal window of columns that are still reachable given the remaining steps. In the first half of the loop (rows from `begingI` to `L`) the horizontal bounds are calculated relative to `begingI`; in the second half (rows from `L+1` to `endI`) the bounds are calculated relative to the distance from the start row, using `distance = P - (i-L)`. 

During these nested loops the program keeps track of the maximum diamond value encountered in the variable `bestValue`. After all reachable cells have been examined, it prints this maximum value. The code therefore implements a brute‑force search over a diamond‑shaped region centered at the starting cell, bounded by the grid limits and the move limit \(P\)."
1332609417,7.14,cpp,BFS_RADIUS,DFS_RADIUS,NO,0.55859375,DFS_RADIUS,0.298828125,0.98046875,UNKNOWN,0.0096435546875,"The program reads the grid dimensions \(N\) and \(M\), the maximum number of moves \(P\), and the starting position \((L,C)\). It then stores the diamond values in a 1‑indexed 2‑D vector `values` and creates a 1‑indexed 2‑D boolean vector `visited` initialized to `false`. 

The core routine is a recursive depth‑first search `find_max_val`. It receives the current coordinates, the remaining move count `P`, a reference to the current maximum value `Max`, and copies of the `values` and `visited` grids. At each call the function first checks whether the remaining moves are negative, the cell has already been visited in this particular recursion path, or the coordinates are outside the grid; if any of these conditions hold, the call returns immediately. Otherwise it marks the current cell as visited, updates `Max` with the value of that cell, and then recursively explores the four orthogonal neighbours, decrementing the remaining move count by one each time. 

Because the `visited` vector is passed by value, each recursive branch receives its own copy of the visited state, so a cell may be revisited in a different branch of the search. The recursion explores all possible paths of length up to `P` starting from \((L,C)\), keeping track of the highest diamond value encountered. After the initial call finishes, the program prints the maximum value found. The algorithm therefore performs an exhaustive search of all reachable cells within `P` steps, updating the maximum as it goes."
1332615765,7.14,java,MANHATTAN_SCAN,RING_SCAN,NO,0.470703125,BOUNDING_BOX_SCAN,0.322265625,0.4140625,ROW_BOUNDS_SCAN,0.28515625,"The program reads the grid dimensions \(N\) and \(M\), the maximum number of moves \(P\), and the starting position \((L,C)\) (1‑based). It then reads the \(N \times M\) matrix of diamond values into a 2‑dimensional array. 

The algorithm keeps a single variable `diamond` initialized with the value at the starting cell. It then explores the four cardinal directions one step at a time, up to \(P\) steps, updating `diamond` whenever a larger value is found. For each direction it uses a loop that decrements a counter (`right`, `left`, `up`, `down`) from \(P\) down to 1, checking that the new coordinates stay within the grid bounds. The bounds checks are performed with the wrong dimension for horizontal moves (using `N` instead of `M`), but the intent is to stay inside the grid. After all four loops, the maximum value reachable within at most \(P\) moves is printed.

Thus the program simply scans the cells that lie on the same row or column as the start, within a Manhattan distance of \(P\), and outputs the largest diamond value among them."
1332711292,37.5,java,BOUNDING_BOX_SCAN,MANHATTAN_SCAN,NO,0.4921875,ROW_BOUNDS_SCAN,0.232421875,0.8125,BOUNDING_BOX_SCAN,0.12451171875,"The program reads the grid dimensions \(N\) and \(M\), the maximum number of moves \(P\), and the starting position \((L,C)\) (1‑based). It then reads an \(N\times M\) matrix of integer diamond values. After converting the start coordinates to 0‑based indices, it determines a rectangular window around the start that could contain any cell reachable within \(P\) steps: the window’s top‑left corner is \((\max(0,L-P),\max(0,C-P))\) and its bottom‑right corner is \((\min(N-1,L+P),\min(M-1,C+P))\). (The code contains a small bug where it mistakenly assigns `x_init = N` when the bottom bound exceeds the grid, but this does not affect the intended logic.)

The program initializes the answer to the value at the starting cell. It then iterates over every cell \((i,j)\) inside the computed window. For each cell it checks whether the Manhattan distance \(|i-L|+|j-C|\) is at most \(P\); if so, it compares the cell’s value with the current maximum and updates the maximum if the cell’s value is larger. After scanning all eligible cells, it outputs the maximum value found. This brute‑force search over the bounded rectangle yields the highest diamond value reachable within at most \(P\) moves."
1332711394,37.5,java,BOUNDING_BOX_SCAN,MANHATTAN_SCAN,NO,0.40625,ROW_BOUNDS_SCAN,0.31640625,0.82421875,RING_SCAN,0.1435546875,"The program begins by reading the grid dimensions \(N\) and \(M\), the maximum number of moves \(P\), and the starting position \((L,C)\) (1‑based). It then reads an \(N \times M\) matrix of integer diamond values. After converting the starting coordinates to 0‑based indices, it determines a rectangular window around the start that could contain any cell reachable in at most \(P\) steps. The window’s lower bounds are \(x_{\text{init}} = \max(0, L-P)\) and \(y_{\text{init}} = \max(0, C-P)\); the upper bounds are intended to be \(x_{\text{end}} = \min(N-1, L+P)\) and \(y_{\text{end}} = \min(M-1, C+P)\), but the code mistakenly assigns to the wrong variables when the bounds exceed the grid, effectively setting the loop limits to the grid size.

Within this window the program iterates over every cell \((i,j)\). For each cell it checks whether the Manhattan distance \(|i-L| + |j-C|\) is no greater than \(P\); if so, it compares the cell’s value to the current maximum and updates the maximum if the cell’s value is larger. The initial maximum is set to the value at the starting cell. After scanning all eligible cells, the program outputs the maximum diamond value found.

Thus the implementation performs a bounded brute‑force search over all cells within a Manhattan distance \(P\) from the start, keeping track of the highest value encountered."
1332711589,50.0,java,BOUNDING_BOX_SCAN,MANHATTAN_SCAN,NO,0.392578125,ROW_BOUNDS_SCAN,0.3046875,0.74609375,BOUNDING_BOX_SCAN,0.212890625,"The program reads the grid dimensions \(N\) and \(M\), the maximum number of moves \(P\), and the starting position \((L,C)\) (1‑based). It then reads an \(N\times M\) matrix of integer diamond values. After converting the start coordinates to 0‑based indices, it determines a rectangular window that contains all cells that could possibly be reached within \(P\) steps: the window’s top‑left corner is \((\max(0,L-P),\max(0,C-P))\) and its bottom‑right corner is \((\min(N-1,L+P),\min(M-1,C+P))\). 

The code iterates over every cell inside this window. For each cell \((i,j)\) it checks whether the Manhattan distance \(|i-L|+|j-C|\) is at most \(P\); if so, it compares the cell’s value with the current maximum and updates the maximum if the cell’s value is larger. The initial maximum is set to the value at the starting cell. After scanning all eligible cells, the program outputs the maximum diamond value found.

Thus the implementation performs a bounded brute‑force search over the diamond‑shaped region reachable in at most \(P\) moves, keeping track of the highest value encountered."
1332763863,7.14,java,BOUNDING_BOX_SCAN,UNKNOWN,NO,0.416015625,MANHATTAN_SCAN,0.22265625,0.34765625,MANHATTAN_SCAN,0.23828125,"The program reads the size of a rectangular grid (N rows, M columns), the maximum number of moves P, and the starting position (L, C). It then stores the integer value of each cell in a 2‑dimensional array. If no moves are allowed (P = 0) it simply outputs the value of the starting cell.

For P > 0 the code attempts to find the largest diamond value that can be reached within at most P steps. It does this by examining four independent one‑dimensional sweeps: moving north, south, east, and west from the starting position. For each direction it iterates step by step, keeping a counter that is reset before the next direction. As long as the counter is less than P, it checks the cell in that direction and updates a running maximum if the cell’s value is larger. After all four sweeps the program prints the maximum value found.

Thus the implementation only considers cells that lie directly on the same row or column as the start and are no more than P cells away in a single straight line; it does not explore combinations of moves that would reach cells off the cross formed by the start."
1333751390,1.79,cpp,UNKNOWN,BFS_RADIUS,NO,0.5390625,BFS_RADIUS,0.1748046875,0.625,UNKNOWN,0.294921875,"The program reads the grid dimensions \(N\) and \(M\), the maximum number of moves \(P\), and the starting position \((L,C)\). It stores the diamond values in a 1‑based array `values` with a padding border, and a parallel boolean array `checkedVal` to mark visited cells.

If \(P=0\) the program simply prints the value at the starting cell. 
Otherwise it performs a breadth‑first traversal beginning at \((L,C)\). A queue holds cells to visit; each cell’s four orthogonal neighbours are examined. For every neighbour that lies inside the grid and has not yet been visited, the program updates `maxVal` with the larger of the current `maxVal` and the neighbour’s value, marks the neighbour as visited, and pushes it onto the queue. No step counter is used, so the traversal continues until all reachable cells (in this case the entire grid) have been processed.

Finally the program outputs `maxVal`, which is the maximum diamond value found during the traversal. Thus the implementation ignores the move limit \(P\) and returns the maximum value in the whole grid."
1333804011,44.64,java,ROW_BOUNDS_SCAN,RING_SCAN,NO,0.349609375,RING_SCAN,0.349609375,0.95703125,BOUNDING_BOX_SCAN,0.017578125,"The program reads the grid dimensions \(N\) and \(M\), the maximum number of moves \(P\), and the starting position \((L,C)\) (1‑based indices). It then reads the \(N\times M\) matrix of diamond values into a 1‑based array `arr`. 

To determine which cells can be reached in at most \(P\) steps, the code constructs a diamond‑shaped region centered at \((L,C)\). It first limits the vertical extent to the rows from \(\max(1,L-P)\) to \(\min(N,L+P)\). For each row above the start row, it expands the horizontal window by decreasing the left bound and increasing the right bound by one cell per row, clamping to the grid borders. The same expansion is performed for rows below the start row, but the loop runs in reverse order. All cells whose Manhattan distance from \((L,C)\) is no greater than \(P\) are added to a list `sol`. 

Finally, the program computes the maximum value in `sol` using `Collections.max` and prints that value. Thus the output is the highest diamond value that can be reached from the starting position within at most \(P\) moves."
1344595072,50.0,java,MANHATTAN_SCAN,SORTED_MANHATTAN,NO,0.427734375,ROW_BOUNDS_SCAN,0.33203125,0.9765625,MANHATTAN_SCAN,0.00958251953125,"The program reads the grid dimensions \(N\) and \(M\), the maximum number of moves \(P\), and the starting position \((L,C)\). It then reads the \(N \times M\) matrix of diamond values into a 1‑based array. 

Next, it iterates over every cell of the grid and computes the Manhattan distance \(|L-i|+|C-j|\) to the starting cell. If this distance is at most \(P\), the value of that cell is added to an `ArrayList<Integer>` called `prices`. 

After collecting all reachable values, the list is sorted in ascending order. The program then outputs the last element of the sorted list, which is the maximum diamond value among all cells that can be reached within at most \(P\) moves. No other processing or optimization is performed."
1344635137,3.57,cpp,BFS_RADIUS,GREEDY_NEIGHBOR_WALK,NO,0.28515625,DFS_RADIUS,0.22265625,0.94921875,UNKNOWN,0.041748046875,"The program reads the size of a rectangular board (`n` rows, `m` columns), the maximum number of moves `p`, and the starting position (`l`, `c`). It then reads an `n × m` grid of integer values representing diamond values. The starting indices are converted to 0‑based.

The core routine is a recursive function `get_max`. It keeps track of the highest diamond value seen so far (`m`) and the remaining number of moves (`p`). At each call, if no moves are left (`p == 0`) it simply returns the current maximum. Otherwise it attempts to move the piece one step in a fixed order: north (row‑1), west (col‑1), east (col+1), south (row+1). For each direction it first checks that the target cell is inside the board (using the board size `n` for both row and column bounds, which is a bug for the column check). If the move is legal, it recurses with the new position, the updated maximum (the larger of the current maximum and the value in the new cell), and one fewer remaining move. As soon as a legal move is found, the function returns the result of that recursive call; it does not explore alternative moves.

Thus the program follows a single deterministic path from the starting cell, always taking the first available direction in the order north → west → east → south, until either the move limit is reached or no further moves are possible. The value returned is the maximum diamond value encountered along that path, which is printed as the final answer."
1344635640,5.36,cpp,MANHATTAN_SCAN,GREEDY_NEIGHBOR_WALK,NO,0.26953125,DFS_RADIUS,0.14453125,0.99609375,UNKNOWN,0.00102996826171875,"The program reads the grid dimensions \(N\) and \(M\), the maximum number of moves \(P\), and the starting position \((L,C)\). It then stores the diamond values in a 2‑D array `a`. 

Starting from the initial cell, the program repeatedly examines the four orthogonal neighbours (north, west, south, east). For each neighbour that lies inside the grid, it compares its value with the current maximum `max`. If a neighbour has a strictly larger value, the program records that neighbour’s coordinates in `posi` and `posj` and updates `max`. After checking all four directions, if no neighbour was better (`posi==L && posj==C`), the loop terminates; otherwise the current position is moved to the recorded neighbour and the step counter `i` is incremented. This process repeats until either \(P\) steps have been taken or no higher‑valued neighbour exists. 

Finally, the program outputs the value `max`, which is the highest diamond value reachable within the allowed number of moves by following this greedy, step‑by‑step ascent."
1344635891,50.0,cpp,ROW_BOUNDS_SCAN,BOUNDING_BOX_SCAN,NO,0.34375,BOUNDING_BOX_SCAN,0.267578125,0.87109375,MANHATTAN_SCAN,0.10400390625,"The program reads the size of a rectangular grid (N rows, M columns), the maximum number of moves P, and the starting position (L, C). It then reads the integer value of each cell into a 1‑based array `d`. 

The code first checks whether the piece can reach any cell in the grid. It computes two distances: `dist1 = L + C` and `dist2 = N + M – L – C`, and takes the larger of the two as `dist`. If `P` is zero, the answer is simply the value of the starting cell. If `P` is at least `dist`, the piece can reach every cell, so the program scans the entire grid and keeps the maximum value found. 

Otherwise, the piece can only reach cells within a Manhattan distance of `P` from the start. The program defines a bounding rectangle around the start: rows from `max(1, L-P)` to `min(N, L+P)` and columns from `max(1, C-P)` to `min(M, C+P)`. It iterates over this rectangle, computes the Manhattan distance `abs(L-i)+abs(C-j)` for each cell, and if that distance is ≤ P, updates the maximum value seen. Finally, it outputs this maximum. The algorithm uses simple nested loops and direct distance checks, without any recursion or advanced data structures."
1344637288,5.36,cpp,MANHATTAN_SCAN,GREEDY_NEIGHBOR_WALK,NO,0.275390625,RING_SCAN,0.1669921875,1.0,UNKNOWN,0.0006256103515625,"The program reads the grid dimensions \(N\) and \(M\), the maximum number of moves \(P\), and the starting position \((L,C)\). It then stores the diamond values in a 2‑D array `a`. 

The algorithm keeps a current position \((L,C)\) and a running maximum value `max`, initially set to the value at the starting cell. For each of at most \(P\) iterations it examines the four orthogonal neighbours (north, west, south, east) that lie inside the grid. If any neighbour has a value larger than the current `max`, the algorithm records that neighbour’s coordinates in `posi` and `posj` and updates `max` to that neighbour’s value. After checking all four directions it moves the current position to the recorded neighbour (if any) and proceeds to the next iteration. If no neighbour is larger, the position remains unchanged but the loop still consumes a step. 

After performing up to \(P\) such greedy moves, the program outputs the largest diamond value encountered during the walk. The implementation uses simple arrays and a single while‑loop; it does not explore alternative paths or backtrack, simply following the locally best neighbour at each step."
1344637296,5.36,cpp,MANHATTAN_SCAN,GREEDY_NEIGHBOR_WALK,NO,0.33984375,RING_SCAN,0.1416015625,0.99609375,UNKNOWN,0.00116729736328125,"The program reads the grid dimensions \(N\) and \(M\), the maximum number of moves \(P\), and the starting position \((L,C)\). It then stores the diamond values in a 1‑based array `a[1001][1001]`. 

Starting from the initial cell, the program repeatedly considers the four orthogonal neighbours (north, west, south, east). For each neighbour that lies inside the grid, it compares its value with the current maximum. If a neighbour has a strictly larger value, the program records that neighbour’s coordinates as the new position and updates the maximum. After checking all four directions, if no neighbour improved the maximum, the loop terminates early; otherwise the current position is updated to the chosen neighbour and the step counter is incremented. This process repeats until either \(P\) steps have been taken or no better neighbour exists. 

Finally, the program outputs the maximum diamond value that was reachable within the allowed moves. The algorithm is a simple greedy walk that always moves to a higher‑valued adjacent cell when possible."
1344637424,1.79,cpp,MANHATTAN_SCAN,GREEDY_NEIGHBOR_WALK,NO,0.423828125,UNKNOWN,0.2001953125,1.0,UNKNOWN,0.000457763671875,"The program reads the grid dimensions \(N\) and \(M\), the maximum number of moves \(P\), and the starting position \((L,C)\). It then stores the diamond values in a 2‑D array `a[1001][1001]`. 

Starting from the initial cell, the program keeps a counter `i` of how many moves have been made and a variable `max` holding the highest value seen so far (initially the value at the starting cell). In each iteration it examines the four orthogonal neighbours of the current cell (north, west, south, east) in that order, checking that the neighbour lies inside the grid. If a neighbour’s value is strictly greater than `max`, the program records that neighbour’s coordinates as the new position (`posi`, `posj`) and updates `max`. If none of the neighbours has a higher value, the `posi` and `posj` remain equal to the current coordinates, causing the loop to break. 

If a better neighbour was found, the current position is updated to that neighbour, the move counter `i` is incremented, and the process repeats until either `P` moves have been performed or no higher‑valued neighbour exists. Finally, the program outputs the maximum diamond value that was reachable under these greedy moves."
1344637468,1.79,cpp,GREEDY_NEIGHBOR_WALK,UNKNOWN,NO,0.90234375,UNKNOWN,0.083984375,0.4296875,MANHATTAN_SCAN,0.2294921875,"The program reads the grid dimensions \(N\) and \(M\), the maximum number of moves \(P\), and the starting position \((L,C)\). It then stores the diamond values in a 2‑D array `a`. After reading the input, it initializes `max` to the value at the starting cell and sets `posi` and `posj` to that position.

The core loop is a `while(i <= P)` that is intended to iterate up to \(P\) moves, but the loop contains an unconditional `break` after the first iteration. Inside the loop the code checks each of the four orthogonal neighbours of the current position \((L,C)\) (north, west, south, east) for bounds and whether the neighbour’s value is greater than the current `max`. If a larger value is found, it updates `posi`, `posj`, and `max` accordingly. After the checks, the `break` exits the loop immediately, so no further moves are considered. The subsequent lines that would update `L`, `C`, and increment `i` are never reached.

Finally, the program outputs the value stored in `max`, which is the maximum among the starting cell and its immediate neighbours. Thus the program effectively ignores the allowed number of moves \(P\) and simply reports the highest diamond value reachable in a single step from the initial position."
1344667416,1.79,cpp,UNKNOWN,DFS_RADIUS,NO,0.515625,GREEDY_NEIGHBOR_WALK,0.2431640625,0.78515625,UNKNOWN,0.154296875,"The program reads the grid dimensions, the maximum number of moves \(P\), and the starting cell \((L,C)\). It stores the diamond values in a 1‑indexed 2‑D vector `F`. A global vector `solution` keeps the current path as a sequence of tuples \((row, col, value)\), and `max_frumix` records the highest value seen on that path.

The core of the program is a recursive function `back()`. It stops when the path length equals \(P+1\); at that point it simply outputs the current `max_frumix`. If the path is empty, it initializes it with the starting cell and its value. Otherwise, for each of the four cardinal directions it computes the coordinates of the neighboring cell. If the new coordinates are within the grid bounds (only upper bounds are checked) and the diamond value at that cell is strictly greater than the current `max_frumix`, the function updates `max_frumix`, pushes the new cell onto the path, recurses, and then backtracks by popping the cell. Thus the search explores only strictly increasing‑value paths of length up to \(P+1\).

The program prints the maximum diamond value that can be reached in at most \(P\) moves along such an increasing path. If \(P=0\) it simply outputs the value of the starting cell. The implementation does not consider revisiting cells, does not enforce lower‑bound checks, and ignores any path that does not strictly increase in value."
1344667444,5.36,cpp,UNKNOWN,DFS_RADIUS,NO,0.671875,GREEDY_NEIGHBOR_WALK,0.1328125,0.96484375,UNKNOWN,0.029052734375,"The program reads the grid dimensions, the maximum number of moves \(P\), and the starting position \((L,C)\). It stores the diamond values in a 1‑based 2‑D vector `F`. A global vector `solution` keeps the current path as a sequence of tuples \((row, col, value)\), and `max_frumix` records the highest diamond value encountered along the current path.

The core routine is the recursive function `back()`. It stops when the path length reaches \(P+1\) (the starting cell plus \(P\) moves). At each recursive step it looks at the four orthogonal neighbours of the last cell in the current path. For each neighbour it checks that the new row and column are not larger than the grid limits (but it does not check the lower bound). If the neighbour’s value is strictly greater than the current `max_frumix`, the function updates `max_frumix`, pushes the neighbour onto `solution`, recurses, and then backtracks by popping the neighbour. Thus the search explores only strictly increasing‑value paths, pruning any branch that would not improve the current maximum.

After the recursive search finishes, the program outputs the value stored in `max_frumix`, which is the largest diamond value that can be reached by any path of at most \(P\) moves that strictly increases at each step. If \(P=0\), it simply outputs the value of the starting cell. The algorithm therefore performs a depth‑first search over a restricted state space defined by the increasing‑value constraint."
1361359788,8.93,cpp,MANHATTAN_SCAN,BOUNDING_BOX_SCAN,NO,0.60546875,BOUNDING_BOX_SCAN,0.3671875,0.6328125,UNKNOWN,0.181640625,"The program reads the grid dimensions \(n\) and \(m\), the maximum number of moves \(p\), and the starting position \((l,c)\). It then reads an \(n \times m\) matrix of integer diamond values into a 2‑D array `adj`, indexed from 1. 

After the input, the program scans every cell of the grid. For each cell \((i,j)\) it computes the squared Euclidean distance to the starting cell: \((i-l)^2 + (j-c)^2\). If this distance is at most \(p^2\), the cell is considered reachable within the allowed number of moves. The program keeps track of the largest diamond value among all such reachable cells, storing it in `max_value`. 

Finally, it outputs this maximum value. The algorithm therefore treats the set of reachable cells as the disk of radius \(p\) centered at \((l,c)\) in the Euclidean metric, and selects the maximum diamond value inside that disk."
1361770423,8.93,cpp,MANHATTAN_SCAN,RING_SCAN,NO,0.314453125,UNKNOWN,0.27734375,0.76953125,MANHATTAN_SCAN,0.1181640625,"The program reads the grid dimensions \(N\) and \(M\), the maximum number of moves \(P\), and the starting position \((L,C)\). It stores the diamond values in a 1‑based array `mat`. The variable `maxi` is initialized with the value of the starting cell.

The algorithm then explores each of the four cardinal directions independently, but only along a straight line from the starting position. For each direction it iterates step by step, keeping a counter `mut` that represents how many moves have been taken in that direction. As long as the counter is less than \(P\) and the index stays within the grid bounds, the program updates `maxi` with the maximum of its current value and the diamond value at the new cell. This is done separately for:

* to the right (increasing column index),
* to the left (decreasing column index),
* downwards (increasing row index),
* upwards (decreasing row index).

After all four passes, `maxi` holds the largest diamond value that can be reached by moving at most \(P\) steps in a single straight line from the starting cell. The program outputs this value."
1378112393,5.36,java,BFS_RADIUS,DFS_RADIUS,NO,0.2392578125,DFS_RADIUS,0.2392578125,0.98046875,BFS_RADIUS,0.005157470703125,"The program reads the grid dimensions `N` and `M`, the maximum number of moves `P`, and the starting position `(L, C)` (1‑based). It then reads the `N×M` matrix of diamond values. The core routine `findmaxpotentialvalue` is a recursive depth‑first search that attempts to explore all paths of length up to `P` starting from the given cell. For each recursive call it first checks whether the remaining move count is zero; if so it records the value of the current cell in a global variable `globalmax` if it is larger than the current maximum. Otherwise, for each of the four cardinal directions it checks whether moving one step in that direction stays inside the grid. If the move is valid, it updates `globalmax` with the value of the destination cell and then recursively calls itself with the destination coordinates and `mutarimax‑1`. The recursion always passes the same `liniestart` and `colstart` values for the next call, which is a bug, but the description reflects the code as written. After the recursive exploration finishes, the main method prints the value stored in `globalmax`, which is intended to be the maximum diamond value reachable within at most `P` moves."
1378117607,10.71,cpp,BFS_RADIUS,UNKNOWN,NO,0.5859375,DFS_RADIUS,0.115234375,0.470703125,BFS_RADIUS,0.416015625,"The program reads the grid dimensions, the maximum number of moves `steps`, and the starting position (converted to 0‑based indices). It then stores the diamond values in a 2‑D vector `matrix`. 

A breadth‑first‑style search is performed using a `queue` that initially contains only the starting cell. A variable `max_val` keeps the highest diamond value seen so far, starting with the value at the start cell. While the queue is not empty, the program pops a cell, checks that it lies inside the grid, that it has not been visited before (a visited cell is marked by setting its value to `-1`), and that the global `steps` counter is still non‑negative. If any of these conditions fail, the iteration is skipped. Otherwise, the cell’s value is compared with `max_val` and the maximum is updated. The cell is then marked visited by setting its matrix entry to `-1`. Its four orthogonal neighbours are pushed onto the queue, and the global `steps` counter is decremented by one. 

Because `steps` is decreased once per dequeued cell rather than per level, the search stops after at most `steps` cells have been processed, regardless of their distance from the start. Finally, the program outputs `max_val`, the largest diamond value that could be reached within that limited number of processed cells."
1378117860,1.79,java,GREEDY_NEIGHBOR_WALK,UNKNOWN,NO,0.72265625,UNKNOWN,0.1826171875,0.7734375,BFS_RADIUS,0.0927734375,"The program reads the grid dimensions \(N\) and \(M\), the maximum number of moves \(P\), and the starting position \((L,C)\) (converted to 0‑based indices). It then reads the \(N \times M\) matrix of diamond values into a 2‑D array `grid`.

A priority queue is created to store triples \([x, y, v]\) where \((x,y)\) is a cell coordinate and \(v\) is the value of that cell. The queue is ordered so that the triple with the largest value is removed first. The starting cell is inserted into the queue and its value is stored in `maxBeauty`.

The main loop runs while the queue is not empty and the remaining move counter `P` is still positive. In each iteration the triple with the highest value is removed from the queue; its value becomes the current `maxBeauty`. Then the four orthogonal neighbours of that cell are generated (if they lie inside the grid) and each neighbour is inserted into the queue with its own value. The move counter `P` is decremented after each poll.

After the loop terminates, the program prints `maxBeauty`, which is the value of the last cell that was removed from the priority queue. Because the queue always extracts the highest‑valued cell among those that have been inserted, the output is the value of the \(P+1\)-th largest diamond that can be reached by exploring up to \(P\) steps from the start, without any deduplication of visited cells. The algorithm therefore performs a breadth‑first‑like expansion but prioritizes cells by value rather than by distance."
1378120312,1.79,cpp,RING_SCAN,MANHATTAN_SCAN,NO,0.625,MANHATTAN_SCAN,0.12255859375,0.79296875,RING_SCAN,0.2001953125,"The program reads the size of a rectangular grid (N rows, M columns), the maximum number of moves allowed (P), and the starting position of a piece (row L, column C). It then reads the grid values into a 1‑based 2‑dimensional vector `m`. The variable `max_value` is initialized to the value of the starting cell.

To search for a reachable cell with a larger value, the code iterates over all integer offsets `i` from `-P` to `P`. For each `i`, it iterates over `j` from `-abs(P-abs(i))` to `abs(P-abs(i))`. This nested loop is intended to cover all cells whose Manhattan distance from the start does not exceed `P`. Inside the inner loop, the program checks whether the candidate cell `(L-i, C-j)` lies within the grid bounds. If it does, it compares the value at that cell with the current `max_value`. However, the comparison mistakenly uses `m[L-i][C-i]` instead of `m[L-i][C-j]`, so the value compared is from a different column. If the (incorrect) value is larger, `max_value` is updated.

After exhausting all offset pairs, the program outputs the final `max_value`, which is intended to be the maximum diamond value reachable within at most `P` moves, but due to the indexing mistake it may not reflect the true maximum."
1378120748,50.0,java,BFS_RADIUS,DFS_RADIUS,NO,0.7421875,DFS_RADIUS,0.12890625,0.9921875,RING_SCAN,0.004058837890625,"The program reads the grid dimensions \(N\) and \(M\), the maximum number of moves \(P\), and the starting position \((L,C)\). It then stores the diamond values in a 1‑based array `arr`. 

A depth‑first search is performed using a `LinkedList` as a stack. The starting square is pushed onto the stack and a `visited` matrix prevents revisiting cells. In each iteration the top square is popped, marked visited, and its Manhattan distance from the start is checked. If that distance is at most \(P\), the diamond value at that square is compared with the current best value and the best is updated if larger. The four orthogonal neighbours (north, south, east, west) that lie inside the grid and have not yet been visited are then pushed onto the stack. Squares whose distance exceeds \(P\) are ignored and not expanded further. 

When the stack becomes empty, all reachable squares within the allowed number of moves have been examined, and the program outputs the maximum diamond value found."
1378121757,8.93,java,MANHATTAN_SCAN,GREEDY_NEIGHBOR_WALK,NO,0.267578125,RING_SCAN,0.236328125,0.96484375,UNKNOWN,0.02001953125,"The program reads the grid dimensions \(N\) and \(M\), the maximum number of moves \(P\), and the starting position \((L,C)\). It then stores the \(N \times M\) diamond values in a 2‑dimensional array. 

For each of the four cardinal directions (north, east, south, west) it simulates a straight‑line walk beginning at the starting cell. It keeps a running maximum of the diamond value seen along that walk, including the starting cell. At each step it moves one cell in the chosen direction, stops if the move would leave the grid, or stops after \(P\) steps. The maximum value encountered on that line is compared with a global maximum, which is updated if larger. 

After processing all four directions, the program prints the global maximum value found. Thus the output is the highest diamond value that can be reached from the start by moving at most \(P\) steps in a single straight line."
1378159523,41.07,cpp,DP_RADIUS,DFS_RADIUS,NO,0.734375,UNKNOWN,0.185546875,0.9765625,UNKNOWN,0.01226806640625,"The program reads the grid dimensions \(N\) and \(M\), the maximum number of moves \(P\), and the starting position \((L,C)\). It then reads the \(N\times M\) matrix of diamond values into a 1‑indexed array `map`. A three‑dimensional memoisation table `dp[p][l][c]` is created, where `p` is the number of moves still allowed, and `(l,c)` is a cell coordinate; all entries are initialised to –1.

The core routine `find_max` is a recursive function that, given a remaining move count `p` and a position `(l,c)`, returns the greatest diamond value that can be reached from that state. It first checks for out‑of‑bounds or negative `p`, returning `INT_MIN` in those cases. If the value has already been computed (`dp[p][l][c] != -1`), it is returned immediately. Otherwise the function recursively explores the four orthogonal neighbours with one fewer move (`p-1`), collecting the maximum value among those recursive calls and the value of the current cell `map[l][c]`. This maximum is stored in `dp[p][l][c]` and returned.

In `main`, after building the grid and the memoisation table, the program calls `find_max(n, m, p, l, c, map)` and prints the resulting maximum value. The variable `valMax` is computed while reading the input but never used in the algorithm. Thus the program effectively performs a depth‑first search with memoisation over all paths of length up to `P`, returning the highest diamond value reachable within the allowed moves."
1378160109,50.0,cpp,MANHATTAN_SCAN,BOUNDING_BOX_SCAN,NO,0.41015625,BOUNDING_BOX_SCAN,0.361328125,0.404296875,MANHATTAN_SCAN,0.357421875,"The program reads the grid dimensions \(N\) and \(M\), the maximum number of moves \(P\), and the starting position \((L,C)\) (converted to 0‑based indices). It then reads the \(N \times M\) matrix of diamond values into a 2‑dimensional vector `grid`.

If the allowed number of moves \(P\) is at least \(N+M-2\) (the Manhattan distance from one corner to the opposite corner), the code assumes the piece can reach any cell of the board. It therefore scans the entire grid, keeping the maximum value found, and outputs that maximum.

Otherwise, the code restricts its search to a square region centered at the start with side length \(2P+1\), bounded by the grid edges. For each cell \((i,j)\) in this region it computes the Manhattan distance \(|L-i|+|C-j|\). If this distance is no greater than \(P\), the cell is reachable within the move limit, and its value is compared to the current maximum. After examining all reachable cells, the program outputs the highest diamond value found.

Thus the solution is a simple bounded Manhattan‑distance search, with a special case that treats the entire grid as reachable when the move limit is large enough."
1391802353,41.07,cpp,MANHATTAN_SCAN,RING_SCAN,NO,0.30859375,ROW_BOUNDS_SCAN,0.30859375,0.86328125,MANHATTAN_SCAN,0.080078125,"The program reads the grid dimensions \(N\) and \(M\), the maximum number of moves \(P\), and the starting position \((L,C)\). It then reads the \(N \times M\) matrix of diamond values. All indices are converted to zero‑based.

The core of the algorithm is a double loop that iterates over every offset \((i,j)\) such that the Manhattan distance \(|i|+|j|\) does not exceed \(P\). For each offset it checks that the resulting cell \((L+i,\,C+j)\) lies inside the grid; if so, it compares the value in that cell with the current maximum and updates the maximum if necessary. The initial maximum is set to the value at the starting cell.

Finally, the program prints the maximum value found. Thus the implementation simply scans all cells reachable within at most \(P\) steps (a diamond‑shaped region) and outputs the highest diamond value among them."
1391802361,50.0,cpp,ROW_BOUNDS_SCAN,RING_SCAN,NO,0.390625,RING_SCAN,0.345703125,0.91796875,BOUNDING_BOX_SCAN,0.040283203125,"The program reads the grid dimensions \(N\) and \(M\), the maximum number of moves \(P\), and the starting position \((L,C)\). It then reads the \(N\times M\) matrix of diamond values. All indices are converted to 0‑based by decrementing \(N\), \(M\), \(L\), and \(C\).

The core of the algorithm is a double loop that enumerates every cell whose Manhattan distance from the start is at most \(P\). The outer loop iterates over the vertical offset \(i\) from \(-P\) to \(+P\). For each \(i\) it first checks that the row \(L+i\) lies inside the grid; if not, that offset is skipped. The remaining horizontal range for that row is limited by the remaining steps: \( \text{lim} = P - |i| \). The inner loop then runs over horizontal offsets \(j\) from \(-\text{lim}\) to \(+\text{lim}\). For each \((i,j)\) pair the code adjusts \(j\) if the resulting column \(C+j\) would be negative (by jumping forward to the first non‑negative column) and breaks the loop if the column would exceed the right boundary. Whenever a valid cell \((L+i,\,C+j)\) is found, its value is compared to the current maximum and the maximum is updated if necessary.

After all reachable cells have been examined, the program prints the largest diamond value found. Thus the implementation simply scans the diamond‑shaped region of radius \(P\) around the starting position, handling boundary clipping, and outputs the maximum value within that region."
1391825349,23.21,cpp,DP_RADIUS,BFS_RADIUS,NO,0.90625,DFS_RADIUS,0.02734375,0.765625,DP_RADIUS,0.193359375,"The program reads the grid dimensions \(N\) and \(M\), the maximum number of moves \(P\), and the starting position \((L,C)\). It then stores the diamond values in a 1‑indexed matrix `mat`. 

A three‑dimensional boolean array `dp[step][i][j]` records whether the piece can be at cell \((i,j)\) after exactly `step` moves. Initially only the starting cell is reachable (`dp[0][L][C] = true`). For each step from 1 to \(P\) the program scans every cell; if that cell was reachable in the previous step, it marks all four orthogonal neighbours (north, south, east, west) as reachable in the current step, provided the neighbour lies inside the grid. This is a straightforward breadth‑first expansion over a fixed number of steps.

After processing all \(P\) steps, the program iterates over all cells and, for those marked reachable at step \(P\), keeps the maximum diamond value found. This maximum is printed as the result. The algorithm therefore finds the highest‑valued diamond that can be reached in exactly \(P\) moves from the starting position."
1391825514,28.57,cpp,MANHATTAN_SCAN,SORTED_MANHATTAN,NO,0.65625,ROW_BOUNDS_SCAN,0.146484375,0.55078125,RING_SCAN,0.26171875,"The program reads the grid dimensions \(N\) and \(M\), the maximum number of moves \(P\), and the starting position \((L,C)\). It then reads the \(N\times M\) matrix of diamond values into a 1‑based array `v`. While reading each cell \((i,j)\) it computes the Manhattan distance from the start, `abs(L-i)+abs(C-j)`, and stores in a map `vals` the smallest such distance for each distinct diamond value. The map is keyed by the diamond value and uses a custom comparator that orders the keys in descending order, so iterating over the map visits values from largest to smallest.

After the grid is processed, the program scans the map entries. For each value whose stored minimal distance is at most \(P\), it considers that value reachable within the allowed moves. It keeps track of the maximum reachable value in `maxVal`, which is initialized to \(-1\). Finally, it prints `maxVal`, which is the highest diamond value that can be reached in at most \(P\) steps (or \(-1\) if none are reachable)."
1391825752,41.07,cpp,MANHATTAN_SCAN,BOUNDING_BOX_SCAN,NO,0.3046875,ROW_BOUNDS_SCAN,0.23828125,0.42578125,MANHATTAN_SCAN,0.33203125,"The program reads the grid dimensions \(N\) and \(M\), the maximum number of moves \(P\), and the starting position \((L,C)\). It then reads an \(N \times M\) matrix of integer diamond values, storing it in a 1‑indexed 2‑D vector `mat`. 

To find the highest value reachable within at most \(P\) steps, the code iterates over a square window centered at the start: for every row index \(i\) from \(L-P\) to \(L+P\) and every column index \(j\) from \(C-P\) to \(C+P\). For each candidate cell it first checks that the coordinates lie inside the grid, and then verifies that the Manhattan distance \(|i-L|+|j-C|\) does not exceed \(P\). If both conditions hold, the diamond value at `mat[i][j]` is compared with a running maximum (`max`), which is updated if a larger value is found. 

After scanning all eligible cells, the program outputs the maximum diamond value found. The algorithm is a straightforward brute‑force search over all cells within the reachable diamond-shaped region defined by the Manhattan distance constraint."
1391856174,1.79,java,GREEDY_NEIGHBOR_WALK,UNKNOWN,NO,0.953125,UNKNOWN,0.036865234375,0.87890625,MANHATTAN_SCAN,0.043701171875,"The program reads the grid dimensions, the maximum number of moves P, and the starting position (L, C). It stores the diamond values in a 1‑based 2‑dimensional array `m`. The variable `curr` is initialized to the value of the starting cell.

The main loop runs `P` times. In each iteration it examines the four orthogonal neighbours of the current position (north, south, west, east) by adding the corresponding offsets to `L` and `C`. For each neighbour it reads the diamond value `newCurr` from the array and, if this value is larger than the current best `curr`, it updates `curr`. The position variables `L` and `C` are never changed, so the loop simply keeps re‑checking the same four cells. After the loop, the program prints the final value of `curr`.

Thus the algorithm outputs the maximum diamond value among the starting cell and its immediate neighbours, regardless of the number of allowed moves."
1391856329,1.79,java,GREEDY_NEIGHBOR_WALK,UNKNOWN,NO,0.84765625,UNKNOWN,0.10107421875,0.7421875,MANHATTAN_SCAN,0.1005859375,"The program reads the size of a rectangular grid (N rows, M columns), a maximum number of moves P, and the starting position (L, C). It then reads the integer value of each cell into a 1‑based array `m`. 

The algorithm keeps a single variable `curr` initialized to the value of the starting cell. It then performs a loop that repeats `P` times. In each iteration it examines the four orthogonal neighbours of the current position (north, south, east, west). For every neighbour that lies inside the grid it compares its value with `curr` and, if larger, updates `curr`. The position `(L, C)` is never changed during the loop; only the maximum value seen so far is updated. After the loop terminates, the program outputs the value stored in `curr`.

Thus the program effectively reports the maximum value among the starting cell and its immediate orthogonal neighbours, regardless of the number of allowed moves."
1391995049,50.0,java,ROW_BOUNDS_SCAN,MANHATTAN_SCAN,NO,0.5390625,RING_SCAN,0.2236328125,0.80078125,BOUNDING_BOX_SCAN,0.1396484375,"The program reads the grid dimensions `n` and `m`, the maximum number of moves `p`, and the starting position `(istart, jstart)` (1‑based indices). It then iterates over every cell of the grid, reading each diamond value `nr`. For each cell `(i, j)` it evaluates whether the cell lies within a Manhattan distance of at most `p` from the starting position. This is done with the inequality

```
i in [istart‑p, istart+p] and
j in [jstart‑p+|i‑istart|, jstart+p‑|i‑istart|]
```

If the cell satisfies this condition, its value is compared to a running maximum `max`, which is updated if the current value is larger. After all cells have been processed, the program prints the maximum diamond value that can be reached in at most `p` moves. The algorithm is a simple O(n·m) scan that uses only a few integer variables and no additional data structures."
1392034696,14.29,cpp,RING_SCAN,DFS_RADIUS,NO,0.251953125,UNKNOWN,0.173828125,0.9375,UNKNOWN,0.046630859375,"The program reads the grid dimensions \(N\) and \(M\), the maximum number of moves \(P\), and the starting position \((L,C)\). It stores the diamond values in a 1‑indexed 2‑D vector `matrix`. If no moves are allowed (\(P=0\)), it simply prints the value at the starting cell.

For \(P>0\) the program creates a vector `dp` of length \(P\) initialized to zero, with `dp[0]` set to the value of the starting cell. It then calls a recursive function `back` that explores all possible walks up to \(P\) steps. The function receives the current step count, the current coordinates, and the matrix. At each call, if the step count equals \(P\) it stops. Otherwise it iterates over the four cardinal directions. For each valid neighbour inside the grid, it updates `dp[step]` to be the maximum of its current value and the diamond value at that neighbour, and then recurses with `step+1` and the neighbour’s coordinates. Thus `dp[s]` ends up holding the highest diamond value that can be reached exactly after \(s\) moves from the start.

After the recursion finishes, the program outputs the maximum value found in the `dp` array, which corresponds to the largest diamond value reachable in at most \(P\) moves. The algorithm performs an exhaustive depth‑first search of all paths up to length \(P\), recording the best value seen at each depth."
1408560151,50.0,cpp,MANHATTAN_SCAN,BOUNDING_BOX_SCAN,NO,0.515625,ROW_BOUNDS_SCAN,0.21484375,0.72265625,MANHATTAN_SCAN,0.265625,"The program reads the grid dimensions \(N\) and \(M\), the maximum number of moves \(P\), and the starting position \((L,C)\). It then reads an \(N \times M\) matrix of integer diamond values, storing it in a 1‑indexed vector of vectors.

To find the best diamond reachable in at most \(P\) steps, the code first limits the search to a rectangular window around the start: rows from \(\max(1, L-P)\) to \(\min(N, L+P)\) and columns from \(\max(1, C-P)\) to \(\min(M, C+P)\). Within this window it iterates over every cell \((i,j)\) and checks whether the Manhattan distance \(|L-i|+|C-j|\) is no greater than \(P\). If the cell is reachable, its value is compared to a running maximum, which is initially set to a very small number (\(-2\times10^{18}\)). After scanning all candidates, the maximum value found is printed.

Thus the program performs a brute‑force search over all cells whose Manhattan distance from the start does not exceed the allowed number of moves, keeping track of the highest diamond value among them."
