problem,submission_id,location,type
cutiile-magice,1344729748,data\analysis_dataset_deduplicated\submissions\cutiile-magice\1344729748.cpp,source_file
cutiile-magice,1344729748,data\analysis_dataset_deduplicated\jplag_input\cutiile-magice\cpp\1344729748.cpp,source_file
cutiile-magice,1314236146,data\analysis_dataset_deduplicated\submissions\cutiile-magice\1314236146.cpp,source_file
cutiile-magice,1314236146,data\analysis_dataset_deduplicated\jplag_input\cutiile-magice\cpp\1314236146.cpp,source_file
cutiile-magice,1314236723,data\analysis_dataset_deduplicated\submissions\cutiile-magice\1314236723.java,source_file
cutiile-magice,1314236723,data\analysis_dataset_deduplicated\jplag_input\cutiile-magice\java\1314236723.java,source_file
cutiile-magice,1370576093,data\analysis_dataset_deduplicated\submissions\cutiile-magice\1370576093.cpp,source_file
cutiile-magice,1370576093,data\analysis_dataset_deduplicated\jplag_input\cutiile-magice\cpp\1370576093.cpp,source_file
cutiile-magice,1314234716,data\analysis_dataset_deduplicated\submissions\cutiile-magice\1314234716.cpp,source_file
cutiile-magice,1314234716,data\analysis_dataset_deduplicated\jplag_input\cutiile-magice\cpp\1314234716.cpp,source_file
cutiile-magice,1370578807,data\analysis_dataset_deduplicated\submissions\cutiile-magice\1370578807.cpp,source_file
cutiile-magice,1370578807,data\analysis_dataset_deduplicated\jplag_input\cutiile-magice\cpp\1370578807.cpp,source_file
cutiile-magice,1314235906,data\analysis_dataset_deduplicated\submissions\cutiile-magice\1314235906.cpp,source_file
cutiile-magice,1314235906,data\analysis_dataset_deduplicated\jplag_input\cutiile-magice\cpp\1314235906.cpp,source_file
cutiile-magice,1344729756,data\analysis_dataset_deduplicated\submissions\cutiile-magice\1344729756.cpp,source_file
cutiile-magice,1344729756,data\analysis_dataset_deduplicated\jplag_input\cutiile-magice\cpp\1344729756.cpp,source_file
cutiile-magice,1314236871,data\analysis_dataset_deduplicated\submissions\cutiile-magice\1314236871.java,source_file
cutiile-magice,1314236871,data\analysis_dataset_deduplicated\jplag_input\cutiile-magice\java\1314236871.java,source_file
cutiile-magice,1314236677,data\analysis_dataset_deduplicated\submissions\cutiile-magice\1314236677.java,source_file
cutiile-magice,1314236677,data\analysis_dataset_deduplicated\jplag_input\cutiile-magice\java\1314236677.java,source_file
cutiile-magice,1314237269,data\analysis_dataset_deduplicated\submissions\cutiile-magice\1314237269.cpp,source_file
cutiile-magice,1314237269,data\analysis_dataset_deduplicated\jplag_input\cutiile-magice\cpp\1314237269.cpp,source_file
cutiile-magice,1314213388,data\analysis_dataset_deduplicated\submissions\cutiile-magice\1314213388.cpp,source_file
cutiile-magice,1314213388,data\analysis_dataset_deduplicated\jplag_input\cutiile-magice\cpp\1314213388.cpp,source_file
cutiile-magice,1314213401,data\analysis_dataset_deduplicated\submissions\cutiile-magice\1314213401.cpp,source_file
cutiile-magice,1314213401,data\analysis_dataset_deduplicated\jplag_input\cutiile-magice\cpp\1314213401.cpp,source_file
cutiile-magice,1314236075,data\analysis_dataset_deduplicated\submissions\cutiile-magice\1314236075.cpp,source_file
cutiile-magice,1314236075,data\analysis_dataset_deduplicated\jplag_input\cutiile-magice\cpp\1314236075.cpp,source_file
cutiile-magice,1323454022,data\analysis_dataset_deduplicated\submissions\cutiile-magice\1323454022.java,source_file
cutiile-magice,1323454022,data\analysis_dataset_deduplicated\jplag_input\cutiile-magice\java\1323454022.java,source_file
cutiile-magice,1314237369,data\analysis_dataset_deduplicated\submissions\cutiile-magice\1314237369.cpp,source_file
cutiile-magice,1314237369,data\analysis_dataset_deduplicated\jplag_input\cutiile-magice\cpp\1314237369.cpp,source_file
cutiile-magice,1332595239,data\analysis_dataset_deduplicated\submissions\cutiile-magice\1332595239.cpp,source_file
cutiile-magice,1332595239,data\analysis_dataset_deduplicated\jplag_input\cutiile-magice\cpp\1332595239.cpp,source_file
cutiile-magice,1314237661,data\analysis_dataset_deduplicated\submissions\cutiile-magice\1314237661.cpp,source_file
cutiile-magice,1314237661,data\analysis_dataset_deduplicated\jplag_input\cutiile-magice\cpp\1314237661.cpp,source_file
cutiile-magice,1314237698,data\analysis_dataset_deduplicated\submissions\cutiile-magice\1314237698.cpp,source_file
cutiile-magice,1314237698,data\analysis_dataset_deduplicated\jplag_input\cutiile-magice\cpp\1314237698.cpp,source_file
cutiile-magice,1323389682,data\analysis_dataset_deduplicated\submissions\cutiile-magice\1323389682.java,source_file
cutiile-magice,1323389682,data\analysis_dataset_deduplicated\jplag_input\cutiile-magice\java\1323389682.java,source_file
cutiile-magice,1323453939,data\analysis_dataset_deduplicated\submissions\cutiile-magice\1323453939.java,source_file
cutiile-magice,1323453939,data\analysis_dataset_deduplicated\jplag_input\cutiile-magice\java\1323453939.java,source_file
cutiile-magice,1323431415,data\analysis_dataset_deduplicated\submissions\cutiile-magice\1323431415.cpp,source_file
cutiile-magice,1323431415,data\analysis_dataset_deduplicated\jplag_input\cutiile-magice\cpp\1323431415.cpp,source_file
cutiile-magice,1314237694,data\analysis_dataset_deduplicated\submissions\cutiile-magice\1314237694.java,source_file
cutiile-magice,1314237694,data\analysis_dataset_deduplicated\jplag_input\cutiile-magice\java\1314237694.java,source_file
cutiile-magice,1314237834,data\analysis_dataset_deduplicated\submissions\cutiile-magice\1314237834.java,source_file
cutiile-magice,1314237834,data\analysis_dataset_deduplicated\jplag_input\cutiile-magice\java\1314237834.java,source_file
cutiile-magice,1344729751,data\analysis_dataset_deduplicated\submissions\cutiile-magice\1344729751.cpp,source_file
cutiile-magice,1344729751,data\analysis_dataset_deduplicated\jplag_input\cutiile-magice\cpp\1344729751.cpp,source_file
cutiile-magice,1314213352,data\analysis_dataset_deduplicated\submissions\cutiile-magice\1314213352.cpp,source_file
cutiile-magice,1314213352,data\analysis_dataset_deduplicated\jplag_input\cutiile-magice\cpp\1314213352.cpp,source_file
cutiile-magice,1314237270,data\analysis_dataset_deduplicated\submissions\cutiile-magice\1314237270.java,source_file
cutiile-magice,1314237270,data\analysis_dataset_deduplicated\jplag_input\cutiile-magice\java\1314237270.java,source_file
cutiile-magice,1332719678,data\analysis_dataset_deduplicated\submissions\cutiile-magice\1332719678.cpp,source_file
cutiile-magice,1332719678,data\analysis_dataset_deduplicated\jplag_input\cutiile-magice\cpp\1332719678.cpp,source_file
cutiile-magice,1314236783,data\analysis_dataset_deduplicated\submissions\cutiile-magice\1314236783.java,source_file
cutiile-magice,1314236783,data\analysis_dataset_deduplicated\jplag_input\cutiile-magice\java\1314236783.java,source_file
cutiile-magice,1344729754,data\analysis_dataset_deduplicated\submissions\cutiile-magice\1344729754.cpp,source_file
cutiile-magice,1344729754,data\analysis_dataset_deduplicated\jplag_input\cutiile-magice\cpp\1344729754.cpp,source_file
cutiile-magice,1323410467,data\analysis_dataset_deduplicated\submissions\cutiile-magice\1323410467.cpp,source_file
cutiile-magice,1323410467,data\analysis_dataset_deduplicated\jplag_input\cutiile-magice\cpp\1323410467.cpp,source_file
cutiile-magice,1314236792,data\analysis_dataset_deduplicated\submissions\cutiile-magice\1314236792.cpp,source_file
cutiile-magice,1314236792,data\analysis_dataset_deduplicated\jplag_input\cutiile-magice\cpp\1314236792.cpp,source_file
cutiile-magice,1314237121,data\analysis_dataset_deduplicated\submissions\cutiile-magice\1314237121.cpp,source_file
cutiile-magice,1314237121,data\analysis_dataset_deduplicated\jplag_input\cutiile-magice\cpp\1314237121.cpp,source_file
cutiile-magice,1314237727,data\analysis_dataset_deduplicated\submissions\cutiile-magice\1314237727.java,source_file
cutiile-magice,1314237727,data\analysis_dataset_deduplicated\jplag_input\cutiile-magice\java\1314237727.java,source_file
cutiile-magice,1314235724,data\analysis_dataset_deduplicated\submissions\cutiile-magice\1314235724.java,source_file
cutiile-magice,1314235724,data\analysis_dataset_deduplicated\jplag_input\cutiile-magice\java\1314235724.java,source_file
cutiile-magice,1370576016,data\analysis_dataset_deduplicated\submissions\cutiile-magice\1370576016.cpp,source_file
cutiile-magice,1370576016,data\analysis_dataset_deduplicated\jplag_input\cutiile-magice\cpp\1370576016.cpp,source_file
cutiile-magice,1314236596,data\analysis_dataset_deduplicated\submissions\cutiile-magice\1314236596.java,source_file
cutiile-magice,1314236596,data\analysis_dataset_deduplicated\jplag_input\cutiile-magice\java\1314236596.java,source_file
cutiile-magice,1378139543,data\analysis_dataset_deduplicated\submissions\cutiile-magice\1378139543.java,source_file
cutiile-magice,1378139543,data\analysis_dataset_deduplicated\jplag_input\cutiile-magice\java\1378139543.java,source_file
cutiile-magice,1314236709,data\analysis_dataset_deduplicated\submissions\cutiile-magice\1314236709.java,source_file
cutiile-magice,1314236709,data\analysis_dataset_deduplicated\jplag_input\cutiile-magice\java\1314236709.java,source_file
cutiile-magice,1332763114,data\analysis_dataset_deduplicated\submissions\cutiile-magice\1332763114.cpp,source_file
cutiile-magice,1332763114,data\analysis_dataset_deduplicated\jplag_input\cutiile-magice\cpp\1332763114.cpp,source_file
cutiile-magice,1344729753,data\analysis_dataset_deduplicated\submissions\cutiile-magice\1344729753.cpp,source_file
cutiile-magice,1344729753,data\analysis_dataset_deduplicated\jplag_input\cutiile-magice\cpp\1344729753.cpp,source_file
cutiile-magice,1314236983,data\analysis_dataset_deduplicated\submissions\cutiile-magice\1314236983.cpp,source_file
cutiile-magice,1314236983,data\analysis_dataset_deduplicated\jplag_input\cutiile-magice\cpp\1314236983.cpp,source_file
cutiile-magice,1323453986,data\analysis_dataset_deduplicated\submissions\cutiile-magice\1323453986.java,source_file
cutiile-magice,1323453986,data\analysis_dataset_deduplicated\jplag_input\cutiile-magice\java\1323453986.java,source_file
cutiile-magice,1314236739,data\analysis_dataset_deduplicated\submissions\cutiile-magice\1314236739.cpp,source_file
cutiile-magice,1314236739,data\analysis_dataset_deduplicated\jplag_input\cutiile-magice\cpp\1314236739.cpp,source_file
cutiile-magice,1332764094,data\analysis_dataset_deduplicated\submissions\cutiile-magice\1332764094.java,source_file
cutiile-magice,1332764094,data\analysis_dataset_deduplicated\jplag_input\cutiile-magice\java\1332764094.java,source_file
cutiile-magice,1314237111,data\analysis_dataset_deduplicated\submissions\cutiile-magice\1314237111.cpp,source_file
cutiile-magice,1314237111,data\analysis_dataset_deduplicated\jplag_input\cutiile-magice\cpp\1314237111.cpp,source_file
cutiile-magice,1314236280,data\analysis_dataset_deduplicated\submissions\cutiile-magice\1314236280.java,source_file
cutiile-magice,1314236280,data\analysis_dataset_deduplicated\jplag_input\cutiile-magice\java\1314236280.java,source_file
cutiile-magice,1323431878,data\analysis_dataset_deduplicated\submissions\cutiile-magice\1323431878.cpp,source_file
cutiile-magice,1323431878,data\analysis_dataset_deduplicated\jplag_input\cutiile-magice\cpp\1323431878.cpp,source_file
cutiile-magice,1314236112,data\analysis_dataset_deduplicated\submissions\cutiile-magice\1314236112.cpp,source_file
cutiile-magice,1314236112,data\analysis_dataset_deduplicated\jplag_input\cutiile-magice\cpp\1314236112.cpp,source_file
cutiile-magice,1314236156,data\analysis_dataset_deduplicated\submissions\cutiile-magice\1314236156.cpp,source_file
cutiile-magice,1314236156,data\analysis_dataset_deduplicated\jplag_input\cutiile-magice\cpp\1314236156.cpp,source_file
cutiile-magice,1314237635,data\analysis_dataset_deduplicated\submissions\cutiile-magice\1314237635.java,source_file
cutiile-magice,1314237635,data\analysis_dataset_deduplicated\jplag_input\cutiile-magice\java\1314237635.java,source_file
cutiile-magice,1314237426,data\analysis_dataset_deduplicated\submissions\cutiile-magice\1314237426.java,source_file
cutiile-magice,1314237426,data\analysis_dataset_deduplicated\jplag_input\cutiile-magice\java\1314237426.java,source_file
cutiile-magice,1323431291,data\analysis_dataset_deduplicated\submissions\cutiile-magice\1323431291.cpp,source_file
cutiile-magice,1323431291,data\analysis_dataset_deduplicated\jplag_input\cutiile-magice\cpp\1323431291.cpp,source_file
cutiile-magice,1314237247,data\analysis_dataset_deduplicated\submissions\cutiile-magice\1314237247.java,source_file
cutiile-magice,1314237247,data\analysis_dataset_deduplicated\jplag_input\cutiile-magice\java\1314237247.java,source_file
cutiile-magice,1314236228,data\analysis_dataset_deduplicated\submissions\cutiile-magice\1314236228.cpp,source_file
cutiile-magice,1314236228,data\analysis_dataset_deduplicated\jplag_input\cutiile-magice\cpp\1314236228.cpp,source_file
gigel-si-raspandirea-vestilor,1314237865,data\analysis_dataset_deduplicated\submissions\gigel-si-raspandirea-vestilor\1314237865.java,source_file
gigel-si-raspandirea-vestilor,1314237865,data\analysis_dataset_deduplicated\jplag_input\gigel-si-raspandirea-vestilor\java\1314237865.java,source_file
gigel-si-raspandirea-vestilor,1408570843,data\analysis_dataset_deduplicated\submissions\gigel-si-raspandirea-vestilor\1408570843.cpp,source_file
gigel-si-raspandirea-vestilor,1408570843,data\analysis_dataset_deduplicated\jplag_input\gigel-si-raspandirea-vestilor\cpp\1408570843.cpp,source_file
gigel-si-raspandirea-vestilor,1314236530,data\analysis_dataset_deduplicated\submissions\gigel-si-raspandirea-vestilor\1314236530.java,source_file
gigel-si-raspandirea-vestilor,1314236530,data\analysis_dataset_deduplicated\jplag_input\gigel-si-raspandirea-vestilor\java\1314236530.java,source_file
gigel-si-raspandirea-vestilor,1333804486,data\analysis_dataset_deduplicated\submissions\gigel-si-raspandirea-vestilor\1333804486.cpp,source_file
gigel-si-raspandirea-vestilor,1333804486,data\analysis_dataset_deduplicated\jplag_input\gigel-si-raspandirea-vestilor\cpp\1333804486.cpp,source_file
gigel-si-raspandirea-vestilor,1314235512,data\analysis_dataset_deduplicated\submissions\gigel-si-raspandirea-vestilor\1314235512.java,source_file
gigel-si-raspandirea-vestilor,1314235512,data\analysis_dataset_deduplicated\jplag_input\gigel-si-raspandirea-vestilor\java\1314235512.java,source_file
gigel-si-raspandirea-vestilor,1408570853,data\analysis_dataset_deduplicated\submissions\gigel-si-raspandirea-vestilor\1408570853.cpp,source_file
gigel-si-raspandirea-vestilor,1408570853,data\analysis_dataset_deduplicated\jplag_input\gigel-si-raspandirea-vestilor\cpp\1408570853.cpp,source_file
gigel-si-raspandirea-vestilor,1314237746,data\analysis_dataset_deduplicated\submissions\gigel-si-raspandirea-vestilor\1314237746.cpp,source_file
gigel-si-raspandirea-vestilor,1314237746,data\analysis_dataset_deduplicated\jplag_input\gigel-si-raspandirea-vestilor\cpp\1314237746.cpp,source_file
gigel-si-raspandirea-vestilor,1323090318,data\analysis_dataset_deduplicated\submissions\gigel-si-raspandirea-vestilor\1323090318.cpp,source_file
gigel-si-raspandirea-vestilor,1323090318,data\analysis_dataset_deduplicated\jplag_input\gigel-si-raspandirea-vestilor\cpp\1323090318.cpp,source_file
gigel-si-raspandirea-vestilor,1314235273,data\analysis_dataset_deduplicated\submissions\gigel-si-raspandirea-vestilor\1314235273.cpp,source_file
gigel-si-raspandirea-vestilor,1314235273,data\analysis_dataset_deduplicated\jplag_input\gigel-si-raspandirea-vestilor\cpp\1314235273.cpp,source_file
gigel-si-raspandirea-vestilor,1323090024,data\analysis_dataset_deduplicated\submissions\gigel-si-raspandirea-vestilor\1323090024.cpp,source_file
gigel-si-raspandirea-vestilor,1323090024,data\analysis_dataset_deduplicated\jplag_input\gigel-si-raspandirea-vestilor\cpp\1323090024.cpp,source_file
gigel-si-raspandirea-vestilor,1323445123,data\analysis_dataset_deduplicated\submissions\gigel-si-raspandirea-vestilor\1323445123.cpp,source_file
gigel-si-raspandirea-vestilor,1323445123,data\analysis_dataset_deduplicated\jplag_input\gigel-si-raspandirea-vestilor\cpp\1323445123.cpp,source_file
gigel-si-raspandirea-vestilor,1344604009,data\analysis_dataset_deduplicated\submissions\gigel-si-raspandirea-vestilor\1344604009.cpp,source_file
gigel-si-raspandirea-vestilor,1344604009,data\analysis_dataset_deduplicated\jplag_input\gigel-si-raspandirea-vestilor\cpp\1344604009.cpp,source_file
gigel-si-raspandirea-vestilor,1314236643,data\analysis_dataset_deduplicated\submissions\gigel-si-raspandirea-vestilor\1314236643.java,source_file
gigel-si-raspandirea-vestilor,1314236643,data\analysis_dataset_deduplicated\jplag_input\gigel-si-raspandirea-vestilor\java\1314236643.java,source_file
gigel-si-raspandirea-vestilor,1344623137,data\analysis_dataset_deduplicated\submissions\gigel-si-raspandirea-vestilor\1344623137.cpp,source_file
gigel-si-raspandirea-vestilor,1344623137,data\analysis_dataset_deduplicated\jplag_input\gigel-si-raspandirea-vestilor\cpp\1344623137.cpp,source_file
gigel-si-raspandirea-vestilor,1408570962,data\analysis_dataset_deduplicated\submissions\gigel-si-raspandirea-vestilor\1408570962.cpp,source_file
gigel-si-raspandirea-vestilor,1408570962,data\analysis_dataset_deduplicated\jplag_input\gigel-si-raspandirea-vestilor\cpp\1408570962.cpp,source_file
gigel-si-raspandirea-vestilor,1314235804,data\analysis_dataset_deduplicated\submissions\gigel-si-raspandirea-vestilor\1314235804.java,source_file
gigel-si-raspandirea-vestilor,1314235804,data\analysis_dataset_deduplicated\jplag_input\gigel-si-raspandirea-vestilor\java\1314235804.java,source_file
gigel-si-raspandirea-vestilor,1408504524,data\analysis_dataset_deduplicated\submissions\gigel-si-raspandirea-vestilor\1408504524.cpp,source_file
gigel-si-raspandirea-vestilor,1408504524,data\analysis_dataset_deduplicated\jplag_input\gigel-si-raspandirea-vestilor\cpp\1408504524.cpp,source_file
gigel-si-raspandirea-vestilor,1314235420,data\analysis_dataset_deduplicated\submissions\gigel-si-raspandirea-vestilor\1314235420.java,source_file
gigel-si-raspandirea-vestilor,1314235420,data\analysis_dataset_deduplicated\jplag_input\gigel-si-raspandirea-vestilor\java\1314235420.java,source_file
gigel-si-raspandirea-vestilor,1314235077,data\analysis_dataset_deduplicated\submissions\gigel-si-raspandirea-vestilor\1314235077.java,source_file
gigel-si-raspandirea-vestilor,1314235077,data\analysis_dataset_deduplicated\jplag_input\gigel-si-raspandirea-vestilor\java\1314235077.java,source_file
gigel-si-raspandirea-vestilor,1408552368,data\analysis_dataset_deduplicated\submissions\gigel-si-raspandirea-vestilor\1408552368.cpp,source_file
gigel-si-raspandirea-vestilor,1408552368,data\analysis_dataset_deduplicated\jplag_input\gigel-si-raspandirea-vestilor\cpp\1408552368.cpp,source_file
gigel-si-raspandirea-vestilor,1314236879,data\analysis_dataset_deduplicated\submissions\gigel-si-raspandirea-vestilor\1314236879.java,source_file
gigel-si-raspandirea-vestilor,1314236879,data\analysis_dataset_deduplicated\jplag_input\gigel-si-raspandirea-vestilor\java\1314236879.java,source_file
gigel-si-raspandirea-vestilor,1391934839,data\analysis_dataset_deduplicated\submissions\gigel-si-raspandirea-vestilor\1391934839.cpp,source_file
gigel-si-raspandirea-vestilor,1391934839,data\analysis_dataset_deduplicated\jplag_input\gigel-si-raspandirea-vestilor\cpp\1391934839.cpp,source_file
gigel-si-raspandirea-vestilor,1314234554,data\analysis_dataset_deduplicated\submissions\gigel-si-raspandirea-vestilor\1314234554.java,source_file
gigel-si-raspandirea-vestilor,1314234554,data\analysis_dataset_deduplicated\jplag_input\gigel-si-raspandirea-vestilor\java\1314234554.java,source_file
gigel-si-raspandirea-vestilor,1314236545,data\analysis_dataset_deduplicated\submissions\gigel-si-raspandirea-vestilor\1314236545.java,source_file
gigel-si-raspandirea-vestilor,1314236545,data\analysis_dataset_deduplicated\jplag_input\gigel-si-raspandirea-vestilor\java\1314236545.java,source_file
gigel-si-raspandirea-vestilor,1408593126,data\analysis_dataset_deduplicated\submissions\gigel-si-raspandirea-vestilor\1408593126.cpp,source_file
gigel-si-raspandirea-vestilor,1408593126,data\analysis_dataset_deduplicated\jplag_input\gigel-si-raspandirea-vestilor\cpp\1408593126.cpp,source_file
gigel-si-raspandirea-vestilor,1344637828,data\analysis_dataset_deduplicated\submissions\gigel-si-raspandirea-vestilor\1344637828.cpp,source_file
gigel-si-raspandirea-vestilor,1344637828,data\analysis_dataset_deduplicated\jplag_input\gigel-si-raspandirea-vestilor\cpp\1344637828.cpp,source_file
gigel-si-raspandirea-vestilor,1314235245,data\analysis_dataset_deduplicated\submissions\gigel-si-raspandirea-vestilor\1314235245.java,source_file
gigel-si-raspandirea-vestilor,1314235245,data\analysis_dataset_deduplicated\jplag_input\gigel-si-raspandirea-vestilor\java\1314235245.java,source_file
gigel-si-raspandirea-vestilor,1314235821,data\analysis_dataset_deduplicated\submissions\gigel-si-raspandirea-vestilor\1314235821.cpp,source_file
gigel-si-raspandirea-vestilor,1314235821,data\analysis_dataset_deduplicated\jplag_input\gigel-si-raspandirea-vestilor\cpp\1314235821.cpp,source_file
gigel-si-raspandirea-vestilor,1314236886,data\analysis_dataset_deduplicated\submissions\gigel-si-raspandirea-vestilor\1314236886.java,source_file
gigel-si-raspandirea-vestilor,1314236886,data\analysis_dataset_deduplicated\jplag_input\gigel-si-raspandirea-vestilor\java\1314236886.java,source_file
gigel-si-raspandirea-vestilor,1314237348,data\analysis_dataset_deduplicated\submissions\gigel-si-raspandirea-vestilor\1314237348.java,source_file
gigel-si-raspandirea-vestilor,1314237348,data\analysis_dataset_deduplicated\jplag_input\gigel-si-raspandirea-vestilor\java\1314237348.java,source_file
gigel-si-raspandirea-vestilor,1314235533,data\analysis_dataset_deduplicated\submissions\gigel-si-raspandirea-vestilor\1314235533.cpp,source_file
gigel-si-raspandirea-vestilor,1314235533,data\analysis_dataset_deduplicated\jplag_input\gigel-si-raspandirea-vestilor\cpp\1314235533.cpp,source_file
gigel-si-raspandirea-vestilor,1314237740,data\analysis_dataset_deduplicated\submissions\gigel-si-raspandirea-vestilor\1314237740.java,source_file
gigel-si-raspandirea-vestilor,1314237740,data\analysis_dataset_deduplicated\jplag_input\gigel-si-raspandirea-vestilor\java\1314237740.java,source_file
gigel-si-raspandirea-vestilor,1314234537,data\analysis_dataset_deduplicated\submissions\gigel-si-raspandirea-vestilor\1314234537.java,source_file
gigel-si-raspandirea-vestilor,1314234537,data\analysis_dataset_deduplicated\jplag_input\gigel-si-raspandirea-vestilor\java\1314234537.java,source_file
gigel-si-raspandirea-vestilor,1314237310,data\analysis_dataset_deduplicated\submissions\gigel-si-raspandirea-vestilor\1314237310.java,source_file
gigel-si-raspandirea-vestilor,1314237310,data\analysis_dataset_deduplicated\jplag_input\gigel-si-raspandirea-vestilor\java\1314237310.java,source_file
gigel-si-raspandirea-vestilor,1408491609,data\analysis_dataset_deduplicated\submissions\gigel-si-raspandirea-vestilor\1408491609.java,source_file
gigel-si-raspandirea-vestilor,1408491609,data\analysis_dataset_deduplicated\jplag_input\gigel-si-raspandirea-vestilor\java\1408491609.java,source_file
gigel-si-raspandirea-vestilor,1314235457,data\analysis_dataset_deduplicated\submissions\gigel-si-raspandirea-vestilor\1314235457.java,source_file
gigel-si-raspandirea-vestilor,1314235457,data\analysis_dataset_deduplicated\jplag_input\gigel-si-raspandirea-vestilor\java\1314235457.java,source_file
gigel-si-raspandirea-vestilor,1408569325,data\analysis_dataset_deduplicated\submissions\gigel-si-raspandirea-vestilor\1408569325.cpp,source_file
gigel-si-raspandirea-vestilor,1408569325,data\analysis_dataset_deduplicated\jplag_input\gigel-si-raspandirea-vestilor\cpp\1408569325.cpp,source_file
gigel-si-raspandirea-vestilor,1378155090,data\analysis_dataset_deduplicated\submissions\gigel-si-raspandirea-vestilor\1378155090.cpp,source_file
gigel-si-raspandirea-vestilor,1378155090,data\analysis_dataset_deduplicated\jplag_input\gigel-si-raspandirea-vestilor\cpp\1378155090.cpp,source_file
gigel-si-raspandirea-vestilor,1314237354,data\analysis_dataset_deduplicated\submissions\gigel-si-raspandirea-vestilor\1314237354.java,source_file
gigel-si-raspandirea-vestilor,1314237354,data\analysis_dataset_deduplicated\jplag_input\gigel-si-raspandirea-vestilor\java\1314237354.java,source_file
gigel-si-raspandirea-vestilor,1323417811,data\analysis_dataset_deduplicated\submissions\gigel-si-raspandirea-vestilor\1323417811.cpp,source_file
gigel-si-raspandirea-vestilor,1323417811,data\analysis_dataset_deduplicated\jplag_input\gigel-si-raspandirea-vestilor\cpp\1323417811.cpp,source_file
gigel-si-raspandirea-vestilor,1314237607,data\analysis_dataset_deduplicated\submissions\gigel-si-raspandirea-vestilor\1314237607.cpp,source_file
gigel-si-raspandirea-vestilor,1314237607,data\analysis_dataset_deduplicated\jplag_input\gigel-si-raspandirea-vestilor\cpp\1314237607.cpp,source_file
gigel-si-raspandirea-vestilor,1314237572,data\analysis_dataset_deduplicated\submissions\gigel-si-raspandirea-vestilor\1314237572.java,source_file
gigel-si-raspandirea-vestilor,1314237572,data\analysis_dataset_deduplicated\jplag_input\gigel-si-raspandirea-vestilor\java\1314237572.java,source_file
gigel-si-raspandirea-vestilor,1314236380,data\analysis_dataset_deduplicated\submissions\gigel-si-raspandirea-vestilor\1314236380.cpp,source_file
gigel-si-raspandirea-vestilor,1314236380,data\analysis_dataset_deduplicated\jplag_input\gigel-si-raspandirea-vestilor\cpp\1314236380.cpp,source_file
gigel-si-raspandirea-vestilor,1314237267,data\analysis_dataset_deduplicated\submissions\gigel-si-raspandirea-vestilor\1314237267.cpp,source_file
gigel-si-raspandirea-vestilor,1314237267,data\analysis_dataset_deduplicated\jplag_input\gigel-si-raspandirea-vestilor\cpp\1314237267.cpp,source_file
gigel-si-raspandirea-vestilor,1314236404,data\analysis_dataset_deduplicated\submissions\gigel-si-raspandirea-vestilor\1314236404.cpp,source_file
gigel-si-raspandirea-vestilor,1314236404,data\analysis_dataset_deduplicated\jplag_input\gigel-si-raspandirea-vestilor\cpp\1314236404.cpp,source_file
gigel-si-raspandirea-vestilor,1314237558,data\analysis_dataset_deduplicated\submissions\gigel-si-raspandirea-vestilor\1314237558.java,source_file
gigel-si-raspandirea-vestilor,1314237558,data\analysis_dataset_deduplicated\jplag_input\gigel-si-raspandirea-vestilor\java\1314237558.java,source_file
gigel-si-raspandirea-vestilor,1314237013,data\analysis_dataset_deduplicated\submissions\gigel-si-raspandirea-vestilor\1314237013.java,source_file
gigel-si-raspandirea-vestilor,1314237013,data\analysis_dataset_deduplicated\jplag_input\gigel-si-raspandirea-vestilor\java\1314237013.java,source_file
gigel-si-raspandirea-vestilor,1314239651,data\analysis_dataset_deduplicated\submissions\gigel-si-raspandirea-vestilor\1314239651.java,source_file
gigel-si-raspandirea-vestilor,1314239651,data\analysis_dataset_deduplicated\jplag_input\gigel-si-raspandirea-vestilor\java\1314239651.java,source_file
gigel-si-raspandirea-vestilor,1314234653,data\analysis_dataset_deduplicated\submissions\gigel-si-raspandirea-vestilor\1314234653.java,source_file
gigel-si-raspandirea-vestilor,1314234653,data\analysis_dataset_deduplicated\jplag_input\gigel-si-raspandirea-vestilor\java\1314234653.java,source_file
gigel-si-raspandirea-vestilor,1333804494,data\analysis_dataset_deduplicated\submissions\gigel-si-raspandirea-vestilor\1333804494.cpp,source_file
gigel-si-raspandirea-vestilor,1333804494,data\analysis_dataset_deduplicated\jplag_input\gigel-si-raspandirea-vestilor\cpp\1333804494.cpp,source_file
gigel-si-raspandirea-vestilor,1333777542,data\analysis_dataset_deduplicated\submissions\gigel-si-raspandirea-vestilor\1333777542.cpp,source_file
gigel-si-raspandirea-vestilor,1333777542,data\analysis_dataset_deduplicated\jplag_input\gigel-si-raspandirea-vestilor\cpp\1333777542.cpp,source_file
gigel-si-raspandirea-vestilor,1314235108,data\analysis_dataset_deduplicated\submissions\gigel-si-raspandirea-vestilor\1314235108.java,source_file
gigel-si-raspandirea-vestilor,1314235108,data\analysis_dataset_deduplicated\jplag_input\gigel-si-raspandirea-vestilor\java\1314235108.java,source_file
gigel-si-raspandirea-vestilor,1314235698,data\analysis_dataset_deduplicated\submissions\gigel-si-raspandirea-vestilor\1314235698.cpp,source_file
gigel-si-raspandirea-vestilor,1314235698,data\analysis_dataset_deduplicated\jplag_input\gigel-si-raspandirea-vestilor\cpp\1314235698.cpp,source_file
gigel-si-raspandirea-vestilor,1331970072,data\analysis_dataset_deduplicated\submissions\gigel-si-raspandirea-vestilor\1331970072.cpp,source_file
gigel-si-raspandirea-vestilor,1331970072,data\analysis_dataset_deduplicated\jplag_input\gigel-si-raspandirea-vestilor\cpp\1331970072.cpp,source_file
gigel-si-raspandirea-vestilor,1314235172,data\analysis_dataset_deduplicated\submissions\gigel-si-raspandirea-vestilor\1314235172.java,source_file
gigel-si-raspandirea-vestilor,1314235172,data\analysis_dataset_deduplicated\jplag_input\gigel-si-raspandirea-vestilor\java\1314235172.java,source_file
gigel-si-raspandirea-vestilor,1314235897,data\analysis_dataset_deduplicated\submissions\gigel-si-raspandirea-vestilor\1314235897.cpp,source_file
gigel-si-raspandirea-vestilor,1314235897,data\analysis_dataset_deduplicated\jplag_input\gigel-si-raspandirea-vestilor\cpp\1314235897.cpp,source_file
gigel-si-raspandirea-vestilor,1314237679,data\analysis_dataset_deduplicated\submissions\gigel-si-raspandirea-vestilor\1314237679.java,source_file
gigel-si-raspandirea-vestilor,1314237679,data\analysis_dataset_deduplicated\jplag_input\gigel-si-raspandirea-vestilor\java\1314237679.java,source_file
gigel-si-raspandirea-vestilor,1314237837,data\analysis_dataset_deduplicated\submissions\gigel-si-raspandirea-vestilor\1314237837.java,source_file
gigel-si-raspandirea-vestilor,1314237837,data\analysis_dataset_deduplicated\jplag_input\gigel-si-raspandirea-vestilor\java\1314237837.java,source_file
gigel-si-raspandirea-vestilor,1314236985,data\analysis_dataset_deduplicated\submissions\gigel-si-raspandirea-vestilor\1314236985.java,source_file
gigel-si-raspandirea-vestilor,1314236985,data\analysis_dataset_deduplicated\jplag_input\gigel-si-raspandirea-vestilor\java\1314236985.java,source_file
gigel-si-raspandirea-vestilor,1408435667,data\analysis_dataset_deduplicated\submissions\gigel-si-raspandirea-vestilor\1408435667.cpp,source_file
gigel-si-raspandirea-vestilor,1408435667,data\analysis_dataset_deduplicated\jplag_input\gigel-si-raspandirea-vestilor\cpp\1408435667.cpp,source_file
gigel-si-raspandirea-vestilor,1314235951,data\analysis_dataset_deduplicated\submissions\gigel-si-raspandirea-vestilor\1314235951.java,source_file
gigel-si-raspandirea-vestilor,1314235951,data\analysis_dataset_deduplicated\jplag_input\gigel-si-raspandirea-vestilor\java\1314235951.java,source_file
gigel-si-raspandirea-vestilor,1408560905,data\analysis_dataset_deduplicated\submissions\gigel-si-raspandirea-vestilor\1408560905.cpp,source_file
gigel-si-raspandirea-vestilor,1408560905,data\analysis_dataset_deduplicated\jplag_input\gigel-si-raspandirea-vestilor\cpp\1408560905.cpp,source_file
gigel-si-raspandirea-vestilor,1314237404,data\analysis_dataset_deduplicated\submissions\gigel-si-raspandirea-vestilor\1314237404.cpp,source_file
gigel-si-raspandirea-vestilor,1314237404,data\analysis_dataset_deduplicated\jplag_input\gigel-si-raspandirea-vestilor\cpp\1314237404.cpp,source_file
gigel-si-raspandirea-vestilor,1323453229,data\analysis_dataset_deduplicated\submissions\gigel-si-raspandirea-vestilor\1323453229.java,source_file
gigel-si-raspandirea-vestilor,1323453229,data\analysis_dataset_deduplicated\jplag_input\gigel-si-raspandirea-vestilor\java\1323453229.java,source_file
gigel-si-raspandirea-vestilor,1344603940,data\analysis_dataset_deduplicated\submissions\gigel-si-raspandirea-vestilor\1344603940.cpp,source_file
gigel-si-raspandirea-vestilor,1344603940,data\analysis_dataset_deduplicated\jplag_input\gigel-si-raspandirea-vestilor\cpp\1344603940.cpp,source_file
gigel-si-raspandirea-vestilor,1314237653,data\analysis_dataset_deduplicated\submissions\gigel-si-raspandirea-vestilor\1314237653.java,source_file
gigel-si-raspandirea-vestilor,1314237653,data\analysis_dataset_deduplicated\jplag_input\gigel-si-raspandirea-vestilor\java\1314237653.java,source_file
gigel-si-raspandirea-vestilor,1314234917,data\analysis_dataset_deduplicated\submissions\gigel-si-raspandirea-vestilor\1314234917.cpp,source_file
gigel-si-raspandirea-vestilor,1314234917,data\analysis_dataset_deduplicated\jplag_input\gigel-si-raspandirea-vestilor\cpp\1314234917.cpp,source_file
gigel-si-raspandirea-vestilor,1314235962,data\analysis_dataset_deduplicated\submissions\gigel-si-raspandirea-vestilor\1314235962.cpp,source_file
gigel-si-raspandirea-vestilor,1314235962,data\analysis_dataset_deduplicated\jplag_input\gigel-si-raspandirea-vestilor\cpp\1314235962.cpp,source_file
gigel-si-raspandirea-vestilor,1314236398,data\analysis_dataset_deduplicated\submissions\gigel-si-raspandirea-vestilor\1314236398.java,source_file
gigel-si-raspandirea-vestilor,1314236398,data\analysis_dataset_deduplicated\jplag_input\gigel-si-raspandirea-vestilor\java\1314236398.java,source_file
gigel-si-raspandirea-vestilor,1378121512,data\analysis_dataset_deduplicated\submissions\gigel-si-raspandirea-vestilor\1378121512.java,source_file
gigel-si-raspandirea-vestilor,1378121512,data\analysis_dataset_deduplicated\jplag_input\gigel-si-raspandirea-vestilor\java\1378121512.java,source_file
gigel-si-raspandirea-vestilor,1314235600,data\analysis_dataset_deduplicated\submissions\gigel-si-raspandirea-vestilor\1314235600.java,source_file
gigel-si-raspandirea-vestilor,1314235600,data\analysis_dataset_deduplicated\jplag_input\gigel-si-raspandirea-vestilor\java\1314235600.java,source_file
gigel-si-raspandirea-vestilor,1314237338,data\analysis_dataset_deduplicated\submissions\gigel-si-raspandirea-vestilor\1314237338.java,source_file
gigel-si-raspandirea-vestilor,1314237338,data\analysis_dataset_deduplicated\jplag_input\gigel-si-raspandirea-vestilor\java\1314237338.java,source_file
gigel-si-raspandirea-vestilor,1314237709,data\analysis_dataset_deduplicated\submissions\gigel-si-raspandirea-vestilor\1314237709.java,source_file
gigel-si-raspandirea-vestilor,1314237709,data\analysis_dataset_deduplicated\jplag_input\gigel-si-raspandirea-vestilor\java\1314237709.java,source_file
gigel-si-raspandirea-vestilor,1314236483,data\analysis_dataset_deduplicated\submissions\gigel-si-raspandirea-vestilor\1314236483.cpp,source_file
gigel-si-raspandirea-vestilor,1314236483,data\analysis_dataset_deduplicated\jplag_input\gigel-si-raspandirea-vestilor\cpp\1314236483.cpp,source_file
gigel-si-raspandirea-vestilor,1408520356,data\analysis_dataset_deduplicated\submissions\gigel-si-raspandirea-vestilor\1408520356.cpp,source_file
gigel-si-raspandirea-vestilor,1408520356,data\analysis_dataset_deduplicated\jplag_input\gigel-si-raspandirea-vestilor\cpp\1408520356.cpp,source_file
gigel-si-raspandirea-vestilor,1344638149,data\analysis_dataset_deduplicated\submissions\gigel-si-raspandirea-vestilor\1344638149.java,source_file
gigel-si-raspandirea-vestilor,1344638149,data\analysis_dataset_deduplicated\jplag_input\gigel-si-raspandirea-vestilor\java\1344638149.java,source_file
gigel-si-raspandirea-vestilor,1314235468,data\analysis_dataset_deduplicated\submissions\gigel-si-raspandirea-vestilor\1314235468.cpp,source_file
gigel-si-raspandirea-vestilor,1314235468,data\analysis_dataset_deduplicated\jplag_input\gigel-si-raspandirea-vestilor\cpp\1314235468.cpp,source_file
gigel-si-raspandirea-vestilor,1323452096,data\analysis_dataset_deduplicated\submissions\gigel-si-raspandirea-vestilor\1323452096.cpp,source_file
gigel-si-raspandirea-vestilor,1323452096,data\analysis_dataset_deduplicated\jplag_input\gigel-si-raspandirea-vestilor\cpp\1323452096.cpp,source_file
gigel-si-raspandirea-vestilor,1391770134,data\analysis_dataset_deduplicated\submissions\gigel-si-raspandirea-vestilor\1391770134.cpp,source_file
gigel-si-raspandirea-vestilor,1391770134,data\analysis_dataset_deduplicated\jplag_input\gigel-si-raspandirea-vestilor\cpp\1391770134.cpp,source_file
gigel-si-raspandirea-vestilor,1333804558,data\analysis_dataset_deduplicated\submissions\gigel-si-raspandirea-vestilor\1333804558.cpp,source_file
gigel-si-raspandirea-vestilor,1333804558,data\analysis_dataset_deduplicated\jplag_input\gigel-si-raspandirea-vestilor\cpp\1333804558.cpp,source_file
gigel-si-sosetele,1314237771,data\analysis_dataset_deduplicated\submissions\gigel-si-sosetele\1314237771.java,source_file
gigel-si-sosetele,1314237771,data\analysis_dataset_deduplicated\jplag_input\gigel-si-sosetele\java\1314237771.java,source_file
gigel-si-sosetele,1378119359,data\analysis_dataset_deduplicated\submissions\gigel-si-sosetele\1378119359.cpp,source_file
gigel-si-sosetele,1378119359,data\analysis_dataset_deduplicated\jplag_input\gigel-si-sosetele\cpp\1378119359.cpp,source_file
gigel-si-sosetele,1314237447,data\analysis_dataset_deduplicated\submissions\gigel-si-sosetele\1314237447.java,source_file
gigel-si-sosetele,1314237447,data\analysis_dataset_deduplicated\jplag_input\gigel-si-sosetele\java\1314237447.java,source_file
gigel-si-sosetele,1314236733,data\analysis_dataset_deduplicated\submissions\gigel-si-sosetele\1314236733.java,source_file
gigel-si-sosetele,1314236733,data\analysis_dataset_deduplicated\jplag_input\gigel-si-sosetele\java\1314236733.java,source_file
gigel-si-sosetele,1361593026,data\analysis_dataset_deduplicated\submissions\gigel-si-sosetele\1361593026.cpp,source_file
gigel-si-sosetele,1361593026,data\analysis_dataset_deduplicated\jplag_input\gigel-si-sosetele\cpp\1361593026.cpp,source_file
gigel-si-sosetele,1314237131,data\analysis_dataset_deduplicated\submissions\gigel-si-sosetele\1314237131.cpp,source_file
gigel-si-sosetele,1314237131,data\analysis_dataset_deduplicated\jplag_input\gigel-si-sosetele\cpp\1314237131.cpp,source_file
gigel-si-sosetele,1314237773,data\analysis_dataset_deduplicated\submissions\gigel-si-sosetele\1314237773.cpp,source_file
gigel-si-sosetele,1314237773,data\analysis_dataset_deduplicated\jplag_input\gigel-si-sosetele\cpp\1314237773.cpp,source_file
gigel-si-sosetele,1344637646,data\analysis_dataset_deduplicated\submissions\gigel-si-sosetele\1344637646.cpp,source_file
gigel-si-sosetele,1344637646,data\analysis_dataset_deduplicated\jplag_input\gigel-si-sosetele\cpp\1344637646.cpp,source_file
gigel-si-sosetele,1332757083,data\analysis_dataset_deduplicated\submissions\gigel-si-sosetele\1332757083.cpp,source_file
gigel-si-sosetele,1332757083,data\analysis_dataset_deduplicated\jplag_input\gigel-si-sosetele\cpp\1332757083.cpp,source_file
gigel-si-sosetele,1314237656,data\analysis_dataset_deduplicated\submissions\gigel-si-sosetele\1314237656.cpp,source_file
gigel-si-sosetele,1314237656,data\analysis_dataset_deduplicated\jplag_input\gigel-si-sosetele\cpp\1314237656.cpp,source_file
gigel-si-sosetele,1314237071,data\analysis_dataset_deduplicated\submissions\gigel-si-sosetele\1314237071.cpp,source_file
gigel-si-sosetele,1314237071,data\analysis_dataset_deduplicated\jplag_input\gigel-si-sosetele\cpp\1314237071.cpp,source_file
gigel-si-sosetele,1314237416,data\analysis_dataset_deduplicated\submissions\gigel-si-sosetele\1314237416.cpp,source_file
gigel-si-sosetele,1314237416,data\analysis_dataset_deduplicated\jplag_input\gigel-si-sosetele\cpp\1314237416.cpp,source_file
gigel-si-sosetele,1314236438,data\analysis_dataset_deduplicated\submissions\gigel-si-sosetele\1314236438.java,source_file
gigel-si-sosetele,1314236438,data\analysis_dataset_deduplicated\jplag_input\gigel-si-sosetele\java\1314236438.java,source_file
gigel-si-sosetele,1332742565,data\analysis_dataset_deduplicated\submissions\gigel-si-sosetele\1332742565.cpp,source_file
gigel-si-sosetele,1332742565,data\analysis_dataset_deduplicated\jplag_input\gigel-si-sosetele\cpp\1332742565.cpp,source_file
gigel-si-sosetele,1314234785,data\analysis_dataset_deduplicated\submissions\gigel-si-sosetele\1314234785.cpp,source_file
gigel-si-sosetele,1314234785,data\analysis_dataset_deduplicated\jplag_input\gigel-si-sosetele\cpp\1314234785.cpp,source_file
gigel-si-sosetele,1378159258,data\analysis_dataset_deduplicated\submissions\gigel-si-sosetele\1378159258.java,source_file
gigel-si-sosetele,1378159258,data\analysis_dataset_deduplicated\jplag_input\gigel-si-sosetele\java\1378159258.java,source_file
gigel-si-sosetele,1314236339,data\analysis_dataset_deduplicated\submissions\gigel-si-sosetele\1314236339.java,source_file
gigel-si-sosetele,1314236339,data\analysis_dataset_deduplicated\jplag_input\gigel-si-sosetele\java\1314236339.java,source_file
gigel-si-sosetele,1332712258,data\analysis_dataset_deduplicated\submissions\gigel-si-sosetele\1332712258.java,source_file
gigel-si-sosetele,1332712258,data\analysis_dataset_deduplicated\jplag_input\gigel-si-sosetele\java\1332712258.java,source_file
gigel-si-sosetele,1314236261,data\analysis_dataset_deduplicated\submissions\gigel-si-sosetele\1314236261.cpp,source_file
gigel-si-sosetele,1314236261,data\analysis_dataset_deduplicated\jplag_input\gigel-si-sosetele\cpp\1314236261.cpp,source_file
gigel-si-sosetele,1323442848,data\analysis_dataset_deduplicated\submissions\gigel-si-sosetele\1323442848.cpp,source_file
gigel-si-sosetele,1323442848,data\analysis_dataset_deduplicated\jplag_input\gigel-si-sosetele\cpp\1323442848.cpp,source_file
gigel-si-sosetele,1314237527,data\analysis_dataset_deduplicated\submissions\gigel-si-sosetele\1314237527.java,source_file
gigel-si-sosetele,1314237527,data\analysis_dataset_deduplicated\jplag_input\gigel-si-sosetele\java\1314237527.java,source_file
gigel-si-sosetele,1323451835,data\analysis_dataset_deduplicated\submissions\gigel-si-sosetele\1323451835.java,source_file
gigel-si-sosetele,1323451835,data\analysis_dataset_deduplicated\jplag_input\gigel-si-sosetele\java\1323451835.java,source_file
gigel-si-sosetele,1314236601,data\analysis_dataset_deduplicated\submissions\gigel-si-sosetele\1314236601.java,source_file
gigel-si-sosetele,1314236601,data\analysis_dataset_deduplicated\jplag_input\gigel-si-sosetele\java\1314236601.java,source_file
gigel-si-sosetele,1314237331,data\analysis_dataset_deduplicated\submissions\gigel-si-sosetele\1314237331.cpp,source_file
gigel-si-sosetele,1314237331,data\analysis_dataset_deduplicated\jplag_input\gigel-si-sosetele\cpp\1314237331.cpp,source_file
gigel-si-sosetele,1314236824,data\analysis_dataset_deduplicated\submissions\gigel-si-sosetele\1314236824.java,source_file
gigel-si-sosetele,1314236824,data\analysis_dataset_deduplicated\jplag_input\gigel-si-sosetele\java\1314236824.java,source_file
gigel-si-sosetele,1314235959,data\analysis_dataset_deduplicated\submissions\gigel-si-sosetele\1314235959.cpp,source_file
gigel-si-sosetele,1314235959,data\analysis_dataset_deduplicated\jplag_input\gigel-si-sosetele\cpp\1314235959.cpp,source_file
gigel-si-sosetele,1314237382,data\analysis_dataset_deduplicated\submissions\gigel-si-sosetele\1314237382.cpp,source_file
gigel-si-sosetele,1314237382,data\analysis_dataset_deduplicated\jplag_input\gigel-si-sosetele\cpp\1314237382.cpp,source_file
gigel-si-sosetele,1332754182,data\analysis_dataset_deduplicated\submissions\gigel-si-sosetele\1332754182.cpp,source_file
gigel-si-sosetele,1332754182,data\analysis_dataset_deduplicated\jplag_input\gigel-si-sosetele\cpp\1332754182.cpp,source_file
gigel-si-sosetele,1314237657,data\analysis_dataset_deduplicated\submissions\gigel-si-sosetele\1314237657.java,source_file
gigel-si-sosetele,1314237657,data\analysis_dataset_deduplicated\jplag_input\gigel-si-sosetele\java\1314237657.java,source_file
gigel-si-sosetele,1314236906,data\analysis_dataset_deduplicated\submissions\gigel-si-sosetele\1314236906.cpp,source_file
gigel-si-sosetele,1314236906,data\analysis_dataset_deduplicated\jplag_input\gigel-si-sosetele\cpp\1314236906.cpp,source_file
gigel-si-sosetele,1314237091,data\analysis_dataset_deduplicated\submissions\gigel-si-sosetele\1314237091.cpp,source_file
gigel-si-sosetele,1314237091,data\analysis_dataset_deduplicated\jplag_input\gigel-si-sosetele\cpp\1314237091.cpp,source_file
gigel-si-sosetele,1314237070,data\analysis_dataset_deduplicated\submissions\gigel-si-sosetele\1314237070.java,source_file
gigel-si-sosetele,1314237070,data\analysis_dataset_deduplicated\jplag_input\gigel-si-sosetele\java\1314237070.java,source_file
gigel-si-sosetele,1314237683,data\analysis_dataset_deduplicated\submissions\gigel-si-sosetele\1314237683.java,source_file
gigel-si-sosetele,1314237683,data\analysis_dataset_deduplicated\jplag_input\gigel-si-sosetele\java\1314237683.java,source_file
gigel-si-sosetele,1378159141,data\analysis_dataset_deduplicated\submissions\gigel-si-sosetele\1378159141.java,source_file
gigel-si-sosetele,1378159141,data\analysis_dataset_deduplicated\jplag_input\gigel-si-sosetele\java\1378159141.java,source_file
gigel-si-sosetele,1391927136,data\analysis_dataset_deduplicated\submissions\gigel-si-sosetele\1391927136.cpp,source_file
gigel-si-sosetele,1391927136,data\analysis_dataset_deduplicated\jplag_input\gigel-si-sosetele\cpp\1391927136.cpp,source_file
gigel-si-sosetele,1314236041,data\analysis_dataset_deduplicated\submissions\gigel-si-sosetele\1314236041.java,source_file
gigel-si-sosetele,1314236041,data\analysis_dataset_deduplicated\jplag_input\gigel-si-sosetele\java\1314236041.java,source_file
gigel-si-sosetele,1314237167,data\analysis_dataset_deduplicated\submissions\gigel-si-sosetele\1314237167.cpp,source_file
gigel-si-sosetele,1314237167,data\analysis_dataset_deduplicated\jplag_input\gigel-si-sosetele\cpp\1314237167.cpp,source_file
gigel-si-sosetele,1323076188,data\analysis_dataset_deduplicated\submissions\gigel-si-sosetele\1323076188.cpp,source_file
gigel-si-sosetele,1323076188,data\analysis_dataset_deduplicated\jplag_input\gigel-si-sosetele\cpp\1323076188.cpp,source_file
gigel-si-sosetele,1391935316,data\analysis_dataset_deduplicated\submissions\gigel-si-sosetele\1391935316.java,source_file
gigel-si-sosetele,1391935316,data\analysis_dataset_deduplicated\jplag_input\gigel-si-sosetele\java\1391935316.java,source_file
gigel-si-sosetele,1314237027,data\analysis_dataset_deduplicated\submissions\gigel-si-sosetele\1314237027.cpp,source_file
gigel-si-sosetele,1314237027,data\analysis_dataset_deduplicated\jplag_input\gigel-si-sosetele\cpp\1314237027.cpp,source_file
gigel-si-sosetele,1314237127,data\analysis_dataset_deduplicated\submissions\gigel-si-sosetele\1314237127.cpp,source_file
gigel-si-sosetele,1314237127,data\analysis_dataset_deduplicated\jplag_input\gigel-si-sosetele\cpp\1314237127.cpp,source_file
gigel-si-sosetele,1314236670,data\analysis_dataset_deduplicated\submissions\gigel-si-sosetele\1314236670.cpp,source_file
gigel-si-sosetele,1314236670,data\analysis_dataset_deduplicated\jplag_input\gigel-si-sosetele\cpp\1314236670.cpp,source_file
gigel-si-sosetele,1314238147,data\analysis_dataset_deduplicated\submissions\gigel-si-sosetele\1314238147.java,source_file
gigel-si-sosetele,1314238147,data\analysis_dataset_deduplicated\jplag_input\gigel-si-sosetele\java\1314238147.java,source_file
gigel-si-sosetele,1314237361,data\analysis_dataset_deduplicated\submissions\gigel-si-sosetele\1314237361.cpp,source_file
gigel-si-sosetele,1314237361,data\analysis_dataset_deduplicated\jplag_input\gigel-si-sosetele\cpp\1314237361.cpp,source_file
gigel-si-sosetele,1314237191,data\analysis_dataset_deduplicated\submissions\gigel-si-sosetele\1314237191.cpp,source_file
gigel-si-sosetele,1314237191,data\analysis_dataset_deduplicated\jplag_input\gigel-si-sosetele\cpp\1314237191.cpp,source_file
gigel-si-sosetele,1323442435,data\analysis_dataset_deduplicated\submissions\gigel-si-sosetele\1323442435.cpp,source_file
gigel-si-sosetele,1323442435,data\analysis_dataset_deduplicated\jplag_input\gigel-si-sosetele\cpp\1323442435.cpp,source_file
gigel-si-sosetele,1314237574,data\analysis_dataset_deduplicated\submissions\gigel-si-sosetele\1314237574.cpp,source_file
gigel-si-sosetele,1314237574,data\analysis_dataset_deduplicated\jplag_input\gigel-si-sosetele\cpp\1314237574.cpp,source_file
gigel-si-sosetele,1314236416,data\analysis_dataset_deduplicated\submissions\gigel-si-sosetele\1314236416.cpp,source_file
gigel-si-sosetele,1314236416,data\analysis_dataset_deduplicated\jplag_input\gigel-si-sosetele\cpp\1314236416.cpp,source_file
gigel-si-sosetele,1378159110,data\analysis_dataset_deduplicated\submissions\gigel-si-sosetele\1378159110.java,source_file
gigel-si-sosetele,1378159110,data\analysis_dataset_deduplicated\jplag_input\gigel-si-sosetele\java\1378159110.java,source_file
gigel-si-sosetele,1344610353,data\analysis_dataset_deduplicated\submissions\gigel-si-sosetele\1344610353.cpp,source_file
gigel-si-sosetele,1344610353,data\analysis_dataset_deduplicated\jplag_input\gigel-si-sosetele\cpp\1344610353.cpp,source_file
gigel-si-sosetele,1314237423,data\analysis_dataset_deduplicated\submissions\gigel-si-sosetele\1314237423.cpp,source_file
gigel-si-sosetele,1314237423,data\analysis_dataset_deduplicated\jplag_input\gigel-si-sosetele\cpp\1314237423.cpp,source_file
gigel-si-sosetele,1332764709,data\analysis_dataset_deduplicated\submissions\gigel-si-sosetele\1332764709.cpp,source_file
gigel-si-sosetele,1332764709,data\analysis_dataset_deduplicated\jplag_input\gigel-si-sosetele\cpp\1332764709.cpp,source_file
gigel-si-sosetele,1332621488,data\analysis_dataset_deduplicated\submissions\gigel-si-sosetele\1332621488.java,source_file
gigel-si-sosetele,1332621488,data\analysis_dataset_deduplicated\jplag_input\gigel-si-sosetele\java\1332621488.java,source_file
gigel-si-sosetele,1314237397,data\analysis_dataset_deduplicated\submissions\gigel-si-sosetele\1314237397.cpp,source_file
gigel-si-sosetele,1314237397,data\analysis_dataset_deduplicated\jplag_input\gigel-si-sosetele\cpp\1314237397.cpp,source_file
gigel-si-sosetele,1378159278,data\analysis_dataset_deduplicated\submissions\gigel-si-sosetele\1378159278.java,source_file
gigel-si-sosetele,1378159278,data\analysis_dataset_deduplicated\jplag_input\gigel-si-sosetele\java\1378159278.java,source_file
gigel-si-sosetele,1314237742,data\analysis_dataset_deduplicated\submissions\gigel-si-sosetele\1314237742.java,source_file
gigel-si-sosetele,1314237742,data\analysis_dataset_deduplicated\jplag_input\gigel-si-sosetele\java\1314237742.java,source_file
gigel-si-sosetele,1314237003,data\analysis_dataset_deduplicated\submissions\gigel-si-sosetele\1314237003.java,source_file
gigel-si-sosetele,1314237003,data\analysis_dataset_deduplicated\jplag_input\gigel-si-sosetele\java\1314237003.java,source_file
gigel-si-sosetele,1314237855,data\analysis_dataset_deduplicated\submissions\gigel-si-sosetele\1314237855.java,source_file
gigel-si-sosetele,1314237855,data\analysis_dataset_deduplicated\jplag_input\gigel-si-sosetele\java\1314237855.java,source_file
gigel-si-sosetele,1323432774,data\analysis_dataset_deduplicated\submissions\gigel-si-sosetele\1323432774.cpp,source_file
gigel-si-sosetele,1323432774,data\analysis_dataset_deduplicated\jplag_input\gigel-si-sosetele\cpp\1323432774.cpp,source_file
gigel-si-sosetele,1314236084,data\analysis_dataset_deduplicated\submissions\gigel-si-sosetele\1314236084.cpp,source_file
gigel-si-sosetele,1314236084,data\analysis_dataset_deduplicated\jplag_input\gigel-si-sosetele\cpp\1314236084.cpp,source_file
gigel-si-sosetele,1314237122,data\analysis_dataset_deduplicated\submissions\gigel-si-sosetele\1314237122.cpp,source_file
gigel-si-sosetele,1314237122,data\analysis_dataset_deduplicated\jplag_input\gigel-si-sosetele\cpp\1314237122.cpp,source_file
gigel-si-sosetele,1314236503,data\analysis_dataset_deduplicated\submissions\gigel-si-sosetele\1314236503.java,source_file
gigel-si-sosetele,1314236503,data\analysis_dataset_deduplicated\jplag_input\gigel-si-sosetele\java\1314236503.java,source_file
gigel-si-sosetele,1314237113,data\analysis_dataset_deduplicated\submissions\gigel-si-sosetele\1314237113.cpp,source_file
gigel-si-sosetele,1314237113,data\analysis_dataset_deduplicated\jplag_input\gigel-si-sosetele\cpp\1314237113.cpp,source_file
gigel-si-sosetele,1314236527,data\analysis_dataset_deduplicated\submissions\gigel-si-sosetele\1314236527.java,source_file
gigel-si-sosetele,1314236527,data\analysis_dataset_deduplicated\jplag_input\gigel-si-sosetele\java\1314236527.java,source_file
gigel-si-sosetele,1314237688,data\analysis_dataset_deduplicated\submissions\gigel-si-sosetele\1314237688.java,source_file
gigel-si-sosetele,1314237688,data\analysis_dataset_deduplicated\jplag_input\gigel-si-sosetele\java\1314237688.java,source_file
gigel-si-sosetele,1314236849,data\analysis_dataset_deduplicated\submissions\gigel-si-sosetele\1314236849.cpp,source_file
gigel-si-sosetele,1314236849,data\analysis_dataset_deduplicated\jplag_input\gigel-si-sosetele\cpp\1314236849.cpp,source_file
gigel-si-sosetele,1332305719,data\analysis_dataset_deduplicated\submissions\gigel-si-sosetele\1332305719.cpp,source_file
gigel-si-sosetele,1332305719,data\analysis_dataset_deduplicated\jplag_input\gigel-si-sosetele\cpp\1332305719.cpp,source_file
gigel-si-sosetele,1378159313,data\analysis_dataset_deduplicated\submissions\gigel-si-sosetele\1378159313.java,source_file
gigel-si-sosetele,1378159313,data\analysis_dataset_deduplicated\jplag_input\gigel-si-sosetele\java\1378159313.java,source_file
gigel-si-sosetele,1323432742,data\analysis_dataset_deduplicated\submissions\gigel-si-sosetele\1323432742.cpp,source_file
gigel-si-sosetele,1323432742,data\analysis_dataset_deduplicated\jplag_input\gigel-si-sosetele\cpp\1323432742.cpp,source_file
gigel-si-sosetele,1323079467,data\analysis_dataset_deduplicated\submissions\gigel-si-sosetele\1323079467.cpp,source_file
gigel-si-sosetele,1323079467,data\analysis_dataset_deduplicated\jplag_input\gigel-si-sosetele\cpp\1323079467.cpp,source_file
gigel-si-sosetele,1314237813,data\analysis_dataset_deduplicated\submissions\gigel-si-sosetele\1314237813.java,source_file
gigel-si-sosetele,1314237813,data\analysis_dataset_deduplicated\jplag_input\gigel-si-sosetele\java\1314237813.java,source_file
gigel-si-sosetele,1314237187,data\analysis_dataset_deduplicated\submissions\gigel-si-sosetele\1314237187.java,source_file
gigel-si-sosetele,1314237187,data\analysis_dataset_deduplicated\jplag_input\gigel-si-sosetele\java\1314237187.java,source_file
gigel-si-sosetele,1314237674,data\analysis_dataset_deduplicated\submissions\gigel-si-sosetele\1314237674.cpp,source_file
gigel-si-sosetele,1314237674,data\analysis_dataset_deduplicated\jplag_input\gigel-si-sosetele\cpp\1314237674.cpp,source_file
gigel-si-sosetele,1391935455,data\analysis_dataset_deduplicated\submissions\gigel-si-sosetele\1391935455.java,source_file
gigel-si-sosetele,1391935455,data\analysis_dataset_deduplicated\jplag_input\gigel-si-sosetele\java\1391935455.java,source_file
gigel-si-sosetele,1314236183,data\analysis_dataset_deduplicated\submissions\gigel-si-sosetele\1314236183.java,source_file
gigel-si-sosetele,1314236183,data\analysis_dataset_deduplicated\jplag_input\gigel-si-sosetele\java\1314236183.java,source_file
gigel-si-sosetele,1323432489,data\analysis_dataset_deduplicated\submissions\gigel-si-sosetele\1323432489.cpp,source_file
gigel-si-sosetele,1323432489,data\analysis_dataset_deduplicated\jplag_input\gigel-si-sosetele\cpp\1323432489.cpp,source_file
gigel-si-sosetele,1314235367,data\analysis_dataset_deduplicated\submissions\gigel-si-sosetele\1314235367.cpp,source_file
gigel-si-sosetele,1314235367,data\analysis_dataset_deduplicated\jplag_input\gigel-si-sosetele\cpp\1314235367.cpp,source_file
gigel-si-sosetele,1314237820,data\analysis_dataset_deduplicated\submissions\gigel-si-sosetele\1314237820.cpp,source_file
gigel-si-sosetele,1314237820,data\analysis_dataset_deduplicated\jplag_input\gigel-si-sosetele\cpp\1314237820.cpp,source_file
gigel-si-sosetele,1378159340,data\analysis_dataset_deduplicated\submissions\gigel-si-sosetele\1378159340.java,source_file
gigel-si-sosetele,1378159340,data\analysis_dataset_deduplicated\jplag_input\gigel-si-sosetele\java\1378159340.java,source_file
gigel-si-sosetele,1314237364,data\analysis_dataset_deduplicated\submissions\gigel-si-sosetele\1314237364.java,source_file
gigel-si-sosetele,1314237364,data\analysis_dataset_deduplicated\jplag_input\gigel-si-sosetele\java\1314237364.java,source_file
gigel-si-sosetele,1314237446,data\analysis_dataset_deduplicated\submissions\gigel-si-sosetele\1314237446.cpp,source_file
gigel-si-sosetele,1314237446,data\analysis_dataset_deduplicated\jplag_input\gigel-si-sosetele\cpp\1314237446.cpp,source_file
gigel-si-sosetele,1391926859,data\analysis_dataset_deduplicated\submissions\gigel-si-sosetele\1391926859.cpp,source_file
gigel-si-sosetele,1391926859,data\analysis_dataset_deduplicated\jplag_input\gigel-si-sosetele\cpp\1391926859.cpp,source_file
gigel-si-sosetele,1333805428,data\analysis_dataset_deduplicated\submissions\gigel-si-sosetele\1333805428.java,source_file
gigel-si-sosetele,1333805428,data\analysis_dataset_deduplicated\jplag_input\gigel-si-sosetele\java\1333805428.java,source_file
gigel-si-sosetele,1314236413,data\analysis_dataset_deduplicated\submissions\gigel-si-sosetele\1314236413.cpp,source_file
gigel-si-sosetele,1314236413,data\analysis_dataset_deduplicated\jplag_input\gigel-si-sosetele\cpp\1314236413.cpp,source_file
gigel-si-sosetele,1323425476,data\analysis_dataset_deduplicated\submissions\gigel-si-sosetele\1323425476.cpp,source_file
gigel-si-sosetele,1323425476,data\analysis_dataset_deduplicated\jplag_input\gigel-si-sosetele\cpp\1323425476.cpp,source_file
gigel-si-sosetele,1314237555,data\analysis_dataset_deduplicated\submissions\gigel-si-sosetele\1314237555.cpp,source_file
gigel-si-sosetele,1314237555,data\analysis_dataset_deduplicated\jplag_input\gigel-si-sosetele\cpp\1314237555.cpp,source_file
gigel-si-sosetele,1314237815,data\analysis_dataset_deduplicated\submissions\gigel-si-sosetele\1314237815.java,source_file
gigel-si-sosetele,1314237815,data\analysis_dataset_deduplicated\jplag_input\gigel-si-sosetele\java\1314237815.java,source_file
gigel-si-sosetele,1314237625,data\analysis_dataset_deduplicated\submissions\gigel-si-sosetele\1314237625.cpp,source_file
gigel-si-sosetele,1314237625,data\analysis_dataset_deduplicated\jplag_input\gigel-si-sosetele\cpp\1314237625.cpp,source_file
gigel-si-sosetele,1314237807,data\analysis_dataset_deduplicated\submissions\gigel-si-sosetele\1314237807.java,source_file
gigel-si-sosetele,1314237807,data\analysis_dataset_deduplicated\jplag_input\gigel-si-sosetele\java\1314237807.java,source_file
gigel-si-sosetele,1323426260,data\analysis_dataset_deduplicated\submissions\gigel-si-sosetele\1323426260.java,source_file
gigel-si-sosetele,1323426260,data\analysis_dataset_deduplicated\jplag_input\gigel-si-sosetele\java\1323426260.java,source_file
gigel-si-sosetele,1314237636,data\analysis_dataset_deduplicated\submissions\gigel-si-sosetele\1314237636.cpp,source_file
gigel-si-sosetele,1314237636,data\analysis_dataset_deduplicated\jplag_input\gigel-si-sosetele\cpp\1314237636.cpp,source_file
gigel-si-sosetele,1323450489,data\analysis_dataset_deduplicated\submissions\gigel-si-sosetele\1323450489.java,source_file
gigel-si-sosetele,1323450489,data\analysis_dataset_deduplicated\jplag_input\gigel-si-sosetele\java\1323450489.java,source_file
gigel-si-sosetele,1314236308,data\analysis_dataset_deduplicated\submissions\gigel-si-sosetele\1314236308.cpp,source_file
gigel-si-sosetele,1314236308,data\analysis_dataset_deduplicated\jplag_input\gigel-si-sosetele\cpp\1314236308.cpp,source_file
gigel-si-sosetele,1314237570,data\analysis_dataset_deduplicated\submissions\gigel-si-sosetele\1314237570.java,source_file
gigel-si-sosetele,1314237570,data\analysis_dataset_deduplicated\jplag_input\gigel-si-sosetele\java\1314237570.java,source_file
gigel-si-sosetele,1314235986,data\analysis_dataset_deduplicated\submissions\gigel-si-sosetele\1314235986.cpp,source_file
gigel-si-sosetele,1314235986,data\analysis_dataset_deduplicated\jplag_input\gigel-si-sosetele\cpp\1314235986.cpp,source_file
gigel-si-sosetele,1323074055,data\analysis_dataset_deduplicated\submissions\gigel-si-sosetele\1323074055.cpp,source_file
gigel-si-sosetele,1323074055,data\analysis_dataset_deduplicated\jplag_input\gigel-si-sosetele\cpp\1323074055.cpp,source_file
gigel-si-sosetele,1323432408,data\analysis_dataset_deduplicated\submissions\gigel-si-sosetele\1323432408.cpp,source_file
gigel-si-sosetele,1323432408,data\analysis_dataset_deduplicated\jplag_input\gigel-si-sosetele\cpp\1323432408.cpp,source_file
gigel-si-sosetele,1314236212,data\analysis_dataset_deduplicated\submissions\gigel-si-sosetele\1314236212.cpp,source_file
gigel-si-sosetele,1314236212,data\analysis_dataset_deduplicated\jplag_input\gigel-si-sosetele\cpp\1314236212.cpp,source_file
gigel-si-sosetele,1314236696,data\analysis_dataset_deduplicated\submissions\gigel-si-sosetele\1314236696.cpp,source_file
gigel-si-sosetele,1314236696,data\analysis_dataset_deduplicated\jplag_input\gigel-si-sosetele\cpp\1314236696.cpp,source_file
gigel-si-sosetele,1314237782,data\analysis_dataset_deduplicated\submissions\gigel-si-sosetele\1314237782.cpp,source_file
gigel-si-sosetele,1314237782,data\analysis_dataset_deduplicated\jplag_input\gigel-si-sosetele\cpp\1314237782.cpp,source_file
gigel-si-sosetele,1314237195,data\analysis_dataset_deduplicated\submissions\gigel-si-sosetele\1314237195.java,source_file
gigel-si-sosetele,1314237195,data\analysis_dataset_deduplicated\jplag_input\gigel-si-sosetele\java\1314237195.java,source_file
gigel-si-sosetele,1344637038,data\analysis_dataset_deduplicated\submissions\gigel-si-sosetele\1344637038.java,source_file
gigel-si-sosetele,1344637038,data\analysis_dataset_deduplicated\jplag_input\gigel-si-sosetele\java\1344637038.java,source_file
gigel-si-sosetele,1378034093,data\analysis_dataset_deduplicated\submissions\gigel-si-sosetele\1378034093.cpp,source_file
gigel-si-sosetele,1378034093,data\analysis_dataset_deduplicated\jplag_input\gigel-si-sosetele\cpp\1378034093.cpp,source_file
gigel-si-sosetele,1314235920,data\analysis_dataset_deduplicated\submissions\gigel-si-sosetele\1314235920.java,source_file
gigel-si-sosetele,1314235920,data\analysis_dataset_deduplicated\jplag_input\gigel-si-sosetele\java\1314235920.java,source_file
gigel-si-sosetele,1323442703,data\analysis_dataset_deduplicated\submissions\gigel-si-sosetele\1323442703.cpp,source_file
gigel-si-sosetele,1323442703,data\analysis_dataset_deduplicated\jplag_input\gigel-si-sosetele\cpp\1323442703.cpp,source_file
gigel-si-sosetele,1378159672,data\analysis_dataset_deduplicated\submissions\gigel-si-sosetele\1378159672.cpp,source_file
gigel-si-sosetele,1378159672,data\analysis_dataset_deduplicated\jplag_input\gigel-si-sosetele\cpp\1378159672.cpp,source_file
gigel-si-sosetele,1314236150,data\analysis_dataset_deduplicated\submissions\gigel-si-sosetele\1314236150.java,source_file
gigel-si-sosetele,1314236150,data\analysis_dataset_deduplicated\jplag_input\gigel-si-sosetele\java\1314236150.java,source_file
gigel-si-sosetele,1323446120,data\analysis_dataset_deduplicated\submissions\gigel-si-sosetele\1323446120.cpp,source_file
gigel-si-sosetele,1323446120,data\analysis_dataset_deduplicated\jplag_input\gigel-si-sosetele\cpp\1323446120.cpp,source_file
gigel-si-sosetele,1314237326,data\analysis_dataset_deduplicated\submissions\gigel-si-sosetele\1314237326.java,source_file
gigel-si-sosetele,1314237326,data\analysis_dataset_deduplicated\jplag_input\gigel-si-sosetele\java\1314237326.java,source_file
gigel-si-sosetele,1314237008,data\analysis_dataset_deduplicated\submissions\gigel-si-sosetele\1314237008.cpp,source_file
gigel-si-sosetele,1314237008,data\analysis_dataset_deduplicated\jplag_input\gigel-si-sosetele\cpp\1314237008.cpp,source_file
gigel-si-sosetele,1323449323,data\analysis_dataset_deduplicated\submissions\gigel-si-sosetele\1323449323.java,source_file
gigel-si-sosetele,1323449323,data\analysis_dataset_deduplicated\jplag_input\gigel-si-sosetele\java\1323449323.java,source_file
gigel-si-sosetele,1314237263,data\analysis_dataset_deduplicated\submissions\gigel-si-sosetele\1314237263.java,source_file
gigel-si-sosetele,1314237263,data\analysis_dataset_deduplicated\jplag_input\gigel-si-sosetele\java\1314237263.java,source_file
gigel-si-sosetele,1323425620,data\analysis_dataset_deduplicated\submissions\gigel-si-sosetele\1323425620.cpp,source_file
gigel-si-sosetele,1323425620,data\analysis_dataset_deduplicated\jplag_input\gigel-si-sosetele\cpp\1323425620.cpp,source_file
gigel-si-sosetele,1314236405,data\analysis_dataset_deduplicated\submissions\gigel-si-sosetele\1314236405.cpp,source_file
gigel-si-sosetele,1314236405,data\analysis_dataset_deduplicated\jplag_input\gigel-si-sosetele\cpp\1314236405.cpp,source_file
gigel-si-sosetele,1314236330,data\analysis_dataset_deduplicated\submissions\gigel-si-sosetele\1314236330.cpp,source_file
gigel-si-sosetele,1314236330,data\analysis_dataset_deduplicated\jplag_input\gigel-si-sosetele\cpp\1314236330.cpp,source_file
gigel-si-sosetele,1314235295,data\analysis_dataset_deduplicated\submissions\gigel-si-sosetele\1314235295.cpp,source_file
gigel-si-sosetele,1314235295,data\analysis_dataset_deduplicated\jplag_input\gigel-si-sosetele\cpp\1314235295.cpp,source_file
gigel-si-sosetele,1314237279,data\analysis_dataset_deduplicated\submissions\gigel-si-sosetele\1314237279.java,source_file
gigel-si-sosetele,1314237279,data\analysis_dataset_deduplicated\jplag_input\gigel-si-sosetele\java\1314237279.java,source_file
gigel-si-sosetele,1314236774,data\analysis_dataset_deduplicated\submissions\gigel-si-sosetele\1314236774.java,source_file
gigel-si-sosetele,1314236774,data\analysis_dataset_deduplicated\jplag_input\gigel-si-sosetele\java\1314236774.java,source_file
gigel-si-sosetele,1323445337,data\analysis_dataset_deduplicated\submissions\gigel-si-sosetele\1323445337.cpp,source_file
gigel-si-sosetele,1323445337,data\analysis_dataset_deduplicated\jplag_input\gigel-si-sosetele\cpp\1323445337.cpp,source_file
gigel-si-sosetele,1323080111,data\analysis_dataset_deduplicated\submissions\gigel-si-sosetele\1323080111.java,source_file
gigel-si-sosetele,1323080111,data\analysis_dataset_deduplicated\jplag_input\gigel-si-sosetele\java\1323080111.java,source_file
gigel-si-sosetele,1323079492,data\analysis_dataset_deduplicated\submissions\gigel-si-sosetele\1323079492.cpp,source_file
gigel-si-sosetele,1323079492,data\analysis_dataset_deduplicated\jplag_input\gigel-si-sosetele\cpp\1323079492.cpp,source_file
gigel-si-sosetele,1314235350,data\analysis_dataset_deduplicated\submissions\gigel-si-sosetele\1314235350.cpp,source_file
gigel-si-sosetele,1314235350,data\analysis_dataset_deduplicated\jplag_input\gigel-si-sosetele\cpp\1314235350.cpp,source_file
gigel-si-sosetele,1323455607,data\analysis_dataset_deduplicated\submissions\gigel-si-sosetele\1323455607.cpp,source_file
gigel-si-sosetele,1323455607,data\analysis_dataset_deduplicated\jplag_input\gigel-si-sosetele\cpp\1323455607.cpp,source_file
gigel-si-sosetele,1314236587,data\analysis_dataset_deduplicated\submissions\gigel-si-sosetele\1314236587.java,source_file
gigel-si-sosetele,1314236587,data\analysis_dataset_deduplicated\jplag_input\gigel-si-sosetele\java\1314236587.java,source_file
gigel-si-sosetele,1314236737,data\analysis_dataset_deduplicated\submissions\gigel-si-sosetele\1314236737.cpp,source_file
gigel-si-sosetele,1314236737,data\analysis_dataset_deduplicated\jplag_input\gigel-si-sosetele\cpp\1314236737.cpp,source_file
gigel-si-sosetele,1323370083,data\analysis_dataset_deduplicated\submissions\gigel-si-sosetele\1323370083.java,source_file
gigel-si-sosetele,1323370083,data\analysis_dataset_deduplicated\jplag_input\gigel-si-sosetele\java\1323370083.java,source_file
gigel-si-sosetele,1314237211,data\analysis_dataset_deduplicated\submissions\gigel-si-sosetele\1314237211.java,source_file
gigel-si-sosetele,1314237211,data\analysis_dataset_deduplicated\jplag_input\gigel-si-sosetele\java\1314237211.java,source_file
gigel-si-sosetele,1314237098,data\analysis_dataset_deduplicated\submissions\gigel-si-sosetele\1314237098.cpp,source_file
gigel-si-sosetele,1314237098,data\analysis_dataset_deduplicated\jplag_input\gigel-si-sosetele\cpp\1314237098.cpp,source_file
gigel-si-sosetele,1323446447,data\analysis_dataset_deduplicated\submissions\gigel-si-sosetele\1323446447.cpp,source_file
gigel-si-sosetele,1323446447,data\analysis_dataset_deduplicated\jplag_input\gigel-si-sosetele\cpp\1323446447.cpp,source_file
gigel-si-sosetele,1314237103,data\analysis_dataset_deduplicated\submissions\gigel-si-sosetele\1314237103.cpp,source_file
gigel-si-sosetele,1314237103,data\analysis_dataset_deduplicated\jplag_input\gigel-si-sosetele\cpp\1314237103.cpp,source_file
gigel-si-sosetele,1314235998,data\analysis_dataset_deduplicated\submissions\gigel-si-sosetele\1314235998.cpp,source_file
gigel-si-sosetele,1314235998,data\analysis_dataset_deduplicated\jplag_input\gigel-si-sosetele\cpp\1314235998.cpp,source_file
gigel-si-sosetele,1378121021,data\analysis_dataset_deduplicated\submissions\gigel-si-sosetele\1378121021.java,source_file
gigel-si-sosetele,1378121021,data\analysis_dataset_deduplicated\jplag_input\gigel-si-sosetele\java\1378121021.java,source_file
gigel-si-sosetele,1344637589,data\analysis_dataset_deduplicated\submissions\gigel-si-sosetele\1344637589.cpp,source_file
gigel-si-sosetele,1344637589,data\analysis_dataset_deduplicated\jplag_input\gigel-si-sosetele\cpp\1344637589.cpp,source_file
gigel-si-sosetele,1314236895,data\analysis_dataset_deduplicated\submissions\gigel-si-sosetele\1314236895.cpp,source_file
gigel-si-sosetele,1314236895,data\analysis_dataset_deduplicated\jplag_input\gigel-si-sosetele\cpp\1314236895.cpp,source_file
gigel-si-sosetele,1314237260,data\analysis_dataset_deduplicated\submissions\gigel-si-sosetele\1314237260.java,source_file
gigel-si-sosetele,1314237260,data\analysis_dataset_deduplicated\jplag_input\gigel-si-sosetele\java\1314237260.java,source_file
gigel-si-sosetele,1314237780,data\analysis_dataset_deduplicated\submissions\gigel-si-sosetele\1314237780.java,source_file
gigel-si-sosetele,1314237780,data\analysis_dataset_deduplicated\jplag_input\gigel-si-sosetele\java\1314237780.java,source_file
gigel-si-sosetele,1323432896,data\analysis_dataset_deduplicated\submissions\gigel-si-sosetele\1323432896.cpp,source_file
gigel-si-sosetele,1323432896,data\analysis_dataset_deduplicated\jplag_input\gigel-si-sosetele\cpp\1323432896.cpp,source_file
gigel-si-sosetele,1378159179,data\analysis_dataset_deduplicated\submissions\gigel-si-sosetele\1378159179.java,source_file
gigel-si-sosetele,1378159179,data\analysis_dataset_deduplicated\jplag_input\gigel-si-sosetele\java\1378159179.java,source_file
gigel-si-sosetele,1314236098,data\analysis_dataset_deduplicated\submissions\gigel-si-sosetele\1314236098.cpp,source_file
gigel-si-sosetele,1314236098,data\analysis_dataset_deduplicated\jplag_input\gigel-si-sosetele\cpp\1314236098.cpp,source_file
gigel-si-sosetele,1323426267,data\analysis_dataset_deduplicated\submissions\gigel-si-sosetele\1323426267.cpp,source_file
gigel-si-sosetele,1323426267,data\analysis_dataset_deduplicated\jplag_input\gigel-si-sosetele\cpp\1323426267.cpp,source_file
gigel-si-sosetele,1344637177,data\analysis_dataset_deduplicated\submissions\gigel-si-sosetele\1344637177.java,source_file
gigel-si-sosetele,1344637177,data\analysis_dataset_deduplicated\jplag_input\gigel-si-sosetele\java\1344637177.java,source_file
gigel-si-sosetele,1323432824,data\analysis_dataset_deduplicated\submissions\gigel-si-sosetele\1323432824.cpp,source_file
gigel-si-sosetele,1323432824,data\analysis_dataset_deduplicated\jplag_input\gigel-si-sosetele\cpp\1323432824.cpp,source_file
gigel-si-sosetele,1314237532,data\analysis_dataset_deduplicated\submissions\gigel-si-sosetele\1314237532.java,source_file
gigel-si-sosetele,1314237532,data\analysis_dataset_deduplicated\jplag_input\gigel-si-sosetele\java\1314237532.java,source_file
gigel-si-sosetele,1314235389,data\analysis_dataset_deduplicated\submissions\gigel-si-sosetele\1314235389.cpp,source_file
gigel-si-sosetele,1314235389,data\analysis_dataset_deduplicated\jplag_input\gigel-si-sosetele\cpp\1314235389.cpp,source_file
gigel-si-sosetele,1323426197,data\analysis_dataset_deduplicated\submissions\gigel-si-sosetele\1323426197.cpp,source_file
gigel-si-sosetele,1323426197,data\analysis_dataset_deduplicated\jplag_input\gigel-si-sosetele\cpp\1323426197.cpp,source_file
gigel-si-sosetele,1344613861,data\analysis_dataset_deduplicated\submissions\gigel-si-sosetele\1344613861.java,source_file
gigel-si-sosetele,1344613861,data\analysis_dataset_deduplicated\jplag_input\gigel-si-sosetele\java\1344613861.java,source_file
gigel-si-sosetele,1314237153,data\analysis_dataset_deduplicated\submissions\gigel-si-sosetele\1314237153.cpp,source_file
gigel-si-sosetele,1314237153,data\analysis_dataset_deduplicated\jplag_input\gigel-si-sosetele\cpp\1314237153.cpp,source_file
gigel-si-sosetele,1314236998,data\analysis_dataset_deduplicated\submissions\gigel-si-sosetele\1314236998.cpp,source_file
gigel-si-sosetele,1314236998,data\analysis_dataset_deduplicated\jplag_input\gigel-si-sosetele\cpp\1314236998.cpp,source_file
gigel-si-sosetele,1314236742,data\analysis_dataset_deduplicated\submissions\gigel-si-sosetele\1314236742.cpp,source_file
gigel-si-sosetele,1314236742,data\analysis_dataset_deduplicated\jplag_input\gigel-si-sosetele\cpp\1314236742.cpp,source_file
gigel-si-sosetele,1314236982,data\analysis_dataset_deduplicated\submissions\gigel-si-sosetele\1314236982.java,source_file
gigel-si-sosetele,1314236982,data\analysis_dataset_deduplicated\jplag_input\gigel-si-sosetele\java\1314236982.java,source_file
gigel-si-sosetele,1314236725,data\analysis_dataset_deduplicated\submissions\gigel-si-sosetele\1314236725.cpp,source_file
gigel-si-sosetele,1314236725,data\analysis_dataset_deduplicated\jplag_input\gigel-si-sosetele\cpp\1314236725.cpp,source_file
gigel-si-sosetele,1314236789,data\analysis_dataset_deduplicated\submissions\gigel-si-sosetele\1314236789.cpp,source_file
gigel-si-sosetele,1314236789,data\analysis_dataset_deduplicated\jplag_input\gigel-si-sosetele\cpp\1314236789.cpp,source_file
gigel-si-sosetele,1314237585,data\analysis_dataset_deduplicated\submissions\gigel-si-sosetele\1314237585.cpp,source_file
gigel-si-sosetele,1314237585,data\analysis_dataset_deduplicated\jplag_input\gigel-si-sosetele\cpp\1314237585.cpp,source_file
gigel-si-sosetele,1314236288,data\analysis_dataset_deduplicated\submissions\gigel-si-sosetele\1314236288.java,source_file
gigel-si-sosetele,1314236288,data\analysis_dataset_deduplicated\jplag_input\gigel-si-sosetele\java\1314236288.java,source_file
gigel-si-sosetele,1314236087,data\analysis_dataset_deduplicated\submissions\gigel-si-sosetele\1314236087.java,source_file
gigel-si-sosetele,1314236087,data\analysis_dataset_deduplicated\jplag_input\gigel-si-sosetele\java\1314236087.java,source_file
gigel-si-sosetele,1314237176,data\analysis_dataset_deduplicated\submissions\gigel-si-sosetele\1314237176.cpp,source_file
gigel-si-sosetele,1314237176,data\analysis_dataset_deduplicated\jplag_input\gigel-si-sosetele\cpp\1314237176.cpp,source_file
gigel-si-sosetele,1314237017,data\analysis_dataset_deduplicated\submissions\gigel-si-sosetele\1314237017.cpp,source_file
gigel-si-sosetele,1314237017,data\analysis_dataset_deduplicated\jplag_input\gigel-si-sosetele\cpp\1314237017.cpp,source_file
gigel-si-sosetele,1314236328,data\analysis_dataset_deduplicated\submissions\gigel-si-sosetele\1314236328.cpp,source_file
gigel-si-sosetele,1314236328,data\analysis_dataset_deduplicated\jplag_input\gigel-si-sosetele\cpp\1314236328.cpp,source_file
gigel-si-sosetele,1323368532,data\analysis_dataset_deduplicated\submissions\gigel-si-sosetele\1323368532.java,source_file
gigel-si-sosetele,1323368532,data\analysis_dataset_deduplicated\jplag_input\gigel-si-sosetele\java\1323368532.java,source_file
gigel-si-sosetele,1314237117,data\analysis_dataset_deduplicated\submissions\gigel-si-sosetele\1314237117.cpp,source_file
gigel-si-sosetele,1314237117,data\analysis_dataset_deduplicated\jplag_input\gigel-si-sosetele\cpp\1314237117.cpp,source_file
gigel-si-sosetele,1323445365,data\analysis_dataset_deduplicated\submissions\gigel-si-sosetele\1323445365.cpp,source_file
gigel-si-sosetele,1323445365,data\analysis_dataset_deduplicated\jplag_input\gigel-si-sosetele\cpp\1323445365.cpp,source_file
gigel-si-sosetele,1314236831,data\analysis_dataset_deduplicated\submissions\gigel-si-sosetele\1314236831.cpp,source_file
gigel-si-sosetele,1314236831,data\analysis_dataset_deduplicated\jplag_input\gigel-si-sosetele\cpp\1314236831.cpp,source_file
gigel-si-sosetele,1314237352,data\analysis_dataset_deduplicated\submissions\gigel-si-sosetele\1314237352.cpp,source_file
gigel-si-sosetele,1314237352,data\analysis_dataset_deduplicated\jplag_input\gigel-si-sosetele\cpp\1314237352.cpp,source_file
gigel-si-sosetele,1323432814,data\analysis_dataset_deduplicated\submissions\gigel-si-sosetele\1323432814.java,source_file
gigel-si-sosetele,1323432814,data\analysis_dataset_deduplicated\jplag_input\gigel-si-sosetele\java\1323432814.java,source_file
gigel-si-sosetele,1314236095,data\analysis_dataset_deduplicated\submissions\gigel-si-sosetele\1314236095.cpp,source_file
gigel-si-sosetele,1314236095,data\analysis_dataset_deduplicated\jplag_input\gigel-si-sosetele\cpp\1314236095.cpp,source_file
gigel-si-sosetele,1314237104,data\analysis_dataset_deduplicated\submissions\gigel-si-sosetele\1314237104.cpp,source_file
gigel-si-sosetele,1314237104,data\analysis_dataset_deduplicated\jplag_input\gigel-si-sosetele\cpp\1314237104.cpp,source_file
gigel-si-sosetele,1323447184,data\analysis_dataset_deduplicated\submissions\gigel-si-sosetele\1323447184.cpp,source_file
gigel-si-sosetele,1323447184,data\analysis_dataset_deduplicated\jplag_input\gigel-si-sosetele\cpp\1323447184.cpp,source_file
gigel-si-sosetele,1314237836,data\analysis_dataset_deduplicated\submissions\gigel-si-sosetele\1314237836.java,source_file
gigel-si-sosetele,1314237836,data\analysis_dataset_deduplicated\jplag_input\gigel-si-sosetele\java\1314237836.java,source_file
gigel-si-sosetele,1314238139,data\analysis_dataset_deduplicated\submissions\gigel-si-sosetele\1314238139.java,source_file
gigel-si-sosetele,1314238139,data\analysis_dataset_deduplicated\jplag_input\gigel-si-sosetele\java\1314238139.java,source_file
gigel-si-sosetele,1332398750,data\analysis_dataset_deduplicated\submissions\gigel-si-sosetele\1332398750.java,source_file
gigel-si-sosetele,1332398750,data\analysis_dataset_deduplicated\jplag_input\gigel-si-sosetele\java\1332398750.java,source_file
gigel-si-sosetele,1314236332,data\analysis_dataset_deduplicated\submissions\gigel-si-sosetele\1314236332.cpp,source_file
gigel-si-sosetele,1314236332,data\analysis_dataset_deduplicated\jplag_input\gigel-si-sosetele\cpp\1314236332.cpp,source_file
gigel-si-sosetele,1344588560,data\analysis_dataset_deduplicated\submissions\gigel-si-sosetele\1344588560.cpp,source_file
gigel-si-sosetele,1344588560,data\analysis_dataset_deduplicated\jplag_input\gigel-si-sosetele\cpp\1344588560.cpp,source_file
gigel-si-sosetele,1314237047,data\analysis_dataset_deduplicated\submissions\gigel-si-sosetele\1314237047.cpp,source_file
gigel-si-sosetele,1314237047,data\analysis_dataset_deduplicated\jplag_input\gigel-si-sosetele\cpp\1314237047.cpp,source_file
gigel-si-sosetele,1314237600,data\analysis_dataset_deduplicated\submissions\gigel-si-sosetele\1314237600.cpp,source_file
gigel-si-sosetele,1314237600,data\analysis_dataset_deduplicated\jplag_input\gigel-si-sosetele\cpp\1314237600.cpp,source_file
gigel-si-sosetele,1314236094,data\analysis_dataset_deduplicated\submissions\gigel-si-sosetele\1314236094.java,source_file
gigel-si-sosetele,1314236094,data\analysis_dataset_deduplicated\jplag_input\gigel-si-sosetele\java\1314236094.java,source_file
gigel-si-sosetele,1314235248,data\analysis_dataset_deduplicated\submissions\gigel-si-sosetele\1314235248.java,source_file
gigel-si-sosetele,1314235248,data\analysis_dataset_deduplicated\jplag_input\gigel-si-sosetele\java\1314235248.java,source_file
gigel-si-sosetele,1314237470,data\analysis_dataset_deduplicated\submissions\gigel-si-sosetele\1314237470.cpp,source_file
gigel-si-sosetele,1314237470,data\analysis_dataset_deduplicated\jplag_input\gigel-si-sosetele\cpp\1314237470.cpp,source_file
gigel-si-sosetele,1323443126,data\analysis_dataset_deduplicated\submissions\gigel-si-sosetele\1323443126.cpp,source_file
gigel-si-sosetele,1323443126,data\analysis_dataset_deduplicated\jplag_input\gigel-si-sosetele\cpp\1323443126.cpp,source_file
gigel-si-sosetele,1314236820,data\analysis_dataset_deduplicated\submissions\gigel-si-sosetele\1314236820.cpp,source_file
gigel-si-sosetele,1314236820,data\analysis_dataset_deduplicated\jplag_input\gigel-si-sosetele\cpp\1314236820.cpp,source_file
gigel-si-sosetele,1378159678,data\analysis_dataset_deduplicated\submissions\gigel-si-sosetele\1378159678.cpp,source_file
gigel-si-sosetele,1378159678,data\analysis_dataset_deduplicated\jplag_input\gigel-si-sosetele\cpp\1378159678.cpp,source_file
gigel-si-sosetele,1314237166,data\analysis_dataset_deduplicated\submissions\gigel-si-sosetele\1314237166.java,source_file
gigel-si-sosetele,1314237166,data\analysis_dataset_deduplicated\jplag_input\gigel-si-sosetele\java\1314237166.java,source_file
gigel-si-sosetele,1314237534,data\analysis_dataset_deduplicated\submissions\gigel-si-sosetele\1314237534.cpp,source_file
gigel-si-sosetele,1314237534,data\analysis_dataset_deduplicated\jplag_input\gigel-si-sosetele\cpp\1314237534.cpp,source_file
gigel-si-sosetele,1314235866,data\analysis_dataset_deduplicated\submissions\gigel-si-sosetele\1314235866.cpp,source_file
gigel-si-sosetele,1314235866,data\analysis_dataset_deduplicated\jplag_input\gigel-si-sosetele\cpp\1314235866.cpp,source_file
gigel-si-sosetele,1314235115,data\analysis_dataset_deduplicated\submissions\gigel-si-sosetele\1314235115.cpp,source_file
gigel-si-sosetele,1314235115,data\analysis_dataset_deduplicated\jplag_input\gigel-si-sosetele\cpp\1314235115.cpp,source_file
gigel-si-telefonul,1314236746,data\analysis_dataset_deduplicated\submissions\gigel-si-telefonul\1314236746.cpp,source_file
gigel-si-telefonul,1314236746,data\analysis_dataset_deduplicated\jplag_input\gigel-si-telefonul\cpp\1314236746.cpp,source_file
gigel-si-telefonul,1323405345,data\analysis_dataset_deduplicated\submissions\gigel-si-telefonul\1323405345.cpp,source_file
gigel-si-telefonul,1323405345,data\analysis_dataset_deduplicated\jplag_input\gigel-si-telefonul\cpp\1323405345.cpp,source_file
gigel-si-telefonul,1323387090,data\analysis_dataset_deduplicated\submissions\gigel-si-telefonul\1323387090.cpp,source_file
gigel-si-telefonul,1323387090,data\analysis_dataset_deduplicated\jplag_input\gigel-si-telefonul\cpp\1323387090.cpp,source_file
gigel-si-telefonul,1323427996,data\analysis_dataset_deduplicated\submissions\gigel-si-telefonul\1323427996.cpp,source_file
gigel-si-telefonul,1323427996,data\analysis_dataset_deduplicated\jplag_input\gigel-si-telefonul\cpp\1323427996.cpp,source_file
gigel-si-telefonul,1408519251,data\analysis_dataset_deduplicated\submissions\gigel-si-telefonul\1408519251.cpp,source_file
gigel-si-telefonul,1408519251,data\analysis_dataset_deduplicated\jplag_input\gigel-si-telefonul\cpp\1408519251.cpp,source_file
gigel-si-telefonul,1314236484,data\analysis_dataset_deduplicated\submissions\gigel-si-telefonul\1314236484.cpp,source_file
gigel-si-telefonul,1314236484,data\analysis_dataset_deduplicated\jplag_input\gigel-si-telefonul\cpp\1314236484.cpp,source_file
gigel-si-telefonul,1314236395,data\analysis_dataset_deduplicated\submissions\gigel-si-telefonul\1314236395.cpp,source_file
gigel-si-telefonul,1314236395,data\analysis_dataset_deduplicated\jplag_input\gigel-si-telefonul\cpp\1314236395.cpp,source_file
gigel-si-telefonul,1314225959,data\analysis_dataset_deduplicated\submissions\gigel-si-telefonul\1314225959.cpp,source_file
gigel-si-telefonul,1314225959,data\analysis_dataset_deduplicated\jplag_input\gigel-si-telefonul\cpp\1314225959.cpp,source_file
gigel-si-telefonul,1408571126,data\analysis_dataset_deduplicated\submissions\gigel-si-telefonul\1408571126.cpp,source_file
gigel-si-telefonul,1408571126,data\analysis_dataset_deduplicated\jplag_input\gigel-si-telefonul\cpp\1408571126.cpp,source_file
gigel-si-telefonul,1314237557,data\analysis_dataset_deduplicated\submissions\gigel-si-telefonul\1314237557.cpp,source_file
gigel-si-telefonul,1314237557,data\analysis_dataset_deduplicated\jplag_input\gigel-si-telefonul\cpp\1314237557.cpp,source_file
gigel-si-telefonul,1314237808,data\analysis_dataset_deduplicated\submissions\gigel-si-telefonul\1314237808.cpp,source_file
gigel-si-telefonul,1314237808,data\analysis_dataset_deduplicated\jplag_input\gigel-si-telefonul\cpp\1314237808.cpp,source_file
gigel-si-telefonul,1391836611,data\analysis_dataset_deduplicated\submissions\gigel-si-telefonul\1391836611.cpp,source_file
gigel-si-telefonul,1391836611,data\analysis_dataset_deduplicated\jplag_input\gigel-si-telefonul\cpp\1391836611.cpp,source_file
gigel-si-telefonul,1314237787,data\analysis_dataset_deduplicated\submissions\gigel-si-telefonul\1314237787.cpp,source_file
gigel-si-telefonul,1314237787,data\analysis_dataset_deduplicated\jplag_input\gigel-si-telefonul\cpp\1314237787.cpp,source_file
gigel-si-telefonul,1323432510,data\analysis_dataset_deduplicated\submissions\gigel-si-telefonul\1323432510.cpp,source_file
gigel-si-telefonul,1323432510,data\analysis_dataset_deduplicated\jplag_input\gigel-si-telefonul\cpp\1323432510.cpp,source_file
gigel-si-telefonul,1391836567,data\analysis_dataset_deduplicated\submissions\gigel-si-telefonul\1391836567.cpp,source_file
gigel-si-telefonul,1391836567,data\analysis_dataset_deduplicated\jplag_input\gigel-si-telefonul\cpp\1391836567.cpp,source_file
gigel-si-telefonul,1314237639,data\analysis_dataset_deduplicated\submissions\gigel-si-telefonul\1314237639.java,source_file
gigel-si-telefonul,1314237639,data\analysis_dataset_deduplicated\jplag_input\gigel-si-telefonul\java\1314237639.java,source_file
gigel-si-telefonul,1314237716,data\analysis_dataset_deduplicated\submissions\gigel-si-telefonul\1314237716.cpp,source_file
gigel-si-telefonul,1314237716,data\analysis_dataset_deduplicated\jplag_input\gigel-si-telefonul\cpp\1314237716.cpp,source_file
gigel-si-telefonul,1391860516,data\analysis_dataset_deduplicated\submissions\gigel-si-telefonul\1391860516.java,source_file
gigel-si-telefonul,1391860516,data\analysis_dataset_deduplicated\jplag_input\gigel-si-telefonul\java\1391860516.java,source_file
gigel-si-telefonul,1314236034,data\analysis_dataset_deduplicated\submissions\gigel-si-telefonul\1314236034.cpp,source_file
gigel-si-telefonul,1314236034,data\analysis_dataset_deduplicated\jplag_input\gigel-si-telefonul\cpp\1314236034.cpp,source_file
gigel-si-telefonul,1314237623,data\analysis_dataset_deduplicated\submissions\gigel-si-telefonul\1314237623.cpp,source_file
gigel-si-telefonul,1314237623,data\analysis_dataset_deduplicated\jplag_input\gigel-si-telefonul\cpp\1314237623.cpp,source_file
gigel-si-telefonul,1314237809,data\analysis_dataset_deduplicated\submissions\gigel-si-telefonul\1314237809.java,source_file
gigel-si-telefonul,1314237809,data\analysis_dataset_deduplicated\jplag_input\gigel-si-telefonul\java\1314237809.java,source_file
gigel-si-telefonul,1314237770,data\analysis_dataset_deduplicated\submissions\gigel-si-telefonul\1314237770.cpp,source_file
gigel-si-telefonul,1314237770,data\analysis_dataset_deduplicated\jplag_input\gigel-si-telefonul\cpp\1314237770.cpp,source_file
gigel-si-telefonul,1408462803,data\analysis_dataset_deduplicated\submissions\gigel-si-telefonul\1408462803.cpp,source_file
gigel-si-telefonul,1408462803,data\analysis_dataset_deduplicated\jplag_input\gigel-si-telefonul\cpp\1408462803.cpp,source_file
gigel-si-telefonul,1314236238,data\analysis_dataset_deduplicated\submissions\gigel-si-telefonul\1314236238.cpp,source_file
gigel-si-telefonul,1314236238,data\analysis_dataset_deduplicated\jplag_input\gigel-si-telefonul\cpp\1314236238.cpp,source_file
gigel-si-telefonul,1332757584,data\analysis_dataset_deduplicated\submissions\gigel-si-telefonul\1332757584.cpp,source_file
gigel-si-telefonul,1332757584,data\analysis_dataset_deduplicated\jplag_input\gigel-si-telefonul\cpp\1332757584.cpp,source_file
gigel-si-telefonul,1314236764,data\analysis_dataset_deduplicated\submissions\gigel-si-telefonul\1314236764.cpp,source_file
gigel-si-telefonul,1314236764,data\analysis_dataset_deduplicated\jplag_input\gigel-si-telefonul\cpp\1314236764.cpp,source_file
gigel-si-telefonul,1323427691,data\analysis_dataset_deduplicated\submissions\gigel-si-telefonul\1323427691.cpp,source_file
gigel-si-telefonul,1323427691,data\analysis_dataset_deduplicated\jplag_input\gigel-si-telefonul\cpp\1323427691.cpp,source_file
gigel-si-telefonul,1332755933,data\analysis_dataset_deduplicated\submissions\gigel-si-telefonul\1332755933.cpp,source_file
gigel-si-telefonul,1332755933,data\analysis_dataset_deduplicated\jplag_input\gigel-si-telefonul\cpp\1332755933.cpp,source_file
gigel-si-telefonul,1342820606,data\analysis_dataset_deduplicated\submissions\gigel-si-telefonul\1342820606.cpp,source_file
gigel-si-telefonul,1342820606,data\analysis_dataset_deduplicated\jplag_input\gigel-si-telefonul\cpp\1342820606.cpp,source_file
gigel-si-telefonul,1323431836,data\analysis_dataset_deduplicated\submissions\gigel-si-telefonul\1323431836.cpp,source_file
gigel-si-telefonul,1323431836,data\analysis_dataset_deduplicated\jplag_input\gigel-si-telefonul\cpp\1323431836.cpp,source_file
gigel-si-telefonul,1408569709,data\analysis_dataset_deduplicated\submissions\gigel-si-telefonul\1408569709.cpp,source_file
gigel-si-telefonul,1408569709,data\analysis_dataset_deduplicated\jplag_input\gigel-si-telefonul\cpp\1408569709.cpp,source_file
gigel-si-telefonul,1391996670,data\analysis_dataset_deduplicated\submissions\gigel-si-telefonul\1391996670.java,source_file
gigel-si-telefonul,1391996670,data\analysis_dataset_deduplicated\jplag_input\gigel-si-telefonul\java\1391996670.java,source_file
gigel-si-telefonul,1391778995,data\analysis_dataset_deduplicated\submissions\gigel-si-telefonul\1391778995.cpp,source_file
gigel-si-telefonul,1391778995,data\analysis_dataset_deduplicated\jplag_input\gigel-si-telefonul\cpp\1391778995.cpp,source_file
gigel-si-telefonul,1331968204,data\analysis_dataset_deduplicated\submissions\gigel-si-telefonul\1331968204.java,source_file
gigel-si-telefonul,1331968204,data\analysis_dataset_deduplicated\jplag_input\gigel-si-telefonul\java\1331968204.java,source_file
gigel-si-telefonul,1378158909,data\analysis_dataset_deduplicated\submissions\gigel-si-telefonul\1378158909.cpp,source_file
gigel-si-telefonul,1378158909,data\analysis_dataset_deduplicated\jplag_input\gigel-si-telefonul\cpp\1378158909.cpp,source_file
gigel-si-telefonul,1408526748,data\analysis_dataset_deduplicated\submissions\gigel-si-telefonul\1408526748.cpp,source_file
gigel-si-telefonul,1408526748,data\analysis_dataset_deduplicated\jplag_input\gigel-si-telefonul\cpp\1408526748.cpp,source_file
gigel-si-telefonul,1408513125,data\analysis_dataset_deduplicated\submissions\gigel-si-telefonul\1408513125.cpp,source_file
gigel-si-telefonul,1408513125,data\analysis_dataset_deduplicated\jplag_input\gigel-si-telefonul\cpp\1408513125.cpp,source_file
gigel-si-telefonul,1314237541,data\analysis_dataset_deduplicated\submissions\gigel-si-telefonul\1314237541.cpp,source_file
gigel-si-telefonul,1314237541,data\analysis_dataset_deduplicated\jplag_input\gigel-si-telefonul\cpp\1314237541.cpp,source_file
gigel-si-telefonul,1323427469,data\analysis_dataset_deduplicated\submissions\gigel-si-telefonul\1323427469.java,source_file
gigel-si-telefonul,1323427469,data\analysis_dataset_deduplicated\jplag_input\gigel-si-telefonul\java\1323427469.java,source_file
gigel-si-telefonul,1323431948,data\analysis_dataset_deduplicated\submissions\gigel-si-telefonul\1323431948.cpp,source_file
gigel-si-telefonul,1323431948,data\analysis_dataset_deduplicated\jplag_input\gigel-si-telefonul\cpp\1323431948.cpp,source_file
gigel-si-telefonul,1332757801,data\analysis_dataset_deduplicated\submissions\gigel-si-telefonul\1332757801.cpp,source_file
gigel-si-telefonul,1332757801,data\analysis_dataset_deduplicated\jplag_input\gigel-si-telefonul\cpp\1332757801.cpp,source_file
gigel-si-telefonul,1378159550,data\analysis_dataset_deduplicated\submissions\gigel-si-telefonul\1378159550.cpp,source_file
gigel-si-telefonul,1378159550,data\analysis_dataset_deduplicated\jplag_input\gigel-si-telefonul\cpp\1378159550.cpp,source_file
gigel-si-telefonul,1314237481,data\analysis_dataset_deduplicated\submissions\gigel-si-telefonul\1314237481.java,source_file
gigel-si-telefonul,1314237481,data\analysis_dataset_deduplicated\jplag_input\gigel-si-telefonul\java\1314237481.java,source_file
gigel-si-telefonul,1314236076,data\analysis_dataset_deduplicated\submissions\gigel-si-telefonul\1314236076.java,source_file
gigel-si-telefonul,1314236076,data\analysis_dataset_deduplicated\jplag_input\gigel-si-telefonul\java\1314236076.java,source_file
gigel-si-telefonul,1314236934,data\analysis_dataset_deduplicated\submissions\gigel-si-telefonul\1314236934.java,source_file
gigel-si-telefonul,1314236934,data\analysis_dataset_deduplicated\jplag_input\gigel-si-telefonul\java\1314236934.java,source_file
gigel-si-telefonul,1408435238,data\analysis_dataset_deduplicated\submissions\gigel-si-telefonul\1408435238.cpp,source_file
gigel-si-telefonul,1408435238,data\analysis_dataset_deduplicated\jplag_input\gigel-si-telefonul\cpp\1408435238.cpp,source_file
gigel-si-telefonul,1314237429,data\analysis_dataset_deduplicated\submissions\gigel-si-telefonul\1314237429.cpp,source_file
gigel-si-telefonul,1314237429,data\analysis_dataset_deduplicated\jplag_input\gigel-si-telefonul\cpp\1314237429.cpp,source_file
gigel-si-telefonul,1408525923,data\analysis_dataset_deduplicated\submissions\gigel-si-telefonul\1408525923.cpp,source_file
gigel-si-telefonul,1408525923,data\analysis_dataset_deduplicated\jplag_input\gigel-si-telefonul\cpp\1408525923.cpp,source_file
gigel-si-telefonul,1314237046,data\analysis_dataset_deduplicated\submissions\gigel-si-telefonul\1314237046.java,source_file
gigel-si-telefonul,1314237046,data\analysis_dataset_deduplicated\jplag_input\gigel-si-telefonul\java\1314237046.java,source_file
gigel-si-telefonul,1323427571,data\analysis_dataset_deduplicated\submissions\gigel-si-telefonul\1323427571.java,source_file
gigel-si-telefonul,1323427571,data\analysis_dataset_deduplicated\jplag_input\gigel-si-telefonul\java\1323427571.java,source_file
gigel-si-telefonul,1408519524,data\analysis_dataset_deduplicated\submissions\gigel-si-telefonul\1408519524.cpp,source_file
gigel-si-telefonul,1408519524,data\analysis_dataset_deduplicated\jplag_input\gigel-si-telefonul\cpp\1408519524.cpp,source_file
gigel-si-telefonul,1314237695,data\analysis_dataset_deduplicated\submissions\gigel-si-telefonul\1314237695.java,source_file
gigel-si-telefonul,1314237695,data\analysis_dataset_deduplicated\jplag_input\gigel-si-telefonul\java\1314237695.java,source_file
gigel-si-telefonul,1314237184,data\analysis_dataset_deduplicated\submissions\gigel-si-telefonul\1314237184.cpp,source_file
gigel-si-telefonul,1314237184,data\analysis_dataset_deduplicated\jplag_input\gigel-si-telefonul\cpp\1314237184.cpp,source_file
gigel-si-telefonul,1408485954,data\analysis_dataset_deduplicated\submissions\gigel-si-telefonul\1408485954.cpp,source_file
gigel-si-telefonul,1408485954,data\analysis_dataset_deduplicated\jplag_input\gigel-si-telefonul\cpp\1408485954.cpp,source_file
gigel-si-telefonul,1391996688,data\analysis_dataset_deduplicated\submissions\gigel-si-telefonul\1391996688.java,source_file
gigel-si-telefonul,1391996688,data\analysis_dataset_deduplicated\jplag_input\gigel-si-telefonul\java\1391996688.java,source_file
gigel-si-telefonul,1314236615,data\analysis_dataset_deduplicated\submissions\gigel-si-telefonul\1314236615.cpp,source_file
gigel-si-telefonul,1314236615,data\analysis_dataset_deduplicated\jplag_input\gigel-si-telefonul\cpp\1314236615.cpp,source_file
gigel-si-telefonul,1332758308,data\analysis_dataset_deduplicated\submissions\gigel-si-telefonul\1332758308.cpp,source_file
gigel-si-telefonul,1332758308,data\analysis_dataset_deduplicated\jplag_input\gigel-si-telefonul\cpp\1332758308.cpp,source_file
gigel-si-telefonul,1314236757,data\analysis_dataset_deduplicated\submissions\gigel-si-telefonul\1314236757.cpp,source_file
gigel-si-telefonul,1314236757,data\analysis_dataset_deduplicated\jplag_input\gigel-si-telefonul\cpp\1314236757.cpp,source_file
gigel-si-telefonul,1314236148,data\analysis_dataset_deduplicated\submissions\gigel-si-telefonul\1314236148.cpp,source_file
gigel-si-telefonul,1314236148,data\analysis_dataset_deduplicated\jplag_input\gigel-si-telefonul\cpp\1314236148.cpp,source_file
gigel-si-telefonul,1378093326,data\analysis_dataset_deduplicated\submissions\gigel-si-telefonul\1378093326.cpp,source_file
gigel-si-telefonul,1378093326,data\analysis_dataset_deduplicated\jplag_input\gigel-si-telefonul\cpp\1378093326.cpp,source_file
gigel-si-telefonul,1342820556,data\analysis_dataset_deduplicated\submissions\gigel-si-telefonul\1342820556.cpp,source_file
gigel-si-telefonul,1342820556,data\analysis_dataset_deduplicated\jplag_input\gigel-si-telefonul\cpp\1342820556.cpp,source_file
gigel-si-telefonul,1323427617,data\analysis_dataset_deduplicated\submissions\gigel-si-telefonul\1323427617.java,source_file
gigel-si-telefonul,1323427617,data\analysis_dataset_deduplicated\jplag_input\gigel-si-telefonul\java\1323427617.java,source_file
gigel-si-telefonul,1323429954,data\analysis_dataset_deduplicated\submissions\gigel-si-telefonul\1323429954.cpp,source_file
gigel-si-telefonul,1323429954,data\analysis_dataset_deduplicated\jplag_input\gigel-si-telefonul\cpp\1323429954.cpp,source_file
gigel-si-telefonul,1323432739,data\analysis_dataset_deduplicated\submissions\gigel-si-telefonul\1323432739.cpp,source_file
gigel-si-telefonul,1323432739,data\analysis_dataset_deduplicated\jplag_input\gigel-si-telefonul\cpp\1323432739.cpp,source_file
gigel-si-telefonul,1314237227,data\analysis_dataset_deduplicated\submissions\gigel-si-telefonul\1314237227.java,source_file
gigel-si-telefonul,1314237227,data\analysis_dataset_deduplicated\jplag_input\gigel-si-telefonul\java\1314237227.java,source_file
gigel-si-telefonul,1408435073,data\analysis_dataset_deduplicated\submissions\gigel-si-telefonul\1408435073.cpp,source_file
gigel-si-telefonul,1408435073,data\analysis_dataset_deduplicated\jplag_input\gigel-si-telefonul\cpp\1408435073.cpp,source_file
gigel-si-telefonul,1408462855,data\analysis_dataset_deduplicated\submissions\gigel-si-telefonul\1408462855.cpp,source_file
gigel-si-telefonul,1408462855,data\analysis_dataset_deduplicated\jplag_input\gigel-si-telefonul\cpp\1408462855.cpp,source_file
gigel-si-telefonul,1323427525,data\analysis_dataset_deduplicated\submissions\gigel-si-telefonul\1323427525.java,source_file
gigel-si-telefonul,1323427525,data\analysis_dataset_deduplicated\jplag_input\gigel-si-telefonul\java\1323427525.java,source_file
gigel-si-telefonul,1332758274,data\analysis_dataset_deduplicated\submissions\gigel-si-telefonul\1332758274.cpp,source_file
gigel-si-telefonul,1332758274,data\analysis_dataset_deduplicated\jplag_input\gigel-si-telefonul\cpp\1332758274.cpp,source_file
gigel-si-telefonul,1332199818,data\analysis_dataset_deduplicated\submissions\gigel-si-telefonul\1332199818.cpp,source_file
gigel-si-telefonul,1332199818,data\analysis_dataset_deduplicated\jplag_input\gigel-si-telefonul\cpp\1332199818.cpp,source_file
gigel-si-telefonul,1391996722,data\analysis_dataset_deduplicated\submissions\gigel-si-telefonul\1391996722.java,source_file
gigel-si-telefonul,1391996722,data\analysis_dataset_deduplicated\jplag_input\gigel-si-telefonul\java\1391996722.java,source_file
gigel-si-telefonul,1332757636,data\analysis_dataset_deduplicated\submissions\gigel-si-telefonul\1332757636.cpp,source_file
gigel-si-telefonul,1332757636,data\analysis_dataset_deduplicated\jplag_input\gigel-si-telefonul\cpp\1332757636.cpp,source_file
gigel-si-telefonul,1314236336,data\analysis_dataset_deduplicated\submissions\gigel-si-telefonul\1314236336.cpp,source_file
gigel-si-telefonul,1314236336,data\analysis_dataset_deduplicated\jplag_input\gigel-si-telefonul\cpp\1314236336.cpp,source_file
gigel-si-telefonul,1314237319,data\analysis_dataset_deduplicated\submissions\gigel-si-telefonul\1314237319.java,source_file
gigel-si-telefonul,1314237319,data\analysis_dataset_deduplicated\jplag_input\gigel-si-telefonul\java\1314237319.java,source_file
gigel-si-telefonul,1391864034,data\analysis_dataset_deduplicated\submissions\gigel-si-telefonul\1391864034.cpp,source_file
gigel-si-telefonul,1391864034,data\analysis_dataset_deduplicated\jplag_input\gigel-si-telefonul\cpp\1391864034.cpp,source_file
gigel-si-telefonul,1391864040,data\analysis_dataset_deduplicated\submissions\gigel-si-telefonul\1391864040.cpp,source_file
gigel-si-telefonul,1391864040,data\analysis_dataset_deduplicated\jplag_input\gigel-si-telefonul\cpp\1391864040.cpp,source_file
gigel-si-telefonul,1408519319,data\analysis_dataset_deduplicated\submissions\gigel-si-telefonul\1408519319.cpp,source_file
gigel-si-telefonul,1408519319,data\analysis_dataset_deduplicated\jplag_input\gigel-si-telefonul\cpp\1408519319.cpp,source_file
gigel-si-telefonul,1408519493,data\analysis_dataset_deduplicated\submissions\gigel-si-telefonul\1408519493.cpp,source_file
gigel-si-telefonul,1408519493,data\analysis_dataset_deduplicated\jplag_input\gigel-si-telefonul\cpp\1408519493.cpp,source_file
gigel-si-telefonul,1314236747,data\analysis_dataset_deduplicated\submissions\gigel-si-telefonul\1314236747.cpp,source_file
gigel-si-telefonul,1314236747,data\analysis_dataset_deduplicated\jplag_input\gigel-si-telefonul\cpp\1314236747.cpp,source_file
gigel-si-telefonul,1314236104,data\analysis_dataset_deduplicated\submissions\gigel-si-telefonul\1314236104.cpp,source_file
gigel-si-telefonul,1314236104,data\analysis_dataset_deduplicated\jplag_input\gigel-si-telefonul\cpp\1314236104.cpp,source_file
gigel-si-telefonul,1314236196,data\analysis_dataset_deduplicated\submissions\gigel-si-telefonul\1314236196.cpp,source_file
gigel-si-telefonul,1314236196,data\analysis_dataset_deduplicated\jplag_input\gigel-si-telefonul\cpp\1314236196.cpp,source_file
gigel-si-telefonul,1323429397,data\analysis_dataset_deduplicated\submissions\gigel-si-telefonul\1323429397.cpp,source_file
gigel-si-telefonul,1323429397,data\analysis_dataset_deduplicated\jplag_input\gigel-si-telefonul\cpp\1323429397.cpp,source_file
gigel-si-telefonul,1323405398,data\analysis_dataset_deduplicated\submissions\gigel-si-telefonul\1323405398.cpp,source_file
gigel-si-telefonul,1323405398,data\analysis_dataset_deduplicated\jplag_input\gigel-si-telefonul\cpp\1323405398.cpp,source_file
gigel-si-telefonul,1323453274,data\analysis_dataset_deduplicated\submissions\gigel-si-telefonul\1323453274.java,source_file
gigel-si-telefonul,1323453274,data\analysis_dataset_deduplicated\jplag_input\gigel-si-telefonul\java\1323453274.java,source_file
matei-si-diamantele,1314236808,data\analysis_dataset_deduplicated\submissions\matei-si-diamantele\1314236808.cpp,source_file
matei-si-diamantele,1314236808,data\analysis_dataset_deduplicated\jplag_input\matei-si-diamantele\cpp\1314236808.cpp,source_file
matei-si-diamantele,1323448895,data\analysis_dataset_deduplicated\submissions\matei-si-diamantele\1323448895.cpp,source_file
matei-si-diamantele,1323448895,data\analysis_dataset_deduplicated\jplag_input\matei-si-diamantele\cpp\1323448895.cpp,source_file
matei-si-diamantele,1332753583,data\analysis_dataset_deduplicated\submissions\matei-si-diamantele\1332753583.cpp,source_file
matei-si-diamantele,1332753583,data\analysis_dataset_deduplicated\jplag_input\matei-si-diamantele\cpp\1332753583.cpp,source_file
matei-si-diamantele,1323405774,data\analysis_dataset_deduplicated\submissions\matei-si-diamantele\1323405774.cpp,source_file
matei-si-diamantele,1323405774,data\analysis_dataset_deduplicated\jplag_input\matei-si-diamantele\cpp\1323405774.cpp,source_file
matei-si-diamantele,1314237619,data\analysis_dataset_deduplicated\submissions\matei-si-diamantele\1314237619.java,source_file
matei-si-diamantele,1314237619,data\analysis_dataset_deduplicated\jplag_input\matei-si-diamantele\java\1314237619.java,source_file
matei-si-diamantele,1314237538,data\analysis_dataset_deduplicated\submissions\matei-si-diamantele\1314237538.cpp,source_file
matei-si-diamantele,1314237538,data\analysis_dataset_deduplicated\jplag_input\matei-si-diamantele\cpp\1314237538.cpp,source_file
matei-si-diamantele,1314235428,data\analysis_dataset_deduplicated\submissions\matei-si-diamantele\1314235428.java,source_file
matei-si-diamantele,1314235428,data\analysis_dataset_deduplicated\jplag_input\matei-si-diamantele\java\1314235428.java,source_file
matei-si-diamantele,1323405761,data\analysis_dataset_deduplicated\submissions\matei-si-diamantele\1323405761.cpp,source_file
matei-si-diamantele,1323405761,data\analysis_dataset_deduplicated\jplag_input\matei-si-diamantele\cpp\1323405761.cpp,source_file
matei-si-diamantele,1323421631,data\analysis_dataset_deduplicated\submissions\matei-si-diamantele\1323421631.java,source_file
matei-si-diamantele,1323421631,data\analysis_dataset_deduplicated\jplag_input\matei-si-diamantele\java\1323421631.java,source_file
matei-si-diamantele,1332755169,data\analysis_dataset_deduplicated\submissions\matei-si-diamantele\1332755169.cpp,source_file
matei-si-diamantele,1332755169,data\analysis_dataset_deduplicated\jplag_input\matei-si-diamantele\cpp\1332755169.cpp,source_file
matei-si-diamantele,1314234993,data\analysis_dataset_deduplicated\submissions\matei-si-diamantele\1314234993.cpp,source_file
matei-si-diamantele,1314234993,data\analysis_dataset_deduplicated\jplag_input\matei-si-diamantele\cpp\1314234993.cpp,source_file
matei-si-diamantele,1314236343,data\analysis_dataset_deduplicated\submissions\matei-si-diamantele\1314236343.java,source_file
matei-si-diamantele,1314236343,data\analysis_dataset_deduplicated\jplag_input\matei-si-diamantele\java\1314236343.java,source_file
matei-si-diamantele,1314237115,data\analysis_dataset_deduplicated\submissions\matei-si-diamantele\1314237115.cpp,source_file
matei-si-diamantele,1314237115,data\analysis_dataset_deduplicated\jplag_input\matei-si-diamantele\cpp\1314237115.cpp,source_file
matei-si-diamantele,1323389192,data\analysis_dataset_deduplicated\submissions\matei-si-diamantele\1323389192.cpp,source_file
matei-si-diamantele,1323389192,data\analysis_dataset_deduplicated\jplag_input\matei-si-diamantele\cpp\1323389192.cpp,source_file
matei-si-diamantele,1314237453,data\analysis_dataset_deduplicated\submissions\matei-si-diamantele\1314237453.java,source_file
matei-si-diamantele,1314237453,data\analysis_dataset_deduplicated\jplag_input\matei-si-diamantele\java\1314237453.java,source_file
matei-si-diamantele,1314237687,data\analysis_dataset_deduplicated\submissions\matei-si-diamantele\1314237687.cpp,source_file
matei-si-diamantele,1314237687,data\analysis_dataset_deduplicated\jplag_input\matei-si-diamantele\cpp\1314237687.cpp,source_file
matei-si-diamantele,1314237526,data\analysis_dataset_deduplicated\submissions\matei-si-diamantele\1314237526.cpp,source_file
matei-si-diamantele,1314237526,data\analysis_dataset_deduplicated\jplag_input\matei-si-diamantele\cpp\1314237526.cpp,source_file
matei-si-diamantele,1314237205,data\analysis_dataset_deduplicated\submissions\matei-si-diamantele\1314237205.cpp,source_file
matei-si-diamantele,1314237205,data\analysis_dataset_deduplicated\jplag_input\matei-si-diamantele\cpp\1314237205.cpp,source_file
matei-si-diamantele,1314237451,data\analysis_dataset_deduplicated\submissions\matei-si-diamantele\1314237451.cpp,source_file
matei-si-diamantele,1314237451,data\analysis_dataset_deduplicated\jplag_input\matei-si-diamantele\cpp\1314237451.cpp,source_file
matei-si-diamantele,1332673256,data\analysis_dataset_deduplicated\submissions\matei-si-diamantele\1332673256.java,source_file
matei-si-diamantele,1332673256,data\analysis_dataset_deduplicated\jplag_input\matei-si-diamantele\java\1332673256.java,source_file
matei-si-diamantele,1333804052,data\analysis_dataset_deduplicated\submissions\matei-si-diamantele\1333804052.java,source_file
matei-si-diamantele,1333804052,data\analysis_dataset_deduplicated\jplag_input\matei-si-diamantele\java\1333804052.java,source_file
matei-si-diamantele,1314235774,data\analysis_dataset_deduplicated\submissions\matei-si-diamantele\1314235774.cpp,source_file
matei-si-diamantele,1314235774,data\analysis_dataset_deduplicated\jplag_input\matei-si-diamantele\cpp\1314235774.cpp,source_file
matei-si-diamantele,1314235559,data\analysis_dataset_deduplicated\submissions\matei-si-diamantele\1314235559.cpp,source_file
matei-si-diamantele,1314235559,data\analysis_dataset_deduplicated\jplag_input\matei-si-diamantele\cpp\1314235559.cpp,source_file
matei-si-diamantele,1314236476,data\analysis_dataset_deduplicated\submissions\matei-si-diamantele\1314236476.java,source_file
matei-si-diamantele,1314236476,data\analysis_dataset_deduplicated\jplag_input\matei-si-diamantele\java\1314236476.java,source_file
matei-si-diamantele,1314235207,data\analysis_dataset_deduplicated\submissions\matei-si-diamantele\1314235207.java,source_file
matei-si-diamantele,1314235207,data\analysis_dataset_deduplicated\jplag_input\matei-si-diamantele\java\1314235207.java,source_file
matei-si-diamantele,1314237222,data\analysis_dataset_deduplicated\submissions\matei-si-diamantele\1314237222.java,source_file
matei-si-diamantele,1314237222,data\analysis_dataset_deduplicated\jplag_input\matei-si-diamantele\java\1314237222.java,source_file
matei-si-diamantele,1323377021,data\analysis_dataset_deduplicated\submissions\matei-si-diamantele\1323377021.cpp,source_file
matei-si-diamantele,1323377021,data\analysis_dataset_deduplicated\jplag_input\matei-si-diamantele\cpp\1323377021.cpp,source_file
matei-si-diamantele,1314237486,data\analysis_dataset_deduplicated\submissions\matei-si-diamantele\1314237486.java,source_file
matei-si-diamantele,1314237486,data\analysis_dataset_deduplicated\jplag_input\matei-si-diamantele\java\1314237486.java,source_file
matei-si-diamantele,1378159392,data\analysis_dataset_deduplicated\submissions\matei-si-diamantele\1378159392.cpp,source_file
matei-si-diamantele,1378159392,data\analysis_dataset_deduplicated\jplag_input\matei-si-diamantele\cpp\1378159392.cpp,source_file
matei-si-diamantele,1314237516,data\analysis_dataset_deduplicated\submissions\matei-si-diamantele\1314237516.cpp,source_file
matei-si-diamantele,1314237516,data\analysis_dataset_deduplicated\jplag_input\matei-si-diamantele\cpp\1314237516.cpp,source_file
matei-si-diamantele,1314235200,data\analysis_dataset_deduplicated\submissions\matei-si-diamantele\1314235200.java,source_file
matei-si-diamantele,1314235200,data\analysis_dataset_deduplicated\jplag_input\matei-si-diamantele\java\1314235200.java,source_file
matei-si-diamantele,1391933979,data\analysis_dataset_deduplicated\submissions\matei-si-diamantele\1391933979.java,source_file
matei-si-diamantele,1391933979,data\analysis_dataset_deduplicated\jplag_input\matei-si-diamantele\java\1391933979.java,source_file
matei-si-diamantele,1332757079,data\analysis_dataset_deduplicated\submissions\matei-si-diamantele\1332757079.cpp,source_file
matei-si-diamantele,1332757079,data\analysis_dataset_deduplicated\jplag_input\matei-si-diamantele\cpp\1332757079.cpp,source_file
matei-si-diamantele,1361580037,data\analysis_dataset_deduplicated\submissions\matei-si-diamantele\1361580037.cpp,source_file
matei-si-diamantele,1361580037,data\analysis_dataset_deduplicated\jplag_input\matei-si-diamantele\cpp\1361580037.cpp,source_file
matei-si-diamantele,1323441579,data\analysis_dataset_deduplicated\submissions\matei-si-diamantele\1323441579.java,source_file
matei-si-diamantele,1323441579,data\analysis_dataset_deduplicated\jplag_input\matei-si-diamantele\java\1323441579.java,source_file
matei-si-diamantele,1314235385,data\analysis_dataset_deduplicated\submissions\matei-si-diamantele\1314235385.java,source_file
matei-si-diamantele,1314235385,data\analysis_dataset_deduplicated\jplag_input\matei-si-diamantele\java\1314235385.java,source_file
matei-si-diamantele,1314235785,data\analysis_dataset_deduplicated\submissions\matei-si-diamantele\1314235785.cpp,source_file
matei-si-diamantele,1314235785,data\analysis_dataset_deduplicated\jplag_input\matei-si-diamantele\cpp\1314235785.cpp,source_file
matei-si-diamantele,1314234971,data\analysis_dataset_deduplicated\submissions\matei-si-diamantele\1314234971.cpp,source_file
matei-si-diamantele,1314234971,data\analysis_dataset_deduplicated\jplag_input\matei-si-diamantele\cpp\1314234971.cpp,source_file
matei-si-diamantele,1314236127,data\analysis_dataset_deduplicated\submissions\matei-si-diamantele\1314236127.java,source_file
matei-si-diamantele,1314236127,data\analysis_dataset_deduplicated\jplag_input\matei-si-diamantele\java\1314236127.java,source_file
matei-si-diamantele,1332711180,data\analysis_dataset_deduplicated\submissions\matei-si-diamantele\1332711180.java,source_file
matei-si-diamantele,1332711180,data\analysis_dataset_deduplicated\jplag_input\matei-si-diamantele\java\1332711180.java,source_file
matei-si-diamantele,1314235588,data\analysis_dataset_deduplicated\submissions\matei-si-diamantele\1314235588.cpp,source_file
matei-si-diamantele,1314235588,data\analysis_dataset_deduplicated\jplag_input\matei-si-diamantele\cpp\1314235588.cpp,source_file
matei-si-diamantele,1314236790,data\analysis_dataset_deduplicated\submissions\matei-si-diamantele\1314236790.java,source_file
matei-si-diamantele,1314236790,data\analysis_dataset_deduplicated\jplag_input\matei-si-diamantele\java\1314236790.java,source_file
matei-si-diamantele,1314235839,data\analysis_dataset_deduplicated\submissions\matei-si-diamantele\1314235839.java,source_file
matei-si-diamantele,1314235839,data\analysis_dataset_deduplicated\jplag_input\matei-si-diamantele\java\1314235839.java,source_file
matei-si-diamantele,1323448279,data\analysis_dataset_deduplicated\submissions\matei-si-diamantele\1323448279.cpp,source_file
matei-si-diamantele,1323448279,data\analysis_dataset_deduplicated\jplag_input\matei-si-diamantele\cpp\1323448279.cpp,source_file
matei-si-diamantele,1314235721,data\analysis_dataset_deduplicated\submissions\matei-si-diamantele\1314235721.cpp,source_file
matei-si-diamantele,1314235721,data\analysis_dataset_deduplicated\jplag_input\matei-si-diamantele\cpp\1314235721.cpp,source_file
matei-si-diamantele,1314235541,data\analysis_dataset_deduplicated\submissions\matei-si-diamantele\1314235541.cpp,source_file
matei-si-diamantele,1314235541,data\analysis_dataset_deduplicated\jplag_input\matei-si-diamantele\cpp\1314235541.cpp,source_file
matei-si-diamantele,1314237701,data\analysis_dataset_deduplicated\submissions\matei-si-diamantele\1314237701.cpp,source_file
matei-si-diamantele,1314237701,data\analysis_dataset_deduplicated\jplag_input\matei-si-diamantele\cpp\1314237701.cpp,source_file
matei-si-diamantele,1344697701,data\analysis_dataset_deduplicated\submissions\matei-si-diamantele\1344697701.cpp,source_file
matei-si-diamantele,1344697701,data\analysis_dataset_deduplicated\jplag_input\matei-si-diamantele\cpp\1344697701.cpp,source_file
matei-si-diamantele,1323404117,data\analysis_dataset_deduplicated\submissions\matei-si-diamantele\1323404117.java,source_file
matei-si-diamantele,1323404117,data\analysis_dataset_deduplicated\jplag_input\matei-si-diamantele\java\1323404117.java,source_file
matei-si-diamantele,1314235529,data\analysis_dataset_deduplicated\submissions\matei-si-diamantele\1314235529.java,source_file
matei-si-diamantele,1314235529,data\analysis_dataset_deduplicated\jplag_input\matei-si-diamantele\java\1314235529.java,source_file
matei-si-diamantele,1314236281,data\analysis_dataset_deduplicated\submissions\matei-si-diamantele\1314236281.cpp,source_file
matei-si-diamantele,1314236281,data\analysis_dataset_deduplicated\jplag_input\matei-si-diamantele\cpp\1314236281.cpp,source_file
matei-si-diamantele,1323405095,data\analysis_dataset_deduplicated\submissions\matei-si-diamantele\1323405095.java,source_file
matei-si-diamantele,1323405095,data\analysis_dataset_deduplicated\jplag_input\matei-si-diamantele\java\1323405095.java,source_file
matei-si-diamantele,1314236346,data\analysis_dataset_deduplicated\submissions\matei-si-diamantele\1314236346.java,source_file
matei-si-diamantele,1314236346,data\analysis_dataset_deduplicated\jplag_input\matei-si-diamantele\java\1314236346.java,source_file
matei-si-diamantele,1323450151,data\analysis_dataset_deduplicated\submissions\matei-si-diamantele\1323450151.cpp,source_file
matei-si-diamantele,1323450151,data\analysis_dataset_deduplicated\jplag_input\matei-si-diamantele\cpp\1323450151.cpp,source_file
matei-si-diamantele,1314237436,data\analysis_dataset_deduplicated\submissions\matei-si-diamantele\1314237436.cpp,source_file
matei-si-diamantele,1314237436,data\analysis_dataset_deduplicated\jplag_input\matei-si-diamantele\cpp\1314237436.cpp,source_file
matei-si-diamantele,1378121858,data\analysis_dataset_deduplicated\submissions\matei-si-diamantele\1378121858.java,source_file
matei-si-diamantele,1378121858,data\analysis_dataset_deduplicated\jplag_input\matei-si-diamantele\java\1378121858.java,source_file
matei-si-diamantele,1314237594,data\analysis_dataset_deduplicated\submissions\matei-si-diamantele\1314237594.cpp,source_file
matei-si-diamantele,1314237594,data\analysis_dataset_deduplicated\jplag_input\matei-si-diamantele\cpp\1314237594.cpp,source_file
matei-si-diamantele,1314235580,data\analysis_dataset_deduplicated\submissions\matei-si-diamantele\1314235580.cpp,source_file
matei-si-diamantele,1314235580,data\analysis_dataset_deduplicated\jplag_input\matei-si-diamantele\cpp\1314235580.cpp,source_file
matei-si-diamantele,1323452016,data\analysis_dataset_deduplicated\submissions\matei-si-diamantele\1323452016.java,source_file
matei-si-diamantele,1323452016,data\analysis_dataset_deduplicated\jplag_input\matei-si-diamantele\java\1323452016.java,source_file
matei-si-diamantele,1314237766,data\analysis_dataset_deduplicated\submissions\matei-si-diamantele\1314237766.cpp,source_file
matei-si-diamantele,1314237766,data\analysis_dataset_deduplicated\jplag_input\matei-si-diamantele\cpp\1314237766.cpp,source_file
matei-si-diamantele,1314234717,data\analysis_dataset_deduplicated\submissions\matei-si-diamantele\1314234717.cpp,source_file
matei-si-diamantele,1314234717,data\analysis_dataset_deduplicated\jplag_input\matei-si-diamantele\cpp\1314234717.cpp,source_file
matei-si-diamantele,1333796657,data\analysis_dataset_deduplicated\submissions\matei-si-diamantele\1333796657.cpp,source_file
matei-si-diamantele,1333796657,data\analysis_dataset_deduplicated\jplag_input\matei-si-diamantele\cpp\1333796657.cpp,source_file
matei-si-diamantele,1333796684,data\analysis_dataset_deduplicated\submissions\matei-si-diamantele\1333796684.cpp,source_file
matei-si-diamantele,1333796684,data\analysis_dataset_deduplicated\jplag_input\matei-si-diamantele\cpp\1333796684.cpp,source_file
matei-si-diamantele,1314237759,data\analysis_dataset_deduplicated\submissions\matei-si-diamantele\1314237759.cpp,source_file
matei-si-diamantele,1314237759,data\analysis_dataset_deduplicated\jplag_input\matei-si-diamantele\cpp\1314237759.cpp,source_file
matei-si-diamantele,1314237755,data\analysis_dataset_deduplicated\submissions\matei-si-diamantele\1314237755.java,source_file
matei-si-diamantele,1314237755,data\analysis_dataset_deduplicated\jplag_input\matei-si-diamantele\java\1314237755.java,source_file
matei-si-diamantele,1314237289,data\analysis_dataset_deduplicated\submissions\matei-si-diamantele\1314237289.cpp,source_file
matei-si-diamantele,1314237289,data\analysis_dataset_deduplicated\jplag_input\matei-si-diamantele\cpp\1314237289.cpp,source_file
matei-si-diamantele,1323424374,data\analysis_dataset_deduplicated\submissions\matei-si-diamantele\1323424374.cpp,source_file
matei-si-diamantele,1323424374,data\analysis_dataset_deduplicated\jplag_input\matei-si-diamantele\cpp\1323424374.cpp,source_file
matei-si-diamantele,1314237401,data\analysis_dataset_deduplicated\submissions\matei-si-diamantele\1314237401.cpp,source_file
matei-si-diamantele,1314237401,data\analysis_dataset_deduplicated\jplag_input\matei-si-diamantele\cpp\1314237401.cpp,source_file
matei-si-diamantele,1314237055,data\analysis_dataset_deduplicated\submissions\matei-si-diamantele\1314237055.cpp,source_file
matei-si-diamantele,1314237055,data\analysis_dataset_deduplicated\jplag_input\matei-si-diamantele\cpp\1314237055.cpp,source_file
matei-si-diamantele,1344373550,data\analysis_dataset_deduplicated\submissions\matei-si-diamantele\1344373550.cpp,source_file
matei-si-diamantele,1344373550,data\analysis_dataset_deduplicated\jplag_input\matei-si-diamantele\cpp\1344373550.cpp,source_file
matei-si-diamantele,1314235137,data\analysis_dataset_deduplicated\submissions\matei-si-diamantele\1314235137.java,source_file
matei-si-diamantele,1314235137,data\analysis_dataset_deduplicated\jplag_input\matei-si-diamantele\java\1314235137.java,source_file
matei-si-diamantele,1314236356,data\analysis_dataset_deduplicated\submissions\matei-si-diamantele\1314236356.cpp,source_file
matei-si-diamantele,1314236356,data\analysis_dataset_deduplicated\jplag_input\matei-si-diamantele\cpp\1314236356.cpp,source_file
matei-si-diamantele,1333796587,data\analysis_dataset_deduplicated\submissions\matei-si-diamantele\1333796587.cpp,source_file
matei-si-diamantele,1333796587,data\analysis_dataset_deduplicated\jplag_input\matei-si-diamantele\cpp\1333796587.cpp,source_file
matei-si-diamantele,1314237219,data\analysis_dataset_deduplicated\submissions\matei-si-diamantele\1314237219.cpp,source_file
matei-si-diamantele,1314237219,data\analysis_dataset_deduplicated\jplag_input\matei-si-diamantele\cpp\1314237219.cpp,source_file
matei-si-diamantele,1314236167,data\analysis_dataset_deduplicated\submissions\matei-si-diamantele\1314236167.java,source_file
matei-si-diamantele,1314236167,data\analysis_dataset_deduplicated\jplag_input\matei-si-diamantele\java\1314236167.java,source_file
matei-si-diamantele,1323376948,data\analysis_dataset_deduplicated\submissions\matei-si-diamantele\1323376948.cpp,source_file
matei-si-diamantele,1323376948,data\analysis_dataset_deduplicated\jplag_input\matei-si-diamantele\cpp\1323376948.cpp,source_file
matei-si-diamantele,1344373579,data\analysis_dataset_deduplicated\submissions\matei-si-diamantele\1344373579.cpp,source_file
matei-si-diamantele,1344373579,data\analysis_dataset_deduplicated\jplag_input\matei-si-diamantele\cpp\1344373579.cpp,source_file
matei-si-diamantele,1314235326,data\analysis_dataset_deduplicated\submissions\matei-si-diamantele\1314235326.java,source_file
matei-si-diamantele,1314235326,data\analysis_dataset_deduplicated\jplag_input\matei-si-diamantele\java\1314235326.java,source_file
matei-si-diamantele,1314236577,data\analysis_dataset_deduplicated\submissions\matei-si-diamantele\1314236577.cpp,source_file
matei-si-diamantele,1314236577,data\analysis_dataset_deduplicated\jplag_input\matei-si-diamantele\cpp\1314236577.cpp,source_file
matei-si-diamantele,1314234934,data\analysis_dataset_deduplicated\submissions\matei-si-diamantele\1314234934.java,source_file
matei-si-diamantele,1314234934,data\analysis_dataset_deduplicated\jplag_input\matei-si-diamantele\java\1314234934.java,source_file
matei-si-diamantele,1314236968,data\analysis_dataset_deduplicated\submissions\matei-si-diamantele\1314236968.java,source_file
matei-si-diamantele,1314236968,data\analysis_dataset_deduplicated\jplag_input\matei-si-diamantele\java\1314236968.java,source_file
matei-si-diamantele,1314236493,data\analysis_dataset_deduplicated\submissions\matei-si-diamantele\1314236493.cpp,source_file
matei-si-diamantele,1314236493,data\analysis_dataset_deduplicated\jplag_input\matei-si-diamantele\cpp\1314236493.cpp,source_file
matei-si-diamantele,1314237483,data\analysis_dataset_deduplicated\submissions\matei-si-diamantele\1314237483.java,source_file
matei-si-diamantele,1314237483,data\analysis_dataset_deduplicated\jplag_input\matei-si-diamantele\java\1314237483.java,source_file
matei-si-diamantele,1323404111,data\analysis_dataset_deduplicated\submissions\matei-si-diamantele\1323404111.cpp,source_file
matei-si-diamantele,1323404111,data\analysis_dataset_deduplicated\jplag_input\matei-si-diamantele\cpp\1323404111.cpp,source_file
matei-si-diamantele,1323418708,data\analysis_dataset_deduplicated\submissions\matei-si-diamantele\1323418708.java,source_file
matei-si-diamantele,1323418708,data\analysis_dataset_deduplicated\jplag_input\matei-si-diamantele\java\1323418708.java,source_file
matei-si-diamantele,1314236913,data\analysis_dataset_deduplicated\submissions\matei-si-diamantele\1314236913.java,source_file
matei-si-diamantele,1314236913,data\analysis_dataset_deduplicated\jplag_input\matei-si-diamantele\java\1314236913.java,source_file
matei-si-diamantele,1323450140,data\analysis_dataset_deduplicated\submissions\matei-si-diamantele\1323450140.java,source_file
matei-si-diamantele,1323450140,data\analysis_dataset_deduplicated\jplag_input\matei-si-diamantele\java\1323450140.java,source_file
matei-si-diamantele,1314236134,data\analysis_dataset_deduplicated\submissions\matei-si-diamantele\1314236134.java,source_file
matei-si-diamantele,1314236134,data\analysis_dataset_deduplicated\jplag_input\matei-si-diamantele\java\1314236134.java,source_file
matei-si-diamantele,1314237099,data\analysis_dataset_deduplicated\submissions\matei-si-diamantele\1314237099.cpp,source_file
matei-si-diamantele,1314237099,data\analysis_dataset_deduplicated\jplag_input\matei-si-diamantele\cpp\1314237099.cpp,source_file
matei-si-diamantele,1314237785,data\analysis_dataset_deduplicated\submissions\matei-si-diamantele\1314237785.cpp,source_file
matei-si-diamantele,1314237785,data\analysis_dataset_deduplicated\jplag_input\matei-si-diamantele\cpp\1314237785.cpp,source_file
matei-si-diamantele,1344568201,data\analysis_dataset_deduplicated\submissions\matei-si-diamantele\1344568201.cpp,source_file
matei-si-diamantele,1344568201,data\analysis_dataset_deduplicated\jplag_input\matei-si-diamantele\cpp\1344568201.cpp,source_file
matei-si-diamantele,1314236614,data\analysis_dataset_deduplicated\submissions\matei-si-diamantele\1314236614.cpp,source_file
matei-si-diamantele,1314236614,data\analysis_dataset_deduplicated\jplag_input\matei-si-diamantele\cpp\1314236614.cpp,source_file
matei-si-diamantele,1314235023,data\analysis_dataset_deduplicated\submissions\matei-si-diamantele\1314235023.java,source_file
matei-si-diamantele,1314235023,data\analysis_dataset_deduplicated\jplag_input\matei-si-diamantele\java\1314235023.java,source_file
matei-si-diamantele,1314236645,data\analysis_dataset_deduplicated\submissions\matei-si-diamantele\1314236645.cpp,source_file
matei-si-diamantele,1314236645,data\analysis_dataset_deduplicated\jplag_input\matei-si-diamantele\cpp\1314236645.cpp,source_file
matei-si-diamantele,1314237076,data\analysis_dataset_deduplicated\submissions\matei-si-diamantele\1314237076.cpp,source_file
matei-si-diamantele,1314237076,data\analysis_dataset_deduplicated\jplag_input\matei-si-diamantele\cpp\1314237076.cpp,source_file
matei-si-diamantele,1314235130,data\analysis_dataset_deduplicated\submissions\matei-si-diamantele\1314235130.cpp,source_file
matei-si-diamantele,1314235130,data\analysis_dataset_deduplicated\jplag_input\matei-si-diamantele\cpp\1314235130.cpp,source_file
matei-si-diamantele,1323416576,data\analysis_dataset_deduplicated\submissions\matei-si-diamantele\1323416576.cpp,source_file
matei-si-diamantele,1323416576,data\analysis_dataset_deduplicated\jplag_input\matei-si-diamantele\cpp\1323416576.cpp,source_file
matei-si-diamantele,1323404969,data\analysis_dataset_deduplicated\submissions\matei-si-diamantele\1323404969.java,source_file
matei-si-diamantele,1323404969,data\analysis_dataset_deduplicated\jplag_input\matei-si-diamantele\java\1323404969.java,source_file
matei-si-diamantele,1314237631,data\analysis_dataset_deduplicated\submissions\matei-si-diamantele\1314237631.cpp,source_file
matei-si-diamantele,1314237631,data\analysis_dataset_deduplicated\jplag_input\matei-si-diamantele\cpp\1314237631.cpp,source_file
matei-si-diamantele,1361807918,data\analysis_dataset_deduplicated\submissions\matei-si-diamantele\1361807918.cpp,source_file
matei-si-diamantele,1361807918,data\analysis_dataset_deduplicated\jplag_input\matei-si-diamantele\cpp\1361807918.cpp,source_file
matei-si-diamantele,1314236673,data\analysis_dataset_deduplicated\submissions\matei-si-diamantele\1314236673.java,source_file
matei-si-diamantele,1314236673,data\analysis_dataset_deduplicated\jplag_input\matei-si-diamantele\java\1314236673.java,source_file
matei-si-diamantele,1378153358,data\analysis_dataset_deduplicated\submissions\matei-si-diamantele\1378153358.cpp,source_file
matei-si-diamantele,1378153358,data\analysis_dataset_deduplicated\jplag_input\matei-si-diamantele\cpp\1378153358.cpp,source_file
matei-si-diamantele,1314235313,data\analysis_dataset_deduplicated\submissions\matei-si-diamantele\1314235313.java,source_file
matei-si-diamantele,1314235313,data\analysis_dataset_deduplicated\jplag_input\matei-si-diamantele\java\1314235313.java,source_file
matei-si-diamantele,1314236114,data\analysis_dataset_deduplicated\submissions\matei-si-diamantele\1314236114.java,source_file
matei-si-diamantele,1314236114,data\analysis_dataset_deduplicated\jplag_input\matei-si-diamantele\java\1314236114.java,source_file
matei-si-diamantele,1378112672,data\analysis_dataset_deduplicated\submissions\matei-si-diamantele\1378112672.java,source_file
matei-si-diamantele,1378112672,data\analysis_dataset_deduplicated\jplag_input\matei-si-diamantele\java\1378112672.java,source_file
matei-si-diamantele,1332753538,data\analysis_dataset_deduplicated\submissions\matei-si-diamantele\1332753538.cpp,source_file
matei-si-diamantele,1332753538,data\analysis_dataset_deduplicated\jplag_input\matei-si-diamantele\cpp\1332753538.cpp,source_file
matei-si-diamantele,1332753606,data\analysis_dataset_deduplicated\submissions\matei-si-diamantele\1332753606.cpp,source_file
matei-si-diamantele,1332753606,data\analysis_dataset_deduplicated\jplag_input\matei-si-diamantele\cpp\1332753606.cpp,source_file
matei-si-diamantele,1323404098,data\analysis_dataset_deduplicated\submissions\matei-si-diamantele\1323404098.java,source_file
matei-si-diamantele,1323404098,data\analysis_dataset_deduplicated\jplag_input\matei-si-diamantele\java\1323404098.java,source_file
matei-si-diamantele,1314236988,data\analysis_dataset_deduplicated\submissions\matei-si-diamantele\1314236988.java,source_file
matei-si-diamantele,1314236988,data\analysis_dataset_deduplicated\jplag_input\matei-si-diamantele\java\1314236988.java,source_file
matei-si-diamantele,1323447679,data\analysis_dataset_deduplicated\submissions\matei-si-diamantele\1323447679.cpp,source_file
matei-si-diamantele,1323447679,data\analysis_dataset_deduplicated\jplag_input\matei-si-diamantele\cpp\1323447679.cpp,source_file
matei-si-diamantele,1391934043,data\analysis_dataset_deduplicated\submissions\matei-si-diamantele\1391934043.java,source_file
matei-si-diamantele,1391934043,data\analysis_dataset_deduplicated\jplag_input\matei-si-diamantele\java\1391934043.java,source_file
matei-si-diamantele,1378156696,data\analysis_dataset_deduplicated\submissions\matei-si-diamantele\1378156696.cpp,source_file
matei-si-diamantele,1378156696,data\analysis_dataset_deduplicated\jplag_input\matei-si-diamantele\cpp\1378156696.cpp,source_file
matei-si-diamantele,1314234588,data\analysis_dataset_deduplicated\submissions\matei-si-diamantele\1314234588.java,source_file
matei-si-diamantele,1314234588,data\analysis_dataset_deduplicated\jplag_input\matei-si-diamantele\java\1314234588.java,source_file
matei-si-diamantele,1314235251,data\analysis_dataset_deduplicated\submissions\matei-si-diamantele\1314235251.java,source_file
matei-si-diamantele,1314235251,data\analysis_dataset_deduplicated\jplag_input\matei-si-diamantele\java\1314235251.java,source_file
matei-si-diamantele,1391986526,data\analysis_dataset_deduplicated\submissions\matei-si-diamantele\1391986526.cpp,source_file
matei-si-diamantele,1391986526,data\analysis_dataset_deduplicated\jplag_input\matei-si-diamantele\cpp\1391986526.cpp,source_file
matei-si-diamantele,1314235113,data\analysis_dataset_deduplicated\submissions\matei-si-diamantele\1314235113.java,source_file
matei-si-diamantele,1314235113,data\analysis_dataset_deduplicated\jplag_input\matei-si-diamantele\java\1314235113.java,source_file
matei-si-diamantele,1314236283,data\analysis_dataset_deduplicated\submissions\matei-si-diamantele\1314236283.cpp,source_file
matei-si-diamantele,1314236283,data\analysis_dataset_deduplicated\jplag_input\matei-si-diamantele\cpp\1314236283.cpp,source_file
matei-si-diamantele,1323424771,data\analysis_dataset_deduplicated\submissions\matei-si-diamantele\1323424771.java,source_file
matei-si-diamantele,1323424771,data\analysis_dataset_deduplicated\jplag_input\matei-si-diamantele\java\1323424771.java,source_file
organizare-mafiota,1314236704,data\analysis_dataset_deduplicated\submissions\organizare-mafiota\1314236704.cpp,source_file
organizare-mafiota,1314236704,data\analysis_dataset_deduplicated\jplag_input\organizare-mafiota\cpp\1314236704.cpp,source_file
organizare-mafiota,1323079964,data\analysis_dataset_deduplicated\submissions\organizare-mafiota\1323079964.cpp,source_file
organizare-mafiota,1323079964,data\analysis_dataset_deduplicated\jplag_input\organizare-mafiota\cpp\1323079964.cpp,source_file
organizare-mafiota,1314237217,data\analysis_dataset_deduplicated\submissions\organizare-mafiota\1314237217.cpp,source_file
organizare-mafiota,1314237217,data\analysis_dataset_deduplicated\jplag_input\organizare-mafiota\cpp\1314237217.cpp,source_file
organizare-mafiota,1314237200,data\analysis_dataset_deduplicated\submissions\organizare-mafiota\1314237200.cpp,source_file
organizare-mafiota,1314237200,data\analysis_dataset_deduplicated\jplag_input\organizare-mafiota\cpp\1314237200.cpp,source_file
organizare-mafiota,1314222951,data\analysis_dataset_deduplicated\submissions\organizare-mafiota\1314222951.cpp,source_file
organizare-mafiota,1314222951,data\analysis_dataset_deduplicated\jplag_input\organizare-mafiota\cpp\1314222951.cpp,source_file
organizare-mafiota,1314237186,data\analysis_dataset_deduplicated\submissions\organizare-mafiota\1314237186.cpp,source_file
organizare-mafiota,1314237186,data\analysis_dataset_deduplicated\jplag_input\organizare-mafiota\cpp\1314237186.cpp,source_file
organizare-mafiota,1323079984,data\analysis_dataset_deduplicated\submissions\organizare-mafiota\1323079984.cpp,source_file
organizare-mafiota,1323079984,data\analysis_dataset_deduplicated\jplag_input\organizare-mafiota\cpp\1323079984.cpp,source_file
organizare-mafiota,1323079197,data\analysis_dataset_deduplicated\submissions\organizare-mafiota\1323079197.cpp,source_file
organizare-mafiota,1323079197,data\analysis_dataset_deduplicated\jplag_input\organizare-mafiota\cpp\1323079197.cpp,source_file
organizare-mafiota,1314237388,data\analysis_dataset_deduplicated\submissions\organizare-mafiota\1314237388.cpp,source_file
organizare-mafiota,1314237388,data\analysis_dataset_deduplicated\jplag_input\organizare-mafiota\cpp\1314237388.cpp,source_file
organizare-mafiota,1314236843,data\analysis_dataset_deduplicated\submissions\organizare-mafiota\1314236843.cpp,source_file
organizare-mafiota,1314236843,data\analysis_dataset_deduplicated\jplag_input\organizare-mafiota\cpp\1314236843.cpp,source_file
organizare-mafiota,1314237297,data\analysis_dataset_deduplicated\submissions\organizare-mafiota\1314237297.cpp,source_file
organizare-mafiota,1314237297,data\analysis_dataset_deduplicated\jplag_input\organizare-mafiota\cpp\1314237297.cpp,source_file
organizare-mafiota,1314236836,data\analysis_dataset_deduplicated\submissions\organizare-mafiota\1314236836.cpp,source_file
organizare-mafiota,1314236836,data\analysis_dataset_deduplicated\jplag_input\organizare-mafiota\cpp\1314236836.cpp,source_file
organizare-mafiota,1314222947,data\analysis_dataset_deduplicated\submissions\organizare-mafiota\1314222947.cpp,source_file
organizare-mafiota,1314222947,data\analysis_dataset_deduplicated\jplag_input\organizare-mafiota\cpp\1314222947.cpp,source_file
organizare-mafiota,1323079906,data\analysis_dataset_deduplicated\submissions\organizare-mafiota\1323079906.cpp,source_file
organizare-mafiota,1323079906,data\analysis_dataset_deduplicated\jplag_input\organizare-mafiota\cpp\1323079906.cpp,source_file
organizare-mafiota,1333773550,data\analysis_dataset_deduplicated\submissions\organizare-mafiota\1333773550.cpp,source_file
organizare-mafiota,1333773550,data\analysis_dataset_deduplicated\jplag_input\organizare-mafiota\cpp\1333773550.cpp,source_file
cutiile-magice,1323453939,data\analysis_dataset_deduplicated\solutions\cutiile-magice.json,json_record
cutiile-magice,1323453986,data\analysis_dataset_deduplicated\solutions\cutiile-magice.json,json_record
cutiile-magice,1323454022,data\analysis_dataset_deduplicated\solutions\cutiile-magice.json,json_record
cutiile-magice,1323431291,data\analysis_dataset_deduplicated\solutions\cutiile-magice.json,json_record
cutiile-magice,1323431878,data\analysis_dataset_deduplicated\solutions\cutiile-magice.json,json_record
cutiile-magice,1323431415,data\analysis_dataset_deduplicated\solutions\cutiile-magice.json,json_record
cutiile-magice,1314237111,data\analysis_dataset_deduplicated\solutions\cutiile-magice.json,json_record
cutiile-magice,1314237121,data\analysis_dataset_deduplicated\solutions\cutiile-magice.json,json_record
cutiile-magice,1314237635,data\analysis_dataset_deduplicated\solutions\cutiile-magice.json,json_record
cutiile-magice,1314237694,data\analysis_dataset_deduplicated\solutions\cutiile-magice.json,json_record
cutiile-magice,1314237426,data\analysis_dataset_deduplicated\solutions\cutiile-magice.json,json_record
cutiile-magice,1344729748,data\analysis_dataset_deduplicated\solutions\cutiile-magice.json,json_record
cutiile-magice,1344729751,data\analysis_dataset_deduplicated\solutions\cutiile-magice.json,json_record
cutiile-magice,1344729754,data\analysis_dataset_deduplicated\solutions\cutiile-magice.json,json_record
cutiile-magice,1344729753,data\analysis_dataset_deduplicated\solutions\cutiile-magice.json,json_record
cutiile-magice,1344729756,data\analysis_dataset_deduplicated\solutions\cutiile-magice.json,json_record
cutiile-magice,1314236596,data\analysis_dataset_deduplicated\solutions\cutiile-magice.json,json_record
cutiile-magice,1314235906,data\analysis_dataset_deduplicated\solutions\cutiile-magice.json,json_record
cutiile-magice,1314236112,data\analysis_dataset_deduplicated\solutions\cutiile-magice.json,json_record
cutiile-magice,1323410467,data\analysis_dataset_deduplicated\solutions\cutiile-magice.json,json_record
cutiile-magice,1314237727,data\analysis_dataset_deduplicated\solutions\cutiile-magice.json,json_record
cutiile-magice,1314236783,data\analysis_dataset_deduplicated\solutions\cutiile-magice.json,json_record
cutiile-magice,1314237247,data\analysis_dataset_deduplicated\solutions\cutiile-magice.json,json_record
cutiile-magice,1314237661,data\analysis_dataset_deduplicated\solutions\cutiile-magice.json,json_record
cutiile-magice,1314237698,data\analysis_dataset_deduplicated\solutions\cutiile-magice.json,json_record
cutiile-magice,1314235724,data\analysis_dataset_deduplicated\solutions\cutiile-magice.json,json_record
cutiile-magice,1323389682,data\analysis_dataset_deduplicated\solutions\cutiile-magice.json,json_record
cutiile-magice,1314234716,data\analysis_dataset_deduplicated\solutions\cutiile-magice.json,json_record
cutiile-magice,1314236146,data\analysis_dataset_deduplicated\solutions\cutiile-magice.json,json_record
cutiile-magice,1314236156,data\analysis_dataset_deduplicated\solutions\cutiile-magice.json,json_record
cutiile-magice,1314236228,data\analysis_dataset_deduplicated\solutions\cutiile-magice.json,json_record
cutiile-magice,1314236792,data\analysis_dataset_deduplicated\solutions\cutiile-magice.json,json_record
cutiile-magice,1314236871,data\analysis_dataset_deduplicated\solutions\cutiile-magice.json,json_record
cutiile-magice,1314236983,data\analysis_dataset_deduplicated\solutions\cutiile-magice.json,json_record
cutiile-magice,1332595239,data\analysis_dataset_deduplicated\solutions\cutiile-magice.json,json_record
cutiile-magice,1314237834,data\analysis_dataset_deduplicated\solutions\cutiile-magice.json,json_record
cutiile-magice,1314237269,data\analysis_dataset_deduplicated\solutions\cutiile-magice.json,json_record
cutiile-magice,1332719678,data\analysis_dataset_deduplicated\solutions\cutiile-magice.json,json_record
cutiile-magice,1378139543,data\analysis_dataset_deduplicated\solutions\cutiile-magice.json,json_record
cutiile-magice,1332764094,data\analysis_dataset_deduplicated\solutions\cutiile-magice.json,json_record
cutiile-magice,1314237369,data\analysis_dataset_deduplicated\solutions\cutiile-magice.json,json_record
cutiile-magice,1314237270,data\analysis_dataset_deduplicated\solutions\cutiile-magice.json,json_record
cutiile-magice,1332763114,data\analysis_dataset_deduplicated\solutions\cutiile-magice.json,json_record
cutiile-magice,1314236723,data\analysis_dataset_deduplicated\solutions\cutiile-magice.json,json_record
cutiile-magice,1314236280,data\analysis_dataset_deduplicated\solutions\cutiile-magice.json,json_record
cutiile-magice,1314236677,data\analysis_dataset_deduplicated\solutions\cutiile-magice.json,json_record
cutiile-magice,1314236709,data\analysis_dataset_deduplicated\solutions\cutiile-magice.json,json_record
cutiile-magice,1314213352,data\analysis_dataset_deduplicated\solutions\cutiile-magice.json,json_record
cutiile-magice,1314213388,data\analysis_dataset_deduplicated\solutions\cutiile-magice.json,json_record
cutiile-magice,1314213401,data\analysis_dataset_deduplicated\solutions\cutiile-magice.json,json_record
cutiile-magice,1314236739,data\analysis_dataset_deduplicated\solutions\cutiile-magice.json,json_record
cutiile-magice,1370576016,data\analysis_dataset_deduplicated\solutions\cutiile-magice.json,json_record
cutiile-magice,1370576093,data\analysis_dataset_deduplicated\solutions\cutiile-magice.json,json_record
cutiile-magice,1370578807,data\analysis_dataset_deduplicated\solutions\cutiile-magice.json,json_record
cutiile-magice,1314236075,data\analysis_dataset_deduplicated\solutions\cutiile-magice.json,json_record
gigel-si-raspandirea-vestilor,1314237558,data\analysis_dataset_deduplicated\solutions\gigel-si-raspandirea-vestilor.json,json_record
gigel-si-raspandirea-vestilor,1314234917,data\analysis_dataset_deduplicated\solutions\gigel-si-raspandirea-vestilor.json,json_record
gigel-si-raspandirea-vestilor,1344623137,data\analysis_dataset_deduplicated\solutions\gigel-si-raspandirea-vestilor.json,json_record
gigel-si-raspandirea-vestilor,1314235420,data\analysis_dataset_deduplicated\solutions\gigel-si-raspandirea-vestilor.json,json_record
gigel-si-raspandirea-vestilor,1314235457,data\analysis_dataset_deduplicated\solutions\gigel-si-raspandirea-vestilor.json,json_record
gigel-si-raspandirea-vestilor,1314235804,data\analysis_dataset_deduplicated\solutions\gigel-si-raspandirea-vestilor.json,json_record
gigel-si-raspandirea-vestilor,1314235273,data\analysis_dataset_deduplicated\solutions\gigel-si-raspandirea-vestilor.json,json_record
gigel-si-raspandirea-vestilor,1314235108,data\analysis_dataset_deduplicated\solutions\gigel-si-raspandirea-vestilor.json,json_record
gigel-si-raspandirea-vestilor,1314237348,data\analysis_dataset_deduplicated\solutions\gigel-si-raspandirea-vestilor.json,json_record
gigel-si-raspandirea-vestilor,1314237653,data\analysis_dataset_deduplicated\solutions\gigel-si-raspandirea-vestilor.json,json_record
gigel-si-raspandirea-vestilor,1323445123,data\analysis_dataset_deduplicated\solutions\gigel-si-raspandirea-vestilor.json,json_record
gigel-si-raspandirea-vestilor,1314237746,data\analysis_dataset_deduplicated\solutions\gigel-si-raspandirea-vestilor.json,json_record
gigel-si-raspandirea-vestilor,1314236380,data\analysis_dataset_deduplicated\solutions\gigel-si-raspandirea-vestilor.json,json_record
gigel-si-raspandirea-vestilor,1314235821,data\analysis_dataset_deduplicated\solutions\gigel-si-raspandirea-vestilor.json,json_record
gigel-si-raspandirea-vestilor,1314235897,data\analysis_dataset_deduplicated\solutions\gigel-si-raspandirea-vestilor.json,json_record
gigel-si-raspandirea-vestilor,1314235962,data\analysis_dataset_deduplicated\solutions\gigel-si-raspandirea-vestilor.json,json_record
gigel-si-raspandirea-vestilor,1314239651,data\analysis_dataset_deduplicated\solutions\gigel-si-raspandirea-vestilor.json,json_record
gigel-si-raspandirea-vestilor,1314235533,data\analysis_dataset_deduplicated\solutions\gigel-si-raspandirea-vestilor.json,json_record
gigel-si-raspandirea-vestilor,1314236398,data\analysis_dataset_deduplicated\solutions\gigel-si-raspandirea-vestilor.json,json_record
gigel-si-raspandirea-vestilor,1323090024,data\analysis_dataset_deduplicated\solutions\gigel-si-raspandirea-vestilor.json,json_record
gigel-si-raspandirea-vestilor,1323090318,data\analysis_dataset_deduplicated\solutions\gigel-si-raspandirea-vestilor.json,json_record
gigel-si-raspandirea-vestilor,1333777542,data\analysis_dataset_deduplicated\solutions\gigel-si-raspandirea-vestilor.json,json_record
gigel-si-raspandirea-vestilor,1333804494,data\analysis_dataset_deduplicated\solutions\gigel-si-raspandirea-vestilor.json,json_record
gigel-si-raspandirea-vestilor,1333804486,data\analysis_dataset_deduplicated\solutions\gigel-si-raspandirea-vestilor.json,json_record
gigel-si-raspandirea-vestilor,1323452096,data\analysis_dataset_deduplicated\solutions\gigel-si-raspandirea-vestilor.json,json_record
gigel-si-raspandirea-vestilor,1314236545,data\analysis_dataset_deduplicated\solutions\gigel-si-raspandirea-vestilor.json,json_record
gigel-si-raspandirea-vestilor,1314237267,data\analysis_dataset_deduplicated\solutions\gigel-si-raspandirea-vestilor.json,json_record
gigel-si-raspandirea-vestilor,1314235698,data\analysis_dataset_deduplicated\solutions\gigel-si-raspandirea-vestilor.json,json_record
gigel-si-raspandirea-vestilor,1344638149,data\analysis_dataset_deduplicated\solutions\gigel-si-raspandirea-vestilor.json,json_record
gigel-si-raspandirea-vestilor,1314236886,data\analysis_dataset_deduplicated\solutions\gigel-si-raspandirea-vestilor.json,json_record
gigel-si-raspandirea-vestilor,1314236985,data\analysis_dataset_deduplicated\solutions\gigel-si-raspandirea-vestilor.json,json_record
gigel-si-raspandirea-vestilor,1344637828,data\analysis_dataset_deduplicated\solutions\gigel-si-raspandirea-vestilor.json,json_record
gigel-si-raspandirea-vestilor,1314237709,data\analysis_dataset_deduplicated\solutions\gigel-si-raspandirea-vestilor.json,json_record
gigel-si-raspandirea-vestilor,1314235512,data\analysis_dataset_deduplicated\solutions\gigel-si-raspandirea-vestilor.json,json_record
gigel-si-raspandirea-vestilor,1314235600,data\analysis_dataset_deduplicated\solutions\gigel-si-raspandirea-vestilor.json,json_record
gigel-si-raspandirea-vestilor,1314236643,data\analysis_dataset_deduplicated\solutions\gigel-si-raspandirea-vestilor.json,json_record
gigel-si-raspandirea-vestilor,1314237013,data\analysis_dataset_deduplicated\solutions\gigel-si-raspandirea-vestilor.json,json_record
gigel-si-raspandirea-vestilor,1314237338,data\analysis_dataset_deduplicated\solutions\gigel-si-raspandirea-vestilor.json,json_record
gigel-si-raspandirea-vestilor,1314237572,data\analysis_dataset_deduplicated\solutions\gigel-si-raspandirea-vestilor.json,json_record
gigel-si-raspandirea-vestilor,1314237740,data\analysis_dataset_deduplicated\solutions\gigel-si-raspandirea-vestilor.json,json_record
gigel-si-raspandirea-vestilor,1344603940,data\analysis_dataset_deduplicated\solutions\gigel-si-raspandirea-vestilor.json,json_record
gigel-si-raspandirea-vestilor,1344604009,data\analysis_dataset_deduplicated\solutions\gigel-si-raspandirea-vestilor.json,json_record
gigel-si-raspandirea-vestilor,1323453229,data\analysis_dataset_deduplicated\solutions\gigel-si-raspandirea-vestilor.json,json_record
gigel-si-raspandirea-vestilor,1323417811,data\analysis_dataset_deduplicated\solutions\gigel-si-raspandirea-vestilor.json,json_record
gigel-si-raspandirea-vestilor,1331970072,data\analysis_dataset_deduplicated\solutions\gigel-si-raspandirea-vestilor.json,json_record
gigel-si-raspandirea-vestilor,1314237679,data\analysis_dataset_deduplicated\solutions\gigel-si-raspandirea-vestilor.json,json_record
gigel-si-raspandirea-vestilor,1314235245,data\analysis_dataset_deduplicated\solutions\gigel-si-raspandirea-vestilor.json,json_record
gigel-si-raspandirea-vestilor,1314236530,data\analysis_dataset_deduplicated\solutions\gigel-si-raspandirea-vestilor.json,json_record
gigel-si-raspandirea-vestilor,1314236879,data\analysis_dataset_deduplicated\solutions\gigel-si-raspandirea-vestilor.json,json_record
gigel-si-raspandirea-vestilor,1314237310,data\analysis_dataset_deduplicated\solutions\gigel-si-raspandirea-vestilor.json,json_record
gigel-si-raspandirea-vestilor,1333804558,data\analysis_dataset_deduplicated\solutions\gigel-si-raspandirea-vestilor.json,json_record
gigel-si-raspandirea-vestilor,1314234554,data\analysis_dataset_deduplicated\solutions\gigel-si-raspandirea-vestilor.json,json_record
gigel-si-raspandirea-vestilor,1314235951,data\analysis_dataset_deduplicated\solutions\gigel-si-raspandirea-vestilor.json,json_record
gigel-si-raspandirea-vestilor,1408520356,data\analysis_dataset_deduplicated\solutions\gigel-si-raspandirea-vestilor.json,json_record
gigel-si-raspandirea-vestilor,1408560905,data\analysis_dataset_deduplicated\solutions\gigel-si-raspandirea-vestilor.json,json_record
gigel-si-raspandirea-vestilor,1314235468,data\analysis_dataset_deduplicated\solutions\gigel-si-raspandirea-vestilor.json,json_record
gigel-si-raspandirea-vestilor,1314237607,data\analysis_dataset_deduplicated\solutions\gigel-si-raspandirea-vestilor.json,json_record
gigel-si-raspandirea-vestilor,1314237404,data\analysis_dataset_deduplicated\solutions\gigel-si-raspandirea-vestilor.json,json_record
gigel-si-raspandirea-vestilor,1314236404,data\analysis_dataset_deduplicated\solutions\gigel-si-raspandirea-vestilor.json,json_record
gigel-si-raspandirea-vestilor,1314237837,data\analysis_dataset_deduplicated\solutions\gigel-si-raspandirea-vestilor.json,json_record
gigel-si-raspandirea-vestilor,1378121512,data\analysis_dataset_deduplicated\solutions\gigel-si-raspandirea-vestilor.json,json_record
gigel-si-raspandirea-vestilor,1378155090,data\analysis_dataset_deduplicated\solutions\gigel-si-raspandirea-vestilor.json,json_record
gigel-si-raspandirea-vestilor,1408569325,data\analysis_dataset_deduplicated\solutions\gigel-si-raspandirea-vestilor.json,json_record
gigel-si-raspandirea-vestilor,1408570962,data\analysis_dataset_deduplicated\solutions\gigel-si-raspandirea-vestilor.json,json_record
gigel-si-raspandirea-vestilor,1314237865,data\analysis_dataset_deduplicated\solutions\gigel-si-raspandirea-vestilor.json,json_record
gigel-si-raspandirea-vestilor,1408504524,data\analysis_dataset_deduplicated\solutions\gigel-si-raspandirea-vestilor.json,json_record
gigel-si-raspandirea-vestilor,1314236483,data\analysis_dataset_deduplicated\solutions\gigel-si-raspandirea-vestilor.json,json_record
gigel-si-raspandirea-vestilor,1408552368,data\analysis_dataset_deduplicated\solutions\gigel-si-raspandirea-vestilor.json,json_record
gigel-si-raspandirea-vestilor,1408491609,data\analysis_dataset_deduplicated\solutions\gigel-si-raspandirea-vestilor.json,json_record
gigel-si-raspandirea-vestilor,1314234537,data\analysis_dataset_deduplicated\solutions\gigel-si-raspandirea-vestilor.json,json_record
gigel-si-raspandirea-vestilor,1314234653,data\analysis_dataset_deduplicated\solutions\gigel-si-raspandirea-vestilor.json,json_record
gigel-si-raspandirea-vestilor,1314235172,data\analysis_dataset_deduplicated\solutions\gigel-si-raspandirea-vestilor.json,json_record
gigel-si-raspandirea-vestilor,1408570843,data\analysis_dataset_deduplicated\solutions\gigel-si-raspandirea-vestilor.json,json_record
gigel-si-raspandirea-vestilor,1408570853,data\analysis_dataset_deduplicated\solutions\gigel-si-raspandirea-vestilor.json,json_record
gigel-si-raspandirea-vestilor,1391770134,data\analysis_dataset_deduplicated\solutions\gigel-si-raspandirea-vestilor.json,json_record
gigel-si-raspandirea-vestilor,1408593126,data\analysis_dataset_deduplicated\solutions\gigel-si-raspandirea-vestilor.json,json_record
gigel-si-raspandirea-vestilor,1408435667,data\analysis_dataset_deduplicated\solutions\gigel-si-raspandirea-vestilor.json,json_record
gigel-si-raspandirea-vestilor,1391934839,data\analysis_dataset_deduplicated\solutions\gigel-si-raspandirea-vestilor.json,json_record
gigel-si-raspandirea-vestilor,1314237354,data\analysis_dataset_deduplicated\solutions\gigel-si-raspandirea-vestilor.json,json_record
gigel-si-raspandirea-vestilor,1314235077,data\analysis_dataset_deduplicated\solutions\gigel-si-raspandirea-vestilor.json,json_record
gigel-si-sosetele,1361593026,data\analysis_dataset_deduplicated\solutions\gigel-si-sosetele.json,json_record
gigel-si-sosetele,1323426260,data\analysis_dataset_deduplicated\solutions\gigel-si-sosetele.json,json_record
gigel-si-sosetele,1323432408,data\analysis_dataset_deduplicated\solutions\gigel-si-sosetele.json,json_record
gigel-si-sosetele,1314237003,data\analysis_dataset_deduplicated\solutions\gigel-si-sosetele.json,json_record
gigel-si-sosetele,1314237263,data\analysis_dataset_deduplicated\solutions\gigel-si-sosetele.json,json_record
gigel-si-sosetele,1323425620,data\analysis_dataset_deduplicated\solutions\gigel-si-sosetele.json,json_record
gigel-si-sosetele,1332757083,data\analysis_dataset_deduplicated\solutions\gigel-si-sosetele.json,json_record
gigel-si-sosetele,1314237326,data\analysis_dataset_deduplicated\solutions\gigel-si-sosetele.json,json_record
gigel-si-sosetele,1314237364,data\analysis_dataset_deduplicated\solutions\gigel-si-sosetele.json,json_record
gigel-si-sosetele,1314237195,data\analysis_dataset_deduplicated\solutions\gigel-si-sosetele.json,json_record
gigel-si-sosetele,1314237657,data\analysis_dataset_deduplicated\solutions\gigel-si-sosetele.json,json_record
gigel-si-sosetele,1314237771,data\analysis_dataset_deduplicated\solutions\gigel-si-sosetele.json,json_record
gigel-si-sosetele,1314237855,data\analysis_dataset_deduplicated\solutions\gigel-si-sosetele.json,json_record
gigel-si-sosetele,1314236212,data\analysis_dataset_deduplicated\solutions\gigel-si-sosetele.json,json_record
gigel-si-sosetele,1314236737,data\analysis_dataset_deduplicated\solutions\gigel-si-sosetele.json,json_record
gigel-si-sosetele,1323432489,data\analysis_dataset_deduplicated\solutions\gigel-si-sosetele.json,json_record
gigel-si-sosetele,1314234785,data\analysis_dataset_deduplicated\solutions\gigel-si-sosetele.json,json_record
gigel-si-sosetele,1314237674,data\analysis_dataset_deduplicated\solutions\gigel-si-sosetele.json,json_record
gigel-si-sosetele,1332621488,data\analysis_dataset_deduplicated\solutions\gigel-si-sosetele.json,json_record
gigel-si-sosetele,1323425476,data\analysis_dataset_deduplicated\solutions\gigel-si-sosetele.json,json_record
gigel-si-sosetele,1323426197,data\analysis_dataset_deduplicated\solutions\gigel-si-sosetele.json,json_record
gigel-si-sosetele,1323426267,data\analysis_dataset_deduplicated\solutions\gigel-si-sosetele.json,json_record
gigel-si-sosetele,1314237836,data\analysis_dataset_deduplicated\solutions\gigel-si-sosetele.json,json_record
gigel-si-sosetele,1314237127,data\analysis_dataset_deduplicated\solutions\gigel-si-sosetele.json,json_record
gigel-si-sosetele,1314236438,data\analysis_dataset_deduplicated\solutions\gigel-si-sosetele.json,json_record
gigel-si-sosetele,1323368532,data\analysis_dataset_deduplicated\solutions\gigel-si-sosetele.json,json_record
gigel-si-sosetele,1323370083,data\analysis_dataset_deduplicated\solutions\gigel-si-sosetele.json,json_record
gigel-si-sosetele,1314237008,data\analysis_dataset_deduplicated\solutions\gigel-si-sosetele.json,json_record
gigel-si-sosetele,1314237091,data\analysis_dataset_deduplicated\solutions\gigel-si-sosetele.json,json_record
gigel-si-sosetele,1314237103,data\analysis_dataset_deduplicated\solutions\gigel-si-sosetele.json,json_record
gigel-si-sosetele,1314237167,data\analysis_dataset_deduplicated\solutions\gigel-si-sosetele.json,json_record
gigel-si-sosetele,1314236332,data\analysis_dataset_deduplicated\solutions\gigel-si-sosetele.json,json_record
gigel-si-sosetele,1314236405,data\analysis_dataset_deduplicated\solutions\gigel-si-sosetele.json,json_record
gigel-si-sosetele,1314236261,data\analysis_dataset_deduplicated\solutions\gigel-si-sosetele.json,json_record
gigel-si-sosetele,1314237447,data\analysis_dataset_deduplicated\solutions\gigel-si-sosetele.json,json_record
gigel-si-sosetele,1332754182,data\analysis_dataset_deduplicated\solutions\gigel-si-sosetele.json,json_record
gigel-si-sosetele,1344637038,data\analysis_dataset_deduplicated\solutions\gigel-si-sosetele.json,json_record
gigel-si-sosetele,1344637177,data\analysis_dataset_deduplicated\solutions\gigel-si-sosetele.json,json_record
gigel-si-sosetele,1323079492,data\analysis_dataset_deduplicated\solutions\gigel-si-sosetele.json,json_record
gigel-si-sosetele,1314237570,data\analysis_dataset_deduplicated\solutions\gigel-si-sosetele.json,json_record
gigel-si-sosetele,1314236308,data\analysis_dataset_deduplicated\solutions\gigel-si-sosetele.json,json_record
gigel-si-sosetele,1314236330,data\analysis_dataset_deduplicated\solutions\gigel-si-sosetele.json,json_record
gigel-si-sosetele,1314236413,data\analysis_dataset_deduplicated\solutions\gigel-si-sosetele.json,json_record
gigel-si-sosetele,1314236094,data\analysis_dataset_deduplicated\solutions\gigel-si-sosetele.json,json_record
gigel-si-sosetele,1314236150,data\analysis_dataset_deduplicated\solutions\gigel-si-sosetele.json,json_record
gigel-si-sosetele,1323450489,data\analysis_dataset_deduplicated\solutions\gigel-si-sosetele.json,json_record
gigel-si-sosetele,1323449323,data\analysis_dataset_deduplicated\solutions\gigel-si-sosetele.json,json_record
gigel-si-sosetele,1314236328,data\analysis_dataset_deduplicated\solutions\gigel-si-sosetele.json,json_record
gigel-si-sosetele,1314235295,data\analysis_dataset_deduplicated\solutions\gigel-si-sosetele.json,json_record
gigel-si-sosetele,1314236503,data\analysis_dataset_deduplicated\solutions\gigel-si-sosetele.json,json_record
gigel-si-sosetele,1323455607,data\analysis_dataset_deduplicated\solutions\gigel-si-sosetele.json,json_record
gigel-si-sosetele,1314236587,data\analysis_dataset_deduplicated\solutions\gigel-si-sosetele.json,json_record
gigel-si-sosetele,1314236774,data\analysis_dataset_deduplicated\solutions\gigel-si-sosetele.json,json_record
gigel-si-sosetele,1314236696,data\analysis_dataset_deduplicated\solutions\gigel-si-sosetele.json,json_record
gigel-si-sosetele,1314237047,data\analysis_dataset_deduplicated\solutions\gigel-si-sosetele.json,json_record
gigel-si-sosetele,1332712258,data\analysis_dataset_deduplicated\solutions\gigel-si-sosetele.json,json_record
gigel-si-sosetele,1323076188,data\analysis_dataset_deduplicated\solutions\gigel-si-sosetele.json,json_record
gigel-si-sosetele,1314237260,data\analysis_dataset_deduplicated\solutions\gigel-si-sosetele.json,json_record
gigel-si-sosetele,1314235115,data\analysis_dataset_deduplicated\solutions\gigel-si-sosetele.json,json_record
gigel-si-sosetele,1314235350,data\analysis_dataset_deduplicated\solutions\gigel-si-sosetele.json,json_record
gigel-si-sosetele,1314235367,data\analysis_dataset_deduplicated\solutions\gigel-si-sosetele.json,json_record
gigel-si-sosetele,1314235389,data\analysis_dataset_deduplicated\solutions\gigel-si-sosetele.json,json_record
gigel-si-sosetele,1314236725,data\analysis_dataset_deduplicated\solutions\gigel-si-sosetele.json,json_record
gigel-si-sosetele,1314236742,data\analysis_dataset_deduplicated\solutions\gigel-si-sosetele.json,json_record
gigel-si-sosetele,1314237070,data\analysis_dataset_deduplicated\solutions\gigel-si-sosetele.json,json_record
gigel-si-sosetele,1344637589,data\analysis_dataset_deduplicated\solutions\gigel-si-sosetele.json,json_record
gigel-si-sosetele,1344637646,data\analysis_dataset_deduplicated\solutions\gigel-si-sosetele.json,json_record
gigel-si-sosetele,1323080111,data\analysis_dataset_deduplicated\solutions\gigel-si-sosetele.json,json_record
gigel-si-sosetele,1314237780,data\analysis_dataset_deduplicated\solutions\gigel-si-sosetele.json,json_record
gigel-si-sosetele,1314237813,data\analysis_dataset_deduplicated\solutions\gigel-si-sosetele.json,json_record
gigel-si-sosetele,1314236982,data\analysis_dataset_deduplicated\solutions\gigel-si-sosetele.json,json_record
gigel-si-sosetele,1314236095,data\analysis_dataset_deduplicated\solutions\gigel-si-sosetele.json,json_record
gigel-si-sosetele,1314236670,data\analysis_dataset_deduplicated\solutions\gigel-si-sosetele.json,json_record
gigel-si-sosetele,1314237117,data\analysis_dataset_deduplicated\solutions\gigel-si-sosetele.json,json_record
gigel-si-sosetele,1314237153,data\analysis_dataset_deduplicated\solutions\gigel-si-sosetele.json,json_record
gigel-si-sosetele,1314237807,data\analysis_dataset_deduplicated\solutions\gigel-si-sosetele.json,json_record
gigel-si-sosetele,1314237683,data\analysis_dataset_deduplicated\solutions\gigel-si-sosetele.json,json_record
gigel-si-sosetele,1323432742,data\analysis_dataset_deduplicated\solutions\gigel-si-sosetele.json,json_record
gigel-si-sosetele,1323432774,data\analysis_dataset_deduplicated\solutions\gigel-si-sosetele.json,json_record
gigel-si-sosetele,1323432824,data\analysis_dataset_deduplicated\solutions\gigel-si-sosetele.json,json_record
gigel-si-sosetele,1323432896,data\analysis_dataset_deduplicated\solutions\gigel-si-sosetele.json,json_record
gigel-si-sosetele,1323442435,data\analysis_dataset_deduplicated\solutions\gigel-si-sosetele.json,json_record
gigel-si-sosetele,1323442703,data\analysis_dataset_deduplicated\solutions\gigel-si-sosetele.json,json_record
gigel-si-sosetele,1323442848,data\analysis_dataset_deduplicated\solutions\gigel-si-sosetele.json,json_record
gigel-si-sosetele,1323443126,data\analysis_dataset_deduplicated\solutions\gigel-si-sosetele.json,json_record
gigel-si-sosetele,1323445337,data\analysis_dataset_deduplicated\solutions\gigel-si-sosetele.json,json_record
gigel-si-sosetele,1323445365,data\analysis_dataset_deduplicated\solutions\gigel-si-sosetele.json,json_record
gigel-si-sosetele,1323446120,data\analysis_dataset_deduplicated\solutions\gigel-si-sosetele.json,json_record
gigel-si-sosetele,1314235920,data\analysis_dataset_deduplicated\solutions\gigel-si-sosetele.json,json_record
gigel-si-sosetele,1333805428,data\analysis_dataset_deduplicated\solutions\gigel-si-sosetele.json,json_record
gigel-si-sosetele,1314235959,data\analysis_dataset_deduplicated\solutions\gigel-si-sosetele.json,json_record
gigel-si-sosetele,1314235998,data\analysis_dataset_deduplicated\solutions\gigel-si-sosetele.json,json_record
gigel-si-sosetele,1323451835,data\analysis_dataset_deduplicated\solutions\gigel-si-sosetele.json,json_record
gigel-si-sosetele,1314236087,data\analysis_dataset_deduplicated\solutions\gigel-si-sosetele.json,json_record
gigel-si-sosetele,1314237820,data\analysis_dataset_deduplicated\solutions\gigel-si-sosetele.json,json_record
gigel-si-sosetele,1323074055,data\analysis_dataset_deduplicated\solutions\gigel-si-sosetele.json,json_record
gigel-si-sosetele,1323079467,data\analysis_dataset_deduplicated\solutions\gigel-si-sosetele.json,json_record
gigel-si-sosetele,1332398750,data\analysis_dataset_deduplicated\solutions\gigel-si-sosetele.json,json_record
gigel-si-sosetele,1323446447,data\analysis_dataset_deduplicated\solutions\gigel-si-sosetele.json,json_record
gigel-si-sosetele,1323447184,data\analysis_dataset_deduplicated\solutions\gigel-si-sosetele.json,json_record
gigel-si-sosetele,1314238139,data\analysis_dataset_deduplicated\solutions\gigel-si-sosetele.json,json_record
gigel-si-sosetele,1314238147,data\analysis_dataset_deduplicated\solutions\gigel-si-sosetele.json,json_record
gigel-si-sosetele,1344613861,data\analysis_dataset_deduplicated\solutions\gigel-si-sosetele.json,json_record
gigel-si-sosetele,1323432814,data\analysis_dataset_deduplicated\solutions\gigel-si-sosetele.json,json_record
gigel-si-sosetele,1314236183,data\analysis_dataset_deduplicated\solutions\gigel-si-sosetele.json,json_record
gigel-si-sosetele,1314237532,data\analysis_dataset_deduplicated\solutions\gigel-si-sosetele.json,json_record
gigel-si-sosetele,1314235986,data\analysis_dataset_deduplicated\solutions\gigel-si-sosetele.json,json_record
gigel-si-sosetele,1314236084,data\analysis_dataset_deduplicated\solutions\gigel-si-sosetele.json,json_record
gigel-si-sosetele,1314236098,data\analysis_dataset_deduplicated\solutions\gigel-si-sosetele.json,json_record
gigel-si-sosetele,1314236789,data\analysis_dataset_deduplicated\solutions\gigel-si-sosetele.json,json_record
gigel-si-sosetele,1314236849,data\analysis_dataset_deduplicated\solutions\gigel-si-sosetele.json,json_record
gigel-si-sosetele,1314236831,data\analysis_dataset_deduplicated\solutions\gigel-si-sosetele.json,json_record
gigel-si-sosetele,1314236820,data\analysis_dataset_deduplicated\solutions\gigel-si-sosetele.json,json_record
gigel-si-sosetele,1314236895,data\analysis_dataset_deduplicated\solutions\gigel-si-sosetele.json,json_record
gigel-si-sosetele,1314236906,data\analysis_dataset_deduplicated\solutions\gigel-si-sosetele.json,json_record
gigel-si-sosetele,1314237017,data\analysis_dataset_deduplicated\solutions\gigel-si-sosetele.json,json_record
gigel-si-sosetele,1314237027,data\analysis_dataset_deduplicated\solutions\gigel-si-sosetele.json,json_record
gigel-si-sosetele,1314237071,data\analysis_dataset_deduplicated\solutions\gigel-si-sosetele.json,json_record
gigel-si-sosetele,1314237098,data\analysis_dataset_deduplicated\solutions\gigel-si-sosetele.json,json_record
gigel-si-sosetele,1314237113,data\analysis_dataset_deduplicated\solutions\gigel-si-sosetele.json,json_record
gigel-si-sosetele,1314237104,data\analysis_dataset_deduplicated\solutions\gigel-si-sosetele.json,json_record
gigel-si-sosetele,1314237131,data\analysis_dataset_deduplicated\solutions\gigel-si-sosetele.json,json_record
gigel-si-sosetele,1314237122,data\analysis_dataset_deduplicated\solutions\gigel-si-sosetele.json,json_record
gigel-si-sosetele,1314237191,data\analysis_dataset_deduplicated\solutions\gigel-si-sosetele.json,json_record
gigel-si-sosetele,1314237176,data\analysis_dataset_deduplicated\solutions\gigel-si-sosetele.json,json_record
gigel-si-sosetele,1314237331,data\analysis_dataset_deduplicated\solutions\gigel-si-sosetele.json,json_record
gigel-si-sosetele,1314237361,data\analysis_dataset_deduplicated\solutions\gigel-si-sosetele.json,json_record
gigel-si-sosetele,1314237352,data\analysis_dataset_deduplicated\solutions\gigel-si-sosetele.json,json_record
gigel-si-sosetele,1314237397,data\analysis_dataset_deduplicated\solutions\gigel-si-sosetele.json,json_record
gigel-si-sosetele,1314237416,data\analysis_dataset_deduplicated\solutions\gigel-si-sosetele.json,json_record
gigel-si-sosetele,1314237423,data\analysis_dataset_deduplicated\solutions\gigel-si-sosetele.json,json_record
gigel-si-sosetele,1314237446,data\analysis_dataset_deduplicated\solutions\gigel-si-sosetele.json,json_record
gigel-si-sosetele,1314237470,data\analysis_dataset_deduplicated\solutions\gigel-si-sosetele.json,json_record
gigel-si-sosetele,1314237534,data\analysis_dataset_deduplicated\solutions\gigel-si-sosetele.json,json_record
gigel-si-sosetele,1314237555,data\analysis_dataset_deduplicated\solutions\gigel-si-sosetele.json,json_record
gigel-si-sosetele,1314237585,data\analysis_dataset_deduplicated\solutions\gigel-si-sosetele.json,json_record
gigel-si-sosetele,1314237574,data\analysis_dataset_deduplicated\solutions\gigel-si-sosetele.json,json_record
gigel-si-sosetele,1314237625,data\analysis_dataset_deduplicated\solutions\gigel-si-sosetele.json,json_record
gigel-si-sosetele,1314237600,data\analysis_dataset_deduplicated\solutions\gigel-si-sosetele.json,json_record
gigel-si-sosetele,1314237636,data\analysis_dataset_deduplicated\solutions\gigel-si-sosetele.json,json_record
gigel-si-sosetele,1314237656,data\analysis_dataset_deduplicated\solutions\gigel-si-sosetele.json,json_record
gigel-si-sosetele,1314237773,data\analysis_dataset_deduplicated\solutions\gigel-si-sosetele.json,json_record
gigel-si-sosetele,1314236288,data\analysis_dataset_deduplicated\solutions\gigel-si-sosetele.json,json_record
gigel-si-sosetele,1391926859,data\analysis_dataset_deduplicated\solutions\gigel-si-sosetele.json,json_record
gigel-si-sosetele,1391927136,data\analysis_dataset_deduplicated\solutions\gigel-si-sosetele.json,json_record
gigel-si-sosetele,1314235866,data\analysis_dataset_deduplicated\solutions\gigel-si-sosetele.json,json_record
gigel-si-sosetele,1314236416,data\analysis_dataset_deduplicated\solutions\gigel-si-sosetele.json,json_record
gigel-si-sosetele,1314235248,data\analysis_dataset_deduplicated\solutions\gigel-si-sosetele.json,json_record
gigel-si-sosetele,1332764709,data\analysis_dataset_deduplicated\solutions\gigel-si-sosetele.json,json_record
gigel-si-sosetele,1314237279,data\analysis_dataset_deduplicated\solutions\gigel-si-sosetele.json,json_record
gigel-si-sosetele,1314237382,data\analysis_dataset_deduplicated\solutions\gigel-si-sosetele.json,json_record
gigel-si-sosetele,1314237166,data\analysis_dataset_deduplicated\solutions\gigel-si-sosetele.json,json_record
gigel-si-sosetele,1314237742,data\analysis_dataset_deduplicated\solutions\gigel-si-sosetele.json,json_record
gigel-si-sosetele,1332742565,data\analysis_dataset_deduplicated\solutions\gigel-si-sosetele.json,json_record
gigel-si-sosetele,1314237782,data\analysis_dataset_deduplicated\solutions\gigel-si-sosetele.json,json_record
gigel-si-sosetele,1314237211,data\analysis_dataset_deduplicated\solutions\gigel-si-sosetele.json,json_record
gigel-si-sosetele,1344588560,data\analysis_dataset_deduplicated\solutions\gigel-si-sosetele.json,json_record
gigel-si-sosetele,1344610353,data\analysis_dataset_deduplicated\solutions\gigel-si-sosetele.json,json_record
gigel-si-sosetele,1378159110,data\analysis_dataset_deduplicated\solutions\gigel-si-sosetele.json,json_record
gigel-si-sosetele,1378159141,data\analysis_dataset_deduplicated\solutions\gigel-si-sosetele.json,json_record
gigel-si-sosetele,1378159179,data\analysis_dataset_deduplicated\solutions\gigel-si-sosetele.json,json_record
gigel-si-sosetele,1378159258,data\analysis_dataset_deduplicated\solutions\gigel-si-sosetele.json,json_record
gigel-si-sosetele,1378159278,data\analysis_dataset_deduplicated\solutions\gigel-si-sosetele.json,json_record
gigel-si-sosetele,1378159313,data\analysis_dataset_deduplicated\solutions\gigel-si-sosetele.json,json_record
gigel-si-sosetele,1378159340,data\analysis_dataset_deduplicated\solutions\gigel-si-sosetele.json,json_record
gigel-si-sosetele,1378159672,data\analysis_dataset_deduplicated\solutions\gigel-si-sosetele.json,json_record
gigel-si-sosetele,1378159678,data\analysis_dataset_deduplicated\solutions\gigel-si-sosetele.json,json_record
gigel-si-sosetele,1378119359,data\analysis_dataset_deduplicated\solutions\gigel-si-sosetele.json,json_record
gigel-si-sosetele,1378034093,data\analysis_dataset_deduplicated\solutions\gigel-si-sosetele.json,json_record
gigel-si-sosetele,1391935455,data\analysis_dataset_deduplicated\solutions\gigel-si-sosetele.json,json_record
gigel-si-sosetele,1332305719,data\analysis_dataset_deduplicated\solutions\gigel-si-sosetele.json,json_record
gigel-si-sosetele,1314236041,data\analysis_dataset_deduplicated\solutions\gigel-si-sosetele.json,json_record
gigel-si-sosetele,1314236339,data\analysis_dataset_deduplicated\solutions\gigel-si-sosetele.json,json_record
gigel-si-sosetele,1314236601,data\analysis_dataset_deduplicated\solutions\gigel-si-sosetele.json,json_record
gigel-si-sosetele,1314236998,data\analysis_dataset_deduplicated\solutions\gigel-si-sosetele.json,json_record
gigel-si-sosetele,1314237527,data\analysis_dataset_deduplicated\solutions\gigel-si-sosetele.json,json_record
gigel-si-sosetele,1314237187,data\analysis_dataset_deduplicated\solutions\gigel-si-sosetele.json,json_record
gigel-si-sosetele,1314237688,data\analysis_dataset_deduplicated\solutions\gigel-si-sosetele.json,json_record
gigel-si-sosetele,1314236733,data\analysis_dataset_deduplicated\solutions\gigel-si-sosetele.json,json_record
gigel-si-sosetele,1314236824,data\analysis_dataset_deduplicated\solutions\gigel-si-sosetele.json,json_record
gigel-si-sosetele,1391935316,data\analysis_dataset_deduplicated\solutions\gigel-si-sosetele.json,json_record
gigel-si-sosetele,1378121021,data\analysis_dataset_deduplicated\solutions\gigel-si-sosetele.json,json_record
gigel-si-sosetele,1314236527,data\analysis_dataset_deduplicated\solutions\gigel-si-sosetele.json,json_record
gigel-si-sosetele,1314237815,data\analysis_dataset_deduplicated\solutions\gigel-si-sosetele.json,json_record
gigel-si-telefonul,1323387090,data\analysis_dataset_deduplicated\solutions\gigel-si-telefonul.json,json_record
gigel-si-telefonul,1314236148,data\analysis_dataset_deduplicated\solutions\gigel-si-telefonul.json,json_record
gigel-si-telefonul,1314236238,data\analysis_dataset_deduplicated\solutions\gigel-si-telefonul.json,json_record
gigel-si-telefonul,1314237184,data\analysis_dataset_deduplicated\solutions\gigel-si-telefonul.json,json_record
gigel-si-telefonul,1314237623,data\analysis_dataset_deduplicated\solutions\gigel-si-telefonul.json,json_record
gigel-si-telefonul,1323429397,data\analysis_dataset_deduplicated\solutions\gigel-si-telefonul.json,json_record
gigel-si-telefonul,1323429954,data\analysis_dataset_deduplicated\solutions\gigel-si-telefonul.json,json_record
gigel-si-telefonul,1314237319,data\analysis_dataset_deduplicated\solutions\gigel-si-telefonul.json,json_record
gigel-si-telefonul,1323427996,data\analysis_dataset_deduplicated\solutions\gigel-si-telefonul.json,json_record
gigel-si-telefonul,1314236934,data\analysis_dataset_deduplicated\solutions\gigel-si-telefonul.json,json_record
gigel-si-telefonul,1314237695,data\analysis_dataset_deduplicated\solutions\gigel-si-telefonul.json,json_record
gigel-si-telefonul,1323427691,data\analysis_dataset_deduplicated\solutions\gigel-si-telefonul.json,json_record
gigel-si-telefonul,1323431836,data\analysis_dataset_deduplicated\solutions\gigel-si-telefonul.json,json_record
gigel-si-telefonul,1323431948,data\analysis_dataset_deduplicated\solutions\gigel-si-telefonul.json,json_record
gigel-si-telefonul,1323432510,data\analysis_dataset_deduplicated\solutions\gigel-si-telefonul.json,json_record
gigel-si-telefonul,1323432739,data\analysis_dataset_deduplicated\solutions\gigel-si-telefonul.json,json_record
gigel-si-telefonul,1332755933,data\analysis_dataset_deduplicated\solutions\gigel-si-telefonul.json,json_record
gigel-si-telefonul,1332757636,data\analysis_dataset_deduplicated\solutions\gigel-si-telefonul.json,json_record
gigel-si-telefonul,1332757801,data\analysis_dataset_deduplicated\solutions\gigel-si-telefonul.json,json_record
gigel-si-telefonul,1323453274,data\analysis_dataset_deduplicated\solutions\gigel-si-telefonul.json,json_record
gigel-si-telefonul,1342820556,data\analysis_dataset_deduplicated\solutions\gigel-si-telefonul.json,json_record
gigel-si-telefonul,1342820606,data\analysis_dataset_deduplicated\solutions\gigel-si-telefonul.json,json_record
gigel-si-telefonul,1332199818,data\analysis_dataset_deduplicated\solutions\gigel-si-telefonul.json,json_record
gigel-si-telefonul,1332757584,data\analysis_dataset_deduplicated\solutions\gigel-si-telefonul.json,json_record
gigel-si-telefonul,1332758274,data\analysis_dataset_deduplicated\solutions\gigel-si-telefonul.json,json_record
gigel-si-telefonul,1332758308,data\analysis_dataset_deduplicated\solutions\gigel-si-telefonul.json,json_record
gigel-si-telefonul,1323427469,data\analysis_dataset_deduplicated\solutions\gigel-si-telefonul.json,json_record
gigel-si-telefonul,1323427525,data\analysis_dataset_deduplicated\solutions\gigel-si-telefonul.json,json_record
gigel-si-telefonul,1323427571,data\analysis_dataset_deduplicated\solutions\gigel-si-telefonul.json,json_record
gigel-si-telefonul,1323427617,data\analysis_dataset_deduplicated\solutions\gigel-si-telefonul.json,json_record
gigel-si-telefonul,1314237639,data\analysis_dataset_deduplicated\solutions\gigel-si-telefonul.json,json_record
gigel-si-telefonul,1408569709,data\analysis_dataset_deduplicated\solutions\gigel-si-telefonul.json,json_record
gigel-si-telefonul,1314236034,data\analysis_dataset_deduplicated\solutions\gigel-si-telefonul.json,json_record
gigel-si-telefonul,1314236104,data\analysis_dataset_deduplicated\solutions\gigel-si-telefonul.json,json_record
gigel-si-telefonul,1314236196,data\analysis_dataset_deduplicated\solutions\gigel-si-telefonul.json,json_record
gigel-si-telefonul,1314237429,data\analysis_dataset_deduplicated\solutions\gigel-si-telefonul.json,json_record
gigel-si-telefonul,1314237557,data\analysis_dataset_deduplicated\solutions\gigel-si-telefonul.json,json_record
gigel-si-telefonul,1314237716,data\analysis_dataset_deduplicated\solutions\gigel-si-telefonul.json,json_record
gigel-si-telefonul,1314237787,data\analysis_dataset_deduplicated\solutions\gigel-si-telefonul.json,json_record
gigel-si-telefonul,1314237808,data\analysis_dataset_deduplicated\solutions\gigel-si-telefonul.json,json_record
gigel-si-telefonul,1408485954,data\analysis_dataset_deduplicated\solutions\gigel-si-telefonul.json,json_record
gigel-si-telefonul,1408519251,data\analysis_dataset_deduplicated\solutions\gigel-si-telefonul.json,json_record
gigel-si-telefonul,1408519319,data\analysis_dataset_deduplicated\solutions\gigel-si-telefonul.json,json_record
gigel-si-telefonul,1408519493,data\analysis_dataset_deduplicated\solutions\gigel-si-telefonul.json,json_record
gigel-si-telefonul,1408519524,data\analysis_dataset_deduplicated\solutions\gigel-si-telefonul.json,json_record
gigel-si-telefonul,1391864034,data\analysis_dataset_deduplicated\solutions\gigel-si-telefonul.json,json_record
gigel-si-telefonul,1391864040,data\analysis_dataset_deduplicated\solutions\gigel-si-telefonul.json,json_record
gigel-si-telefonul,1314236746,data\analysis_dataset_deduplicated\solutions\gigel-si-telefonul.json,json_record
gigel-si-telefonul,1408435073,data\analysis_dataset_deduplicated\solutions\gigel-si-telefonul.json,json_record
gigel-si-telefonul,1408435238,data\analysis_dataset_deduplicated\solutions\gigel-si-telefonul.json,json_record
gigel-si-telefonul,1331968204,data\analysis_dataset_deduplicated\solutions\gigel-si-telefonul.json,json_record
gigel-si-telefonul,1391836567,data\analysis_dataset_deduplicated\solutions\gigel-si-telefonul.json,json_record
gigel-si-telefonul,1391836611,data\analysis_dataset_deduplicated\solutions\gigel-si-telefonul.json,json_record
gigel-si-telefonul,1378093326,data\analysis_dataset_deduplicated\solutions\gigel-si-telefonul.json,json_record
gigel-si-telefonul,1378158909,data\analysis_dataset_deduplicated\solutions\gigel-si-telefonul.json,json_record
gigel-si-telefonul,1378159550,data\analysis_dataset_deduplicated\solutions\gigel-si-telefonul.json,json_record
gigel-si-telefonul,1314237227,data\analysis_dataset_deduplicated\solutions\gigel-si-telefonul.json,json_record
gigel-si-telefonul,1314237809,data\analysis_dataset_deduplicated\solutions\gigel-si-telefonul.json,json_record
gigel-si-telefonul,1408571126,data\analysis_dataset_deduplicated\solutions\gigel-si-telefonul.json,json_record
gigel-si-telefonul,1408525923,data\analysis_dataset_deduplicated\solutions\gigel-si-telefonul.json,json_record
gigel-si-telefonul,1314237481,data\analysis_dataset_deduplicated\solutions\gigel-si-telefonul.json,json_record
gigel-si-telefonul,1391996670,data\analysis_dataset_deduplicated\solutions\gigel-si-telefonul.json,json_record
gigel-si-telefonul,1391996688,data\analysis_dataset_deduplicated\solutions\gigel-si-telefonul.json,json_record
gigel-si-telefonul,1391996722,data\analysis_dataset_deduplicated\solutions\gigel-si-telefonul.json,json_record
gigel-si-telefonul,1323405345,data\analysis_dataset_deduplicated\solutions\gigel-si-telefonul.json,json_record
gigel-si-telefonul,1323405398,data\analysis_dataset_deduplicated\solutions\gigel-si-telefonul.json,json_record
gigel-si-telefonul,1314237046,data\analysis_dataset_deduplicated\solutions\gigel-si-telefonul.json,json_record
gigel-si-telefonul,1408462803,data\analysis_dataset_deduplicated\solutions\gigel-si-telefonul.json,json_record
gigel-si-telefonul,1408462855,data\analysis_dataset_deduplicated\solutions\gigel-si-telefonul.json,json_record
gigel-si-telefonul,1314236076,data\analysis_dataset_deduplicated\solutions\gigel-si-telefonul.json,json_record
gigel-si-telefonul,1391778995,data\analysis_dataset_deduplicated\solutions\gigel-si-telefonul.json,json_record
gigel-si-telefonul,1408513125,data\analysis_dataset_deduplicated\solutions\gigel-si-telefonul.json,json_record
gigel-si-telefonul,1314225959,data\analysis_dataset_deduplicated\solutions\gigel-si-telefonul.json,json_record
gigel-si-telefonul,1391860516,data\analysis_dataset_deduplicated\solutions\gigel-si-telefonul.json,json_record
gigel-si-telefonul,1408526748,data\analysis_dataset_deduplicated\solutions\gigel-si-telefonul.json,json_record
gigel-si-telefonul,1314236336,data\analysis_dataset_deduplicated\solutions\gigel-si-telefonul.json,json_record
gigel-si-telefonul,1314236395,data\analysis_dataset_deduplicated\solutions\gigel-si-telefonul.json,json_record
gigel-si-telefonul,1314236484,data\analysis_dataset_deduplicated\solutions\gigel-si-telefonul.json,json_record
gigel-si-telefonul,1314236615,data\analysis_dataset_deduplicated\solutions\gigel-si-telefonul.json,json_record
gigel-si-telefonul,1314236757,data\analysis_dataset_deduplicated\solutions\gigel-si-telefonul.json,json_record
gigel-si-telefonul,1314236747,data\analysis_dataset_deduplicated\solutions\gigel-si-telefonul.json,json_record
gigel-si-telefonul,1314236764,data\analysis_dataset_deduplicated\solutions\gigel-si-telefonul.json,json_record
gigel-si-telefonul,1314237541,data\analysis_dataset_deduplicated\solutions\gigel-si-telefonul.json,json_record
gigel-si-telefonul,1314237770,data\analysis_dataset_deduplicated\solutions\gigel-si-telefonul.json,json_record
matei-si-diamantele,1314235130,data\analysis_dataset_deduplicated\solutions\matei-si-diamantele.json,json_record
matei-si-diamantele,1332755169,data\analysis_dataset_deduplicated\solutions\matei-si-diamantele.json,json_record
matei-si-diamantele,1314234588,data\analysis_dataset_deduplicated\solutions\matei-si-diamantele.json,json_record
matei-si-diamantele,1314235326,data\analysis_dataset_deduplicated\solutions\matei-si-diamantele.json,json_record
matei-si-diamantele,1314235385,data\analysis_dataset_deduplicated\solutions\matei-si-diamantele.json,json_record
matei-si-diamantele,1314235207,data\analysis_dataset_deduplicated\solutions\matei-si-diamantele.json,json_record
matei-si-diamantele,1314236673,data\analysis_dataset_deduplicated\solutions\matei-si-diamantele.json,json_record
matei-si-diamantele,1314234993,data\analysis_dataset_deduplicated\solutions\matei-si-diamantele.json,json_record
matei-si-diamantele,1314236283,data\analysis_dataset_deduplicated\solutions\matei-si-diamantele.json,json_record
matei-si-diamantele,1314236356,data\analysis_dataset_deduplicated\solutions\matei-si-diamantele.json,json_record
matei-si-diamantele,1323447679,data\analysis_dataset_deduplicated\solutions\matei-si-diamantele.json,json_record
matei-si-diamantele,1323448279,data\analysis_dataset_deduplicated\solutions\matei-si-diamantele.json,json_record
matei-si-diamantele,1323448895,data\analysis_dataset_deduplicated\solutions\matei-si-diamantele.json,json_record
matei-si-diamantele,1314237594,data\analysis_dataset_deduplicated\solutions\matei-si-diamantele.json,json_record
matei-si-diamantele,1314237759,data\analysis_dataset_deduplicated\solutions\matei-si-diamantele.json,json_record
matei-si-diamantele,1332753538,data\analysis_dataset_deduplicated\solutions\matei-si-diamantele.json,json_record
matei-si-diamantele,1332753583,data\analysis_dataset_deduplicated\solutions\matei-si-diamantele.json,json_record
matei-si-diamantele,1332753606,data\analysis_dataset_deduplicated\solutions\matei-si-diamantele.json,json_record
matei-si-diamantele,1323404969,data\analysis_dataset_deduplicated\solutions\matei-si-diamantele.json,json_record
matei-si-diamantele,1323405095,data\analysis_dataset_deduplicated\solutions\matei-si-diamantele.json,json_record
matei-si-diamantele,1323452016,data\analysis_dataset_deduplicated\solutions\matei-si-diamantele.json,json_record
matei-si-diamantele,1332673256,data\analysis_dataset_deduplicated\solutions\matei-si-diamantele.json,json_record
matei-si-diamantele,1332711180,data\analysis_dataset_deduplicated\solutions\matei-si-diamantele.json,json_record
matei-si-diamantele,1344697701,data\analysis_dataset_deduplicated\solutions\matei-si-diamantele.json,json_record
matei-si-diamantele,1323389192,data\analysis_dataset_deduplicated\solutions\matei-si-diamantele.json,json_record
matei-si-diamantele,1314237516,data\analysis_dataset_deduplicated\solutions\matei-si-diamantele.json,json_record
matei-si-diamantele,1323450151,data\analysis_dataset_deduplicated\solutions\matei-si-diamantele.json,json_record
matei-si-diamantele,1314234971,data\analysis_dataset_deduplicated\solutions\matei-si-diamantele.json,json_record
matei-si-diamantele,1314236790,data\analysis_dataset_deduplicated\solutions\matei-si-diamantele.json,json_record
matei-si-diamantele,1314237755,data\analysis_dataset_deduplicated\solutions\matei-si-diamantele.json,json_record
matei-si-diamantele,1314235839,data\analysis_dataset_deduplicated\solutions\matei-si-diamantele.json,json_record
matei-si-diamantele,1314236346,data\analysis_dataset_deduplicated\solutions\matei-si-diamantele.json,json_record
matei-si-diamantele,1314236476,data\analysis_dataset_deduplicated\solutions\matei-si-diamantele.json,json_record
matei-si-diamantele,1344568201,data\analysis_dataset_deduplicated\solutions\matei-si-diamantele.json,json_record
matei-si-diamantele,1314234934,data\analysis_dataset_deduplicated\solutions\matei-si-diamantele.json,json_record
matei-si-diamantele,1314236167,data\analysis_dataset_deduplicated\solutions\matei-si-diamantele.json,json_record
matei-si-diamantele,1314235113,data\analysis_dataset_deduplicated\solutions\matei-si-diamantele.json,json_record
matei-si-diamantele,1314235137,data\analysis_dataset_deduplicated\solutions\matei-si-diamantele.json,json_record
matei-si-diamantele,1314235200,data\analysis_dataset_deduplicated\solutions\matei-si-diamantele.json,json_record
matei-si-diamantele,1314235251,data\analysis_dataset_deduplicated\solutions\matei-si-diamantele.json,json_record
matei-si-diamantele,1314235529,data\analysis_dataset_deduplicated\solutions\matei-si-diamantele.json,json_record
matei-si-diamantele,1314236281,data\analysis_dataset_deduplicated\solutions\matei-si-diamantele.json,json_record
matei-si-diamantele,1323376948,data\analysis_dataset_deduplicated\solutions\matei-si-diamantele.json,json_record
matei-si-diamantele,1323377021,data\analysis_dataset_deduplicated\solutions\matei-si-diamantele.json,json_record
matei-si-diamantele,1314235313,data\analysis_dataset_deduplicated\solutions\matei-si-diamantele.json,json_record
matei-si-diamantele,1323416576,data\analysis_dataset_deduplicated\solutions\matei-si-diamantele.json,json_record
matei-si-diamantele,1333804052,data\analysis_dataset_deduplicated\solutions\matei-si-diamantele.json,json_record
matei-si-diamantele,1314235541,data\analysis_dataset_deduplicated\solutions\matei-si-diamantele.json,json_record
matei-si-diamantele,1314235588,data\analysis_dataset_deduplicated\solutions\matei-si-diamantele.json,json_record
matei-si-diamantele,1314237785,data\analysis_dataset_deduplicated\solutions\matei-si-diamantele.json,json_record
matei-si-diamantele,1332757079,data\analysis_dataset_deduplicated\solutions\matei-si-diamantele.json,json_record
matei-si-diamantele,1323418708,data\analysis_dataset_deduplicated\solutions\matei-si-diamantele.json,json_record
matei-si-diamantele,1323421631,data\analysis_dataset_deduplicated\solutions\matei-si-diamantele.json,json_record
matei-si-diamantele,1323424771,data\analysis_dataset_deduplicated\solutions\matei-si-diamantele.json,json_record
matei-si-diamantele,1323441579,data\analysis_dataset_deduplicated\solutions\matei-si-diamantele.json,json_record
matei-si-diamantele,1323450140,data\analysis_dataset_deduplicated\solutions\matei-si-diamantele.json,json_record
matei-si-diamantele,1333796587,data\analysis_dataset_deduplicated\solutions\matei-si-diamantele.json,json_record
matei-si-diamantele,1333796657,data\analysis_dataset_deduplicated\solutions\matei-si-diamantele.json,json_record
matei-si-diamantele,1333796684,data\analysis_dataset_deduplicated\solutions\matei-si-diamantele.json,json_record
matei-si-diamantele,1314237222,data\analysis_dataset_deduplicated\solutions\matei-si-diamantele.json,json_record
matei-si-diamantele,1314237486,data\analysis_dataset_deduplicated\solutions\matei-si-diamantele.json,json_record
matei-si-diamantele,1314237619,data\analysis_dataset_deduplicated\solutions\matei-si-diamantele.json,json_record
matei-si-diamantele,1314235559,data\analysis_dataset_deduplicated\solutions\matei-si-diamantele.json,json_record
matei-si-diamantele,1314236114,data\analysis_dataset_deduplicated\solutions\matei-si-diamantele.json,json_record
matei-si-diamantele,1314236127,data\analysis_dataset_deduplicated\solutions\matei-si-diamantele.json,json_record
matei-si-diamantele,1314236968,data\analysis_dataset_deduplicated\solutions\matei-si-diamantele.json,json_record
matei-si-diamantele,1314236988,data\analysis_dataset_deduplicated\solutions\matei-si-diamantele.json,json_record
matei-si-diamantele,1323405761,data\analysis_dataset_deduplicated\solutions\matei-si-diamantele.json,json_record
matei-si-diamantele,1323405774,data\analysis_dataset_deduplicated\solutions\matei-si-diamantele.json,json_record
matei-si-diamantele,1314235580,data\analysis_dataset_deduplicated\solutions\matei-si-diamantele.json,json_record
matei-si-diamantele,1314235721,data\analysis_dataset_deduplicated\solutions\matei-si-diamantele.json,json_record
matei-si-diamantele,1314235785,data\analysis_dataset_deduplicated\solutions\matei-si-diamantele.json,json_record
matei-si-diamantele,1314236808,data\analysis_dataset_deduplicated\solutions\matei-si-diamantele.json,json_record
matei-si-diamantele,1314236577,data\analysis_dataset_deduplicated\solutions\matei-si-diamantele.json,json_record
matei-si-diamantele,1314236614,data\analysis_dataset_deduplicated\solutions\matei-si-diamantele.json,json_record
matei-si-diamantele,1314236645,data\analysis_dataset_deduplicated\solutions\matei-si-diamantele.json,json_record
matei-si-diamantele,1314237055,data\analysis_dataset_deduplicated\solutions\matei-si-diamantele.json,json_record
matei-si-diamantele,1314237076,data\analysis_dataset_deduplicated\solutions\matei-si-diamantele.json,json_record
matei-si-diamantele,1314237115,data\analysis_dataset_deduplicated\solutions\matei-si-diamantele.json,json_record
matei-si-diamantele,1314237099,data\analysis_dataset_deduplicated\solutions\matei-si-diamantele.json,json_record
matei-si-diamantele,1314237205,data\analysis_dataset_deduplicated\solutions\matei-si-diamantele.json,json_record
matei-si-diamantele,1314237219,data\analysis_dataset_deduplicated\solutions\matei-si-diamantele.json,json_record
matei-si-diamantele,1314237289,data\analysis_dataset_deduplicated\solutions\matei-si-diamantele.json,json_record
matei-si-diamantele,1314237401,data\analysis_dataset_deduplicated\solutions\matei-si-diamantele.json,json_record
matei-si-diamantele,1314237436,data\analysis_dataset_deduplicated\solutions\matei-si-diamantele.json,json_record
matei-si-diamantele,1314237526,data\analysis_dataset_deduplicated\solutions\matei-si-diamantele.json,json_record
matei-si-diamantele,1391986526,data\analysis_dataset_deduplicated\solutions\matei-si-diamantele.json,json_record
matei-si-diamantele,1378121858,data\analysis_dataset_deduplicated\solutions\matei-si-diamantele.json,json_record
matei-si-diamantele,1378153358,data\analysis_dataset_deduplicated\solutions\matei-si-diamantele.json,json_record
matei-si-diamantele,1378156696,data\analysis_dataset_deduplicated\solutions\matei-si-diamantele.json,json_record
matei-si-diamantele,1378112672,data\analysis_dataset_deduplicated\solutions\matei-si-diamantele.json,json_record
matei-si-diamantele,1378159392,data\analysis_dataset_deduplicated\solutions\matei-si-diamantele.json,json_record
matei-si-diamantele,1391934043,data\analysis_dataset_deduplicated\solutions\matei-si-diamantele.json,json_record
matei-si-diamantele,1323424374,data\analysis_dataset_deduplicated\solutions\matei-si-diamantele.json,json_record
matei-si-diamantele,1323404098,data\analysis_dataset_deduplicated\solutions\matei-si-diamantele.json,json_record
matei-si-diamantele,1323404117,data\analysis_dataset_deduplicated\solutions\matei-si-diamantele.json,json_record
matei-si-diamantele,1314235023,data\analysis_dataset_deduplicated\solutions\matei-si-diamantele.json,json_record
matei-si-diamantele,1314236913,data\analysis_dataset_deduplicated\solutions\matei-si-diamantele.json,json_record
matei-si-diamantele,1323404111,data\analysis_dataset_deduplicated\solutions\matei-si-diamantele.json,json_record
matei-si-diamantele,1314235774,data\analysis_dataset_deduplicated\solutions\matei-si-diamantele.json,json_record
matei-si-diamantele,1314234717,data\analysis_dataset_deduplicated\solutions\matei-si-diamantele.json,json_record
matei-si-diamantele,1314236493,data\analysis_dataset_deduplicated\solutions\matei-si-diamantele.json,json_record
matei-si-diamantele,1314237766,data\analysis_dataset_deduplicated\solutions\matei-si-diamantele.json,json_record
matei-si-diamantele,1361807918,data\analysis_dataset_deduplicated\solutions\matei-si-diamantele.json,json_record
matei-si-diamantele,1314237451,data\analysis_dataset_deduplicated\solutions\matei-si-diamantele.json,json_record
matei-si-diamantele,1314237538,data\analysis_dataset_deduplicated\solutions\matei-si-diamantele.json,json_record
matei-si-diamantele,1314237631,data\analysis_dataset_deduplicated\solutions\matei-si-diamantele.json,json_record
matei-si-diamantele,1314237687,data\analysis_dataset_deduplicated\solutions\matei-si-diamantele.json,json_record
matei-si-diamantele,1314237701,data\analysis_dataset_deduplicated\solutions\matei-si-diamantele.json,json_record
matei-si-diamantele,1344373550,data\analysis_dataset_deduplicated\solutions\matei-si-diamantele.json,json_record
matei-si-diamantele,1344373579,data\analysis_dataset_deduplicated\solutions\matei-si-diamantele.json,json_record
matei-si-diamantele,1314235428,data\analysis_dataset_deduplicated\solutions\matei-si-diamantele.json,json_record
matei-si-diamantele,1314236343,data\analysis_dataset_deduplicated\solutions\matei-si-diamantele.json,json_record
matei-si-diamantele,1314237453,data\analysis_dataset_deduplicated\solutions\matei-si-diamantele.json,json_record
matei-si-diamantele,1314237483,data\analysis_dataset_deduplicated\solutions\matei-si-diamantele.json,json_record
matei-si-diamantele,1361580037,data\analysis_dataset_deduplicated\solutions\matei-si-diamantele.json,json_record
matei-si-diamantele,1391933979,data\analysis_dataset_deduplicated\solutions\matei-si-diamantele.json,json_record
matei-si-diamantele,1314236134,data\analysis_dataset_deduplicated\solutions\matei-si-diamantele.json,json_record
organizare-mafiota,1314236704,data\analysis_dataset_deduplicated\solutions\organizare-mafiota.json,json_record
organizare-mafiota,1314236836,data\analysis_dataset_deduplicated\solutions\organizare-mafiota.json,json_record
organizare-mafiota,1314237388,data\analysis_dataset_deduplicated\solutions\organizare-mafiota.json,json_record
organizare-mafiota,1323079197,data\analysis_dataset_deduplicated\solutions\organizare-mafiota.json,json_record
organizare-mafiota,1323079906,data\analysis_dataset_deduplicated\solutions\organizare-mafiota.json,json_record
organizare-mafiota,1323079984,data\analysis_dataset_deduplicated\solutions\organizare-mafiota.json,json_record
organizare-mafiota,1323079964,data\analysis_dataset_deduplicated\solutions\organizare-mafiota.json,json_record
organizare-mafiota,1314236843,data\analysis_dataset_deduplicated\solutions\organizare-mafiota.json,json_record
organizare-mafiota,1314237200,data\analysis_dataset_deduplicated\solutions\organizare-mafiota.json,json_record
organizare-mafiota,1314237297,data\analysis_dataset_deduplicated\solutions\organizare-mafiota.json,json_record
organizare-mafiota,1314237186,data\analysis_dataset_deduplicated\solutions\organizare-mafiota.json,json_record
organizare-mafiota,1314237217,data\analysis_dataset_deduplicated\solutions\organizare-mafiota.json,json_record
organizare-mafiota,1333773550,data\analysis_dataset_deduplicated\solutions\organizare-mafiota.json,json_record
organizare-mafiota,1314222951,data\analysis_dataset_deduplicated\solutions\organizare-mafiota.json,json_record
organizare-mafiota,1314222947,data\analysis_dataset_deduplicated\solutions\organizare-mafiota.json,json_record
cutiile-magice,1323453939,data\analysis_dataset_deduplicated\mappings\cutiile-magice_details.csv,csv_record
cutiile-magice,1323453986,data\analysis_dataset_deduplicated\mappings\cutiile-magice_details.csv,csv_record
cutiile-magice,1323454022,data\analysis_dataset_deduplicated\mappings\cutiile-magice_details.csv,csv_record
cutiile-magice,1323431291,data\analysis_dataset_deduplicated\mappings\cutiile-magice_details.csv,csv_record
cutiile-magice,1323431878,data\analysis_dataset_deduplicated\mappings\cutiile-magice_details.csv,csv_record
cutiile-magice,1323431415,data\analysis_dataset_deduplicated\mappings\cutiile-magice_details.csv,csv_record
cutiile-magice,1314237111,data\analysis_dataset_deduplicated\mappings\cutiile-magice_details.csv,csv_record
cutiile-magice,1314237121,data\analysis_dataset_deduplicated\mappings\cutiile-magice_details.csv,csv_record
cutiile-magice,1314237635,data\analysis_dataset_deduplicated\mappings\cutiile-magice_details.csv,csv_record
cutiile-magice,1314237694,data\analysis_dataset_deduplicated\mappings\cutiile-magice_details.csv,csv_record
cutiile-magice,1314237426,data\analysis_dataset_deduplicated\mappings\cutiile-magice_details.csv,csv_record
cutiile-magice,1344729748,data\analysis_dataset_deduplicated\mappings\cutiile-magice_details.csv,csv_record
cutiile-magice,1344729751,data\analysis_dataset_deduplicated\mappings\cutiile-magice_details.csv,csv_record
cutiile-magice,1344729754,data\analysis_dataset_deduplicated\mappings\cutiile-magice_details.csv,csv_record
cutiile-magice,1344729753,data\analysis_dataset_deduplicated\mappings\cutiile-magice_details.csv,csv_record
cutiile-magice,1344729756,data\analysis_dataset_deduplicated\mappings\cutiile-magice_details.csv,csv_record
cutiile-magice,1314236596,data\analysis_dataset_deduplicated\mappings\cutiile-magice_details.csv,csv_record
cutiile-magice,1314235906,data\analysis_dataset_deduplicated\mappings\cutiile-magice_details.csv,csv_record
cutiile-magice,1314236112,data\analysis_dataset_deduplicated\mappings\cutiile-magice_details.csv,csv_record
cutiile-magice,1323410467,data\analysis_dataset_deduplicated\mappings\cutiile-magice_details.csv,csv_record
cutiile-magice,1314237727,data\analysis_dataset_deduplicated\mappings\cutiile-magice_details.csv,csv_record
cutiile-magice,1314236783,data\analysis_dataset_deduplicated\mappings\cutiile-magice_details.csv,csv_record
cutiile-magice,1314237247,data\analysis_dataset_deduplicated\mappings\cutiile-magice_details.csv,csv_record
cutiile-magice,1314237661,data\analysis_dataset_deduplicated\mappings\cutiile-magice_details.csv,csv_record
cutiile-magice,1314237698,data\analysis_dataset_deduplicated\mappings\cutiile-magice_details.csv,csv_record
cutiile-magice,1314235724,data\analysis_dataset_deduplicated\mappings\cutiile-magice_details.csv,csv_record
cutiile-magice,1323389682,data\analysis_dataset_deduplicated\mappings\cutiile-magice_details.csv,csv_record
cutiile-magice,1314234716,data\analysis_dataset_deduplicated\mappings\cutiile-magice_details.csv,csv_record
cutiile-magice,1314236146,data\analysis_dataset_deduplicated\mappings\cutiile-magice_details.csv,csv_record
cutiile-magice,1314236156,data\analysis_dataset_deduplicated\mappings\cutiile-magice_details.csv,csv_record
cutiile-magice,1314236228,data\analysis_dataset_deduplicated\mappings\cutiile-magice_details.csv,csv_record
cutiile-magice,1314236792,data\analysis_dataset_deduplicated\mappings\cutiile-magice_details.csv,csv_record
cutiile-magice,1314236871,data\analysis_dataset_deduplicated\mappings\cutiile-magice_details.csv,csv_record
cutiile-magice,1314236983,data\analysis_dataset_deduplicated\mappings\cutiile-magice_details.csv,csv_record
cutiile-magice,1332595239,data\analysis_dataset_deduplicated\mappings\cutiile-magice_details.csv,csv_record
cutiile-magice,1314237834,data\analysis_dataset_deduplicated\mappings\cutiile-magice_details.csv,csv_record
cutiile-magice,1314237269,data\analysis_dataset_deduplicated\mappings\cutiile-magice_details.csv,csv_record
cutiile-magice,1332719678,data\analysis_dataset_deduplicated\mappings\cutiile-magice_details.csv,csv_record
cutiile-magice,1378139543,data\analysis_dataset_deduplicated\mappings\cutiile-magice_details.csv,csv_record
cutiile-magice,1332764094,data\analysis_dataset_deduplicated\mappings\cutiile-magice_details.csv,csv_record
cutiile-magice,1314237369,data\analysis_dataset_deduplicated\mappings\cutiile-magice_details.csv,csv_record
cutiile-magice,1314237270,data\analysis_dataset_deduplicated\mappings\cutiile-magice_details.csv,csv_record
cutiile-magice,1332763114,data\analysis_dataset_deduplicated\mappings\cutiile-magice_details.csv,csv_record
cutiile-magice,1314236723,data\analysis_dataset_deduplicated\mappings\cutiile-magice_details.csv,csv_record
cutiile-magice,1314236280,data\analysis_dataset_deduplicated\mappings\cutiile-magice_details.csv,csv_record
cutiile-magice,1314236677,data\analysis_dataset_deduplicated\mappings\cutiile-magice_details.csv,csv_record
cutiile-magice,1314236709,data\analysis_dataset_deduplicated\mappings\cutiile-magice_details.csv,csv_record
cutiile-magice,1314213352,data\analysis_dataset_deduplicated\mappings\cutiile-magice_details.csv,csv_record
cutiile-magice,1314213388,data\analysis_dataset_deduplicated\mappings\cutiile-magice_details.csv,csv_record
cutiile-magice,1314213401,data\analysis_dataset_deduplicated\mappings\cutiile-magice_details.csv,csv_record
cutiile-magice,1314236739,data\analysis_dataset_deduplicated\mappings\cutiile-magice_details.csv,csv_record
cutiile-magice,1370576016,data\analysis_dataset_deduplicated\mappings\cutiile-magice_details.csv,csv_record
cutiile-magice,1370576093,data\analysis_dataset_deduplicated\mappings\cutiile-magice_details.csv,csv_record
cutiile-magice,1370578807,data\analysis_dataset_deduplicated\mappings\cutiile-magice_details.csv,csv_record
cutiile-magice,1314236075,data\analysis_dataset_deduplicated\mappings\cutiile-magice_details.csv,csv_record
gigel-si-raspandirea-vestilor,1314237558,data\analysis_dataset_deduplicated\mappings\gigel-si-raspandirea-vestilor_details.csv,csv_record
gigel-si-raspandirea-vestilor,1314234917,data\analysis_dataset_deduplicated\mappings\gigel-si-raspandirea-vestilor_details.csv,csv_record
gigel-si-raspandirea-vestilor,1344623137,data\analysis_dataset_deduplicated\mappings\gigel-si-raspandirea-vestilor_details.csv,csv_record
gigel-si-raspandirea-vestilor,1314235420,data\analysis_dataset_deduplicated\mappings\gigel-si-raspandirea-vestilor_details.csv,csv_record
gigel-si-raspandirea-vestilor,1314235457,data\analysis_dataset_deduplicated\mappings\gigel-si-raspandirea-vestilor_details.csv,csv_record
gigel-si-raspandirea-vestilor,1314235804,data\analysis_dataset_deduplicated\mappings\gigel-si-raspandirea-vestilor_details.csv,csv_record
gigel-si-raspandirea-vestilor,1314235273,data\analysis_dataset_deduplicated\mappings\gigel-si-raspandirea-vestilor_details.csv,csv_record
gigel-si-raspandirea-vestilor,1314235108,data\analysis_dataset_deduplicated\mappings\gigel-si-raspandirea-vestilor_details.csv,csv_record
gigel-si-raspandirea-vestilor,1314237348,data\analysis_dataset_deduplicated\mappings\gigel-si-raspandirea-vestilor_details.csv,csv_record
gigel-si-raspandirea-vestilor,1314237653,data\analysis_dataset_deduplicated\mappings\gigel-si-raspandirea-vestilor_details.csv,csv_record
gigel-si-raspandirea-vestilor,1323445123,data\analysis_dataset_deduplicated\mappings\gigel-si-raspandirea-vestilor_details.csv,csv_record
gigel-si-raspandirea-vestilor,1314237746,data\analysis_dataset_deduplicated\mappings\gigel-si-raspandirea-vestilor_details.csv,csv_record
gigel-si-raspandirea-vestilor,1314236380,data\analysis_dataset_deduplicated\mappings\gigel-si-raspandirea-vestilor_details.csv,csv_record
gigel-si-raspandirea-vestilor,1314235821,data\analysis_dataset_deduplicated\mappings\gigel-si-raspandirea-vestilor_details.csv,csv_record
gigel-si-raspandirea-vestilor,1314235897,data\analysis_dataset_deduplicated\mappings\gigel-si-raspandirea-vestilor_details.csv,csv_record
gigel-si-raspandirea-vestilor,1314235962,data\analysis_dataset_deduplicated\mappings\gigel-si-raspandirea-vestilor_details.csv,csv_record
gigel-si-raspandirea-vestilor,1314239651,data\analysis_dataset_deduplicated\mappings\gigel-si-raspandirea-vestilor_details.csv,csv_record
gigel-si-raspandirea-vestilor,1314235533,data\analysis_dataset_deduplicated\mappings\gigel-si-raspandirea-vestilor_details.csv,csv_record
gigel-si-raspandirea-vestilor,1314236398,data\analysis_dataset_deduplicated\mappings\gigel-si-raspandirea-vestilor_details.csv,csv_record
gigel-si-raspandirea-vestilor,1323090024,data\analysis_dataset_deduplicated\mappings\gigel-si-raspandirea-vestilor_details.csv,csv_record
gigel-si-raspandirea-vestilor,1323090318,data\analysis_dataset_deduplicated\mappings\gigel-si-raspandirea-vestilor_details.csv,csv_record
gigel-si-raspandirea-vestilor,1333777542,data\analysis_dataset_deduplicated\mappings\gigel-si-raspandirea-vestilor_details.csv,csv_record
gigel-si-raspandirea-vestilor,1333804494,data\analysis_dataset_deduplicated\mappings\gigel-si-raspandirea-vestilor_details.csv,csv_record
gigel-si-raspandirea-vestilor,1333804486,data\analysis_dataset_deduplicated\mappings\gigel-si-raspandirea-vestilor_details.csv,csv_record
gigel-si-raspandirea-vestilor,1323452096,data\analysis_dataset_deduplicated\mappings\gigel-si-raspandirea-vestilor_details.csv,csv_record
gigel-si-raspandirea-vestilor,1314236545,data\analysis_dataset_deduplicated\mappings\gigel-si-raspandirea-vestilor_details.csv,csv_record
gigel-si-raspandirea-vestilor,1314237267,data\analysis_dataset_deduplicated\mappings\gigel-si-raspandirea-vestilor_details.csv,csv_record
gigel-si-raspandirea-vestilor,1314235698,data\analysis_dataset_deduplicated\mappings\gigel-si-raspandirea-vestilor_details.csv,csv_record
gigel-si-raspandirea-vestilor,1344638149,data\analysis_dataset_deduplicated\mappings\gigel-si-raspandirea-vestilor_details.csv,csv_record
gigel-si-raspandirea-vestilor,1314236886,data\analysis_dataset_deduplicated\mappings\gigel-si-raspandirea-vestilor_details.csv,csv_record
gigel-si-raspandirea-vestilor,1314236985,data\analysis_dataset_deduplicated\mappings\gigel-si-raspandirea-vestilor_details.csv,csv_record
gigel-si-raspandirea-vestilor,1344637828,data\analysis_dataset_deduplicated\mappings\gigel-si-raspandirea-vestilor_details.csv,csv_record
gigel-si-raspandirea-vestilor,1314237709,data\analysis_dataset_deduplicated\mappings\gigel-si-raspandirea-vestilor_details.csv,csv_record
gigel-si-raspandirea-vestilor,1314235512,data\analysis_dataset_deduplicated\mappings\gigel-si-raspandirea-vestilor_details.csv,csv_record
gigel-si-raspandirea-vestilor,1314235600,data\analysis_dataset_deduplicated\mappings\gigel-si-raspandirea-vestilor_details.csv,csv_record
gigel-si-raspandirea-vestilor,1314236643,data\analysis_dataset_deduplicated\mappings\gigel-si-raspandirea-vestilor_details.csv,csv_record
gigel-si-raspandirea-vestilor,1314237013,data\analysis_dataset_deduplicated\mappings\gigel-si-raspandirea-vestilor_details.csv,csv_record
gigel-si-raspandirea-vestilor,1314237338,data\analysis_dataset_deduplicated\mappings\gigel-si-raspandirea-vestilor_details.csv,csv_record
gigel-si-raspandirea-vestilor,1314237572,data\analysis_dataset_deduplicated\mappings\gigel-si-raspandirea-vestilor_details.csv,csv_record
gigel-si-raspandirea-vestilor,1314237740,data\analysis_dataset_deduplicated\mappings\gigel-si-raspandirea-vestilor_details.csv,csv_record
gigel-si-raspandirea-vestilor,1344603940,data\analysis_dataset_deduplicated\mappings\gigel-si-raspandirea-vestilor_details.csv,csv_record
gigel-si-raspandirea-vestilor,1344604009,data\analysis_dataset_deduplicated\mappings\gigel-si-raspandirea-vestilor_details.csv,csv_record
gigel-si-raspandirea-vestilor,1323453229,data\analysis_dataset_deduplicated\mappings\gigel-si-raspandirea-vestilor_details.csv,csv_record
gigel-si-raspandirea-vestilor,1323417811,data\analysis_dataset_deduplicated\mappings\gigel-si-raspandirea-vestilor_details.csv,csv_record
gigel-si-raspandirea-vestilor,1331970072,data\analysis_dataset_deduplicated\mappings\gigel-si-raspandirea-vestilor_details.csv,csv_record
gigel-si-raspandirea-vestilor,1314237679,data\analysis_dataset_deduplicated\mappings\gigel-si-raspandirea-vestilor_details.csv,csv_record
gigel-si-raspandirea-vestilor,1314235245,data\analysis_dataset_deduplicated\mappings\gigel-si-raspandirea-vestilor_details.csv,csv_record
gigel-si-raspandirea-vestilor,1314236530,data\analysis_dataset_deduplicated\mappings\gigel-si-raspandirea-vestilor_details.csv,csv_record
gigel-si-raspandirea-vestilor,1314236879,data\analysis_dataset_deduplicated\mappings\gigel-si-raspandirea-vestilor_details.csv,csv_record
gigel-si-raspandirea-vestilor,1314237310,data\analysis_dataset_deduplicated\mappings\gigel-si-raspandirea-vestilor_details.csv,csv_record
gigel-si-raspandirea-vestilor,1333804558,data\analysis_dataset_deduplicated\mappings\gigel-si-raspandirea-vestilor_details.csv,csv_record
gigel-si-raspandirea-vestilor,1314234554,data\analysis_dataset_deduplicated\mappings\gigel-si-raspandirea-vestilor_details.csv,csv_record
gigel-si-raspandirea-vestilor,1314235951,data\analysis_dataset_deduplicated\mappings\gigel-si-raspandirea-vestilor_details.csv,csv_record
gigel-si-raspandirea-vestilor,1408520356,data\analysis_dataset_deduplicated\mappings\gigel-si-raspandirea-vestilor_details.csv,csv_record
gigel-si-raspandirea-vestilor,1408560905,data\analysis_dataset_deduplicated\mappings\gigel-si-raspandirea-vestilor_details.csv,csv_record
gigel-si-raspandirea-vestilor,1314235468,data\analysis_dataset_deduplicated\mappings\gigel-si-raspandirea-vestilor_details.csv,csv_record
gigel-si-raspandirea-vestilor,1314237607,data\analysis_dataset_deduplicated\mappings\gigel-si-raspandirea-vestilor_details.csv,csv_record
gigel-si-raspandirea-vestilor,1314237404,data\analysis_dataset_deduplicated\mappings\gigel-si-raspandirea-vestilor_details.csv,csv_record
gigel-si-raspandirea-vestilor,1314236404,data\analysis_dataset_deduplicated\mappings\gigel-si-raspandirea-vestilor_details.csv,csv_record
gigel-si-raspandirea-vestilor,1314237837,data\analysis_dataset_deduplicated\mappings\gigel-si-raspandirea-vestilor_details.csv,csv_record
gigel-si-raspandirea-vestilor,1378121512,data\analysis_dataset_deduplicated\mappings\gigel-si-raspandirea-vestilor_details.csv,csv_record
gigel-si-raspandirea-vestilor,1378155090,data\analysis_dataset_deduplicated\mappings\gigel-si-raspandirea-vestilor_details.csv,csv_record
gigel-si-raspandirea-vestilor,1408569325,data\analysis_dataset_deduplicated\mappings\gigel-si-raspandirea-vestilor_details.csv,csv_record
gigel-si-raspandirea-vestilor,1408570962,data\analysis_dataset_deduplicated\mappings\gigel-si-raspandirea-vestilor_details.csv,csv_record
gigel-si-raspandirea-vestilor,1314237865,data\analysis_dataset_deduplicated\mappings\gigel-si-raspandirea-vestilor_details.csv,csv_record
gigel-si-raspandirea-vestilor,1408504524,data\analysis_dataset_deduplicated\mappings\gigel-si-raspandirea-vestilor_details.csv,csv_record
gigel-si-raspandirea-vestilor,1314236483,data\analysis_dataset_deduplicated\mappings\gigel-si-raspandirea-vestilor_details.csv,csv_record
gigel-si-raspandirea-vestilor,1408552368,data\analysis_dataset_deduplicated\mappings\gigel-si-raspandirea-vestilor_details.csv,csv_record
gigel-si-raspandirea-vestilor,1408491609,data\analysis_dataset_deduplicated\mappings\gigel-si-raspandirea-vestilor_details.csv,csv_record
gigel-si-raspandirea-vestilor,1314234537,data\analysis_dataset_deduplicated\mappings\gigel-si-raspandirea-vestilor_details.csv,csv_record
gigel-si-raspandirea-vestilor,1314234653,data\analysis_dataset_deduplicated\mappings\gigel-si-raspandirea-vestilor_details.csv,csv_record
gigel-si-raspandirea-vestilor,1314235172,data\analysis_dataset_deduplicated\mappings\gigel-si-raspandirea-vestilor_details.csv,csv_record
gigel-si-raspandirea-vestilor,1408570843,data\analysis_dataset_deduplicated\mappings\gigel-si-raspandirea-vestilor_details.csv,csv_record
gigel-si-raspandirea-vestilor,1408570853,data\analysis_dataset_deduplicated\mappings\gigel-si-raspandirea-vestilor_details.csv,csv_record
gigel-si-raspandirea-vestilor,1391770134,data\analysis_dataset_deduplicated\mappings\gigel-si-raspandirea-vestilor_details.csv,csv_record
gigel-si-raspandirea-vestilor,1408593126,data\analysis_dataset_deduplicated\mappings\gigel-si-raspandirea-vestilor_details.csv,csv_record
gigel-si-raspandirea-vestilor,1408435667,data\analysis_dataset_deduplicated\mappings\gigel-si-raspandirea-vestilor_details.csv,csv_record
gigel-si-raspandirea-vestilor,1391934839,data\analysis_dataset_deduplicated\mappings\gigel-si-raspandirea-vestilor_details.csv,csv_record
gigel-si-raspandirea-vestilor,1314237354,data\analysis_dataset_deduplicated\mappings\gigel-si-raspandirea-vestilor_details.csv,csv_record
gigel-si-raspandirea-vestilor,1314235077,data\analysis_dataset_deduplicated\mappings\gigel-si-raspandirea-vestilor_details.csv,csv_record
gigel-si-sosetele,1361593026,data\analysis_dataset_deduplicated\mappings\gigel-si-sosetele_details.csv,csv_record
gigel-si-sosetele,1323426260,data\analysis_dataset_deduplicated\mappings\gigel-si-sosetele_details.csv,csv_record
gigel-si-sosetele,1323432408,data\analysis_dataset_deduplicated\mappings\gigel-si-sosetele_details.csv,csv_record
gigel-si-sosetele,1314237003,data\analysis_dataset_deduplicated\mappings\gigel-si-sosetele_details.csv,csv_record
gigel-si-sosetele,1314237263,data\analysis_dataset_deduplicated\mappings\gigel-si-sosetele_details.csv,csv_record
gigel-si-sosetele,1323425620,data\analysis_dataset_deduplicated\mappings\gigel-si-sosetele_details.csv,csv_record
gigel-si-sosetele,1332757083,data\analysis_dataset_deduplicated\mappings\gigel-si-sosetele_details.csv,csv_record
gigel-si-sosetele,1314237326,data\analysis_dataset_deduplicated\mappings\gigel-si-sosetele_details.csv,csv_record
gigel-si-sosetele,1314237364,data\analysis_dataset_deduplicated\mappings\gigel-si-sosetele_details.csv,csv_record
gigel-si-sosetele,1314237195,data\analysis_dataset_deduplicated\mappings\gigel-si-sosetele_details.csv,csv_record
gigel-si-sosetele,1314237657,data\analysis_dataset_deduplicated\mappings\gigel-si-sosetele_details.csv,csv_record
gigel-si-sosetele,1314237771,data\analysis_dataset_deduplicated\mappings\gigel-si-sosetele_details.csv,csv_record
gigel-si-sosetele,1314237855,data\analysis_dataset_deduplicated\mappings\gigel-si-sosetele_details.csv,csv_record
gigel-si-sosetele,1314236212,data\analysis_dataset_deduplicated\mappings\gigel-si-sosetele_details.csv,csv_record
gigel-si-sosetele,1314236737,data\analysis_dataset_deduplicated\mappings\gigel-si-sosetele_details.csv,csv_record
gigel-si-sosetele,1323432489,data\analysis_dataset_deduplicated\mappings\gigel-si-sosetele_details.csv,csv_record
gigel-si-sosetele,1314234785,data\analysis_dataset_deduplicated\mappings\gigel-si-sosetele_details.csv,csv_record
gigel-si-sosetele,1314237674,data\analysis_dataset_deduplicated\mappings\gigel-si-sosetele_details.csv,csv_record
gigel-si-sosetele,1332621488,data\analysis_dataset_deduplicated\mappings\gigel-si-sosetele_details.csv,csv_record
gigel-si-sosetele,1323425476,data\analysis_dataset_deduplicated\mappings\gigel-si-sosetele_details.csv,csv_record
gigel-si-sosetele,1323426197,data\analysis_dataset_deduplicated\mappings\gigel-si-sosetele_details.csv,csv_record
gigel-si-sosetele,1323426267,data\analysis_dataset_deduplicated\mappings\gigel-si-sosetele_details.csv,csv_record
gigel-si-sosetele,1314237836,data\analysis_dataset_deduplicated\mappings\gigel-si-sosetele_details.csv,csv_record
gigel-si-sosetele,1314237127,data\analysis_dataset_deduplicated\mappings\gigel-si-sosetele_details.csv,csv_record
gigel-si-sosetele,1314236438,data\analysis_dataset_deduplicated\mappings\gigel-si-sosetele_details.csv,csv_record
gigel-si-sosetele,1323368532,data\analysis_dataset_deduplicated\mappings\gigel-si-sosetele_details.csv,csv_record
gigel-si-sosetele,1323370083,data\analysis_dataset_deduplicated\mappings\gigel-si-sosetele_details.csv,csv_record
gigel-si-sosetele,1314237008,data\analysis_dataset_deduplicated\mappings\gigel-si-sosetele_details.csv,csv_record
gigel-si-sosetele,1314237091,data\analysis_dataset_deduplicated\mappings\gigel-si-sosetele_details.csv,csv_record
gigel-si-sosetele,1314237103,data\analysis_dataset_deduplicated\mappings\gigel-si-sosetele_details.csv,csv_record
gigel-si-sosetele,1314237167,data\analysis_dataset_deduplicated\mappings\gigel-si-sosetele_details.csv,csv_record
gigel-si-sosetele,1314236332,data\analysis_dataset_deduplicated\mappings\gigel-si-sosetele_details.csv,csv_record
gigel-si-sosetele,1314236405,data\analysis_dataset_deduplicated\mappings\gigel-si-sosetele_details.csv,csv_record
gigel-si-sosetele,1314236261,data\analysis_dataset_deduplicated\mappings\gigel-si-sosetele_details.csv,csv_record
gigel-si-sosetele,1314237447,data\analysis_dataset_deduplicated\mappings\gigel-si-sosetele_details.csv,csv_record
gigel-si-sosetele,1332754182,data\analysis_dataset_deduplicated\mappings\gigel-si-sosetele_details.csv,csv_record
gigel-si-sosetele,1344637038,data\analysis_dataset_deduplicated\mappings\gigel-si-sosetele_details.csv,csv_record
gigel-si-sosetele,1344637177,data\analysis_dataset_deduplicated\mappings\gigel-si-sosetele_details.csv,csv_record
gigel-si-sosetele,1323079492,data\analysis_dataset_deduplicated\mappings\gigel-si-sosetele_details.csv,csv_record
gigel-si-sosetele,1314237570,data\analysis_dataset_deduplicated\mappings\gigel-si-sosetele_details.csv,csv_record
gigel-si-sosetele,1314236308,data\analysis_dataset_deduplicated\mappings\gigel-si-sosetele_details.csv,csv_record
gigel-si-sosetele,1314236330,data\analysis_dataset_deduplicated\mappings\gigel-si-sosetele_details.csv,csv_record
gigel-si-sosetele,1314236413,data\analysis_dataset_deduplicated\mappings\gigel-si-sosetele_details.csv,csv_record
gigel-si-sosetele,1314236094,data\analysis_dataset_deduplicated\mappings\gigel-si-sosetele_details.csv,csv_record
gigel-si-sosetele,1314236150,data\analysis_dataset_deduplicated\mappings\gigel-si-sosetele_details.csv,csv_record
gigel-si-sosetele,1323450489,data\analysis_dataset_deduplicated\mappings\gigel-si-sosetele_details.csv,csv_record
gigel-si-sosetele,1323449323,data\analysis_dataset_deduplicated\mappings\gigel-si-sosetele_details.csv,csv_record
gigel-si-sosetele,1314236328,data\analysis_dataset_deduplicated\mappings\gigel-si-sosetele_details.csv,csv_record
gigel-si-sosetele,1314235295,data\analysis_dataset_deduplicated\mappings\gigel-si-sosetele_details.csv,csv_record
gigel-si-sosetele,1314236503,data\analysis_dataset_deduplicated\mappings\gigel-si-sosetele_details.csv,csv_record
gigel-si-sosetele,1323455607,data\analysis_dataset_deduplicated\mappings\gigel-si-sosetele_details.csv,csv_record
gigel-si-sosetele,1314236587,data\analysis_dataset_deduplicated\mappings\gigel-si-sosetele_details.csv,csv_record
gigel-si-sosetele,1314236774,data\analysis_dataset_deduplicated\mappings\gigel-si-sosetele_details.csv,csv_record
gigel-si-sosetele,1314236696,data\analysis_dataset_deduplicated\mappings\gigel-si-sosetele_details.csv,csv_record
gigel-si-sosetele,1314237047,data\analysis_dataset_deduplicated\mappings\gigel-si-sosetele_details.csv,csv_record
gigel-si-sosetele,1332712258,data\analysis_dataset_deduplicated\mappings\gigel-si-sosetele_details.csv,csv_record
gigel-si-sosetele,1323076188,data\analysis_dataset_deduplicated\mappings\gigel-si-sosetele_details.csv,csv_record
gigel-si-sosetele,1314237260,data\analysis_dataset_deduplicated\mappings\gigel-si-sosetele_details.csv,csv_record
gigel-si-sosetele,1314235115,data\analysis_dataset_deduplicated\mappings\gigel-si-sosetele_details.csv,csv_record
gigel-si-sosetele,1314235350,data\analysis_dataset_deduplicated\mappings\gigel-si-sosetele_details.csv,csv_record
gigel-si-sosetele,1314235367,data\analysis_dataset_deduplicated\mappings\gigel-si-sosetele_details.csv,csv_record
gigel-si-sosetele,1314235389,data\analysis_dataset_deduplicated\mappings\gigel-si-sosetele_details.csv,csv_record
gigel-si-sosetele,1314236725,data\analysis_dataset_deduplicated\mappings\gigel-si-sosetele_details.csv,csv_record
gigel-si-sosetele,1314236742,data\analysis_dataset_deduplicated\mappings\gigel-si-sosetele_details.csv,csv_record
gigel-si-sosetele,1314237070,data\analysis_dataset_deduplicated\mappings\gigel-si-sosetele_details.csv,csv_record
gigel-si-sosetele,1344637589,data\analysis_dataset_deduplicated\mappings\gigel-si-sosetele_details.csv,csv_record
gigel-si-sosetele,1344637646,data\analysis_dataset_deduplicated\mappings\gigel-si-sosetele_details.csv,csv_record
gigel-si-sosetele,1323080111,data\analysis_dataset_deduplicated\mappings\gigel-si-sosetele_details.csv,csv_record
gigel-si-sosetele,1314237780,data\analysis_dataset_deduplicated\mappings\gigel-si-sosetele_details.csv,csv_record
gigel-si-sosetele,1314237813,data\analysis_dataset_deduplicated\mappings\gigel-si-sosetele_details.csv,csv_record
gigel-si-sosetele,1314236982,data\analysis_dataset_deduplicated\mappings\gigel-si-sosetele_details.csv,csv_record
gigel-si-sosetele,1314236095,data\analysis_dataset_deduplicated\mappings\gigel-si-sosetele_details.csv,csv_record
gigel-si-sosetele,1314236670,data\analysis_dataset_deduplicated\mappings\gigel-si-sosetele_details.csv,csv_record
gigel-si-sosetele,1314237117,data\analysis_dataset_deduplicated\mappings\gigel-si-sosetele_details.csv,csv_record
gigel-si-sosetele,1314237153,data\analysis_dataset_deduplicated\mappings\gigel-si-sosetele_details.csv,csv_record
gigel-si-sosetele,1314237807,data\analysis_dataset_deduplicated\mappings\gigel-si-sosetele_details.csv,csv_record
gigel-si-sosetele,1314237683,data\analysis_dataset_deduplicated\mappings\gigel-si-sosetele_details.csv,csv_record
gigel-si-sosetele,1323432742,data\analysis_dataset_deduplicated\mappings\gigel-si-sosetele_details.csv,csv_record
gigel-si-sosetele,1323432774,data\analysis_dataset_deduplicated\mappings\gigel-si-sosetele_details.csv,csv_record
gigel-si-sosetele,1323432824,data\analysis_dataset_deduplicated\mappings\gigel-si-sosetele_details.csv,csv_record
gigel-si-sosetele,1323432896,data\analysis_dataset_deduplicated\mappings\gigel-si-sosetele_details.csv,csv_record
gigel-si-sosetele,1323442435,data\analysis_dataset_deduplicated\mappings\gigel-si-sosetele_details.csv,csv_record
gigel-si-sosetele,1323442703,data\analysis_dataset_deduplicated\mappings\gigel-si-sosetele_details.csv,csv_record
gigel-si-sosetele,1323442848,data\analysis_dataset_deduplicated\mappings\gigel-si-sosetele_details.csv,csv_record
gigel-si-sosetele,1323443126,data\analysis_dataset_deduplicated\mappings\gigel-si-sosetele_details.csv,csv_record
gigel-si-sosetele,1323445337,data\analysis_dataset_deduplicated\mappings\gigel-si-sosetele_details.csv,csv_record
gigel-si-sosetele,1323445365,data\analysis_dataset_deduplicated\mappings\gigel-si-sosetele_details.csv,csv_record
gigel-si-sosetele,1323446120,data\analysis_dataset_deduplicated\mappings\gigel-si-sosetele_details.csv,csv_record
gigel-si-sosetele,1314235920,data\analysis_dataset_deduplicated\mappings\gigel-si-sosetele_details.csv,csv_record
gigel-si-sosetele,1333805428,data\analysis_dataset_deduplicated\mappings\gigel-si-sosetele_details.csv,csv_record
gigel-si-sosetele,1314235959,data\analysis_dataset_deduplicated\mappings\gigel-si-sosetele_details.csv,csv_record
gigel-si-sosetele,1314235998,data\analysis_dataset_deduplicated\mappings\gigel-si-sosetele_details.csv,csv_record
gigel-si-sosetele,1323451835,data\analysis_dataset_deduplicated\mappings\gigel-si-sosetele_details.csv,csv_record
gigel-si-sosetele,1314236087,data\analysis_dataset_deduplicated\mappings\gigel-si-sosetele_details.csv,csv_record
gigel-si-sosetele,1314237820,data\analysis_dataset_deduplicated\mappings\gigel-si-sosetele_details.csv,csv_record
gigel-si-sosetele,1323074055,data\analysis_dataset_deduplicated\mappings\gigel-si-sosetele_details.csv,csv_record
gigel-si-sosetele,1323079467,data\analysis_dataset_deduplicated\mappings\gigel-si-sosetele_details.csv,csv_record
gigel-si-sosetele,1332398750,data\analysis_dataset_deduplicated\mappings\gigel-si-sosetele_details.csv,csv_record
gigel-si-sosetele,1323446447,data\analysis_dataset_deduplicated\mappings\gigel-si-sosetele_details.csv,csv_record
gigel-si-sosetele,1323447184,data\analysis_dataset_deduplicated\mappings\gigel-si-sosetele_details.csv,csv_record
gigel-si-sosetele,1314238139,data\analysis_dataset_deduplicated\mappings\gigel-si-sosetele_details.csv,csv_record
gigel-si-sosetele,1314238147,data\analysis_dataset_deduplicated\mappings\gigel-si-sosetele_details.csv,csv_record
gigel-si-sosetele,1344613861,data\analysis_dataset_deduplicated\mappings\gigel-si-sosetele_details.csv,csv_record
gigel-si-sosetele,1323432814,data\analysis_dataset_deduplicated\mappings\gigel-si-sosetele_details.csv,csv_record
gigel-si-sosetele,1314236183,data\analysis_dataset_deduplicated\mappings\gigel-si-sosetele_details.csv,csv_record
gigel-si-sosetele,1314237532,data\analysis_dataset_deduplicated\mappings\gigel-si-sosetele_details.csv,csv_record
gigel-si-sosetele,1314235986,data\analysis_dataset_deduplicated\mappings\gigel-si-sosetele_details.csv,csv_record
gigel-si-sosetele,1314236084,data\analysis_dataset_deduplicated\mappings\gigel-si-sosetele_details.csv,csv_record
gigel-si-sosetele,1314236098,data\analysis_dataset_deduplicated\mappings\gigel-si-sosetele_details.csv,csv_record
gigel-si-sosetele,1314236789,data\analysis_dataset_deduplicated\mappings\gigel-si-sosetele_details.csv,csv_record
gigel-si-sosetele,1314236849,data\analysis_dataset_deduplicated\mappings\gigel-si-sosetele_details.csv,csv_record
gigel-si-sosetele,1314236831,data\analysis_dataset_deduplicated\mappings\gigel-si-sosetele_details.csv,csv_record
gigel-si-sosetele,1314236820,data\analysis_dataset_deduplicated\mappings\gigel-si-sosetele_details.csv,csv_record
gigel-si-sosetele,1314236895,data\analysis_dataset_deduplicated\mappings\gigel-si-sosetele_details.csv,csv_record
gigel-si-sosetele,1314236906,data\analysis_dataset_deduplicated\mappings\gigel-si-sosetele_details.csv,csv_record
gigel-si-sosetele,1314237017,data\analysis_dataset_deduplicated\mappings\gigel-si-sosetele_details.csv,csv_record
gigel-si-sosetele,1314237027,data\analysis_dataset_deduplicated\mappings\gigel-si-sosetele_details.csv,csv_record
gigel-si-sosetele,1314237071,data\analysis_dataset_deduplicated\mappings\gigel-si-sosetele_details.csv,csv_record
gigel-si-sosetele,1314237098,data\analysis_dataset_deduplicated\mappings\gigel-si-sosetele_details.csv,csv_record
gigel-si-sosetele,1314237113,data\analysis_dataset_deduplicated\mappings\gigel-si-sosetele_details.csv,csv_record
gigel-si-sosetele,1314237104,data\analysis_dataset_deduplicated\mappings\gigel-si-sosetele_details.csv,csv_record
gigel-si-sosetele,1314237131,data\analysis_dataset_deduplicated\mappings\gigel-si-sosetele_details.csv,csv_record
gigel-si-sosetele,1314237122,data\analysis_dataset_deduplicated\mappings\gigel-si-sosetele_details.csv,csv_record
gigel-si-sosetele,1314237191,data\analysis_dataset_deduplicated\mappings\gigel-si-sosetele_details.csv,csv_record
gigel-si-sosetele,1314237176,data\analysis_dataset_deduplicated\mappings\gigel-si-sosetele_details.csv,csv_record
gigel-si-sosetele,1314237331,data\analysis_dataset_deduplicated\mappings\gigel-si-sosetele_details.csv,csv_record
gigel-si-sosetele,1314237361,data\analysis_dataset_deduplicated\mappings\gigel-si-sosetele_details.csv,csv_record
gigel-si-sosetele,1314237352,data\analysis_dataset_deduplicated\mappings\gigel-si-sosetele_details.csv,csv_record
gigel-si-sosetele,1314237397,data\analysis_dataset_deduplicated\mappings\gigel-si-sosetele_details.csv,csv_record
gigel-si-sosetele,1314237416,data\analysis_dataset_deduplicated\mappings\gigel-si-sosetele_details.csv,csv_record
gigel-si-sosetele,1314237423,data\analysis_dataset_deduplicated\mappings\gigel-si-sosetele_details.csv,csv_record
gigel-si-sosetele,1314237446,data\analysis_dataset_deduplicated\mappings\gigel-si-sosetele_details.csv,csv_record
gigel-si-sosetele,1314237470,data\analysis_dataset_deduplicated\mappings\gigel-si-sosetele_details.csv,csv_record
gigel-si-sosetele,1314237534,data\analysis_dataset_deduplicated\mappings\gigel-si-sosetele_details.csv,csv_record
gigel-si-sosetele,1314237555,data\analysis_dataset_deduplicated\mappings\gigel-si-sosetele_details.csv,csv_record
gigel-si-sosetele,1314237585,data\analysis_dataset_deduplicated\mappings\gigel-si-sosetele_details.csv,csv_record
gigel-si-sosetele,1314237574,data\analysis_dataset_deduplicated\mappings\gigel-si-sosetele_details.csv,csv_record
gigel-si-sosetele,1314237625,data\analysis_dataset_deduplicated\mappings\gigel-si-sosetele_details.csv,csv_record
gigel-si-sosetele,1314237600,data\analysis_dataset_deduplicated\mappings\gigel-si-sosetele_details.csv,csv_record
gigel-si-sosetele,1314237636,data\analysis_dataset_deduplicated\mappings\gigel-si-sosetele_details.csv,csv_record
gigel-si-sosetele,1314237656,data\analysis_dataset_deduplicated\mappings\gigel-si-sosetele_details.csv,csv_record
gigel-si-sosetele,1314237773,data\analysis_dataset_deduplicated\mappings\gigel-si-sosetele_details.csv,csv_record
gigel-si-sosetele,1314236288,data\analysis_dataset_deduplicated\mappings\gigel-si-sosetele_details.csv,csv_record
gigel-si-sosetele,1391926859,data\analysis_dataset_deduplicated\mappings\gigel-si-sosetele_details.csv,csv_record
gigel-si-sosetele,1391927136,data\analysis_dataset_deduplicated\mappings\gigel-si-sosetele_details.csv,csv_record
gigel-si-sosetele,1314235866,data\analysis_dataset_deduplicated\mappings\gigel-si-sosetele_details.csv,csv_record
gigel-si-sosetele,1314236416,data\analysis_dataset_deduplicated\mappings\gigel-si-sosetele_details.csv,csv_record
gigel-si-sosetele,1314235248,data\analysis_dataset_deduplicated\mappings\gigel-si-sosetele_details.csv,csv_record
gigel-si-sosetele,1332764709,data\analysis_dataset_deduplicated\mappings\gigel-si-sosetele_details.csv,csv_record
gigel-si-sosetele,1314237279,data\analysis_dataset_deduplicated\mappings\gigel-si-sosetele_details.csv,csv_record
gigel-si-sosetele,1314237382,data\analysis_dataset_deduplicated\mappings\gigel-si-sosetele_details.csv,csv_record
gigel-si-sosetele,1314237166,data\analysis_dataset_deduplicated\mappings\gigel-si-sosetele_details.csv,csv_record
gigel-si-sosetele,1314237742,data\analysis_dataset_deduplicated\mappings\gigel-si-sosetele_details.csv,csv_record
gigel-si-sosetele,1332742565,data\analysis_dataset_deduplicated\mappings\gigel-si-sosetele_details.csv,csv_record
gigel-si-sosetele,1314237782,data\analysis_dataset_deduplicated\mappings\gigel-si-sosetele_details.csv,csv_record
gigel-si-sosetele,1314237211,data\analysis_dataset_deduplicated\mappings\gigel-si-sosetele_details.csv,csv_record
gigel-si-sosetele,1344588560,data\analysis_dataset_deduplicated\mappings\gigel-si-sosetele_details.csv,csv_record
gigel-si-sosetele,1344610353,data\analysis_dataset_deduplicated\mappings\gigel-si-sosetele_details.csv,csv_record
gigel-si-sosetele,1378159110,data\analysis_dataset_deduplicated\mappings\gigel-si-sosetele_details.csv,csv_record
gigel-si-sosetele,1378159141,data\analysis_dataset_deduplicated\mappings\gigel-si-sosetele_details.csv,csv_record
gigel-si-sosetele,1378159179,data\analysis_dataset_deduplicated\mappings\gigel-si-sosetele_details.csv,csv_record
gigel-si-sosetele,1378159258,data\analysis_dataset_deduplicated\mappings\gigel-si-sosetele_details.csv,csv_record
gigel-si-sosetele,1378159278,data\analysis_dataset_deduplicated\mappings\gigel-si-sosetele_details.csv,csv_record
gigel-si-sosetele,1378159313,data\analysis_dataset_deduplicated\mappings\gigel-si-sosetele_details.csv,csv_record
gigel-si-sosetele,1378159340,data\analysis_dataset_deduplicated\mappings\gigel-si-sosetele_details.csv,csv_record
gigel-si-sosetele,1378159672,data\analysis_dataset_deduplicated\mappings\gigel-si-sosetele_details.csv,csv_record
gigel-si-sosetele,1378159678,data\analysis_dataset_deduplicated\mappings\gigel-si-sosetele_details.csv,csv_record
gigel-si-sosetele,1378119359,data\analysis_dataset_deduplicated\mappings\gigel-si-sosetele_details.csv,csv_record
gigel-si-sosetele,1378034093,data\analysis_dataset_deduplicated\mappings\gigel-si-sosetele_details.csv,csv_record
gigel-si-sosetele,1391935455,data\analysis_dataset_deduplicated\mappings\gigel-si-sosetele_details.csv,csv_record
gigel-si-sosetele,1332305719,data\analysis_dataset_deduplicated\mappings\gigel-si-sosetele_details.csv,csv_record
gigel-si-sosetele,1314236041,data\analysis_dataset_deduplicated\mappings\gigel-si-sosetele_details.csv,csv_record
gigel-si-sosetele,1314236339,data\analysis_dataset_deduplicated\mappings\gigel-si-sosetele_details.csv,csv_record
gigel-si-sosetele,1314236601,data\analysis_dataset_deduplicated\mappings\gigel-si-sosetele_details.csv,csv_record
gigel-si-sosetele,1314236998,data\analysis_dataset_deduplicated\mappings\gigel-si-sosetele_details.csv,csv_record
gigel-si-sosetele,1314237527,data\analysis_dataset_deduplicated\mappings\gigel-si-sosetele_details.csv,csv_record
gigel-si-sosetele,1314237187,data\analysis_dataset_deduplicated\mappings\gigel-si-sosetele_details.csv,csv_record
gigel-si-sosetele,1314237688,data\analysis_dataset_deduplicated\mappings\gigel-si-sosetele_details.csv,csv_record
gigel-si-sosetele,1314236733,data\analysis_dataset_deduplicated\mappings\gigel-si-sosetele_details.csv,csv_record
gigel-si-sosetele,1314236824,data\analysis_dataset_deduplicated\mappings\gigel-si-sosetele_details.csv,csv_record
gigel-si-sosetele,1391935316,data\analysis_dataset_deduplicated\mappings\gigel-si-sosetele_details.csv,csv_record
gigel-si-sosetele,1378121021,data\analysis_dataset_deduplicated\mappings\gigel-si-sosetele_details.csv,csv_record
gigel-si-sosetele,1314236527,data\analysis_dataset_deduplicated\mappings\gigel-si-sosetele_details.csv,csv_record
gigel-si-sosetele,1314237815,data\analysis_dataset_deduplicated\mappings\gigel-si-sosetele_details.csv,csv_record
gigel-si-telefonul,1323387090,data\analysis_dataset_deduplicated\mappings\gigel-si-telefonul_details.csv,csv_record
gigel-si-telefonul,1314236148,data\analysis_dataset_deduplicated\mappings\gigel-si-telefonul_details.csv,csv_record
gigel-si-telefonul,1314236238,data\analysis_dataset_deduplicated\mappings\gigel-si-telefonul_details.csv,csv_record
gigel-si-telefonul,1314237184,data\analysis_dataset_deduplicated\mappings\gigel-si-telefonul_details.csv,csv_record
gigel-si-telefonul,1314237623,data\analysis_dataset_deduplicated\mappings\gigel-si-telefonul_details.csv,csv_record
gigel-si-telefonul,1323429397,data\analysis_dataset_deduplicated\mappings\gigel-si-telefonul_details.csv,csv_record
gigel-si-telefonul,1323429954,data\analysis_dataset_deduplicated\mappings\gigel-si-telefonul_details.csv,csv_record
gigel-si-telefonul,1314237319,data\analysis_dataset_deduplicated\mappings\gigel-si-telefonul_details.csv,csv_record
gigel-si-telefonul,1323427996,data\analysis_dataset_deduplicated\mappings\gigel-si-telefonul_details.csv,csv_record
gigel-si-telefonul,1314236934,data\analysis_dataset_deduplicated\mappings\gigel-si-telefonul_details.csv,csv_record
gigel-si-telefonul,1314237695,data\analysis_dataset_deduplicated\mappings\gigel-si-telefonul_details.csv,csv_record
gigel-si-telefonul,1323427691,data\analysis_dataset_deduplicated\mappings\gigel-si-telefonul_details.csv,csv_record
gigel-si-telefonul,1323431836,data\analysis_dataset_deduplicated\mappings\gigel-si-telefonul_details.csv,csv_record
gigel-si-telefonul,1323431948,data\analysis_dataset_deduplicated\mappings\gigel-si-telefonul_details.csv,csv_record
gigel-si-telefonul,1323432510,data\analysis_dataset_deduplicated\mappings\gigel-si-telefonul_details.csv,csv_record
gigel-si-telefonul,1323432739,data\analysis_dataset_deduplicated\mappings\gigel-si-telefonul_details.csv,csv_record
gigel-si-telefonul,1332755933,data\analysis_dataset_deduplicated\mappings\gigel-si-telefonul_details.csv,csv_record
gigel-si-telefonul,1332757636,data\analysis_dataset_deduplicated\mappings\gigel-si-telefonul_details.csv,csv_record
gigel-si-telefonul,1332757801,data\analysis_dataset_deduplicated\mappings\gigel-si-telefonul_details.csv,csv_record
gigel-si-telefonul,1323453274,data\analysis_dataset_deduplicated\mappings\gigel-si-telefonul_details.csv,csv_record
gigel-si-telefonul,1342820556,data\analysis_dataset_deduplicated\mappings\gigel-si-telefonul_details.csv,csv_record
gigel-si-telefonul,1342820606,data\analysis_dataset_deduplicated\mappings\gigel-si-telefonul_details.csv,csv_record
gigel-si-telefonul,1332199818,data\analysis_dataset_deduplicated\mappings\gigel-si-telefonul_details.csv,csv_record
gigel-si-telefonul,1332757584,data\analysis_dataset_deduplicated\mappings\gigel-si-telefonul_details.csv,csv_record
gigel-si-telefonul,1332758274,data\analysis_dataset_deduplicated\mappings\gigel-si-telefonul_details.csv,csv_record
gigel-si-telefonul,1332758308,data\analysis_dataset_deduplicated\mappings\gigel-si-telefonul_details.csv,csv_record
gigel-si-telefonul,1323427469,data\analysis_dataset_deduplicated\mappings\gigel-si-telefonul_details.csv,csv_record
gigel-si-telefonul,1323427525,data\analysis_dataset_deduplicated\mappings\gigel-si-telefonul_details.csv,csv_record
gigel-si-telefonul,1323427571,data\analysis_dataset_deduplicated\mappings\gigel-si-telefonul_details.csv,csv_record
gigel-si-telefonul,1323427617,data\analysis_dataset_deduplicated\mappings\gigel-si-telefonul_details.csv,csv_record
gigel-si-telefonul,1314237639,data\analysis_dataset_deduplicated\mappings\gigel-si-telefonul_details.csv,csv_record
gigel-si-telefonul,1408569709,data\analysis_dataset_deduplicated\mappings\gigel-si-telefonul_details.csv,csv_record
gigel-si-telefonul,1314236034,data\analysis_dataset_deduplicated\mappings\gigel-si-telefonul_details.csv,csv_record
gigel-si-telefonul,1314236104,data\analysis_dataset_deduplicated\mappings\gigel-si-telefonul_details.csv,csv_record
gigel-si-telefonul,1314236196,data\analysis_dataset_deduplicated\mappings\gigel-si-telefonul_details.csv,csv_record
gigel-si-telefonul,1314237429,data\analysis_dataset_deduplicated\mappings\gigel-si-telefonul_details.csv,csv_record
gigel-si-telefonul,1314237557,data\analysis_dataset_deduplicated\mappings\gigel-si-telefonul_details.csv,csv_record
gigel-si-telefonul,1314237716,data\analysis_dataset_deduplicated\mappings\gigel-si-telefonul_details.csv,csv_record
gigel-si-telefonul,1314237787,data\analysis_dataset_deduplicated\mappings\gigel-si-telefonul_details.csv,csv_record
gigel-si-telefonul,1314237808,data\analysis_dataset_deduplicated\mappings\gigel-si-telefonul_details.csv,csv_record
gigel-si-telefonul,1408485954,data\analysis_dataset_deduplicated\mappings\gigel-si-telefonul_details.csv,csv_record
gigel-si-telefonul,1408519251,data\analysis_dataset_deduplicated\mappings\gigel-si-telefonul_details.csv,csv_record
gigel-si-telefonul,1408519319,data\analysis_dataset_deduplicated\mappings\gigel-si-telefonul_details.csv,csv_record
gigel-si-telefonul,1408519493,data\analysis_dataset_deduplicated\mappings\gigel-si-telefonul_details.csv,csv_record
gigel-si-telefonul,1408519524,data\analysis_dataset_deduplicated\mappings\gigel-si-telefonul_details.csv,csv_record
gigel-si-telefonul,1391864034,data\analysis_dataset_deduplicated\mappings\gigel-si-telefonul_details.csv,csv_record
gigel-si-telefonul,1391864040,data\analysis_dataset_deduplicated\mappings\gigel-si-telefonul_details.csv,csv_record
gigel-si-telefonul,1314236746,data\analysis_dataset_deduplicated\mappings\gigel-si-telefonul_details.csv,csv_record
gigel-si-telefonul,1408435073,data\analysis_dataset_deduplicated\mappings\gigel-si-telefonul_details.csv,csv_record
gigel-si-telefonul,1408435238,data\analysis_dataset_deduplicated\mappings\gigel-si-telefonul_details.csv,csv_record
gigel-si-telefonul,1331968204,data\analysis_dataset_deduplicated\mappings\gigel-si-telefonul_details.csv,csv_record
gigel-si-telefonul,1391836567,data\analysis_dataset_deduplicated\mappings\gigel-si-telefonul_details.csv,csv_record
gigel-si-telefonul,1391836611,data\analysis_dataset_deduplicated\mappings\gigel-si-telefonul_details.csv,csv_record
gigel-si-telefonul,1378093326,data\analysis_dataset_deduplicated\mappings\gigel-si-telefonul_details.csv,csv_record
gigel-si-telefonul,1378158909,data\analysis_dataset_deduplicated\mappings\gigel-si-telefonul_details.csv,csv_record
gigel-si-telefonul,1378159550,data\analysis_dataset_deduplicated\mappings\gigel-si-telefonul_details.csv,csv_record
gigel-si-telefonul,1314237227,data\analysis_dataset_deduplicated\mappings\gigel-si-telefonul_details.csv,csv_record
gigel-si-telefonul,1314237809,data\analysis_dataset_deduplicated\mappings\gigel-si-telefonul_details.csv,csv_record
gigel-si-telefonul,1408571126,data\analysis_dataset_deduplicated\mappings\gigel-si-telefonul_details.csv,csv_record
gigel-si-telefonul,1408525923,data\analysis_dataset_deduplicated\mappings\gigel-si-telefonul_details.csv,csv_record
gigel-si-telefonul,1314237481,data\analysis_dataset_deduplicated\mappings\gigel-si-telefonul_details.csv,csv_record
gigel-si-telefonul,1391996670,data\analysis_dataset_deduplicated\mappings\gigel-si-telefonul_details.csv,csv_record
gigel-si-telefonul,1391996688,data\analysis_dataset_deduplicated\mappings\gigel-si-telefonul_details.csv,csv_record
gigel-si-telefonul,1391996722,data\analysis_dataset_deduplicated\mappings\gigel-si-telefonul_details.csv,csv_record
gigel-si-telefonul,1323405345,data\analysis_dataset_deduplicated\mappings\gigel-si-telefonul_details.csv,csv_record
gigel-si-telefonul,1323405398,data\analysis_dataset_deduplicated\mappings\gigel-si-telefonul_details.csv,csv_record
gigel-si-telefonul,1314237046,data\analysis_dataset_deduplicated\mappings\gigel-si-telefonul_details.csv,csv_record
gigel-si-telefonul,1408462803,data\analysis_dataset_deduplicated\mappings\gigel-si-telefonul_details.csv,csv_record
gigel-si-telefonul,1408462855,data\analysis_dataset_deduplicated\mappings\gigel-si-telefonul_details.csv,csv_record
gigel-si-telefonul,1314236076,data\analysis_dataset_deduplicated\mappings\gigel-si-telefonul_details.csv,csv_record
gigel-si-telefonul,1391778995,data\analysis_dataset_deduplicated\mappings\gigel-si-telefonul_details.csv,csv_record
gigel-si-telefonul,1408513125,data\analysis_dataset_deduplicated\mappings\gigel-si-telefonul_details.csv,csv_record
gigel-si-telefonul,1314225959,data\analysis_dataset_deduplicated\mappings\gigel-si-telefonul_details.csv,csv_record
gigel-si-telefonul,1391860516,data\analysis_dataset_deduplicated\mappings\gigel-si-telefonul_details.csv,csv_record
gigel-si-telefonul,1408526748,data\analysis_dataset_deduplicated\mappings\gigel-si-telefonul_details.csv,csv_record
gigel-si-telefonul,1314236336,data\analysis_dataset_deduplicated\mappings\gigel-si-telefonul_details.csv,csv_record
gigel-si-telefonul,1314236395,data\analysis_dataset_deduplicated\mappings\gigel-si-telefonul_details.csv,csv_record
gigel-si-telefonul,1314236484,data\analysis_dataset_deduplicated\mappings\gigel-si-telefonul_details.csv,csv_record
gigel-si-telefonul,1314236615,data\analysis_dataset_deduplicated\mappings\gigel-si-telefonul_details.csv,csv_record
gigel-si-telefonul,1314236757,data\analysis_dataset_deduplicated\mappings\gigel-si-telefonul_details.csv,csv_record
gigel-si-telefonul,1314236747,data\analysis_dataset_deduplicated\mappings\gigel-si-telefonul_details.csv,csv_record
gigel-si-telefonul,1314236764,data\analysis_dataset_deduplicated\mappings\gigel-si-telefonul_details.csv,csv_record
gigel-si-telefonul,1314237541,data\analysis_dataset_deduplicated\mappings\gigel-si-telefonul_details.csv,csv_record
gigel-si-telefonul,1314237770,data\analysis_dataset_deduplicated\mappings\gigel-si-telefonul_details.csv,csv_record
matei-si-diamantele,1314235130,data\analysis_dataset_deduplicated\mappings\matei-si-diamantele_details.csv,csv_record
matei-si-diamantele,1332755169,data\analysis_dataset_deduplicated\mappings\matei-si-diamantele_details.csv,csv_record
matei-si-diamantele,1314234588,data\analysis_dataset_deduplicated\mappings\matei-si-diamantele_details.csv,csv_record
matei-si-diamantele,1314235326,data\analysis_dataset_deduplicated\mappings\matei-si-diamantele_details.csv,csv_record
matei-si-diamantele,1314235385,data\analysis_dataset_deduplicated\mappings\matei-si-diamantele_details.csv,csv_record
matei-si-diamantele,1314235207,data\analysis_dataset_deduplicated\mappings\matei-si-diamantele_details.csv,csv_record
matei-si-diamantele,1314236673,data\analysis_dataset_deduplicated\mappings\matei-si-diamantele_details.csv,csv_record
matei-si-diamantele,1314234993,data\analysis_dataset_deduplicated\mappings\matei-si-diamantele_details.csv,csv_record
matei-si-diamantele,1314236283,data\analysis_dataset_deduplicated\mappings\matei-si-diamantele_details.csv,csv_record
matei-si-diamantele,1314236356,data\analysis_dataset_deduplicated\mappings\matei-si-diamantele_details.csv,csv_record
matei-si-diamantele,1323447679,data\analysis_dataset_deduplicated\mappings\matei-si-diamantele_details.csv,csv_record
matei-si-diamantele,1323448279,data\analysis_dataset_deduplicated\mappings\matei-si-diamantele_details.csv,csv_record
matei-si-diamantele,1323448895,data\analysis_dataset_deduplicated\mappings\matei-si-diamantele_details.csv,csv_record
matei-si-diamantele,1314237594,data\analysis_dataset_deduplicated\mappings\matei-si-diamantele_details.csv,csv_record
matei-si-diamantele,1314237759,data\analysis_dataset_deduplicated\mappings\matei-si-diamantele_details.csv,csv_record
matei-si-diamantele,1332753538,data\analysis_dataset_deduplicated\mappings\matei-si-diamantele_details.csv,csv_record
matei-si-diamantele,1332753583,data\analysis_dataset_deduplicated\mappings\matei-si-diamantele_details.csv,csv_record
matei-si-diamantele,1332753606,data\analysis_dataset_deduplicated\mappings\matei-si-diamantele_details.csv,csv_record
matei-si-diamantele,1323404969,data\analysis_dataset_deduplicated\mappings\matei-si-diamantele_details.csv,csv_record
matei-si-diamantele,1323405095,data\analysis_dataset_deduplicated\mappings\matei-si-diamantele_details.csv,csv_record
matei-si-diamantele,1323452016,data\analysis_dataset_deduplicated\mappings\matei-si-diamantele_details.csv,csv_record
matei-si-diamantele,1332673256,data\analysis_dataset_deduplicated\mappings\matei-si-diamantele_details.csv,csv_record
matei-si-diamantele,1332711180,data\analysis_dataset_deduplicated\mappings\matei-si-diamantele_details.csv,csv_record
matei-si-diamantele,1344697701,data\analysis_dataset_deduplicated\mappings\matei-si-diamantele_details.csv,csv_record
matei-si-diamantele,1323389192,data\analysis_dataset_deduplicated\mappings\matei-si-diamantele_details.csv,csv_record
matei-si-diamantele,1314237516,data\analysis_dataset_deduplicated\mappings\matei-si-diamantele_details.csv,csv_record
matei-si-diamantele,1323450151,data\analysis_dataset_deduplicated\mappings\matei-si-diamantele_details.csv,csv_record
matei-si-diamantele,1314234971,data\analysis_dataset_deduplicated\mappings\matei-si-diamantele_details.csv,csv_record
matei-si-diamantele,1314236790,data\analysis_dataset_deduplicated\mappings\matei-si-diamantele_details.csv,csv_record
matei-si-diamantele,1314237755,data\analysis_dataset_deduplicated\mappings\matei-si-diamantele_details.csv,csv_record
matei-si-diamantele,1314235839,data\analysis_dataset_deduplicated\mappings\matei-si-diamantele_details.csv,csv_record
matei-si-diamantele,1314236346,data\analysis_dataset_deduplicated\mappings\matei-si-diamantele_details.csv,csv_record
matei-si-diamantele,1314236476,data\analysis_dataset_deduplicated\mappings\matei-si-diamantele_details.csv,csv_record
matei-si-diamantele,1344568201,data\analysis_dataset_deduplicated\mappings\matei-si-diamantele_details.csv,csv_record
matei-si-diamantele,1314234934,data\analysis_dataset_deduplicated\mappings\matei-si-diamantele_details.csv,csv_record
matei-si-diamantele,1314236167,data\analysis_dataset_deduplicated\mappings\matei-si-diamantele_details.csv,csv_record
matei-si-diamantele,1314235113,data\analysis_dataset_deduplicated\mappings\matei-si-diamantele_details.csv,csv_record
matei-si-diamantele,1314235137,data\analysis_dataset_deduplicated\mappings\matei-si-diamantele_details.csv,csv_record
matei-si-diamantele,1314235200,data\analysis_dataset_deduplicated\mappings\matei-si-diamantele_details.csv,csv_record
matei-si-diamantele,1314235251,data\analysis_dataset_deduplicated\mappings\matei-si-diamantele_details.csv,csv_record
matei-si-diamantele,1314235529,data\analysis_dataset_deduplicated\mappings\matei-si-diamantele_details.csv,csv_record
matei-si-diamantele,1314236281,data\analysis_dataset_deduplicated\mappings\matei-si-diamantele_details.csv,csv_record
matei-si-diamantele,1323376948,data\analysis_dataset_deduplicated\mappings\matei-si-diamantele_details.csv,csv_record
matei-si-diamantele,1323377021,data\analysis_dataset_deduplicated\mappings\matei-si-diamantele_details.csv,csv_record
matei-si-diamantele,1314235313,data\analysis_dataset_deduplicated\mappings\matei-si-diamantele_details.csv,csv_record
matei-si-diamantele,1323416576,data\analysis_dataset_deduplicated\mappings\matei-si-diamantele_details.csv,csv_record
matei-si-diamantele,1333804052,data\analysis_dataset_deduplicated\mappings\matei-si-diamantele_details.csv,csv_record
matei-si-diamantele,1314235541,data\analysis_dataset_deduplicated\mappings\matei-si-diamantele_details.csv,csv_record
matei-si-diamantele,1314235588,data\analysis_dataset_deduplicated\mappings\matei-si-diamantele_details.csv,csv_record
matei-si-diamantele,1314237785,data\analysis_dataset_deduplicated\mappings\matei-si-diamantele_details.csv,csv_record
matei-si-diamantele,1332757079,data\analysis_dataset_deduplicated\mappings\matei-si-diamantele_details.csv,csv_record
matei-si-diamantele,1323418708,data\analysis_dataset_deduplicated\mappings\matei-si-diamantele_details.csv,csv_record
matei-si-diamantele,1323421631,data\analysis_dataset_deduplicated\mappings\matei-si-diamantele_details.csv,csv_record
matei-si-diamantele,1323424771,data\analysis_dataset_deduplicated\mappings\matei-si-diamantele_details.csv,csv_record
matei-si-diamantele,1323441579,data\analysis_dataset_deduplicated\mappings\matei-si-diamantele_details.csv,csv_record
matei-si-diamantele,1323450140,data\analysis_dataset_deduplicated\mappings\matei-si-diamantele_details.csv,csv_record
matei-si-diamantele,1333796587,data\analysis_dataset_deduplicated\mappings\matei-si-diamantele_details.csv,csv_record
matei-si-diamantele,1333796657,data\analysis_dataset_deduplicated\mappings\matei-si-diamantele_details.csv,csv_record
matei-si-diamantele,1333796684,data\analysis_dataset_deduplicated\mappings\matei-si-diamantele_details.csv,csv_record
matei-si-diamantele,1314237222,data\analysis_dataset_deduplicated\mappings\matei-si-diamantele_details.csv,csv_record
matei-si-diamantele,1314237486,data\analysis_dataset_deduplicated\mappings\matei-si-diamantele_details.csv,csv_record
matei-si-diamantele,1314237619,data\analysis_dataset_deduplicated\mappings\matei-si-diamantele_details.csv,csv_record
matei-si-diamantele,1314235559,data\analysis_dataset_deduplicated\mappings\matei-si-diamantele_details.csv,csv_record
matei-si-diamantele,1314236114,data\analysis_dataset_deduplicated\mappings\matei-si-diamantele_details.csv,csv_record
matei-si-diamantele,1314236127,data\analysis_dataset_deduplicated\mappings\matei-si-diamantele_details.csv,csv_record
matei-si-diamantele,1314236968,data\analysis_dataset_deduplicated\mappings\matei-si-diamantele_details.csv,csv_record
matei-si-diamantele,1314236988,data\analysis_dataset_deduplicated\mappings\matei-si-diamantele_details.csv,csv_record
matei-si-diamantele,1323405761,data\analysis_dataset_deduplicated\mappings\matei-si-diamantele_details.csv,csv_record
matei-si-diamantele,1323405774,data\analysis_dataset_deduplicated\mappings\matei-si-diamantele_details.csv,csv_record
matei-si-diamantele,1314235580,data\analysis_dataset_deduplicated\mappings\matei-si-diamantele_details.csv,csv_record
matei-si-diamantele,1314235721,data\analysis_dataset_deduplicated\mappings\matei-si-diamantele_details.csv,csv_record
matei-si-diamantele,1314235785,data\analysis_dataset_deduplicated\mappings\matei-si-diamantele_details.csv,csv_record
matei-si-diamantele,1314236808,data\analysis_dataset_deduplicated\mappings\matei-si-diamantele_details.csv,csv_record
matei-si-diamantele,1314236577,data\analysis_dataset_deduplicated\mappings\matei-si-diamantele_details.csv,csv_record
matei-si-diamantele,1314236614,data\analysis_dataset_deduplicated\mappings\matei-si-diamantele_details.csv,csv_record
matei-si-diamantele,1314236645,data\analysis_dataset_deduplicated\mappings\matei-si-diamantele_details.csv,csv_record
matei-si-diamantele,1314237055,data\analysis_dataset_deduplicated\mappings\matei-si-diamantele_details.csv,csv_record
matei-si-diamantele,1314237076,data\analysis_dataset_deduplicated\mappings\matei-si-diamantele_details.csv,csv_record
matei-si-diamantele,1314237115,data\analysis_dataset_deduplicated\mappings\matei-si-diamantele_details.csv,csv_record
matei-si-diamantele,1314237099,data\analysis_dataset_deduplicated\mappings\matei-si-diamantele_details.csv,csv_record
matei-si-diamantele,1314237205,data\analysis_dataset_deduplicated\mappings\matei-si-diamantele_details.csv,csv_record
matei-si-diamantele,1314237219,data\analysis_dataset_deduplicated\mappings\matei-si-diamantele_details.csv,csv_record
matei-si-diamantele,1314237289,data\analysis_dataset_deduplicated\mappings\matei-si-diamantele_details.csv,csv_record
matei-si-diamantele,1314237401,data\analysis_dataset_deduplicated\mappings\matei-si-diamantele_details.csv,csv_record
matei-si-diamantele,1314237436,data\analysis_dataset_deduplicated\mappings\matei-si-diamantele_details.csv,csv_record
matei-si-diamantele,1314237526,data\analysis_dataset_deduplicated\mappings\matei-si-diamantele_details.csv,csv_record
matei-si-diamantele,1391986526,data\analysis_dataset_deduplicated\mappings\matei-si-diamantele_details.csv,csv_record
matei-si-diamantele,1378121858,data\analysis_dataset_deduplicated\mappings\matei-si-diamantele_details.csv,csv_record
matei-si-diamantele,1378153358,data\analysis_dataset_deduplicated\mappings\matei-si-diamantele_details.csv,csv_record
matei-si-diamantele,1378156696,data\analysis_dataset_deduplicated\mappings\matei-si-diamantele_details.csv,csv_record
matei-si-diamantele,1378112672,data\analysis_dataset_deduplicated\mappings\matei-si-diamantele_details.csv,csv_record
matei-si-diamantele,1378159392,data\analysis_dataset_deduplicated\mappings\matei-si-diamantele_details.csv,csv_record
matei-si-diamantele,1391934043,data\analysis_dataset_deduplicated\mappings\matei-si-diamantele_details.csv,csv_record
matei-si-diamantele,1323424374,data\analysis_dataset_deduplicated\mappings\matei-si-diamantele_details.csv,csv_record
matei-si-diamantele,1323404098,data\analysis_dataset_deduplicated\mappings\matei-si-diamantele_details.csv,csv_record
matei-si-diamantele,1323404117,data\analysis_dataset_deduplicated\mappings\matei-si-diamantele_details.csv,csv_record
matei-si-diamantele,1314235023,data\analysis_dataset_deduplicated\mappings\matei-si-diamantele_details.csv,csv_record
matei-si-diamantele,1314236913,data\analysis_dataset_deduplicated\mappings\matei-si-diamantele_details.csv,csv_record
matei-si-diamantele,1323404111,data\analysis_dataset_deduplicated\mappings\matei-si-diamantele_details.csv,csv_record
matei-si-diamantele,1314235774,data\analysis_dataset_deduplicated\mappings\matei-si-diamantele_details.csv,csv_record
matei-si-diamantele,1314234717,data\analysis_dataset_deduplicated\mappings\matei-si-diamantele_details.csv,csv_record
matei-si-diamantele,1314236493,data\analysis_dataset_deduplicated\mappings\matei-si-diamantele_details.csv,csv_record
matei-si-diamantele,1314237766,data\analysis_dataset_deduplicated\mappings\matei-si-diamantele_details.csv,csv_record
matei-si-diamantele,1361807918,data\analysis_dataset_deduplicated\mappings\matei-si-diamantele_details.csv,csv_record
matei-si-diamantele,1314237451,data\analysis_dataset_deduplicated\mappings\matei-si-diamantele_details.csv,csv_record
matei-si-diamantele,1314237538,data\analysis_dataset_deduplicated\mappings\matei-si-diamantele_details.csv,csv_record
matei-si-diamantele,1314237631,data\analysis_dataset_deduplicated\mappings\matei-si-diamantele_details.csv,csv_record
matei-si-diamantele,1314237687,data\analysis_dataset_deduplicated\mappings\matei-si-diamantele_details.csv,csv_record
matei-si-diamantele,1314237701,data\analysis_dataset_deduplicated\mappings\matei-si-diamantele_details.csv,csv_record
matei-si-diamantele,1344373550,data\analysis_dataset_deduplicated\mappings\matei-si-diamantele_details.csv,csv_record
matei-si-diamantele,1344373579,data\analysis_dataset_deduplicated\mappings\matei-si-diamantele_details.csv,csv_record
matei-si-diamantele,1314235428,data\analysis_dataset_deduplicated\mappings\matei-si-diamantele_details.csv,csv_record
matei-si-diamantele,1314236343,data\analysis_dataset_deduplicated\mappings\matei-si-diamantele_details.csv,csv_record
matei-si-diamantele,1314237453,data\analysis_dataset_deduplicated\mappings\matei-si-diamantele_details.csv,csv_record
matei-si-diamantele,1314237483,data\analysis_dataset_deduplicated\mappings\matei-si-diamantele_details.csv,csv_record
matei-si-diamantele,1361580037,data\analysis_dataset_deduplicated\mappings\matei-si-diamantele_details.csv,csv_record
matei-si-diamantele,1391933979,data\analysis_dataset_deduplicated\mappings\matei-si-diamantele_details.csv,csv_record
matei-si-diamantele,1314236134,data\analysis_dataset_deduplicated\mappings\matei-si-diamantele_details.csv,csv_record
organizare-mafiota,1314236704,data\analysis_dataset_deduplicated\mappings\organizare-mafiota_details.csv,csv_record
organizare-mafiota,1314236836,data\analysis_dataset_deduplicated\mappings\organizare-mafiota_details.csv,csv_record
organizare-mafiota,1314237388,data\analysis_dataset_deduplicated\mappings\organizare-mafiota_details.csv,csv_record
organizare-mafiota,1323079197,data\analysis_dataset_deduplicated\mappings\organizare-mafiota_details.csv,csv_record
organizare-mafiota,1323079906,data\analysis_dataset_deduplicated\mappings\organizare-mafiota_details.csv,csv_record
organizare-mafiota,1323079984,data\analysis_dataset_deduplicated\mappings\organizare-mafiota_details.csv,csv_record
organizare-mafiota,1323079964,data\analysis_dataset_deduplicated\mappings\organizare-mafiota_details.csv,csv_record
organizare-mafiota,1314236843,data\analysis_dataset_deduplicated\mappings\organizare-mafiota_details.csv,csv_record
organizare-mafiota,1314237200,data\analysis_dataset_deduplicated\mappings\organizare-mafiota_details.csv,csv_record
organizare-mafiota,1314237297,data\analysis_dataset_deduplicated\mappings\organizare-mafiota_details.csv,csv_record
organizare-mafiota,1314237186,data\analysis_dataset_deduplicated\mappings\organizare-mafiota_details.csv,csv_record
organizare-mafiota,1314237217,data\analysis_dataset_deduplicated\mappings\organizare-mafiota_details.csv,csv_record
organizare-mafiota,1333773550,data\analysis_dataset_deduplicated\mappings\organizare-mafiota_details.csv,csv_record
organizare-mafiota,1314222951,data\analysis_dataset_deduplicated\mappings\organizare-mafiota_details.csv,csv_record
organizare-mafiota,1314222947,data\analysis_dataset_deduplicated\mappings\organizare-mafiota_details.csv,csv_record
